player,surface,year,matches,points
Aaron Krickstein,Clay,1992,1,150
Aaron Krickstein,Hard,1989,1,210
Aaron Krickstein,Hard,1990,1,150
Aaron Krickstein,Hard,1991,2,468
Aaron Krickstein,Hard,1994,1,109
Aaron Krickstein,Hard,1995,2,499
Abedallah Shelbayh,Hard,2023,2,296
Adam Pavlasek,Clay,2019,2,257
Adam Pavlasek,Hard,2016,1,107
Adam Walton,Grass,2025,1,147
Adam Walton,Hard,2024,1,206
Adolfo Daniel Vallejo,Clay,2026,1,186
Adrian Andreev,Clay,2024,2,299
Adrian Andreev,Hard,2022,1,237
Adrian Andreev,Hard,2024,2,372
Adrian Andreev,Hard,2025,1,215
Adrian Garcia,Hard,2005,1,228
Adrian Mannarino,Clay,2017,1,182
Adrian Mannarino,Clay,2018,1,208
Adrian Mannarino,Grass,2016,1,198
Adrian Mannarino,Grass,2018,2,294
Adrian Mannarino,Grass,2021,1,242
Adrian Mannarino,Grass,2022,1,345
Adrian Mannarino,Grass,2023,7,1100
Adrian Mannarino,Grass,2024,2,351
Adrian Mannarino,Hard,2012,1,239
Adrian Mannarino,Hard,2015,1,143
Adrian Mannarino,Hard,2017,6,945
Adrian Mannarino,Hard,2018,2,238
Adrian Mannarino,Hard,2019,2,324
Adrian Mannarino,Hard,2021,1,158
Adrian Mannarino,Hard,2022,13,2023
Adrian Mannarino,Hard,2023,9,1485
Adrian Mannarino,Hard,2024,10,1768
Adrian Mannarino,Hard,2025,4,621
Adrian Mannarino,Hard,2026,5,701
Adrian Voinea,Hard,2002,1,108
Adriano Panatta,Clay,1974,1,233
Adriano Panatta,Clay,1979,2,280
Adriano Panatta,Hard,1980,1,277
Adrien Bossel,Hard,2015,1,78
Agustin Calleri,Clay,2003,1,176
Agustin Velotti,Hard,2016,1,107
Aisam Ul Haq Qureshi,Grass,2007,1,202
Akira Santillan,Hard,2018,1,107
Alan Mackin,Clay,2005,1,126
Albano Olivetti,Hard,2016,1,105
Albert Costa,Clay,1996,1,298
Albert Costa,Clay,1998,1,100
Albert Costa,Clay,2000,2,409
Albert Costa,Clay,2002,2,306
Albert Costa,Hard,1997,2,403
Albert Montanes,Clay,2005,1,72
Albert Montanes,Clay,2014,1,108
Albert Montanes,Clay,2016,1,110
Albert Ramos,Clay,2014,1,137
Albert Ramos,Clay,2017,4,574
Albert Ramos,Clay,2019,2,295
Albert Ramos,Clay,2020,1,291
Albert Ramos,Clay,2021,2,470
Albert Ramos,Clay,2022,4,742
Albert Ramos,Clay,2023,2,228
Albert Ramos,Clay,2025,1,170
Albert Ramos,Grass,2023,1,160
Albert Ramos,Hard,2017,1,139
Albert Ramos,Hard,2018,2,304
Albert Ramos,Hard,2019,2,218
Albert Ramos,Hard,2022,2,308
Alberto Berasategui,Clay,1994,2,375
Alberto Berasategui,Hard,1998,1,276
Alberto Mancini,Clay,1989,2,578
Alberto Mancini,Clay,1991,1,108
Alberto Martin,Clay,2004,1,158
Alejandro Davidovich Fokina,Clay,2019,2,387
Alejandro Davidovich Fokina,Clay,2020,1,291
Alejandro Davidovich Fokina,Clay,2021,4,959
Alejandro Davidovich Fokina,Clay,2022,5,967
Alejandro Davidovich Fokina,Clay,2023,3,491
Alejandro Davidovich Fokina,Clay,2024,2,537
Alejandro Davidovich Fokina,Clay,2025,2,286
Alejandro Davidovich Fokina,Grass,2022,3,792
Alejandro Davidovich Fokina,Grass,2025,1,250
Alejandro Davidovich Fokina,Hard,2019,1,133
Alejandro Davidovich Fokina,Hard,2020,2,339
Alejandro Davidovich Fokina,Hard,2021,7,905
Alejandro Davidovich Fokina,Hard,2022,3,451
Alejandro Davidovich Fokina,Hard,2023,9,1401
Alejandro Davidovich Fokina,Hard,2024,5,626
Alejandro Davidovich Fokina,Hard,2025,6,922
Alejandro Falla,Clay,2006,1,152
Alejandro Falla,Clay,2015,1,119
Alejandro Falla,Grass,2004,1,109
Alejandro Falla,Grass,2010,1,328
Alejandro Falla,Grass,2012,1,180
Alejandro Falla,Grass,2014,1,151
Alejandro Falla,Hard,2013,1,126
Alejandro Gonzalez,Clay,2015,1,113
Alejandro Gonzalez,Hard,2014,1,124
Alejandro Lopez Escribano,Hard,2025,1,134
Alejandro Moro Canas,Clay,2024,1,134
Alejandro Moro Canas,Grass,2024,1,236
Alejandro Tabilo,Clay,2021,1,110
Alejandro Tabilo,Clay,2022,1,122
Alejandro Tabilo,Clay,2024,6,856
Alejandro Tabilo,Clay,2025,3,605
Alejandro Tabilo,Clay,2026,1,186
Alejandro Tabilo,Grass,2022,1,322
Alejandro Tabilo,Hard,2024,5,627
Alejandro Tabilo,Hard,2025,4,668
Alejandro Tabilo,Hard,2026,1,108
Aleksandar Kovacevic,Clay,2023,1,185
Aleksandar Kovacevic,Hard,2021,1,107
Aleksandar Kovacevic,Hard,2022,2,401
Aleksandar Kovacevic,Hard,2024,4,518
Aleksandar Kovacevic,Hard,2025,1,132
Aleksandar Kovacevic,Hard,2026,3,501
Aleksandar Vukic,Clay,2019,1,115
Aleksandar Vukic,Clay,2020,3,530
Aleksandar Vukic,Clay,2024,1,95
Aleksandar Vukic,Grass,2025,1,145
Aleksandar Vukic,Hard,2020,3,461
Aleksandar Vukic,Hard,2022,1,184
Aleksandar Vukic,Hard,2024,1,176
Aleksandar Vukic,Hard,2025,3,444
Aleksandr Nedovyesov,Clay,2015,1,153
Aleksandr Nedovyesov,Hard,2017,1,144
Aleksandre Metreveli,Hard,2022,1,176
Alessandro Giannessi,Clay,2018,1,223
Alessandro Giannessi,Hard,2024,1,115
Alex Barrena,Clay,2024,1,95
Alex Barrena,Clay,2026,1,79
Alex Bogdanovic,Grass,2004,1,140
Alex Bogomolov Jr,Hard,2004,1,132
Alex Bolt,Hard,2019,2,381
Alex Bolt,Hard,2021,1,124
Alex Corretja,Clay,1995,1,118
Alex Corretja,Clay,1996,2,299
Alex Corretja,Clay,1997,1,204
Alex Corretja,Clay,1998,3,480
Alex Corretja,Clay,2000,1,233
Alex Corretja,Clay,2001,5,958
Alex Corretja,Clay,2002,1,151
Alex Corretja,Hard,1995,1,304
Alex Corretja,Hard,1996,1,376
Alex Corretja,Hard,1998,3,657
Alex Corretja,Hard,2000,1,110
Alex Corretja,Hard,2001,1,118
Alex De Minaur,Clay,2020,1,248
Alex De Minaur,Clay,2021,1,146
Alex De Minaur,Clay,2022,3,557
Alex De Minaur,Clay,2023,1,100
Alex De Minaur,Clay,2024,6,667
Alex De Minaur,Clay,2025,4,649
Alex De Minaur,Clay,2026,2,253
Alex De Minaur,Grass,2016,1,167
Alex De Minaur,Grass,2018,1,231
Alex De Minaur,Grass,2021,1,214
Alex De Minaur,Grass,2022,4,847
Alex De Minaur,Grass,2023,1,184
Alex De Minaur,Grass,2024,3,442
Alex De Minaur,Grass,2025,1,242
Alex De Minaur,Hard,2017,1,165
Alex De Minaur,Hard,2018,7,1110
Alex De Minaur,Hard,2019,15,2075
Alex De Minaur,Hard,2020,5,1055
Alex De Minaur,Hard,2021,5,527
Alex De Minaur,Hard,2022,7,1259
Alex De Minaur,Hard,2023,19,3178
Alex De Minaur,Hard,2024,17,2437
Alex De Minaur,Hard,2025,22,3525
Alex De Minaur,Hard,2026,11,1775
Alex Kuznetsov,Hard,2014,1,109
Alex Marti Pujolras,Clay,2024,1,112
Alex Michelsen,Grass,2023,2,329
Alex Michelsen,Grass,2024,2,415
Alex Michelsen,Hard,2024,10,1404
Alex Michelsen,Hard,2025,2,422
Alex Michelsen,Hard,2026,1,140
Alex Molcan,Clay,2022,1,122
Alex Molcan,Clay,2023,1,124
Alex Molcan,Clay,2026,1,161
Alex Molcan,Hard,2022,3,496
Alex Molcan,Hard,2023,4,1020
Alex Molcan,Hard,2024,1,122
Alex Radulescu,Grass,1996,1,367
Alexander Blockx,Clay,2026,1,145
Alexander Blockx,Hard,2023,1,188
Alexander Blockx,Hard,2025,1,100
Alexander Blockx,Hard,2026,1,130
Alexander Bublik,Clay,2019,1,113
Alexander Bublik,Clay,2020,1,271
Alexander Bublik,Clay,2021,2,236
Alexander Bublik,Clay,2022,1,134
Alexander Bublik,Clay,2023,3,434
Alexander Bublik,Clay,2024,1,214
Alexander Bublik,Clay,2025,12,1830
Alexander Bublik,Clay,2026,1,97
Alexander Bublik,Grass,2019,3,406
Alexander Bublik,Grass,2021,1,148
Alexander Bublik,Grass,2022,3,381
Alexander Bublik,Grass,2023,7,1048
Alexander Bublik,Grass,2024,2,251
Alexander Bublik,Grass,2025,2,319
Alexander Bublik,Hard,2017,1,118
Alexander Bublik,Hard,2019,7,1261
Alexander Bublik,Hard,2020,3,435
Alexander Bublik,Hard,2021,5,555
Alexander Bublik,Hard,2022,11,1441
Alexander Bublik,Hard,2023,11,1604
Alexander Bublik,Hard,2024,5,845
Alexander Bublik,Hard,2025,9,1217
Alexander Bublik,Hard,2026,7,1132
Alexander Cozbinov,Hard,2020,1,231
Alexander Popp,Grass,2003,1,306
Alexander Ritschard,Clay,2021,1,117
Alexander Shevchenko,Clay,2023,4,586
Alexander Shevchenko,Clay,2024,2,196
Alexander Shevchenko,Clay,2025,2,220
Alexander Shevchenko,Grass,2023,1,157
Alexander Shevchenko,Hard,2023,1,184
Alexander Shevchenko,Hard,2024,5,764
Alexander Shevchenko,Hard,2025,3,360
Alexander Shevchenko,Hard,2026,2,271
Alexander Vasilenko,Clay,2012,1,94
Alexander Volkov,Clay,1996,1,162
Alexander Volkov,Grass,1991,1,328
Alexander Volkov,Hard,1993,1,169
Alexander Waske,Hard,2002,1,119
Alexander Zverev,Clay,2016,3,482
Alexander Zverev,Clay,2017,5,657
Alexander Zverev,Clay,2018,4,508
Alexander Zverev,Clay,2019,3,505
Alexander Zverev,Clay,2020,1,251
Alexander Zverev,Clay,2021,5,867
Alexander Zverev,Clay,2022,9,1535
Alexander Zverev,Clay,2023,9,1590
Alexander Zverev,Clay,2024,14,2565
Alexander Zverev,Clay,2025,2,369
Alexander Zverev,Clay,2026,4,482
Alexander Zverev,Grass,2015,1,98
Alexander Zverev,Grass,2017,3,361
Alexander Zverev,Grass,2019,2,449
Alexander Zverev,Grass,2021,1,321
Alexander Zverev,Grass,2023,1,115
Alexander Zverev,Grass,2024,3,452
Alexander Zverev,Grass,2025,2,593
Alexander Zverev,Hard,2014,1,110
Alexander Zverev,Hard,2015,1,123
Alexander Zverev,Hard,2016,2,213
Alexander Zverev,Hard,2017,6,997
Alexander Zverev,Hard,2018,3,429
Alexander Zverev,Hard,2019,21,2852
Alexander Zverev,Hard,2020,11,2102
Alexander Zverev,Hard,2021,15,2182
Alexander Zverev,Hard,2022,2,347
Alexander Zverev,Hard,2023,14,2821
Alexander Zverev,Hard,2024,26,4115
Alexander Zverev,Hard,2025,12,1878
Alexander Zverev,Hard,2026,9,1525
Alexandr Binda,Hard,2026,1,128
Alexandr Dolgopolov,Clay,2012,1,154
Alexandr Dolgopolov,Clay,2014,1,135
Alexandr Dolgopolov,Clay,2015,1,189
Alexandr Dolgopolov,Clay,2016,1,139
Alexandr Dolgopolov,Clay,2017,2,293
Alexandr Dolgopolov,Clay,2018,1,91
Alexandr Dolgopolov,Grass,2014,1,291
Alexandr Dolgopolov,Grass,2015,1,200
Alexandr Dolgopolov,Hard,2011,1,243
Alexandr Dolgopolov,Hard,2012,6,756
Alexandr Dolgopolov,Hard,2013,2,168
Alexandr Dolgopolov,Hard,2014,4,605
Alexandr Dolgopolov,Hard,2015,2,324
Alexandr Dolgopolov,Hard,2016,2,263
Alexandr Dolgopolov,Hard,2017,2,252
Alexandre Muller,Clay,2023,3,477
Alexandre Muller,Clay,2024,2,260
Alexandre Muller,Clay,2025,1,116
Alexandre Muller,Grass,2023,1,229
Alexandre Muller,Grass,2025,1,275
Alexandre Muller,Hard,2023,1,128
Alexandre Muller,Hard,2024,2,226
Alexandre Muller,Hard,2025,2,220
Alexandre Penaud,Clay,2012,1,116
Alexei Popyrin,Clay,2023,1,96
Alexei Popyrin,Clay,2024,3,546
Alexei Popyrin,Clay,2025,3,504
Alexei Popyrin,Grass,2024,1,246
Alexei Popyrin,Grass,2025,1,238
Alexei Popyrin,Hard,2019,2,503
Alexei Popyrin,Hard,2020,1,162
Alexei Popyrin,Hard,2021,4,510
Alexei Popyrin,Hard,2022,1,129
Alexei Popyrin,Hard,2023,4,782
Alexei Popyrin,Hard,2024,10,1586
Alexei Popyrin,Hard,2025,2,324
Alexei Popyrin,Hard,2026,1,80
Alexey Vatutin,Clay,2016,1,77
Alexis Galarneau,Clay,2022,1,185
Alexis Galarneau,Hard,2022,1,85
Alexis Galarneau,Hard,2024,2,327
Aljaz Bedene,Clay,2016,1,101
Aljaz Bedene,Clay,2017,1,98
Aljaz Bedene,Clay,2018,2,321
Aljaz Bedene,Clay,2019,12,1822
Aljaz Bedene,Grass,2018,1,119
Aljaz Bedene,Hard,2014,1,106
Aljaz Bedene,Hard,2018,5,1046
Aljaz Bedene,Hard,2019,4,655
Altug Celikbilek,Hard,2017,1,113
Alvaro Guillen Meza,Clay,2024,2,403
Alvaro Guillen Meza,Clay,2025,1,157
Amir Weintraub,Hard,2014,1,146
Amos Mansdorf,Hard,1992,1,248
Anders Jarryd,Grass,1985,1,250
Andre Agassi,Clay,1988,1,310
Andre Agassi,Clay,1989,1,278
Andre Agassi,Clay,1990,5,1139
Andre Agassi,Clay,1991,2,526
Andre Agassi,Clay,1992,4,813
Andre Agassi,Clay,1995,1,196
Andre Agassi,Clay,1998,2,465
Andre Agassi,Clay,1999,3,873
Andre Agassi,Clay,2001,1,192
Andre Agassi,Clay,2002,2,260
Andre Agassi,Clay,2003,3,598
Andre Agassi,Clay,2005,1,144
Andre Agassi,Grass,1991,1,263
Andre Agassi,Grass,1992,5,1088
Andre Agassi,Grass,1993,1,241
Andre Agassi,Grass,1995,1,298
Andre Agassi,Grass,1999,2,382
Andre Agassi,Grass,2000,1,319
Andre Agassi,Grass,2001,1,293
Andre Agassi,Grass,2003,3,822
Andre Agassi,Grass,2006,1,187
Andre Agassi,Hard,1988,2,407
Andre Agassi,Hard,1989,4,891
Andre Agassi,Hard,1990,9,1858
Andre Agassi,Hard,1991,5,661
Andre Agassi,Hard,1992,3,605
Andre Agassi,Hard,1993,7,1494
Andre Agassi,Hard,1994,19,3495
Andre Agassi,Hard,1995,18,3214
Andre Agassi,Hard,1996,12,2162
Andre Agassi,Hard,1997,2,433
Andre Agassi,Hard,1998,15,2534
Andre Agassi,Hard,1999,13,2162
Andre Agassi,Hard,2000,7,1241
Andre Agassi,Hard,2001,15,2509
Andre Agassi,Hard,2002,10,1886
Andre Agassi,Hard,2003,11,1926
Andre Agassi,Hard,2004,7,1489
Andre Agassi,Hard,2005,9,1663
Andre Agassi,Hard,2006,2,678
Andrea Arnaboldi,Grass,2019,1,172
Andrea Collarini,Clay,2019,1,115
Andrea Gaudenzi,Clay,1995,2,380
Andrea Gaudenzi,Clay,1996,1,105
Andrea Gaudenzi,Clay,1998,1,135
Andrea Pellegrino,Clay,2021,1,106
Andrea Pellegrino,Clay,2025,1,196
Andrea Vavassori,Clay,2022,1,109
Andrea Vavassori,Clay,2023,1,112
Andrea Vavassori,Clay,2024,1,134
Andrea Vavassori,Hard,2021,1,107
Andrea Vavassori,Hard,2024,1,103
Andrea Vavassori,Hard,2025,1,95
Andreas Haider Maurer,Clay,2017,1,216
Andreas Haider Maurer,Grass,2015,2,272
Andreas Haider Maurer,Hard,2015,2,241
Andreas Seppi,Clay,2008,1,119
Andreas Seppi,Clay,2012,2,249
Andreas Seppi,Clay,2014,1,94
Andreas Seppi,Clay,2018,1,148
Andreas Seppi,Clay,2019,1,148
Andreas Seppi,Grass,2012,2,261
Andreas Seppi,Grass,2015,1,157
Andreas Seppi,Hard,2012,2,261
Andreas Seppi,Hard,2013,1,122
Andreas Seppi,Hard,2014,1,104
Andreas Seppi,Hard,2015,7,1339
Andreas Seppi,Hard,2017,1,321
Andreas Seppi,Hard,2018,1,140
Andreas Seppi,Hard,2019,5,1017
Andreas Seppi,Hard,2021,1,319
Andreas Vinciguerra,Hard,2001,1,120
Andrei Cherkasov,Clay,1991,2,451
Andrei Cherkasov,Hard,1990,1,154
Andrei Chesnokov,Clay,1989,1,124
Andrei Chesnokov,Clay,1990,2,498
Andrei Chesnokov,Clay,1993,1,305
Andrei Chesnokov,Clay,1995,2,686
Andrei Chesnokov,Grass,1992,1,295
Andrei Chesnokov,Hard,1991,2,350
Andrei Medvedev,Clay,1993,2,395
Andrei Medvedev,Clay,1994,2,401
Andrei Medvedev,Clay,1995,1,135
Andrei Medvedev,Clay,1999,1,297
Andrei Medvedev,Hard,1992,1,114
Andrei Medvedev,Hard,1993,3,463
Andrei Medvedev,Hard,2000,1,108
Andrei Pavel,Clay,2002,1,132
Andrei Pavel,Grass,1999,1,177
Andrei Pavel,Hard,2000,1,122
Andrei Pavel,Hard,2001,2,296
Andrei Pavel,Hard,2002,1,93
Andrei Pavel,Hard,2003,1,182
Andrei Pavel,Hard,2004,1,103
Andrei Pavel,Hard,2006,1,321
Andrei Stoliarov,Hard,2003,1,207
Andrej Martin,Clay,2021,1,100
Andrej Martin,Clay,2025,1,73
Andrej Martin,Hard,2022,1,183
Andres Artunedo,Clay,2012,1,56
Andres Gomez,Clay,1987,1,232
Andres Gomez,Clay,1990,4,769
Andres Gomez,Hard,1990,2,313
Andrew Castle,Hard,1987,1,287
Andrew Foster,Grass,1993,1,171
Andrew Harris,Hard,2019,1,108
Andrey Golubev,Clay,2010,1,129
Andrey Golubev,Clay,2015,1,153
Andrey Golubev,Hard,2008,1,90
Andrey Golubev,Hard,2010,1,208
Andrey Kuznetsov,Clay,2013,1,106
Andrey Kuznetsov,Hard,2015,2,280
Andrey Kuznetsov,Hard,2016,1,113
Andrey Rublev,Clay,2015,1,157
Andrey Rublev,Clay,2018,1,242
Andrey Rublev,Clay,2019,4,634
Andrey Rublev,Clay,2020,1,171
Andrey Rublev,Clay,2021,2,255
Andrey Rublev,Clay,2022,9,1207
Andrey Rublev,Clay,2023,7,1104
Andrey Rublev,Clay,2024,6,980
Andrey Rublev,Clay,2025,3,390
Andrey Rublev,Clay,2026,1,154
Andrey Rublev,Grass,2022,1,135
Andrey Rublev,Grass,2023,2,320
Andrey Rublev,Grass,2024,1,267
Andrey Rublev,Hard,2019,8,1286
Andrey Rublev,Hard,2020,13,2004
Andrey Rublev,Hard,2021,20,2672
Andrey Rublev,Hard,2022,25,3772
Andrey Rublev,Hard,2023,26,4106
Andrey Rublev,Hard,2024,28,4482
Andrey Rublev,Hard,2025,15,2140
Andrey Rublev,Hard,2026,2,284
Andy Murray,Clay,2006,1,136
Andy Murray,Clay,2009,1,187
Andy Murray,Clay,2011,2,417
Andy Murray,Clay,2012,1,299
Andy Murray,Clay,2013,1,87
Andy Murray,Clay,2014,2,310
Andy Murray,Clay,2015,8,1424
Andy Murray,Clay,2016,6,893
Andy Murray,Clay,2017,4,797
Andy Murray,Clay,2020,1,141
Andy Murray,Clay,2022,2,272
Andy Murray,Clay,2023,2,347
Andy Murray,Clay,2024,2,288
Andy Murray,Grass,2005,1,148
Andy Murray,Grass,2006,2,411
Andy Murray,Grass,2008,2,532
Andy Murray,Grass,2009,1,284
Andy Murray,Grass,2010,1,189
Andy Murray,Grass,2011,2,304
Andy Murray,Grass,2012,8,1353
Andy Murray,Grass,2013,3,736
Andy Murray,Grass,2014,1,173
Andy Murray,Grass,2015,3,566
Andy Murray,Grass,2016,2,378
Andy Murray,Grass,2017,1,248
Andy Murray,Grass,2021,2,267
Andy Murray,Grass,2022,8,1212
Andy Murray,Grass,2023,1,345
Andy Murray,Hard,2005,2,468
Andy Murray,Hard,2006,6,881
Andy Murray,Hard,2007,8,1296
Andy Murray,Hard,2008,13,2188
Andy Murray,Hard,2009,12,1803
Andy Murray,Hard,2010,13,2063
Andy Murray,Hard,2011,12,1951
Andy Murray,Hard,2012,19,3285
Andy Murray,Hard,2013,9,1540
Andy Murray,Hard,2014,11,1971
Andy Murray,Hard,2015,21,3384
Andy Murray,Hard,2016,11,1781
Andy Murray,Hard,2017,3,421
Andy Murray,Hard,2018,3,538
Andy Murray,Hard,2019,9,1658
Andy Murray,Hard,2020,2,520
Andy Murray,Hard,2021,9,1554
Andy Murray,Hard,2022,8,1295
Andy Murray,Hard,2023,9,2108
Andy Murray,Hard,2024,5,858
Andy Roddick,Clay,2002,1,133
Andy Roddick,Clay,2003,1,161
Andy Roddick,Clay,2004,1,300
Andy Roddick,Clay,2005,1,239
Andy Roddick,Clay,2006,1,410
Andy Roddick,Clay,2009,1,168
Andy Roddick,Grass,2003,2,380
Andy Roddick,Grass,2004,5,1046
Andy Roddick,Grass,2005,3,716
Andy Roddick,Grass,2006,1,228
Andy Roddick,Grass,2007,2,548
Andy Roddick,Grass,2008,1,132
Andy Roddick,Grass,2009,3,1077
Andy Roddick,Grass,2011,1,87
Andy Roddick,Grass,2012,2,192
Andy Roddick,Hard,2001,4,865
Andy Roddick,Hard,2002,7,995
Andy Roddick,Hard,2003,11,2443
Andy Roddick,Hard,2004,16,2705
Andy Roddick,Hard,2005,5,881
Andy Roddick,Hard,2006,11,1987
Andy Roddick,Hard,2007,6,933
Andy Roddick,Hard,2008,4,679
Andy Roddick,Hard,2009,10,1801
Andy Roddick,Hard,2010,7,1356
Andy Roddick,Hard,2011,5,741
Andy Roddick,Hard,2012,2,420
Ante Pavic,Clay,2014,1,163
Antoine Bellier,Hard,2023,1,231
Antoine Escoffier,Hard,2020,1,131
Antoine Escoffier,Hard,2022,1,136
Antoine Hoang,Hard,2019,1,110
Antonio Veic,Hard,2015,1,98
Aristotelis Thanos,Hard,2022,1,87
Arklon Huertas Del Pino,Clay,2022,1,183
Arnaud Boetsch,Hard,1993,1,198
Arnaud Boetsch,Hard,1995,1,100
Arnaud Boetsch,Hard,1996,1,176
Arnaud Clement,Clay,1999,1,315
Arnaud Clement,Clay,2001,1,169
Arnaud Clement,Clay,2003,1,122
Arnaud Clement,Clay,2004,1,463
Arnaud Clement,Hard,2000,2,289
Arnaud Clement,Hard,2001,2,521
Arnaud Clement,Hard,2004,1,175
Arnaud Clement,Hard,2005,1,326
Arnaud Clement,Hard,2006,2,297
Arnaud Di Pasquale,Hard,2000,1,191
Arthur Ashe,Grass,1969,1,210
Arthur Ashe,Grass,1972,1,263
Arthur Ashe,Grass,1975,1,319
Arthur Ashe,Hard,1979,1,212
Arthur Cazaux,Clay,2024,1,236
Arthur Cazaux,Clay,2025,4,617
Arthur Cazaux,Hard,2020,1,100
Arthur Cazaux,Hard,2024,4,758
Arthur Cazaux,Hard,2025,2,330
Arthur Fery,Grass,2023,1,188
Arthur Fery,Grass,2025,1,238
Arthur Fery,Hard,2026,1,136
Arthur Fils,Clay,2023,2,226
Arthur Fils,Clay,2024,10,1292
Arthur Fils,Clay,2025,9,1479
Arthur Fils,Clay,2026,7,852
Arthur Fils,Grass,2024,5,844
Arthur Fils,Hard,2023,6,915
Arthur Fils,Hard,2024,16,2382
Arthur Fils,Hard,2025,8,1351
Arthur Fils,Hard,2026,7,986
Arthur Rinderknech,Clay,2023,2,292
Arthur Rinderknech,Clay,2025,2,274
Arthur Rinderknech,Clay,2026,1,117
Arthur Rinderknech,Grass,2023,1,204
Arthur Rinderknech,Grass,2024,1,128
Arthur Rinderknech,Grass,2025,3,709
Arthur Rinderknech,Hard,2021,1,101
Arthur Rinderknech,Hard,2022,4,570
Arthur Rinderknech,Hard,2024,3,458
Arthur Rinderknech,Hard,2025,3,387
Arthur Rinderknech,Hard,2026,1,117
Aslan Karatsev,Clay,2021,3,370
Aslan Karatsev,Clay,2022,3,511
Aslan Karatsev,Clay,2023,1,125
Aslan Karatsev,Hard,2020,1,217
Aslan Karatsev,Hard,2021,9,1410
Aslan Karatsev,Hard,2022,9,1770
Aslan Karatsev,Hard,2023,4,553
Attila Balazs,Clay,2019,1,114
Attila Balazs,Hard,2020,2,340
Attila Balazs,Hard,2023,1,117
Axel Michon,Hard,2017,1,105
Balazs Taroczy,Clay,1976,1,335
Baptiste Crepatte,Clay,2019,1,120
Baptiste Crepatte,Hard,2019,1,110
Beibit Zhukayev,Hard,2025,1,241
Ben Shelton,Clay,2023,1,89
Ben Shelton,Clay,2024,1,154
Ben Shelton,Clay,2025,4,742
Ben Shelton,Clay,2026,1,146
Ben Shelton,Grass,2024,1,186
Ben Shelton,Grass,2025,2,279
Ben Shelton,Hard,2021,2,331
Ben Shelton,Hard,2022,1,367
Ben Shelton,Hard,2023,7,1264
Ben Shelton,Hard,2024,11,2085
Ben Shelton,Hard,2025,12,2333
Ben Shelton,Hard,2026,1,193
Benjamin Balleret,Clay,2006,1,96
Benjamin Becker,Hard,2006,1,106
Benjamin Becker,Hard,2007,1,117
Benjamin Becker,Hard,2008,1,161
Benjamin Becker,Hard,2009,1,116
Benjamin Bonzi,Clay,2025,1,122
Benjamin Bonzi,Grass,2025,1,125
Benjamin Bonzi,Hard,2021,2,358
Benjamin Bonzi,Hard,2022,1,156
Benjamin Bonzi,Hard,2023,3,532
Benjamin Bonzi,Hard,2024,2,372
Benjamin Bonzi,Hard,2025,1,306
Benjamin Hassan,Clay,2024,1,123
Benoit Paire,Clay,2012,1,120
Benoit Paire,Clay,2013,1,148
Benoit Paire,Clay,2015,1,158
Benoit Paire,Clay,2018,1,109
Benoit Paire,Clay,2019,3,474
Benoit Paire,Clay,2021,3,401
Benoit Paire,Clay,2022,2,278
Benoit Paire,Grass,2018,2,393
Benoit Paire,Grass,2021,1,96
Benoit Paire,Hard,2014,2,446
Benoit Paire,Hard,2015,2,280
Benoit Paire,Hard,2016,3,485
Benoit Paire,Hard,2017,3,297
Benoit Paire,Hard,2018,5,712
Benoit Paire,Hard,2019,5,856
Benoit Paire,Hard,2020,4,831
Benoit Paire,Hard,2021,3,586
Benoit Paire,Hard,2022,5,661
Bernabe Zapata Miralles,Clay,2022,1,93
Bernabe Zapata Miralles,Clay,2023,4,673
Bernabe Zapata Miralles,Clay,2024,1,179
Bernabe Zapata Miralles,Hard,2019,1,172
Bernabe Zapata Miralles,Hard,2021,1,298
Bernabe Zapata Miralles,Hard,2023,1,152
Bernard Tomic,Clay,2016,1,209
Bernard Tomic,Clay,2019,1,162
Bernard Tomic,Clay,2024,1,167
Bernard Tomic,Grass,2014,1,243
Bernard Tomic,Grass,2015,2,262
Bernard Tomic,Hard,2010,1,346
Bernard Tomic,Hard,2012,1,171
Bernard Tomic,Hard,2013,5,632
Bernard Tomic,Hard,2014,6,793
Bernard Tomic,Hard,2015,8,1470
Bernard Tomic,Hard,2016,1,163
Bernard Tomic,Hard,2024,2,290
Bernard Tomic,Hard,2025,1,164
Bernd Karbacher,Clay,1996,1,305
Bill Scanlon,Hard,1983,1,181
Billy Harris,Hard,2022,1,85
Billy Harris,Hard,2024,1,101
Billy Harris,Hard,2025,1,146
Bjorn Borg,Clay,1974,1,233
Bjorn Borg,Clay,1976,1,122
Bjorn Borg,Clay,1978,2,237
Bjorn Borg,Clay,1980,2,312
Bjorn Borg,Clay,1981,2,415
Bjorn Borg,Clay,1991,1,103
Bjorn Borg,Grass,1980,2,589
Bjorn Borg,Grass,1981,2,585
Bjorn Borg,Hard,1975,1,134
Bjorn Borg,Hard,1978,1,170
Bjorn Borg,Hard,1980,4,810
Bjorn Borg,Hard,1981,3,588
Bjorn Fratangelo,Clay,2022,1,165
Bjorn Fratangelo,Hard,2019,1,231
Bjorn Phau,Hard,2009,1,145
Bjorn Phau,Hard,2012,1,150
Blaz Kavcic,Hard,2011,1,289
Blaz Kavcic,Hard,2014,1,175
Blaz Kavcic,Hard,2015,1,92
Blaz Kavcic,Hard,2017,1,126
Blaz Rola,Clay,2018,1,105
Blaz Rola,Clay,2019,1,164
Bob Bryan,Grass,2000,1,114
Bobby Reynolds,Hard,2008,1,184
Bohdan Ulihrach,Hard,1996,1,106
Bohdan Ulihrach,Hard,2005,1,150
Boris Becker,Clay,1985,1,157
Boris Becker,Clay,1987,2,352
Boris Becker,Clay,1988,4,821
Boris Becker,Clay,1989,2,627
Boris Becker,Clay,1990,2,426
Boris Becker,Clay,1991,3,767
Boris Becker,Clay,1992,1,103
Boris Becker,Clay,1993,1,121
Boris Becker,Clay,1994,1,144
Boris Becker,Clay,1995,1,311
Boris Becker,Grass,1985,5,1411
Boris Becker,Grass,1986,2,412
Boris Becker,Grass,1987,1,258
Boris Becker,Grass,1988,4,881
Boris Becker,Grass,1989,3,655
Boris Becker,Grass,1990,7,1340
Boris Becker,Grass,1991,2,429
Boris Becker,Grass,1993,2,570
Boris Becker,Grass,1994,1,182
Boris Becker,Grass,1995,4,1093
Boris Becker,Grass,1996,2,281
Boris Becker,Grass,1997,1,209
Boris Becker,Grass,1999,1,190
Boris Becker,Hard,1985,5,984
Boris Becker,Hard,1986,10,1856
Boris Becker,Hard,1987,6,1695
Boris Becker,Hard,1988,4,961
Boris Becker,Hard,1989,9,1852
Boris Becker,Hard,1990,14,2291
Boris Becker,Hard,1991,8,1793
Boris Becker,Hard,1992,10,2227
Boris Becker,Hard,1993,4,542
Boris Becker,Hard,1994,9,1687
Boris Becker,Hard,1995,10,2172
Boris Becker,Hard,1996,10,2003
Boris Becker,Hard,1997,2,530
Borna Coric,Clay,2015,1,189
Borna Coric,Clay,2016,2,222
Borna Coric,Clay,2017,3,437
Borna Coric,Clay,2018,2,400
Borna Coric,Clay,2019,5,974
Borna Coric,Clay,2022,1,185
Borna Coric,Clay,2023,2,223
Borna Coric,Clay,2024,1,236
Borna Coric,Clay,2025,1,215
Borna Coric,Grass,2018,2,212
Borna Coric,Grass,2023,1,98
Borna Coric,Hard,2015,4,383
Borna Coric,Hard,2016,2,350
Borna Coric,Hard,2018,8,1174
Borna Coric,Hard,2019,4,571
Borna Coric,Hard,2020,2,363
Borna Coric,Hard,2021,1,162
Borna Coric,Hard,2022,4,560
Borna Coric,Hard,2023,2,267
Borna Coric,Hard,2024,3,411
Borna Gojo,Hard,2023,1,190
Botic Van De Zandschulp,Clay,2021,6,1122
Botic Van De Zandschulp,Clay,2022,8,1232
Botic Van De Zandschulp,Clay,2023,6,1153
Botic Van De Zandschulp,Clay,2024,4,641
Botic Van De Zandschulp,Clay,2025,1,120
Botic Van De Zandschulp,Clay,2026,1,252
Botic Van De Zandschulp,Grass,2021,2,463
Botic Van De Zandschulp,Grass,2022,3,433
Botic Van De Zandschulp,Hard,2019,5,644
Botic Van De Zandschulp,Hard,2020,4,708
Botic Van De Zandschulp,Hard,2021,16,3106
Botic Van De Zandschulp,Hard,2022,14,2357
Botic Van De Zandschulp,Hard,2023,12,2003
Botic Van De Zandschulp,Hard,2024,15,2459
Botic Van De Zandschulp,Hard,2025,10,1517
Botic Van De Zandschulp,Hard,2026,4,829
Brad Gilbert,Hard,1987,1,346
Brad Gilbert,Hard,1989,1,195
Brad Gilbert,Hard,1990,2,239
Brad Gilbert,Hard,1991,1,153
Brad Gilbert,Hard,1993,2,333
Brad Gilbert,Hard,1994,1,126
Bradley Klahn,Hard,2018,1,138
Bradley Klahn,Hard,2019,1,141
Brandon Holt,Hard,2022,1,309
Brandon Nakashima,Clay,2022,2,268
Brandon Nakashima,Clay,2024,1,218
Brandon Nakashima,Clay,2025,1,262
Brandon Nakashima,Clay,2026,1,98
Brandon Nakashima,Grass,2021,1,241
Brandon Nakashima,Grass,2022,1,289
Brandon Nakashima,Grass,2023,1,278
Brandon Nakashima,Grass,2024,2,227
Brandon Nakashima,Grass,2025,1,387
Brandon Nakashima,Hard,2020,1,124
Brandon Nakashima,Hard,2021,1,114
Brandon Nakashima,Hard,2022,8,1329
Brandon Nakashima,Hard,2023,3,612
Brandon Nakashima,Hard,2024,7,1005
Brandon Nakashima,Hard,2025,5,860
Brandon Nakashima,Hard,2026,4,715
Brayden Schnur,Grass,2019,1,180
Brayden Schnur,Hard,2019,4,781
Brian Battistone,Hard,2021,1,115
Brian Dabul,Hard,2010,1,147
Brian Gottfried,Clay,1978,1,104
Brian Gottfried,Grass,1980,1,213
Brian Teacher,Grass,1981,1,207
Bruno Kuzuhara,Hard,2022,1,283
Bu Yunchaokete,Hard,2024,4,521
Byron Black,Grass,1993,1,144
Byron Black,Grass,1997,1,125
Cameron Norrie,Clay,2019,1,116
Cameron Norrie,Clay,2021,4,621
Cameron Norrie,Clay,2022,2,395
Cameron Norrie,Clay,2023,3,307
Cameron Norrie,Clay,2024,2,250
Cameron Norrie,Clay,2025,2,484
Cameron Norrie,Clay,2026,1,101
Cameron Norrie,Grass,2015,1,69
Cameron Norrie,Grass,2019,1,144
Cameron Norrie,Grass,2021,2,418
Cameron Norrie,Grass,2022,1,136
Cameron Norrie,Grass,2024,1,140
Cameron Norrie,Hard,2019,4,525
Cameron Norrie,Hard,2021,5,746
Cameron Norrie,Hard,2022,8,936
Cameron Norrie,Hard,2023,2,450
Cameron Norrie,Hard,2024,3,821
Cameron Norrie,Hard,2025,3,485
Cameron Norrie,Hard,2026,2,235
Camilo Ugo Carabelli,Clay,2022,1,312
Camilo Ugo Carabelli,Clay,2024,5,775
Camilo Ugo Carabelli,Hard,2024,2,394
Camilo Ugo Carabelli,Hard,2026,1,127
Carlos Alcaraz,Clay,2019,2,314
Carlos Alcaraz,Clay,2020,3,685
Carlos Alcaraz,Clay,2021,3,342
Carlos Alcaraz,Clay,2022,16,2844
Carlos Alcaraz,Clay,2023,15,2339
Carlos Alcaraz,Clay,2024,13,2219
Carlos Alcaraz,Clay,2025,16,2754
Carlos Alcaraz,Clay,2026,3,374
Carlos Alcaraz,Grass,2021,1,146
Carlos Alcaraz,Grass,2022,1,264
Carlos Alcaraz,Grass,2023,10,2058
Carlos Alcaraz,Grass,2024,3,690
Carlos Alcaraz,Grass,2025,7,1476
Carlos Alcaraz,Hard,2021,10,1969
Carlos Alcaraz,Hard,2022,21,3866
Carlos Alcaraz,Hard,2023,23,3717
Carlos Alcaraz,Hard,2024,27,3788
Carlos Alcaraz,Hard,2025,36,5179
Carlos Alcaraz,Hard,2026,11,1925
Carlos Berlocq,Clay,2012,1,99
Carlos Berlocq,Clay,2015,3,486
Carlos Berlocq,Clay,2018,3,492
Carlos Berlocq,Clay,2019,1,122
Carlos Berlocq,Hard,2011,1,123
Carlos Costa,Clay,1992,2,343
Carlos Eduardo Severino,Clay,2015,1,113
Carlos Gimeno Valero,Clay,2022,1,79
Carlos Moya,Clay,1997,1,145
Carlos Moya,Clay,1998,2,388
Carlos Moya,Clay,1999,1,150
Carlos Moya,Clay,2001,1,206
Carlos Moya,Clay,2002,1,205
Carlos Moya,Clay,2004,2,245
Carlos Moya,Clay,2006,1,143
Carlos Moya,Clay,2007,3,509
Carlos Moya,Grass,2001,1,247
Carlos Moya,Grass,2004,1,252
Carlos Moya,Hard,1997,5,1179
Carlos Moya,Hard,1998,4,891
Carlos Moya,Hard,1999,1,302
Carlos Moya,Hard,2000,1,97
Carlos Moya,Hard,2001,1,304
Carlos Moya,Hard,2002,4,628
Carlos Moya,Hard,2003,2,270
Carlos Moya,Hard,2004,3,528
Carlos Taberner,Clay,2025,1,177
Carlos Taberner,Hard,2021,1,287
Casper Ruud,Clay,2017,2,406
Casper Ruud,Clay,2019,5,676
Casper Ruud,Clay,2020,1,163
Casper Ruud,Clay,2021,6,1011
Casper Ruud,Clay,2022,18,2801
Casper Ruud,Clay,2023,12,1867
Casper Ruud,Clay,2024,14,2109
Casper Ruud,Clay,2025,12,1710
Casper Ruud,Clay,2026,2,365
Casper Ruud,Grass,2023,1,228
Casper Ruud,Hard,2019,1,86
Casper Ruud,Hard,2020,3,594
Casper Ruud,Hard,2021,14,1703
Casper Ruud,Hard,2022,19,2794
Casper Ruud,Hard,2023,17,2947
Casper Ruud,Hard,2024,20,2986
Casper Ruud,Hard,2025,18,2861
Casper Ruud,Hard,2026,5,807
Cedric Pioline,Clay,1993,2,240
Cedric Pioline,Clay,1998,2,495
Cedric Pioline,Grass,1993,1,205
Cedric Pioline,Grass,1995,1,372
Cedric Pioline,Grass,1997,2,456
Cedric Pioline,Hard,1992,1,94
Cedric Pioline,Hard,1993,3,613
Cedric Pioline,Hard,1996,1,139
Cedric Pioline,Hard,1999,2,484
Cedric Pioline,Hard,2000,1,207
Cedrik Marcel Stebe,Hard,2019,1,122
Cem Ilkel,Grass,2019,1,101
Cem Ilkel,Hard,2019,1,150
Cem Ilkel,Hard,2022,1,184
Charles Broom,Grass,2024,1,191
Chase Buchanan,Clay,2015,1,119
Chieh Fu Wang,Hard,2015,1,82
Chris Guccione,Hard,2007,1,223
Chris Lewis,Grass,1983,2,513
Chris Woodruff,Hard,1996,1,108
Chris Woodruff,Hard,1997,2,399
Chris Woodruff,Hard,2000,1,176
Christian Bergstrom,Hard,1993,1,141
Christian Harrison,Hard,2021,1,107
Christian Saceanu,Grass,1992,1,202
Christoph Negritu,Hard,2024,1,144
Christophe Rochus,Clay,2005,1,98
Christophe Roger Vasselin,Clay,1983,1,134
Christopher Eubanks,Clay,2022,1,226
Christopher Eubanks,Clay,2024,2,278
Christopher Eubanks,Grass,2023,2,476
Christopher Eubanks,Grass,2024,1,157
Christopher Eubanks,Grass,2025,1,373
Christopher Eubanks,Hard,2019,1,156
Christopher Eubanks,Hard,2022,1,195
Christopher Eubanks,Hard,2023,4,477
Christopher Eubanks,Hard,2024,3,495
Christopher Eubanks,Hard,2025,1,100
Christopher Heyman,Hard,2018,1,109
Christopher Oconnell,Clay,2023,1,204
Christopher Oconnell,Clay,2025,1,104
Christopher Oconnell,Grass,2023,2,208
Christopher Oconnell,Hard,2015,1,87
Christopher Oconnell,Hard,2022,1,238
Christopher Oconnell,Hard,2023,2,401
Christopher Oconnell,Hard,2024,5,937
Christopher Oconnell,Hard,2025,2,453
Christopher Oconnell,Hard,2026,1,227
Chun Hsin Tseng,Clay,2024,1,188
Chun Hsin Tseng,Hard,2019,1,169
Chun Hsin Tseng,Hard,2020,1,86
Clement Chidekh,Hard,2025,1,215
Coleman Wong,Hard,2024,1,143
Coleman Wong,Hard,2025,2,307
Colton Smith,Hard,2024,1,114
Conner Huertas Del Pino,Clay,2022,1,183
Constant Lestienne,Grass,2024,1,270
Constant Lestienne,Hard,2018,1,178
Constant Lestienne,Hard,2022,1,194
Cooper Kose,Hard,2024,1,106
Cooper Williams,Hard,2024,1,112
Corentin Denolly,Clay,2019,1,214
Corentin Moutet,Clay,2024,4,762
Corentin Moutet,Clay,2025,2,351
Corentin Moutet,Grass,2023,1,134
Corentin Moutet,Grass,2025,1,154
Corentin Moutet,Hard,2019,3,332
Corentin Moutet,Hard,2020,2,319
Corentin Moutet,Hard,2022,4,821
Corentin Moutet,Hard,2025,4,773
Corentin Moutet,Hard,2026,1,165
Corrado Barazzutti,Clay,1979,1,89
Corrado Borroni,Clay,1995,1,89
Cristian Garin,Clay,2019,5,679
Cristian Garin,Clay,2021,2,365
Cristian Garin,Clay,2022,3,321
Cristian Garin,Clay,2024,1,171
Cristian Garin,Grass,2022,2,566
Cristian Garin,Hard,2018,1,138
Cristian Garin,Hard,2019,3,571
Cristian Garin,Hard,2020,1,93
Cristian Garin,Hard,2021,1,194
Cristian Garin,Hard,2022,2,173
Cristian Garin,Hard,2023,4,578
Cristian Garin,Hard,2024,1,321
Cristian Garin,Hard,2025,1,122
Dalibor Svrcina,Clay,2021,1,115
Dalibor Svrcina,Hard,2021,1,176
Damir Dzumhur,Clay,2015,1,163
Damir Dzumhur,Clay,2016,1,119
Damir Dzumhur,Grass,2015,1,133
Damir Dzumhur,Hard,2016,2,232
Damir Dzumhur,Hard,2018,3,398
Damir Dzumhur,Hard,2019,3,425
Damir Dzumhur,Hard,2023,1,98
Dan Goldie,Hard,1987,1,247
Dan Martin,Hard,2025,1,87
Daniel Altmaier,Clay,2019,1,145
Daniel Altmaier,Clay,2023,2,491
Daniel Altmaier,Clay,2024,3,384
Daniel Altmaier,Clay,2025,3,524
Daniel Altmaier,Grass,2022,1,108
Daniel Altmaier,Grass,2023,1,82
Daniel Altmaier,Grass,2025,1,104
Daniel Altmaier,Hard,2022,1,248
Daniel Altmaier,Hard,2023,1,106
Daniel Altmaier,Hard,2024,4,542
Daniel Altmaier,Hard,2025,4,753
Daniel Cox,Hard,2014,1,96
Daniel De Jonge,Hard,2025,1,153
Daniel Dutra Da Silva,Clay,2022,1,145
Daniel Dutra Da Silva,Clay,2024,2,288
Daniel Elahi Galan,Clay,2020,1,158
Daniel Elahi Galan,Clay,2023,1,254
Daniel Elahi Galan,Clay,2024,1,103
Daniel Elahi Galan,Clay,2025,2,517
Daniel Elahi Galan,Grass,2023,2,379
Daniel Elahi Galan,Hard,2021,3,292
Daniel Elahi Galan,Hard,2022,2,461
Daniel Elahi Galan,Hard,2024,1,377
Daniel Elahi Galan,Hard,2025,1,84
Daniel Evans,Clay,2017,1,135
Daniel Evans,Clay,2021,3,356
Daniel Evans,Clay,2023,1,249
Daniel Evans,Clay,2024,2,350
Daniel Evans,Grass,2019,1,102
Daniel Evans,Grass,2021,1,184
Daniel Evans,Grass,2022,2,280
Daniel Evans,Hard,2016,1,127
Daniel Evans,Hard,2017,1,120
Daniel Evans,Hard,2019,3,447
Daniel Evans,Hard,2020,2,424
Daniel Evans,Hard,2021,3,491
Daniel Evans,Hard,2022,8,969
Daniel Evans,Hard,2023,2,358
Daniel Evans,Hard,2024,1,392
Daniel Gimeno Traver,Clay,2012,1,156
Daniel Gimeno Traver,Clay,2014,1,125
Daniel Gimeno Traver,Clay,2015,2,226
Daniel Kosakowski,Hard,2014,1,119
Daniel Masur,Hard,2021,1,124
Daniel Michalski,Clay,2022,1,121
Daniel Michalski,Clay,2024,1,137
Daniel Nestor,Hard,2000,1,165
Daniel Nguyen,Hard,2014,1,160
Daniel Rincon,Clay,2024,1,101
Daniel Smethurst,Hard,2014,1,146
Daniel Vacek,Grass,1994,1,161
Daniel Vacek,Hard,2001,1,274
Daniil Medvedev,Clay,2018,1,143
Daniil Medvedev,Clay,2019,5,716
Daniil Medvedev,Clay,2020,1,246
Daniil Medvedev,Clay,2021,1,209
Daniil Medvedev,Clay,2022,3,531
Daniil Medvedev,Clay,2023,12,1891
Daniil Medvedev,Clay,2024,2,218
Daniil Medvedev,Clay,2025,4,778
Daniil Medvedev,Clay,2026,1,67
Daniil Medvedev,Grass,2017,1,180
Daniil Medvedev,Grass,2019,3,627
Daniil Medvedev,Grass,2021,2,441
Daniil Medvedev,Grass,2022,4,479
Daniil Medvedev,Grass,2023,10,1821
Daniil Medvedev,Grass,2024,3,616
Daniil Medvedev,Grass,2025,4,580
Daniil Medvedev,Hard,2017,2,270
Daniil Medvedev,Hard,2018,6,913
Daniil Medvedev,Hard,2019,27,4141
Daniil Medvedev,Hard,2020,10,1755
Daniil Medvedev,Hard,2021,24,3742
Daniil Medvedev,Hard,2022,33,5849
Daniil Medvedev,Hard,2023,57,8568
Daniil Medvedev,Hard,2024,30,4954
Daniil Medvedev,Hard,2025,20,3432
Daniil Medvedev,Hard,2026,18,2367
Danilo Petrovic,Clay,2019,1,121
Danny Sapsford,Grass,1999,1,175
Darian King,Hard,2015,1,115
Dario Acosta,Clay,2015,1,85
Darren Cahill,Hard,1990,1,281
Darwin Blanch,Hard,2025,1,163
David Ferrer,Clay,2003,1,196
David Ferrer,Clay,2006,1,96
David Ferrer,Clay,2010,2,318
David Ferrer,Clay,2011,5,900
David Ferrer,Clay,2012,4,604
David Ferrer,Clay,2013,2,260
David Ferrer,Clay,2014,2,367
David Ferrer,Clay,2015,1,198
David Ferrer,Clay,2017,3,435
David Ferrer,Clay,2018,1,371
David Ferrer,Clay,2019,3,424
David Ferrer,Grass,2013,1,191
David Ferrer,Hard,2003,1,104
David Ferrer,Hard,2006,3,334
David Ferrer,Hard,2007,3,607
David Ferrer,Hard,2009,1,122
David Ferrer,Hard,2010,2,426
David Ferrer,Hard,2011,6,996
David Ferrer,Hard,2012,7,1064
David Ferrer,Hard,2013,7,1145
David Ferrer,Hard,2014,3,623
David Ferrer,Hard,2015,8,1037
David Ferrer,Hard,2017,2,321
David Ferrer,Hard,2018,3,450
David Ferrer,Hard,2019,2,305
David Goffin,Clay,2015,3,474
David Goffin,Clay,2016,1,116
David Goffin,Clay,2017,6,990
David Goffin,Clay,2018,3,682
David Goffin,Clay,2019,1,105
David Goffin,Clay,2020,1,167
David Goffin,Clay,2022,3,578
David Goffin,Clay,2023,2,487
David Goffin,Clay,2024,1,300
David Goffin,Grass,2015,1,127
David Goffin,Grass,2019,3,723
David Goffin,Grass,2022,2,511
David Goffin,Grass,2024,1,323
David Goffin,Hard,2013,1,81
David Goffin,Hard,2014,1,110
David Goffin,Hard,2015,3,353
David Goffin,Hard,2016,5,785
David Goffin,Hard,2017,11,1793
David Goffin,Hard,2018,2,269
David Goffin,Hard,2019,7,1011
David Goffin,Hard,2020,2,403
David Goffin,Hard,2022,7,1305
David Goffin,Hard,2024,5,854
David Goffin,Hard,2025,1,128
David Guez,Hard,2015,1,109
David Nalbandian,Clay,2002,1,101
David Nalbandian,Clay,2004,2,396
David Nalbandian,Clay,2006,4,763
David Nalbandian,Clay,2008,1,181
David Nalbandian,Clay,2012,1,87
David Nalbandian,Grass,2002,2,465
David Nalbandian,Hard,2002,2,463
David Nalbandian,Hard,2003,6,1320
David Nalbandian,Hard,2004,3,622
David Nalbandian,Hard,2005,3,608
David Nalbandian,Hard,2006,8,1529
David Nalbandian,Hard,2007,5,644
David Nalbandian,Hard,2008,4,607
David Nalbandian,Hard,2010,3,463
David Nalbandian,Hard,2011,2,579
David Perez Sanz,Clay,2015,1,77
David Prinosil,Grass,2001,1,150
David Wheaton,Grass,1991,3,596
David Wheaton,Hard,1990,1,163
David Wheaton,Hard,1991,2,462
David Wheaton,Hard,1994,2,324
Davide Sanguinetti,Clay,2001,1,180
Davide Sanguinetti,Grass,1998,1,164
Davide Sanguinetti,Hard,2002,1,202
Denis Gremelmayr,Clay,2008,1,154
Denis Istomin,Clay,2015,1,137
Denis Istomin,Clay,2019,1,141
Denis Istomin,Clay,2021,1,152
Denis Istomin,Grass,2012,1,128
Denis Istomin,Grass,2015,1,222
Denis Istomin,Hard,2006,1,150
Denis Istomin,Hard,2014,1,79
Denis Istomin,Hard,2017,2,411
Denis Istomin,Hard,2019,1,119
Denis Istomin,Hard,2020,1,108
Denis Kudla,Grass,2018,1,149
Denis Kudla,Grass,2019,2,259
Denis Kudla,Hard,2014,1,110
Denis Kudla,Hard,2016,2,179
Denis Kudla,Hard,2018,2,301
Denis Kudla,Hard,2019,3,488
Denis Kudla,Hard,2021,1,139
Denis Shapovalov,Clay,2018,2,219
Denis Shapovalov,Clay,2019,2,315
Denis Shapovalov,Clay,2020,1,225
Denis Shapovalov,Clay,2022,2,337
Denis Shapovalov,Clay,2023,1,165
Denis Shapovalov,Clay,2024,1,236
Denis Shapovalov,Clay,2025,1,139
Denis Shapovalov,Grass,2016,2,367
Denis Shapovalov,Grass,2017,1,207
Denis Shapovalov,Grass,2018,1,133
Denis Shapovalov,Grass,2019,1,119
Denis Shapovalov,Grass,2021,2,391
Denis Shapovalov,Grass,2024,1,110
Denis Shapovalov,Hard,2016,1,94
Denis Shapovalov,Hard,2017,4,615
Denis Shapovalov,Hard,2018,4,1016
Denis Shapovalov,Hard,2019,17,2613
Denis Shapovalov,Hard,2020,7,1505
Denis Shapovalov,Hard,2021,5,756
Denis Shapovalov,Hard,2022,16,2567
Denis Shapovalov,Hard,2023,3,661
Denis Shapovalov,Hard,2024,3,504
Denis Shapovalov,Hard,2025,8,1084
Denis Shapovalov,Hard,2026,3,353
Dennis Novak,Grass,2023,1,248
Dennis Novak,Hard,2016,1,107
Dennis Novak,Hard,2019,1,104
Dennis Novak,Hard,2020,1,168
Dennis Novak,Hard,2021,1,131
Dennis Novikov,Hard,2016,1,111
Derrick Rostagno,Grass,1990,1,210
Derrick Rostagno,Grass,1992,1,210
Derrick Rostagno,Hard,1991,1,148
Devin Britton,Hard,2009,1,169
Dhakshineswar Suresh,Hard,2026,2,269
Diego Hartfield,Clay,2006,1,236
Diego Hartfield,Hard,2008,1,127
Diego Schwartzman,Clay,2015,2,273
Diego Schwartzman,Clay,2017,3,398
Diego Schwartzman,Clay,2019,2,340
Diego Schwartzman,Clay,2020,2,601
Diego Schwartzman,Clay,2021,1,185
Diego Schwartzman,Clay,2022,4,562
Diego Schwartzman,Clay,2023,2,158
Diego Schwartzman,Clay,2025,2,303
Diego Schwartzman,Grass,2019,1,91
Diego Schwartzman,Grass,2022,1,94
Diego Schwartzman,Grass,2023,1,164
Diego Schwartzman,Hard,2015,2,264
Diego Schwartzman,Hard,2017,1,235
Diego Schwartzman,Hard,2018,2,248
Diego Schwartzman,Hard,2019,4,600
Diego Schwartzman,Hard,2020,4,620
Diego Schwartzman,Hard,2021,6,1066
Diego Schwartzman,Hard,2022,5,777
Diego Schwartzman,Hard,2023,3,500
Diego Schwartzman,Hard,2024,1,236
Dimitar Kuzmanov,Hard,2022,1,199
Dimitar Kuzmanov,Hard,2023,1,98
Dino Prizmic,Hard,2023,1,190
Dino Prizmic,Hard,2024,2,458
Dino Prizmic,Hard,2025,2,315
Dmitry Popko,Clay,2024,2,330
Dmitry Popko,Clay,2025,1,199
Dmitry Popko,Hard,2022,1,120
Dmitry Tursunov,Clay,2006,2,686
Dominic Stricker,Grass,2021,1,173
Dominic Stricker,Hard,2023,2,558
Dominic Thiem,Clay,2014,1,149
Dominic Thiem,Clay,2015,6,836
Dominic Thiem,Clay,2016,8,1417
Dominic Thiem,Clay,2017,16,2182
Dominic Thiem,Clay,2018,13,2178
Dominic Thiem,Clay,2019,6,1101
Dominic Thiem,Clay,2020,1,376
Dominic Thiem,Clay,2021,4,521
Dominic Thiem,Clay,2022,10,1578
Dominic Thiem,Clay,2023,11,1648
Dominic Thiem,Clay,2024,3,451
Dominic Thiem,Grass,2016,2,421
Dominic Thiem,Grass,2019,1,246
Dominic Thiem,Grass,2023,1,331
Dominic Thiem,Hard,2011,1,108
Dominic Thiem,Hard,2014,2,247
Dominic Thiem,Hard,2015,3,436
Dominic Thiem,Hard,2016,8,1118
Dominic Thiem,Hard,2017,12,1951
Dominic Thiem,Hard,2018,7,1170
Dominic Thiem,Hard,2019,22,3450
Dominic Thiem,Hard,2020,13,2890
Dominic Thiem,Hard,2021,2,397
Dominic Thiem,Hard,2022,18,2736
Dominic Thiem,Hard,2023,8,1327
Dominic Thiem,Hard,2024,4,724
Dominik Hrbaty,Clay,1999,1,261
Dominik Hrbaty,Hard,1997,1,313
Dominik Hrbaty,Hard,2001,1,245
Dominik Hrbaty,Hard,2006,2,224
Dominik Koepfer,Clay,2021,1,319
Dominik Koepfer,Clay,2024,1,115
Dominik Koepfer,Grass,2024,2,357
Dominik Koepfer,Hard,2018,1,93
Dominik Koepfer,Hard,2019,2,457
Dominik Koepfer,Hard,2020,1,192
Dominik Koepfer,Hard,2021,1,189
Dominik Koepfer,Hard,2023,1,88
Dominik Koepfer,Hard,2025,1,199
Donald Young,Clay,2014,1,124
Donald Young,Hard,2011,1,71
Donald Young,Hard,2017,1,106
Donald Young,Hard,2019,2,228
Dragos Dima,Clay,2018,1,105
Duck Hee Lee,Hard,2018,1,100
Dudi Sela,Hard,2014,1,109
Dudi Sela,Hard,2015,1,78
Dudi Sela,Hard,2016,2,272
Dudi Sela,Hard,2017,2,270
Duje Ajdukovic,Hard,2023,1,173
Dusan Lajovic,Clay,2014,1,116
Dusan Lajovic,Clay,2017,1,115
Dusan Lajovic,Clay,2018,2,262
Dusan Lajovic,Clay,2019,5,760
Dusan Lajovic,Clay,2022,2,360
Dusan Lajovic,Clay,2023,5,706
Dusan Lajovic,Clay,2024,4,514
Dusan Lajovic,Clay,2025,1,118
Dusan Lajovic,Grass,2018,1,147
Dusan Lajovic,Hard,2015,1,93
Dusan Lajovic,Hard,2017,1,188
Dusan Lajovic,Hard,2018,2,187
Dusan Lajovic,Hard,2019,5,666
Dusan Lajovic,Hard,2020,2,262
Dusan Lajovic,Hard,2021,1,99
Dusan Lajovic,Hard,2023,5,680
Dusan Lajovic,Hard,2024,3,391
Dustin Brown,Clay,2017,1,176
Dustin Brown,Clay,2019,4,560
Dustin Brown,Grass,2014,1,98
Dustin Brown,Grass,2015,4,725
Dustin Brown,Grass,2019,2,340
Dustin Brown,Hard,2016,2,200
Dustin Brown,Hard,2017,1,83
Dustin Brown,Hard,2019,1,196
Dylan Dietrich,Hard,2024,1,108
Dzmitry Zhyrmont,Hard,2017,1,161
Eddie Dibbs,Clay,1982,1,71
Edouard Roger Vasselin,Hard,2014,2,305
Edouard Roger Vasselin,Hard,2015,1,205
Eduardo Masso,Grass,1992,1,223
Eduardo Russi,Clay,2014,1,81
Eduardo Struvay,Hard,2016,1,111
Egor Gerasimov,Clay,2022,2,302
Egor Gerasimov,Hard,2016,1,127
Egor Gerasimov,Hard,2019,1,175
Egor Gerasimov,Hard,2020,2,470
Egor Gerasimov,Hard,2021,1,312
Egor Gerasimov,Hard,2022,1,289
Elias Ymer,Clay,2021,1,101
Elias Ymer,Hard,2021,1,244
Eliot Spizzirri,Hard,2024,2,310
Eliot Spizzirri,Hard,2026,1,240
Elliot Benchetrit,Clay,2020,1,151
Elliot Benchetrit,Clay,2025,1,119
Elliot Benchetrit,Hard,2019,1,120
Elliot Benchetrit,Hard,2020,1,139
Elmer Moller,Clay,2025,3,509
Elmer Moller,Hard,2025,2,389
Emil Ruusuvuori,Clay,2022,5,715
Emil Ruusuvuori,Clay,2023,4,492
Emil Ruusuvuori,Grass,2023,3,438
Emil Ruusuvuori,Grass,2024,2,492
Emil Ruusuvuori,Hard,2021,3,384
Emil Ruusuvuori,Hard,2022,8,1240
Emil Ruusuvuori,Hard,2023,7,1302
Emil Ruusuvuori,Hard,2024,7,1265
Emilio Gomez,Hard,2020,1,222
Emilio Gomez,Hard,2022,1,124
Emilio Nava,Clay,2024,1,123
Emilio Nava,Hard,2022,1,340
Emilio Nava,Hard,2023,1,266
Emilio Nava,Hard,2024,1,97
Emilio Nava,Hard,2025,1,188
Emilio Sanchez,Clay,1986,1,192
Emilio Sanchez,Clay,1991,1,108
Emilio Sanchez,Hard,1990,2,437
Enzo Couacaud,Hard,2021,1,186
Enzo Couacaud,Hard,2023,1,246
Ergi Kirkin,Clay,2024,1,134
Ernesto Escobedo,Hard,2019,1,126
Ernests Gulbis,Clay,2008,1,263
Ernests Gulbis,Clay,2010,1,204
Ernests Gulbis,Clay,2014,3,664
Ernests Gulbis,Hard,2010,1,116
Ernests Gulbis,Hard,2013,1,112
Ernests Gulbis,Hard,2014,1,144
Ernests Gulbis,Hard,2015,1,107
Ernests Gulbis,Hard,2018,2,230
Ernests Gulbis,Hard,2019,3,389
Ernests Gulbis,Hard,2020,6,880
Ethan Quinn,Clay,2025,1,292
Ethan Quinn,Grass,2025,2,401
Ethan Quinn,Hard,2024,3,348
Ethan Quinn,Hard,2026,4,640
Evan Furness,Hard,2022,1,134
Evan King,Clay,2019,1,224
Evan Zhu,Hard,2024,1,109
Evgeny Donskoy,Hard,2016,2,202
Evgeny Donskoy,Hard,2017,1,204
Evgeny Donskoy,Hard,2019,1,120
Evgeny Donskoy,Hard,2023,1,152
Evgeny Korolev,Hard,2009,1,98
Fabian Marozsan,Clay,2023,1,137
Fabian Marozsan,Clay,2024,1,103
Fabian Marozsan,Clay,2025,2,340
Fabian Marozsan,Clay,2026,1,107
Fabian Marozsan,Hard,2021,1,109
Fabian Marozsan,Hard,2022,1,199
Fabian Marozsan,Hard,2023,4,630
Fabian Marozsan,Hard,2024,7,880
Fabian Marozsan,Hard,2025,5,737
Fabian Marozsan,Hard,2026,1,168
Fabio Fognini,Clay,2012,1,146
Fabio Fognini,Clay,2013,3,417
Fabio Fognini,Clay,2015,3,405
Fabio Fognini,Clay,2017,2,364
Fabio Fognini,Clay,2018,2,321
Fabio Fognini,Clay,2019,5,733
Fabio Fognini,Clay,2022,3,387
Fabio Fognini,Clay,2023,2,319
Fabio Fognini,Clay,2024,2,211
Fabio Fognini,Grass,2012,2,321
Fabio Fognini,Grass,2025,1,357
Fabio Fognini,Hard,2014,2,272
Fabio Fognini,Hard,2017,4,575
Fabio Fognini,Hard,2018,2,270
Fabio Fognini,Hard,2019,6,803
Fabio Fognini,Hard,2020,3,549
Fabio Fognini,Hard,2022,4,578
Fabrice Santoro,Clay,1990,1,108
Fabrice Santoro,Clay,1995,1,118
Fabrice Santoro,Clay,2001,2,459
Fabrice Santoro,Clay,2004,1,463
Fabrice Santoro,Hard,1991,1,143
Fabrice Santoro,Hard,2001,1,108
Fabrice Santoro,Hard,2002,1,106
Fabrice Santoro,Hard,2005,2,389
Fabrice Santoro,Hard,2006,1,140
Fabrice Santoro,Hard,2008,1,130
Facundo Arguello,Hard,2014,1,111
Facundo Bagnis,Clay,2024,3,497
Facundo Bagnis,Hard,2017,1,146
Facundo Bagnis,Hard,2021,1,223
Facundo Diaz Acosta,Clay,2024,2,225
Facundo Diaz Acosta,Hard,2023,1,196
Facundo Diaz Acosta,Hard,2025,1,112
Facundo Mena,Clay,2021,1,113
Farrukh Dustov,Hard,2014,1,110
Farrukh Dustov,Hard,2015,2,178
Federico Agustin Gomez,Clay,2024,1,95
Federico Arnaboldi,Clay,2025,1,110
Federico Cina,Hard,2024,2,187
Federico Cina,Hard,2025,2,266
Federico Coria,Clay,2019,1,168
Federico Coria,Clay,2020,1,192
Federico Coria,Clay,2021,1,149
Federico Coria,Clay,2023,1,153
Federico Coria,Clay,2024,2,245
Federico Coria,Clay,2025,1,167
Federico Coria,Hard,2022,1,88
Federico Coria,Hard,2023,2,203
Federico Delbonis,Clay,2013,1,201
Federico Delbonis,Clay,2014,1,133
Federico Delbonis,Clay,2015,1,84
Federico Delbonis,Clay,2016,1,123
Federico Delbonis,Clay,2019,2,256
Federico Delbonis,Clay,2021,2,270
Federico Delbonis,Clay,2022,3,366
Federico Delbonis,Clay,2023,1,223
Federico Delbonis,Grass,2022,1,156
Federico Delbonis,Hard,2016,1,145
Federico Delbonis,Hard,2017,1,149
Federico Delbonis,Hard,2018,1,153
Federico Delbonis,Hard,2022,3,532
Federico Gaio,Clay,2016,1,96
Federico Gaio,Hard,2020,1,181
Federico Luzzi,Clay,2001,1,169
Feliciano Lopez,Clay,2011,2,413
Feliciano Lopez,Clay,2015,1,172
Feliciano Lopez,Clay,2016,2,348
Feliciano Lopez,Clay,2017,1,121
Feliciano Lopez,Clay,2019,1,114
Feliciano Lopez,Clay,2021,1,232
Feliciano Lopez,Clay,2022,1,80
Feliciano Lopez,Clay,2023,1,188
Feliciano Lopez,Grass,2005,1,183
Feliciano Lopez,Grass,2013,1,240
Feliciano Lopez,Grass,2014,1,244
Feliciano Lopez,Grass,2015,1,210
Feliciano Lopez,Grass,2017,2,374
Feliciano Lopez,Grass,2018,2,283
Feliciano Lopez,Grass,2019,1,192
Feliciano Lopez,Grass,2021,1,184
Feliciano Lopez,Grass,2022,1,143
Feliciano Lopez,Hard,2003,1,214
Feliciano Lopez,Hard,2004,2,286
Feliciano Lopez,Hard,2008,2,283
Feliciano Lopez,Hard,2009,1,55
Feliciano Lopez,Hard,2010,1,179
Feliciano Lopez,Hard,2013,1,100
Feliciano Lopez,Hard,2014,3,398
Feliciano Lopez,Hard,2015,6,923
Feliciano Lopez,Hard,2016,1,129
Feliciano Lopez,Hard,2019,3,747
Feliciano Lopez,Hard,2020,1,201
Feliciano Lopez,Hard,2021,8,1561
Feliciano Lopez,Hard,2022,1,253
Feliciano Lopez,Hard,2023,1,145
Felipe Meligeni Alves,Clay,2026,2,371
Felix Auger Aliassime,Clay,2018,1,162
Felix Auger Aliassime,Clay,2019,5,684
Felix Auger Aliassime,Clay,2021,2,328
Felix Auger Aliassime,Clay,2022,5,743
Felix Auger Aliassime,Clay,2024,6,820
Felix Auger Aliassime,Clay,2025,2,416
Felix Auger Aliassime,Grass,2019,1,211
Felix Auger Aliassime,Grass,2021,3,683
Felix Auger Aliassime,Grass,2022,3,630
Felix Auger Aliassime,Grass,2025,2,234
Felix Auger Aliassime,Hard,2017,1,133
Felix Auger Aliassime,Hard,2019,10,1425
Felix Auger Aliassime,Hard,2020,8,1440
Felix Auger Aliassime,Hard,2021,3,601
Felix Auger Aliassime,Hard,2022,17,2579
Felix Auger Aliassime,Hard,2023,11,1823
Felix Auger Aliassime,Hard,2024,10,1552
Felix Auger Aliassime,Hard,2025,7,1113
Felix Auger Aliassime,Hard,2026,5,540
Felix Mantilla,Clay,2002,1,196
Felix Mantilla,Clay,2003,1,243
Felix Mantilla,Clay,2004,1,408
Felix Mantilla,Hard,1998,1,129
Fernando Gonzalez,Clay,2000,1,113
Fernando Gonzalez,Clay,2002,1,255
Fernando Gonzalez,Clay,2003,1,122
Fernando Gonzalez,Clay,2005,3,580
Fernando Gonzalez,Clay,2006,2,338
Fernando Gonzalez,Clay,2007,2,198
Fernando Gonzalez,Clay,2008,1,183
Fernando Gonzalez,Clay,2009,3,426
Fernando Gonzalez,Grass,2005,1,187
Fernando Gonzalez,Grass,2006,2,747
Fernando Gonzalez,Grass,2007,1,309
Fernando Gonzalez,Hard,2002,4,829
Fernando Gonzalez,Hard,2003,1,198
Fernando Gonzalez,Hard,2004,3,627
Fernando Gonzalez,Hard,2005,2,378
Fernando Gonzalez,Hard,2006,6,827
Fernando Gonzalez,Hard,2007,5,1005
Fernando Gonzalez,Hard,2008,2,465
Fernando Gonzalez,Hard,2009,7,1441
Fernando Gonzalez,Hard,2010,1,299
Fernando Meligeni,Hard,1996,1,148
Fernando Romboli,Hard,2016,1,100
Fernando Verdasco,Clay,2005,1,239
Fernando Verdasco,Clay,2010,2,209
Fernando Verdasco,Clay,2012,1,89
Fernando Verdasco,Clay,2014,1,124
Fernando Verdasco,Clay,2015,2,310
Fernando Verdasco,Clay,2016,1,117
Fernando Verdasco,Clay,2017,2,313
Fernando Verdasco,Clay,2019,1,114
Fernando Verdasco,Grass,2006,1,237
Fernando Verdasco,Grass,2013,1,283
Fernando Verdasco,Grass,2019,2,369
Fernando Verdasco,Hard,2007,1,110
Fernando Verdasco,Hard,2009,5,1351
Fernando Verdasco,Hard,2010,1,328
Fernando Verdasco,Hard,2011,1,149
Fernando Verdasco,Hard,2015,2,468
Fernando Verdasco,Hard,2016,2,475
Fernando Verdasco,Hard,2017,7,971
Fernando Verdasco,Hard,2018,4,763
Fernando Verdasco,Hard,2019,4,799
Fernando Verdasco,Hard,2020,1,166
Fernando Verdasco,Hard,2022,1,244
Fernon Wibier,Hard,1996,1,176
Filip Bergevi,Hard,2022,1,134
Filip Cristian Jianu,Clay,2024,1,117
Filip Dewulf,Clay,1997,1,249
Filip Horansky,Clay,2021,1,91
Filip Krajinovic,Clay,2019,1,152
Filip Krajinovic,Clay,2022,2,252
Filip Krajinovic,Clay,2023,1,210
Filip Krajinovic,Grass,2022,3,385
Filip Krajinovic,Hard,2017,1,177
Filip Krajinovic,Hard,2018,4,411
Filip Krajinovic,Hard,2019,4,479
Filip Krajinovic,Hard,2020,3,391
Filip Krajinovic,Hard,2021,2,341
Filip Krajinovic,Hard,2022,2,222
Filip Krajinovic,Hard,2023,1,177
Filip Misolic,Clay,2022,2,292
Filip Misolic,Clay,2024,1,301
Filip Misolic,Clay,2025,2,261
Filippo Volandri,Clay,2001,1,306
Filippo Volandri,Clay,2005,1,139
Filippo Volandri,Clay,2006,1,136
Filippo Volandri,Clay,2007,2,210
Fitriadi M Rifqi,Hard,2023,1,94
Flavio Cobolli,Clay,2022,2,240
Flavio Cobolli,Clay,2023,1,160
Flavio Cobolli,Clay,2024,2,429
Flavio Cobolli,Clay,2025,2,250
Flavio Cobolli,Clay,2026,1,114
Flavio Cobolli,Grass,2024,2,277
Flavio Cobolli,Grass,2025,2,551
Flavio Cobolli,Hard,2024,5,699
Flavio Cobolli,Hard,2025,7,1023
Flavio Saretta,Hard,2003,1,260
Florent Serra,Clay,2009,1,137
Florent Serra,Clay,2010,1,129
Florian Mayer,Clay,2011,1,174
Florian Mayer,Grass,2016,1,121
Florian Mayer,Hard,2010,1,111
Florian Mayer,Hard,2013,4,524
Florian Mayer,Hard,2014,1,157
Florian Mayer,Hard,2017,1,178
Frances Tiafoe,Clay,2022,1,95
Frances Tiafoe,Clay,2023,2,373
Frances Tiafoe,Clay,2025,4,736
Frances Tiafoe,Grass,2022,1,403
Frances Tiafoe,Hard,2017,1,254
Frances Tiafoe,Hard,2018,2,259
Frances Tiafoe,Hard,2019,1,140
Frances Tiafoe,Hard,2021,3,496
Frances Tiafoe,Hard,2022,9,1723
Frances Tiafoe,Hard,2023,7,1236
Frances Tiafoe,Hard,2024,10,1558
Frances Tiafoe,Hard,2025,1,147
Frances Tiafoe,Hard,2026,4,615
Francesco Maestrelli,Clay,2022,1,157
Francesco Passaro,Clay,2022,1,113
Francesco Passaro,Clay,2024,1,178
Francisco Cerundolo,Clay,2020,1,174
Francisco Cerundolo,Clay,2021,2,327
Francisco Cerundolo,Clay,2022,1,128
Francisco Cerundolo,Clay,2023,9,1693
Francisco Cerundolo,Clay,2024,6,1081
Francisco Cerundolo,Clay,2025,5,710
Francisco Cerundolo,Grass,2025,1,229
Francisco Cerundolo,Hard,2022,6,810
Francisco Cerundolo,Hard,2023,4,549
Francisco Cerundolo,Hard,2024,1,96
Francisco Cerundolo,Hard,2025,6,873
Francisco Clavet,Clay,1990,1,311
Francisco Clavet,Clay,1998,1,135
Francisco Comesana,Clay,2022,1,97
Francisco Comesana,Clay,2025,1,115
Francisco Comesana,Grass,2024,1,267
Francisco Comesana,Hard,2025,6,789
Francisco Llanes,Clay,2021,1,90
Franco Skugor,Hard,2019,1,130
Franco Squillari,Clay,1997,1,146
Franco Squillari,Clay,2002,1,211
Frank Dancevic,Clay,2016,1,145
Frank Dancevic,Hard,2008,1,118
Gabriel Decamps,Hard,2022,1,156
Gabriel Diallo,Clay,2025,2,367
Gabriel Diallo,Grass,2025,3,548
Gabriel Diallo,Hard,2024,5,790
Gabriel Diallo,Hard,2025,4,468
Gabriel Markus,Clay,1992,1,331
Gabriele Felline,Clay,2013,1,123
Gael Monfils,Clay,2006,1,97
Gael Monfils,Clay,2008,1,285
Gael Monfils,Clay,2009,2,366
Gael Monfils,Clay,2011,1,221
Gael Monfils,Clay,2013,1,363
Gael Monfils,Clay,2015,4,576
Gael Monfils,Clay,2016,2,251
Gael Monfils,Clay,2017,2,342
Gael Monfils,Clay,2018,1,349
Gael Monfils,Clay,2019,3,551
Gael Monfils,Clay,2020,1,271
Gael Monfils,Clay,2021,2,480
Gael Monfils,Clay,2022,2,190
Gael Monfils,Clay,2023,1,306
Gael Monfils,Clay,2024,3,465
Gael Monfils,Clay,2026,1,195
Gael Monfils,Grass,2013,1,122
Gael Monfils,Grass,2015,1,155
Gael Monfils,Grass,2024,2,426
Gael Monfils,Hard,2005,1,326
Gael Monfils,Hard,2006,1,165
Gael Monfils,Hard,2008,1,183
Gael Monfils,Hard,2009,2,404
Gael Monfils,Hard,2010,5,816
Gael Monfils,Hard,2013,1,206
Gael Monfils,Hard,2014,3,654
Gael Monfils,Hard,2015,2,221
Gael Monfils,Hard,2016,10,1600
Gael Monfils,Hard,2017,1,109
Gael Monfils,Hard,2018,5,836
Gael Monfils,Hard,2019,21,3164
Gael Monfils,Hard,2020,7,1153
Gael Monfils,Hard,2021,5,932
Gael Monfils,Hard,2022,7,1288
Gael Monfils,Hard,2023,3,402
Gael Monfils,Hard,2024,14,2163
Gael Monfils,Hard,2025,13,2393
Galo Blanco,Clay,1997,1,201
Galo Blanco,Clay,2001,1,122
Gary Muller,Grass,1992,1,229
Gastao Elias,Hard,2014,1,111
Gaston Etlis,Hard,1996,1,353
Gaston Gaudio,Clay,2003,2,381
Gaston Gaudio,Clay,2004,2,450
Gaston Gaudio,Clay,2005,1,140
Gaston Gaudio,Hard,2002,1,362
Gaston Gaudio,Hard,2004,1,93
Gaston Gaudio,Hard,2005,2,265
Gavin Van Peperzeel,Hard,2015,1,99
Genaro Alberto Olivieri,Clay,2024,1,110
George Bastl,Grass,2005,1,148
Gerald Melzer,Clay,2016,1,94
Germain Gigounon,Clay,2015,1,144
Gianluca Mager,Clay,2019,1,180
Gianluca Mager,Clay,2021,1,214
Gianluca Mager,Hard,2019,1,94
Gianluca Pozzi,Hard,2000,1,242
Gianluigi Quinzi,Clay,2018,1,111
Gianluigi Quinzi,Hard,2019,1,102
Gijs Brouwer,Clay,2019,1,113
Gijs Brouwer,Clay,2022,2,223
Gijs Brouwer,Clay,2023,2,217
Gijs Brouwer,Hard,2019,1,120
Gijs Brouwer,Hard,2021,2,334
Gijs Brouwer,Hard,2022,3,616
Gijs Brouwer,Hard,2023,4,487
Gijs Brouwer,Hard,2024,1,158
Gilles Arnaud Bailly,Clay,2025,1,133
Gilles Arnaud Bailly,Hard,2022,1,238
Gilles Muller,Grass,2005,2,348
Gilles Muller,Grass,2015,1,127
Gilles Muller,Grass,2017,2,532
Gilles Muller,Hard,2005,2,284
Gilles Muller,Hard,2008,1,224
Gilles Muller,Hard,2012,1,170
Gilles Muller,Hard,2015,2,340
Gilles Muller,Hard,2016,2,253
Gilles Muller,Hard,2017,1,103
Gilles Simon,Clay,2011,1,221
Gilles Simon,Clay,2012,2,267
Gilles Simon,Clay,2014,1,241
Gilles Simon,Clay,2015,1,193
Gilles Simon,Clay,2017,3,510
Gilles Simon,Clay,2021,1,220
Gilles Simon,Clay,2022,3,637
Gilles Simon,Grass,2013,1,240
Gilles Simon,Grass,2015,2,270
Gilles Simon,Grass,2019,1,294
Gilles Simon,Grass,2022,1,154
Gilles Simon,Hard,2008,5,1131
Gilles Simon,Hard,2009,2,311
Gilles Simon,Hard,2011,2,449
Gilles Simon,Hard,2012,2,234
Gilles Simon,Hard,2014,1,126
Gilles Simon,Hard,2015,3,471
Gilles Simon,Hard,2016,5,825
Gilles Simon,Hard,2017,2,371
Gilles Simon,Hard,2018,3,460
Gilles Simon,Hard,2019,5,667
Gilles Simon,Hard,2020,2,198
Gilles Simon,Hard,2021,2,218
Gilles Simon,Hard,2022,6,923
Giorgio Galimberti,Clay,2002,1,151
Giovanni Lapentti,Clay,2015,1,119
Giovanni Mpetshi Perricard,Clay,2024,1,300
Giovanni Mpetshi Perricard,Clay,2025,2,387
Giovanni Mpetshi Perricard,Grass,2024,4,894
Giovanni Mpetshi Perricard,Grass,2025,2,454
Giovanni Mpetshi Perricard,Hard,2024,9,1430
Giovanni Mpetshi Perricard,Hard,2025,10,1546
Giovanni Mpetshi Perricard,Hard,2026,1,206
Giulio Zeppieri,Clay,2022,1,187
Giulio Zeppieri,Clay,2025,1,171
Giulio Zeppieri,Hard,2024,1,141
Goncalo Oliveira,Clay,2019,1,116
Goncalo Oliveira,Clay,2024,1,117
Goncalo Oliveira,Hard,2019,1,134
Goncalo Oliveira,Hard,2024,1,95
Gonzalo Escobar,Hard,2019,1,197
Gonzalo Lama,Clay,2014,1,117
Goran Ivanisevic,Clay,1990,3,557
Goran Ivanisevic,Clay,1993,1,155
Goran Ivanisevic,Clay,1995,1,135
Goran Ivanisevic,Clay,2001,1,306
Goran Ivanisevic,Grass,1990,1,257
Goran Ivanisevic,Grass,1992,1,235
Goran Ivanisevic,Grass,1994,3,605
Goran Ivanisevic,Grass,1995,2,501
Goran Ivanisevic,Grass,1998,3,991
Goran Ivanisevic,Grass,2001,3,877
Goran Ivanisevic,Hard,1990,2,505
Goran Ivanisevic,Hard,1991,5,924
Goran Ivanisevic,Hard,1992,4,878
Goran Ivanisevic,Hard,1993,7,1407
Goran Ivanisevic,Hard,1994,5,1047
Goran Ivanisevic,Hard,1995,2,451
Goran Ivanisevic,Hard,1996,7,1266
Goran Ivanisevic,Hard,1997,1,332
Goran Ivanisevic,Hard,1998,1,136
Goran Ivanisevic,Hard,2001,2,283
Goran Prpic,Clay,1992,1,230
Govind Nanda,Hard,2024,1,112
Greg Rusedski,Clay,1996,1,177
Greg Rusedski,Clay,2005,1,107
Greg Rusedski,Grass,1993,1,327
Greg Rusedski,Grass,1995,1,180
Greg Rusedski,Hard,1995,1,147
Greg Rusedski,Hard,1997,4,1018
Greg Rusedski,Hard,1998,3,634
Greg Rusedski,Hard,1999,2,387
Greg Rusedski,Hard,2000,1,109
Greg Rusedski,Hard,2001,2,383
Greg Rusedski,Hard,2002,1,325
Greg Rusedski,Hard,2003,1,111
Greg Rusedski,Hard,2004,1,178
Greg Rusedski,Hard,2005,1,103
Grega Zemlja,Hard,2016,1,82
Gregoire Barrere,Clay,2023,1,102
Gregoire Barrere,Clay,2024,2,332
Gregoire Barrere,Grass,2021,1,260
Gregoire Barrere,Grass,2023,1,122
Gregoire Barrere,Hard,2016,1,94
Gregoire Barrere,Hard,2021,1,175
Gregoire Barrere,Hard,2023,3,462
Gregoire Barrere,Hard,2024,2,289
Grigor Dimitrov,Clay,2013,1,161
Grigor Dimitrov,Clay,2014,2,233
Grigor Dimitrov,Clay,2015,3,382
Grigor Dimitrov,Clay,2016,1,98
Grigor Dimitrov,Clay,2017,1,223
Grigor Dimitrov,Clay,2018,7,1113
Grigor Dimitrov,Clay,2019,2,473
Grigor Dimitrov,Clay,2021,1,145
Grigor Dimitrov,Clay,2022,8,1153
Grigor Dimitrov,Clay,2023,1,175
Grigor Dimitrov,Clay,2024,3,681
Grigor Dimitrov,Grass,2014,6,1200
Grigor Dimitrov,Grass,2017,3,524
Grigor Dimitrov,Grass,2018,1,100
Grigor Dimitrov,Grass,2023,3,380
Grigor Dimitrov,Grass,2024,4,490
Grigor Dimitrov,Grass,2025,1,144
Grigor Dimitrov,Hard,2009,1,176
Grigor Dimitrov,Hard,2011,2,278
Grigor Dimitrov,Hard,2012,2,267
Grigor Dimitrov,Hard,2013,4,489
Grigor Dimitrov,Hard,2014,7,1255
Grigor Dimitrov,Hard,2015,5,902
Grigor Dimitrov,Hard,2016,5,927
Grigor Dimitrov,Hard,2017,10,1849
Grigor Dimitrov,Hard,2018,6,1301
Grigor Dimitrov,Hard,2019,9,1337
Grigor Dimitrov,Hard,2020,2,243
Grigor Dimitrov,Hard,2021,8,1187
Grigor Dimitrov,Hard,2022,15,2101
Grigor Dimitrov,Hard,2023,22,3795
Grigor Dimitrov,Hard,2024,19,2699
Grigor Dimitrov,Hard,2025,7,983
Grigor Dimitrov,Hard,2026,1,97
Guido Andreozzi,Clay,2019,1,133
Guido Andreozzi,Hard,2019,1,165
Guido Pella,Clay,2014,1,126
Guido Pella,Clay,2016,2,238
Guido Pella,Clay,2018,2,316
Guido Pella,Clay,2019,7,1155
Guido Pella,Grass,2018,1,113
Guido Pella,Grass,2019,2,488
Guido Pella,Hard,2017,1,100
Guido Pella,Hard,2019,1,194
Guido Pella,Hard,2020,1,182
Guido Pella,Hard,2021,1,96
Guillermo Canas,Clay,2001,1,191
Guillermo Canas,Clay,2002,1,135
Guillermo Canas,Hard,2001,1,179
Guillermo Canas,Hard,2002,1,111
Guillermo Canas,Hard,2004,2,289
Guillermo Canas,Hard,2005,1,108
Guillermo Canas,Hard,2007,1,165
Guillermo Coria,Clay,2003,3,576
Guillermo Coria,Clay,2004,3,641
Guillermo Coria,Clay,2005,6,1240
Guillermo Coria,Grass,2005,1,257
Guillermo Coria,Hard,2002,1,262
Guillermo Coria,Hard,2003,1,200
Guillermo Coria,Hard,2004,3,465
Guillermo Coria,Hard,2005,1,134
Guillermo Garcia Lopez,Clay,2015,4,641
Guillermo Garcia Lopez,Clay,2018,1,245
Guillermo Garcia Lopez,Clay,2019,1,108
Guillermo Garcia Lopez,Hard,2015,2,331
Guillermo Garcia Lopez,Hard,2019,2,318
Guillermo Vilas,Clay,1977,1,241
Guillermo Vilas,Clay,1978,1,133
Guillermo Vilas,Clay,1982,1,187
Guillermo Vilas,Grass,1977,1,170
Guillermo Vilas,Grass,1979,1,261
Guillermo Vilas,Grass,1986,1,172
Gustavo Kuerten,Clay,1997,4,1049
Gustavo Kuerten,Clay,1998,1,290
Gustavo Kuerten,Clay,1999,2,283
Gustavo Kuerten,Clay,2000,7,1455
Gustavo Kuerten,Clay,2001,7,1433
Gustavo Kuerten,Clay,2002,4,671
Gustavo Kuerten,Clay,2003,1,293
Gustavo Kuerten,Clay,2004,2,440
Gustavo Kuerten,Grass,1999,1,177
Gustavo Kuerten,Grass,2000,1,137
Gustavo Kuerten,Hard,1997,1,177
Gustavo Kuerten,Hard,1999,4,990
Gustavo Kuerten,Hard,2000,8,1575
Gustavo Kuerten,Hard,2001,8,1735
Gustavo Kuerten,Hard,2002,3,654
Gustavo Kuerten,Hard,2003,1,90
Gustavo Kuerten,Hard,2007,1,117
Guy Den Ouden,Clay,2024,1,96
Guy Den Ouden,Clay,2025,4,510
Guy Den Ouden,Hard,2026,3,475
Guy Forget,Grass,1992,1,181
Guy Forget,Grass,1994,1,217
Guy Forget,Grass,1995,2,316
Guy Forget,Grass,1996,1,262
Guy Forget,Hard,1991,8,1508
Guy Forget,Hard,1992,3,629
Guy Forget,Hard,1994,1,279
Guy Forget,Hard,1996,1,139
Hady Habib,Hard,2025,1,164
Hamad Medjedovic,Clay,2023,1,168
Hamad Medjedovic,Grass,2024,1,132
Hamad Medjedovic,Hard,2025,6,1159
Hamad Medjedovic,Hard,2026,2,369
Harel Levy,Hard,2000,2,270
Harold Mayot,Hard,2020,1,100
Harold Mayot,Hard,2026,1,110
Harold Solomon,Clay,1980,1,155
Harry Wendelken,Hard,2025,2,380
Hendrik Dreekmann,Grass,1997,1,225
Hendrik Dreekmann,Hard,1995,1,210
Hendrik Dreekmann,Hard,1996,1,150
Henri Laaksonen,Clay,2018,1,96
Henri Laaksonen,Hard,2019,1,270
Henri Laaksonen,Hard,2022,1,182
Henri Leconte,Clay,1984,1,157
Henri Leconte,Clay,1985,1,165
Henri Leconte,Clay,1986,1,241
Henri Leconte,Clay,1988,4,962
Henri Leconte,Clay,1990,2,555
Henri Leconte,Clay,1992,1,213
Henri Leconte,Clay,1996,1,139
Henri Leconte,Grass,1985,2,580
Henri Leconte,Grass,1986,1,233
Henri Leconte,Hard,1986,1,188
Henri Squire,Clay,2024,1,306
Henrik Holm,Clay,1994,1,379
Henrik Sundstrom,Clay,1985,1,191
Henrique Rocha,Clay,2024,2,228
Henry Searle,Grass,2025,1,244
Hernan Casanova,Clay,2022,1,119
Hicham Arazi,Clay,1997,1,146
Hicham Arazi,Hard,2000,1,159
Hiroki Moriya,Hard,2014,1,119
Ho Gi Kang,Hard,2016,1,83
Holger Rune,Clay,2019,1,113
Holger Rune,Clay,2022,2,167
Holger Rune,Clay,2023,8,1585
Holger Rune,Clay,2024,7,1416
Holger Rune,Clay,2025,5,986
Holger Rune,Grass,2023,3,508
Holger Rune,Grass,2024,1,160
Holger Rune,Grass,2025,1,289
Holger Rune,Hard,2022,6,877
Holger Rune,Hard,2023,13,2200
Holger Rune,Hard,2024,10,1526
Holger Rune,Hard,2025,9,1489
Horacio Zeballos,Clay,2014,2,268
Horacio Zeballos,Clay,2017,1,117
Horacio Zeballos,Clay,2018,1,90
Horacio Zeballos,Hard,2017,1,104
Hubert Hurkacz,Clay,2019,5,769
Hubert Hurkacz,Clay,2020,1,171
Hubert Hurkacz,Clay,2021,4,692
Hubert Hurkacz,Clay,2022,13,2182
Hubert Hurkacz,Clay,2023,10,2332
Hubert Hurkacz,Clay,2024,17,2870
Hubert Hurkacz,Clay,2025,11,1611
Hubert Hurkacz,Clay,2026,4,627
Hubert Hurkacz,Grass,2019,3,566
Hubert Hurkacz,Grass,2021,6,1137
Hubert Hurkacz,Grass,2022,5,1039
Hubert Hurkacz,Grass,2023,9,1728
Hubert Hurkacz,Grass,2024,7,1254
Hubert Hurkacz,Grass,2025,1,142
Hubert Hurkacz,Hard,2018,7,1009
Hubert Hurkacz,Hard,2019,24,3352
Hubert Hurkacz,Hard,2020,12,1973
Hubert Hurkacz,Hard,2021,34,5282
Hubert Hurkacz,Hard,2022,38,6111
Hubert Hurkacz,Hard,2023,50,8849
Hubert Hurkacz,Hard,2024,33,5961
Hubert Hurkacz,Hard,2025,13,1971
Hubert Hurkacz,Hard,2026,12,1987
Hugo Dellien,Clay,2019,4,650
Hugo Dellien,Clay,2022,2,368
Hugo Dellien,Clay,2023,1,197
Hugo Dellien,Hard,2019,1,257
Hugo Dellien,Hard,2021,1,92
Hugo Gaston,Clay,2021,1,193
Hugo Gaston,Clay,2022,1,170
Hugo Gaston,Clay,2025,1,269
Hugo Gaston,Grass,2022,1,135
Hugo Gaston,Hard,2021,3,444
Hugo Gaston,Hard,2022,1,175
Hugo Gaston,Hard,2024,1,118
Hugo Gaston,Hard,2025,2,224
Hugo Gaston,Hard,2026,1,92
Hugo Grenier,Hard,2021,1,157
Hugo Grenier,Hard,2024,2,195
Hunter Reese,Hard,2015,1,82
Hyeon Chung,Clay,2017,1,128
Hyeon Chung,Hard,2015,1,64
Hyeon Chung,Hard,2016,1,96
Hyeon Chung,Hard,2017,1,138
Hyeon Chung,Hard,2018,6,895
Hyeon Chung,Hard,2019,2,333
Hyung Taik Lee,Hard,2006,1,115
Ignacio Buse,Clay,2025,1,108
Ignacio Buse,Hard,2025,1,199
Igor Andreev,Clay,2004,1,204
Igor Andreev,Clay,2005,1,139
Igor Andreev,Hard,2005,1,206
Igor Andreev,Hard,2006,1,187
Igor Andreev,Hard,2008,2,415
Igor Andreev,Hard,2010,1,237
Igor Sijsling,Hard,2015,1,101
Igor Sijsling,Hard,2016,2,163
Ilie Nastase,Clay,1973,1,135
Ilie Nastase,Clay,1978,1,134
Ilie Nastase,Grass,1972,1,263
Illya Marchenko,Clay,2021,1,95
Illya Marchenko,Hard,2011,1,153
Illya Marchenko,Hard,2016,2,219
Ilya Ivashka,Hard,2018,1,131
Ilya Ivashka,Hard,2019,2,346
Ilya Ivashka,Hard,2022,3,836
Ilya Ivashka,Hard,2023,3,388
Inaki Montes De La Torre,Clay,2024,1,109
Inigo Cervantes Huegun,Clay,2015,1,123
Inigo Cervantes Huegun,Clay,2016,1,139
Inigo Cervantes Huegun,Hard,2016,1,87
Irakli Labadze,Grass,1998,1,117
Irakli Labadze,Hard,2004,1,152
Ivan Dodig,Clay,2014,1,105
Ivan Dodig,Grass,2015,1,96
Ivan Dodig,Hard,2012,1,146
Ivan Dodig,Hard,2015,1,200
Ivan Gakhov,Clay,2019,1,190
Ivan Ivanov,Grass,2025,1,96
Ivan Lendl,Clay,1979,1,191
Ivan Lendl,Clay,1981,2,558
Ivan Lendl,Clay,1982,3,678
Ivan Lendl,Clay,1984,5,886
Ivan Lendl,Clay,1985,6,1043
Ivan Lendl,Clay,1986,3,495
Ivan Lendl,Clay,1987,5,1025
Ivan Lendl,Clay,1988,1,273
Ivan Lendl,Clay,1993,1,121
Ivan Lendl,Grass,1983,2,376
Ivan Lendl,Grass,1984,1,270
Ivan Lendl,Grass,1985,1,392
Ivan Lendl,Grass,1986,2,464
Ivan Lendl,Grass,1987,3,779
Ivan Lendl,Grass,1988,1,317
Ivan Lendl,Grass,1989,1,348
Ivan Lendl,Grass,1990,3,397
Ivan Lendl,Hard,1981,1,164
Ivan Lendl,Hard,1982,3,808
Ivan Lendl,Hard,1983,3,639
Ivan Lendl,Hard,1984,4,736
Ivan Lendl,Hard,1985,8,1411
Ivan Lendl,Hard,1986,7,1212
Ivan Lendl,Hard,1987,6,1289
Ivan Lendl,Hard,1988,7,1602
Ivan Lendl,Hard,1989,12,2294
Ivan Lendl,Hard,1990,8,1326
Ivan Lendl,Hard,1991,15,2790
Ivan Lendl,Hard,1992,8,1713
Ivan Lendl,Hard,1993,2,247
Ivan Lendl,Hard,1994,2,318
Ivan Ljubicic,Hard,2003,1,287
Ivan Ljubicic,Hard,2004,1,113
Ivan Ljubicic,Hard,2005,9,1712
Ivan Ljubicic,Hard,2006,3,664
Ivan Ljubicic,Hard,2011,1,190
Ivo Heuberger,Hard,2004,1,93
Ivo Karlovic,Clay,2012,1,170
Ivo Karlovic,Clay,2016,1,143
Ivo Karlovic,Clay,2018,2,270
Ivo Karlovic,Grass,2003,1,242
Ivo Karlovic,Grass,2004,1,194
Ivo Karlovic,Grass,2005,1,119
Ivo Karlovic,Grass,2009,1,167
Ivo Karlovic,Grass,2014,1,110
Ivo Karlovic,Grass,2015,2,425
Ivo Karlovic,Grass,2017,1,143
Ivo Karlovic,Grass,2018,1,231
Ivo Karlovic,Grass,2019,3,670
Ivo Karlovic,Hard,2007,1,232
Ivo Karlovic,Hard,2008,1,124
Ivo Karlovic,Hard,2010,1,116
Ivo Karlovic,Hard,2011,1,117
Ivo Karlovic,Hard,2012,2,415
Ivo Karlovic,Hard,2013,1,126
Ivo Karlovic,Hard,2014,2,348
Ivo Karlovic,Hard,2015,5,733
Ivo Karlovic,Hard,2016,4,740
Ivo Karlovic,Hard,2017,1,213
Ivo Karlovic,Hard,2018,2,213
Ivo Karlovic,Hard,2019,4,578
Ivo Karlovic,Hard,2020,2,456
Ivo Karlovic,Hard,2021,2,293
Ivo Minar,Grass,2005,1,165
Izak Van Der Merwe,Hard,2014,1,96
J J Wolf,Clay,2022,1,104
J J Wolf,Clay,2023,1,109
J J Wolf,Clay,2024,1,133
J J Wolf,Hard,2022,4,639
J J Wolf,Hard,2023,1,76
Jack Brasington,Hard,2001,1,233
Jack Draper,Clay,2023,1,214
Jack Draper,Clay,2024,3,608
Jack Draper,Clay,2025,5,858
Jack Draper,Grass,2022,1,220
Jack Draper,Grass,2024,2,207
Jack Draper,Hard,2022,3,389
Jack Draper,Hard,2023,2,424
Jack Draper,Hard,2024,5,735
Jack Draper,Hard,2025,5,661
Jack Draper,Hard,2026,2,305
Jack Sock,Clay,2015,1,193
Jack Sock,Clay,2016,1,130
Jack Sock,Clay,2020,1,187
Jack Sock,Hard,2014,2,292
Jack Sock,Hard,2015,3,312
Jack Sock,Hard,2016,2,192
Jack Sock,Hard,2017,6,961
Jack Sock,Hard,2018,1,193
Jack Sock,Hard,2019,1,129
Jack Sock,Hard,2022,1,139
Jacob Fearnley,Clay,2025,1,164
Jacob Fearnley,Grass,2024,1,236
Jacob Fearnley,Hard,2025,1,214
Jaime Faria,Clay,2026,2,291
Jaime Faria,Hard,2025,1,180
Jaime Yzaga,Hard,1991,1,144
Jaime Yzaga,Hard,1993,1,274
Jaime Yzaga,Hard,1994,1,327
Jakob Hlasek,Clay,1995,1,272
Jakob Hlasek,Clay,1996,1,105
Jakob Hlasek,Hard,1988,1,207
Jakob Hlasek,Hard,1994,1,93
Jakub Mensik,Clay,2024,2,211
Jakub Mensik,Clay,2025,3,445
Jakub Mensik,Hard,2022,1,283
Jakub Mensik,Hard,2023,2,343
Jakub Mensik,Hard,2024,9,1749
Jakub Mensik,Hard,2025,8,1347
Jakub Mensik,Hard,2026,6,1009
James Blake,Clay,2006,1,267
James Blake,Grass,2002,1,172
James Blake,Grass,2006,2,532
James Blake,Hard,2002,4,678
James Blake,Hard,2003,1,229
James Blake,Hard,2005,4,926
James Blake,Hard,2006,9,1621
James Blake,Hard,2007,5,1055
James Blake,Hard,2008,5,917
James Blake,Hard,2010,1,171
James Blake,Hard,2011,1,100
James Duckworth,Grass,2024,1,135
James Duckworth,Hard,2014,1,170
James Duckworth,Hard,2015,1,85
James Duckworth,Hard,2020,1,143
James Duckworth,Hard,2021,1,195
James Duckworth,Hard,2022,1,105
James Duckworth,Hard,2024,1,133
James Duckworth,Hard,2025,2,310
James Duckworth,Hard,2026,1,156
James Mccabe,Hard,2024,1,231
James Trotter,Hard,2024,1,111
James Ward,Grass,2014,1,113
James Ward,Grass,2016,1,192
James Ward,Hard,2013,1,99
Jamie Morgan,Grass,1993,1,207
Jan Choinski,Clay,2024,1,148
Jan Choinski,Grass,2023,1,210
Jan Choinski,Hard,2025,1,180
Jan Gunnarsson,Hard,1989,1,180
Jan Hernych,Grass,2013,1,122
Jan Kodes,Grass,1971,1,207
Jan Kodes,Grass,1973,1,220
Jan Kroslak,Hard,1998,1,190
Jan Kroslak,Hard,2000,1,211
Jan Kumstat,Hard,2024,1,219
Jan Lennard Struff,Clay,2014,1,129
Jan Lennard Struff,Clay,2019,2,320
Jan Lennard Struff,Clay,2023,4,556
Jan Lennard Struff,Clay,2024,4,530
Jan Lennard Struff,Grass,2015,1,138
Jan Lennard Struff,Grass,2018,1,174
Jan Lennard Struff,Grass,2023,4,613
Jan Lennard Struff,Grass,2024,3,361
Jan Lennard Struff,Hard,2017,1,123
Jan Lennard Struff,Hard,2018,1,199
Jan Lennard Struff,Hard,2019,3,337
Jan Lennard Struff,Hard,2020,2,258
Jan Lennard Struff,Hard,2021,4,680
Jan Lennard Struff,Hard,2022,2,216
Jan Lennard Struff,Hard,2023,4,645
Jan Lennard Struff,Hard,2024,8,1402
Jan Lennard Struff,Hard,2025,2,270
Jan Michael Gambill,Hard,1998,1,131
Jan Michael Gambill,Hard,2001,1,153
Jan Siemerink,Clay,1995,1,195
Jan Siemerink,Grass,1998,1,268
Jan Siemerink,Hard,1996,2,367
Janko Tipsarevic,Clay,2012,2,294
Janko Tipsarevic,Clay,2017,3,464
Janko Tipsarevic,Clay,2019,1,282
Janko Tipsarevic,Grass,2007,1,309
Janko Tipsarevic,Grass,2012,1,209
Janko Tipsarevic,Hard,2008,1,375
Janko Tipsarevic,Hard,2009,1,194
Janko Tipsarevic,Hard,2011,4,582
Janko Tipsarevic,Hard,2012,5,746
Janko Tipsarevic,Hard,2013,1,145
Janko Tipsarevic,Hard,2016,2,376
Janko Tipsarevic,Hard,2017,2,235
Janko Tipsarevic,Hard,2019,5,840
Jannik Sinner,Clay,2013,1,123
Jannik Sinner,Clay,2019,7,1054
Jannik Sinner,Clay,2020,3,600
Jannik Sinner,Clay,2021,5,926
Jannik Sinner,Clay,2022,14,2245
Jannik Sinner,Clay,2023,9,1530
Jannik Sinner,Clay,2024,13,2171
Jannik Sinner,Clay,2025,11,1921
Jannik Sinner,Clay,2026,6,711
Jannik Sinner,Grass,2021,1,271
Jannik Sinner,Grass,2022,6,1381
Jannik Sinner,Grass,2023,11,1873
Jannik Sinner,Grass,2024,7,1486
Jannik Sinner,Grass,2025,8,1367
Jannik Sinner,Hard,2019,10,1420
Jannik Sinner,Hard,2020,7,1230
Jannik Sinner,Hard,2021,22,3388
Jannik Sinner,Hard,2022,18,3209
Jannik Sinner,Hard,2023,38,5941
Jannik Sinner,Hard,2024,49,7409
Jannik Sinner,Hard,2025,36,5169
Jannik Sinner,Hard,2026,15,2314
Jared Donaldson,Clay,2017,1,109
Jared Donaldson,Clay,2018,1,112
Jared Donaldson,Hard,2014,3,448
Jared Donaldson,Hard,2015,3,332
Jared Donaldson,Hard,2019,1,94
Jared Palmer,Grass,1994,1,221
Jared Palmer,Grass,1995,1,207
Jarkko Nieminen,Clay,2003,1,96
Jarkko Nieminen,Clay,2014,1,103
Jarkko Nieminen,Grass,2012,1,103
Jarkko Nieminen,Hard,2003,1,108
Jarkko Nieminen,Hard,2005,2,352
Jarkko Nieminen,Hard,2007,1,106
Jarkko Nieminen,Hard,2008,1,183
Jarkko Nieminen,Hard,2011,1,139
Jarkko Nieminen,Hard,2013,1,79
Jarkko Nieminen,Hard,2014,1,118
Jarmere Jenkins,Hard,2014,1,259
Jason Jung,Clay,2020,1,173
Jason Kubler,Clay,2014,1,126
Jason Kubler,Clay,2022,1,246
Jason Kubler,Hard,2019,1,261
Jason Kubler,Hard,2023,1,240
Jason Kubler,Hard,2024,2,469
Jason Stoltenberg,Grass,1996,1,178
Jason Stoltenberg,Hard,1994,2,249
Jason Stoltenberg,Hard,1998,1,166
Jaume Munar,Clay,2018,1,193
Jaume Munar,Clay,2019,7,1089
Jaume Munar,Clay,2021,2,322
Jaume Munar,Clay,2022,2,329
Jaume Munar,Clay,2023,1,101
Jaume Munar,Clay,2024,1,151
Jaume Munar,Clay,2025,3,549
Jaume Munar,Grass,2025,1,256
Jaume Munar,Hard,2018,1,178
Jaume Munar,Hard,2019,1,153
Jaume Munar,Hard,2022,3,687
Jaume Munar,Hard,2023,1,206
Jaume Munar,Hard,2024,1,126
Jaume Munar,Hard,2025,8,1321
Jaume Munar,Hard,2026,4,622
Javier Barranco Cosano,Clay,2021,1,159
Javier Sanchez,Hard,1991,1,169
Jay Clarke,Grass,2019,1,159
Jean Rene Lisnard,Hard,2003,1,137
Jean Yves Aubone,Hard,2014,1,118
Jeff Tarango,Hard,1992,1,150
Jeff Tarango,Hard,1998,1,191
Jelle Sels,Clay,2018,1,105
Jelle Sels,Clay,2021,2,262
Jelle Sels,Clay,2022,1,173
Jelle Sels,Clay,2024,1,96
Jelle Sels,Hard,2019,1,243
Jelle Sels,Hard,2022,1,111
Jelle Sels,Hard,2025,1,99
Jenson Brooksby,Clay,2022,1,128
Jenson Brooksby,Clay,2025,2,333
Jenson Brooksby,Grass,2021,2,241
Jenson Brooksby,Grass,2025,1,272
Jenson Brooksby,Hard,2021,7,1260
Jenson Brooksby,Hard,2022,11,1685
Jenson Brooksby,Hard,2023,1,276
Jenson Brooksby,Hard,2025,3,465
Jenson Brooksby,Hard,2026,2,279
Jeremy Chardy,Clay,2014,1,193
Jeremy Chardy,Clay,2015,2,321
Jeremy Chardy,Clay,2018,1,181
Jeremy Chardy,Grass,2014,1,110
Jeremy Chardy,Grass,2023,1,167
Jeremy Chardy,Hard,2013,1,151
Jeremy Chardy,Hard,2015,2,302
Jeremy Chardy,Hard,2016,2,224
Jeremy Chardy,Hard,2018,1,127
Jeremy Chardy,Hard,2019,6,1164
Jeremy Chardy,Hard,2020,1,216
Jeremy Chardy,Hard,2021,1,100
Jeremy Jahn,Clay,2017,1,156
Jeremy Jahn,Clay,2019,1,145
Jerome Golmard,Clay,2000,1,109
Jerome Kym,Hard,2024,1,202
Jerome Potier,Clay,1989,1,124
Jerzy Janowicz,Grass,2013,1,243
Jerzy Janowicz,Grass,2015,1,214
Jerzy Janowicz,Hard,2012,2,245
Jerzy Janowicz,Hard,2013,1,96
Jerzy Janowicz,Hard,2015,2,226
Jerzy Janowicz,Hard,2016,1,231
Jerzy Janowicz,Hard,2020,1,105
Jesper De Jong,Clay,2021,2,193
Jesper De Jong,Clay,2023,2,317
Jesper De Jong,Clay,2024,5,991
Jesper De Jong,Clay,2025,6,873
Jesper De Jong,Clay,2026,1,141
Jesper De Jong,Grass,2025,1,373
Jesper De Jong,Hard,2023,1,133
Jesper De Jong,Hard,2024,5,912
Jesper De Jong,Hard,2025,8,1332
Jesper De Jong,Hard,2026,3,539
Jim Courier,Clay,1990,1,250
Jim Courier,Clay,1991,3,758
Jim Courier,Clay,1992,2,343
Jim Courier,Clay,1993,4,848
Jim Courier,Clay,1996,1,305
Jim Courier,Grass,1991,1,190
Jim Courier,Grass,1993,1,242
Jim Courier,Grass,1999,1,391
Jim Courier,Hard,1989,1,286
Jim Courier,Hard,1990,1,110
Jim Courier,Hard,1991,9,1694
Jim Courier,Hard,1992,8,1812
Jim Courier,Hard,1993,4,679
Jim Courier,Hard,1994,1,163
Jim Courier,Hard,1995,3,768
Jim Courier,Hard,1996,2,396
Jim Courier,Hard,1999,1,99
Jimmy Arias,Clay,1984,1,189
Jimmy Arias,Hard,1983,1,193
Jimmy Connors,Clay,1975,1,170
Jimmy Connors,Clay,1977,1,241
Jimmy Connors,Clay,1984,1,174
Jimmy Connors,Clay,1985,1,114
Jimmy Connors,Clay,1987,1,198
Jimmy Connors,Grass,1974,2,294
Jimmy Connors,Grass,1975,1,275
Jimmy Connors,Grass,1980,1,265
Jimmy Connors,Grass,1981,1,280
Jimmy Connors,Grass,1982,2,468
Jimmy Connors,Grass,1984,2,392
Jimmy Connors,Grass,1985,1,146
Jimmy Connors,Grass,1987,2,417
Jimmy Connors,Hard,1978,1,170
Jimmy Connors,Hard,1980,2,450
Jimmy Connors,Hard,1981,1,198
Jimmy Connors,Hard,1982,1,247
Jimmy Connors,Hard,1983,2,452
Jimmy Connors,Hard,1984,1,319
Jimmy Connors,Hard,1987,2,498
Jimmy Connors,Hard,1988,1,142
Jimmy Connors,Hard,1989,1,150
Jimmy Connors,Hard,1991,4,1086
Jimmy Wang,Hard,2006,1,168
Jimmy Wang,Hard,2014,1,133
Jiri Hrebec,Hard,1975,1,134
Jiri Lehecka,Clay,2021,1,132
Jiri Lehecka,Clay,2022,1,143
Jiri Lehecka,Clay,2023,5,580
Jiri Lehecka,Clay,2024,1,34
Jiri Lehecka,Clay,2025,3,450
Jiri Lehecka,Clay,2026,1,105
Jiri Lehecka,Grass,2022,1,137
Jiri Lehecka,Grass,2023,3,418
Jiri Lehecka,Grass,2025,3,312
Jiri Lehecka,Hard,2019,1,182
Jiri Lehecka,Hard,2021,1,123
Jiri Lehecka,Hard,2022,1,133
Jiri Lehecka,Hard,2023,12,1944
Jiri Lehecka,Hard,2024,15,2129
Jiri Lehecka,Hard,2025,10,1232
Jiri Lehecka,Hard,2026,1,132
Jiri Novak,Clay,2003,1,290
Jiri Novak,Grass,2004,1,97
Jiri Novak,Hard,1996,1,82
Jiri Novak,Hard,2000,1,177
Jiri Novak,Hard,2002,6,987
Jiri Novak,Hard,2003,2,304
Jiri Novak,Hard,2004,1,265
Jiri Vanek,Grass,2000,1,167
Jiri Vanek,Hard,2002,1,221
Jiri Vesely,Clay,2015,2,311
Jiri Vesely,Clay,2016,1,168
Jiri Vesely,Grass,2019,1,231
Jiri Vesely,Grass,2022,1,357
Jiri Vesely,Grass,2023,1,260
Jiri Vesely,Hard,2015,1,82
Jiri Vesely,Hard,2019,1,155
Jiri Vesely,Hard,2022,1,116
Jo Wilfried Tsonga,Clay,2009,1,213
Jo Wilfried Tsonga,Clay,2011,2,272
Jo Wilfried Tsonga,Clay,2012,2,435
Jo Wilfried Tsonga,Clay,2013,2,315
Jo Wilfried Tsonga,Clay,2015,2,245
Jo Wilfried Tsonga,Clay,2016,2,297
Jo Wilfried Tsonga,Clay,2017,2,328
Jo Wilfried Tsonga,Clay,2018,1,177
Jo Wilfried Tsonga,Clay,2019,1,161
Jo Wilfried Tsonga,Clay,2022,2,387
Jo Wilfried Tsonga,Grass,2007,1,166
Jo Wilfried Tsonga,Grass,2011,3,709
Jo Wilfried Tsonga,Grass,2012,3,568
Jo Wilfried Tsonga,Grass,2019,2,341
Jo Wilfried Tsonga,Hard,2008,8,1517
Jo Wilfried Tsonga,Hard,2009,4,760
Jo Wilfried Tsonga,Hard,2010,2,452
Jo Wilfried Tsonga,Hard,2011,9,1493
Jo Wilfried Tsonga,Hard,2012,8,1124
Jo Wilfried Tsonga,Hard,2013,2,512
Jo Wilfried Tsonga,Hard,2014,3,391
Jo Wilfried Tsonga,Hard,2015,7,960
Jo Wilfried Tsonga,Hard,2016,2,298
Jo Wilfried Tsonga,Hard,2017,4,582
Jo Wilfried Tsonga,Hard,2018,1,313
Jo Wilfried Tsonga,Hard,2019,5,648
Jo Wilfried Tsonga,Hard,2022,1,130
Joachim Johansson,Hard,2004,2,467
Joakim Nystrom,Grass,1985,1,334
Joao Fonseca,Clay,2024,6,784
Joao Fonseca,Clay,2025,10,1579
Joao Fonseca,Clay,2026,7,1045
Joao Fonseca,Grass,2025,3,660
Joao Fonseca,Hard,2024,9,1192
Joao Fonseca,Hard,2025,14,2317
Joao Fonseca,Hard,2026,4,562
Joao Menezes,Hard,2021,1,265
Joao Sousa,Clay,2014,1,104
Joao Sousa,Clay,2015,1,87
Joao Sousa,Clay,2016,2,287
Joao Sousa,Clay,2017,1,118
Joao Sousa,Clay,2018,1,181
Joao Sousa,Clay,2019,1,86
Joao Sousa,Clay,2024,1,155
Joao Sousa,Grass,2019,2,268
Joao Sousa,Hard,2015,2,326
Joao Sousa,Hard,2016,1,143
Joao Sousa,Hard,2017,1,173
Joao Sousa,Hard,2019,3,559
Joao Sousa,Hard,2022,1,76
Joao Souza,Hard,2014,1,124
Johan Kriek,Clay,1986,1,125
Johan Kriek,Grass,1982,1,170
Johan Kriek,Hard,1980,1,232
Johan Sebastien Tatlot,Clay,2019,1,109
Johannes Haerteis,Hard,2019,1,206
John Isner,Clay,2010,1,118
John Isner,Clay,2011,1,299
John Isner,Clay,2015,4,645
John Isner,Clay,2016,1,130
John Isner,Clay,2018,1,178
John Isner,Clay,2020,1,151
John Isner,Clay,2021,3,522
John Isner,Clay,2022,2,298
John Isner,Clay,2023,1,120
John Isner,Grass,2010,1,980
John Isner,Grass,2012,1,141
John Isner,Grass,2018,2,822
John Isner,Grass,2019,1,130
John Isner,Grass,2022,3,597
John Isner,Hard,2009,1,317
John Isner,Hard,2010,1,177
John Isner,Hard,2011,1,237
John Isner,Hard,2012,2,258
John Isner,Hard,2013,5,1035
John Isner,Hard,2014,2,262
John Isner,Hard,2015,6,949
John Isner,Hard,2016,3,452
John Isner,Hard,2017,7,1316
John Isner,Hard,2018,6,1075
John Isner,Hard,2019,12,1719
John Isner,Hard,2021,7,758
John Isner,Hard,2022,8,1221
John Isner,Hard,2023,3,765
John Marks,Grass,1979,1,261
John Mcenroe,Clay,1978,1,134
John Mcenroe,Clay,1984,5,902
John Mcenroe,Clay,1985,1,233
John Mcenroe,Clay,1987,2,261
John Mcenroe,Clay,1991,1,272
John Mcenroe,Grass,1980,2,641
John Mcenroe,Grass,1981,2,541
John Mcenroe,Grass,1982,1,334
John Mcenroe,Grass,1983,3,491
John Mcenroe,Grass,1984,2,326
John Mcenroe,Grass,1985,2,502
John Mcenroe,Grass,1989,1,249
John Mcenroe,Grass,1990,2,319
John Mcenroe,Grass,1991,1,178
John Mcenroe,Grass,1992,3,652
John Mcenroe,Hard,1979,1,212
John Mcenroe,Hard,1980,3,782
John Mcenroe,Hard,1981,2,512
John Mcenroe,Hard,1982,1,209
John Mcenroe,Hard,1983,1,175
John Mcenroe,Hard,1984,4,728
John Mcenroe,Hard,1985,6,1143
John Mcenroe,Hard,1986,1,210
John Mcenroe,Hard,1987,2,773
John Mcenroe,Hard,1988,2,478
John Mcenroe,Hard,1989,4,715
John Mcenroe,Hard,1990,5,1298
John Mcenroe,Hard,1991,3,562
John Mcenroe,Hard,1992,2,377
John Millman,Clay,2018,1,222
John Millman,Clay,2021,2,306
John Millman,Hard,2014,1,103
John Millman,Hard,2018,1,317
John Millman,Hard,2019,3,437
John Millman,Hard,2020,2,534
John Millman,Hard,2021,3,315
John Millman,Hard,2022,2,593
John Millman,Hard,2023,2,520
John Millman,Hard,2024,2,237
John Newcombe,Grass,1969,1,260
John Newcombe,Grass,1970,1,301
John Newcombe,Grass,1971,1,298
John Newcombe,Grass,1973,1,220
John Newcombe,Grass,1975,1,275
Jonas Bjorkman,Clay,2004,1,132
Jonas Bjorkman,Grass,2000,1,166
Jonas Bjorkman,Grass,2006,2,477
Jonas Bjorkman,Hard,1997,6,1069
Jonas Bjorkman,Hard,1998,2,314
Jonas Bjorkman,Hard,2003,1,143
Jonas Svensson,Clay,1987,1,111
Jonas Svensson,Clay,1988,1,189
Jonas Svensson,Clay,1990,2,509
Jonas Svensson,Hard,1987,1,262
Jonas Svensson,Hard,1989,1,177
Jonas Svensson,Hard,1990,2,342
Jonas Svensson,Hard,1991,2,384
Jordan Thompson,Clay,2019,1,161
Jordan Thompson,Clay,2024,1,95
Jordan Thompson,Clay,2025,1,160
Jordan Thompson,Grass,2021,1,154
Jordan Thompson,Grass,2023,2,493
Jordan Thompson,Grass,2024,1,176
Jordan Thompson,Grass,2025,1,52
Jordan Thompson,Hard,2016,2,190
Jordan Thompson,Hard,2018,1,122
Jordan Thompson,Hard,2019,5,738
Jordan Thompson,Hard,2021,2,431
Jordan Thompson,Hard,2022,2,520
Jordan Thompson,Hard,2023,2,302
Jordan Thompson,Hard,2024,7,1009
Jordi Arrese,Clay,1991,1,103
Jordi Arrese,Clay,1992,1,352
Joris De Loore,Hard,2023,1,138
Jose Acasuso,Hard,2006,1,229
Jose Hernandez,Hard,2019,1,96
Jose Higueras,Clay,1983,1,271
Jose Luis Clerc,Clay,1981,1,344
Jose Rubin Statham,Hard,2014,1,119
Joshua Sheehy,Hard,2024,1,106
Jozef Kovalik,Clay,2022,1,173
Jozef Kovalik,Clay,2024,1,88
Jozef Kovalik,Grass,2019,1,135
Jozef Kovalik,Hard,2018,1,110
Jozef Kovalik,Hard,2023,1,112
Juan Aguilera,Clay,1990,1,178
Juan Antonio Marin,Clay,1999,1,401
Juan Bautista Torres,Clay,2025,1,303
Juan Carlos Ferrero,Clay,2000,1,332
Juan Carlos Ferrero,Clay,2002,1,212
Juan Carlos Ferrero,Clay,2003,2,255
Juan Carlos Ferrero,Clay,2005,2,405
Juan Carlos Ferrero,Clay,2007,1,114
Juan Carlos Ferrero,Clay,2008,1,120
Juan Carlos Ferrero,Clay,2009,1,137
Juan Carlos Ferrero,Grass,2003,1,313
Juan Carlos Ferrero,Hard,2000,3,494
Juan Carlos Ferrero,Hard,2001,1,119
Juan Carlos Ferrero,Hard,2002,5,924
Juan Carlos Ferrero,Hard,2003,7,1271
Juan Carlos Ferrero,Hard,2004,2,380
Juan Carlos Ferrero,Hard,2006,1,144
Juan Carlos Ferrero,Hard,2007,1,148
Juan Carlos Prado Angelo,Clay,2024,2,351
Juan Carlos Prado Angelo,Clay,2025,3,614
Juan Carlos Prado Angelo,Hard,2024,1,132
Juan Carlos Prado Angelo,Hard,2025,1,112
Juan Carlos Saez,Clay,2015,1,63
Juan Ignacio Chela,Clay,2000,1,145
Juan Ignacio Chela,Clay,2006,1,101
Juan Ignacio Chela,Clay,2007,1,146
Juan Ignacio Chela,Hard,2002,1,95
Juan Ignacio Chela,Hard,2004,1,102
Juan Ignacio Londero,Clay,2019,6,951
Juan Ignacio Londero,Clay,2021,1,117
Juan Ignacio Londero,Clay,2022,1,113
Juan Ignacio Londero,Hard,2019,1,181
Juan Manuel Cerundolo,Clay,2023,1,189
Juan Manuel Cerundolo,Clay,2025,3,410
Juan Manuel Cerundolo,Clay,2026,1,127
Juan Manuel Cerundolo,Grass,2023,1,145
Juan Manuel Cerundolo,Hard,2022,1,185
Juan Martin Del Potro,Clay,2007,1,172
Juan Martin Del Potro,Clay,2008,1,86
Juan Martin Del Potro,Clay,2009,4,761
Juan Martin Del Potro,Clay,2011,3,681
Juan Martin Del Potro,Clay,2012,4,748
Juan Martin Del Potro,Clay,2013,1,106
Juan Martin Del Potro,Clay,2016,1,149
Juan Martin Del Potro,Clay,2017,2,240
Juan Martin Del Potro,Clay,2018,4,760
Juan Martin Del Potro,Clay,2019,7,1385
Juan Martin Del Potro,Clay,2022,1,98
Juan Martin Del Potro,Grass,2011,1,271
Juan Martin Del Potro,Grass,2012,2,285
Juan Martin Del Potro,Grass,2013,2,559
Juan Martin Del Potro,Grass,2018,3,669
Juan Martin Del Potro,Grass,2019,1,119
Juan Martin Del Potro,Hard,2007,3,537
Juan Martin Del Potro,Hard,2008,6,869
Juan Martin Del Potro,Hard,2009,16,2997
Juan Martin Del Potro,Hard,2011,3,475
Juan Martin Del Potro,Hard,2012,15,2383
Juan Martin Del Potro,Hard,2013,14,2143
Juan Martin Del Potro,Hard,2014,2,258
Juan Martin Del Potro,Hard,2015,1,144
Juan Martin Del Potro,Hard,2016,8,1439
Juan Martin Del Potro,Hard,2017,14,2440
Juan Martin Del Potro,Hard,2018,30,4570
Juan Martin Del Potro,Hard,2019,2,333
Juan Monaco,Clay,2012,1,148
Juan Monaco,Clay,2014,1,82
Juan Monaco,Clay,2015,1,133
Juan Monaco,Hard,2010,1,94
Juan Monaco,Hard,2011,2,258
Juan Pablo Ficovich,Clay,2024,1,80
Juan Pablo Varillas,Clay,2021,1,111
Juan Pablo Varillas,Clay,2022,1,131
Juan Pablo Varillas,Clay,2023,3,556
Juan Pablo Varillas,Clay,2024,1,132
Juan Pablo Varillas,Clay,2025,1,258
Juan Pablo Varillas,Hard,2023,2,478
Julian Reister,Clay,2014,1,93
Julien Benneteau,Grass,2012,2,425
Julien Benneteau,Hard,2012,1,194
Julien Benneteau,Hard,2013,1,139
Julien Benneteau,Hard,2014,1,92
Julien Boutter,Hard,2001,1,210
Juncheng Shang,Clay,2024,4,751
Juncheng Shang,Hard,2024,6,896
Juncheng Shang,Hard,2026,1,97
Jurgen Melzer,Clay,2008,1,86
Jurgen Melzer,Clay,2010,1,129
Jurgen Melzer,Clay,2015,1,88
Jurgen Melzer,Hard,2006,1,178
Jurgen Melzer,Hard,2011,1,142
Jurgen Melzer,Hard,2012,1,153
Jurgen Melzer,Hard,2017,1,214
Jurgen Zopp,Hard,2016,1,90
Jurij Rodionov,Clay,2022,1,119
Jurij Rodionov,Hard,2020,1,150
Justin Engel,Hard,2025,1,116
Kaichi Uchida,Hard,2026,1,128
Kamil Majchrzak,Clay,2019,1,97
Kamil Majchrzak,Clay,2025,1,146
Kamil Majchrzak,Grass,2025,3,659
Kamil Majchrzak,Hard,2026,1,183
Karel Novacek,Clay,1991,1,285
Karel Novacek,Hard,1991,1,79
Karel Novacek,Hard,1994,1,190
Karen Khachanov,Clay,2018,1,91
Karen Khachanov,Clay,2019,1,259
Karen Khachanov,Clay,2022,1,122
Karen Khachanov,Clay,2023,4,635
Karen Khachanov,Clay,2024,2,270
Karen Khachanov,Clay,2025,2,539
Karen Khachanov,Grass,2017,1,146
Karen Khachanov,Grass,2019,2,307
Karen Khachanov,Grass,2025,1,224
Karen Khachanov,Hard,2015,1,102
Karen Khachanov,Hard,2017,2,305
Karen Khachanov,Hard,2018,11,1951
Karen Khachanov,Hard,2019,9,1506
Karen Khachanov,Hard,2020,2,310
Karen Khachanov,Hard,2021,7,1084
Karen Khachanov,Hard,2022,6,633
Karen Khachanov,Hard,2023,12,2024
Karen Khachanov,Hard,2024,9,1611
Karen Khachanov,Hard,2025,4,704
Karen Khachanov,Hard,2026,1,202
Karim Alami,Clay,1996,1,160
Karim Mohamed Maamoun,Clay,2017,7,1027
Karim Mohamed Maamoun,Clay,2019,19,2788
Karim Mohamed Maamoun,Hard,2017,10,1409
Karim Mohamed Maamoun,Hard,2018,3,338
Karim Mohamed Maamoun,Hard,2019,5,597
Karim Mohamed Maamoun,Hard,2020,2,272
Karlis Ozolins,Hard,2024,1,108
Karol Beck,Hard,2004,1,99
Karol Kucera,Grass,2000,1,274
Karol Kucera,Hard,1998,4,846
Karsten Braasch,Grass,1995,1,255
Karue Sell,Clay,2024,6,759
Karue Sell,Hard,2024,2,220
Karue Sell,Hard,2025,1,96
Kasidit Samrej,Hard,2025,1,259
Kaylan Bigun,Clay,2024,1,180
Keaton Hance,Hard,2026,1,174
Kei Nishikori,Clay,2014,1,120
Kei Nishikori,Clay,2015,6,844
Kei Nishikori,Clay,2016,2,365
Kei Nishikori,Clay,2017,4,563
Kei Nishikori,Clay,2018,5,879
Kei Nishikori,Clay,2019,1,193
Kei Nishikori,Grass,2018,1,208
Kei Nishikori,Grass,2019,5,999
Kei Nishikori,Grass,2021,1,142
Kei Nishikori,Hard,2011,1,104
Kei Nishikori,Hard,2012,2,444
Kei Nishikori,Hard,2013,3,331
Kei Nishikori,Hard,2014,5,1151
Kei Nishikori,Hard,2015,9,1197
Kei Nishikori,Hard,2016,4,792
Kei Nishikori,Hard,2017,5,803
Kei Nishikori,Hard,2018,4,577
Kei Nishikori,Hard,2019,3,350
Kei Nishikori,Hard,2021,4,645
Kei Nishikori,Hard,2024,3,434
Kei Nishikori,Hard,2025,3,638
Kelly Evernden,Hard,1987,1,162
Ken Rosewall,Grass,1970,1,301
Ken Rosewall,Grass,1974,2,294
Kenneth Carlsen,Grass,1994,1,355
Kevin Anderson,Clay,2011,1,119
Kevin Anderson,Clay,2015,1,119
Kevin Anderson,Clay,2017,1,123
Kevin Anderson,Grass,2015,1,92
Kevin Anderson,Grass,2018,3,1128
Kevin Anderson,Grass,2019,1,215
Kevin Anderson,Hard,2013,2,432
Kevin Anderson,Hard,2014,1,224
Kevin Anderson,Hard,2015,4,761
Kevin Anderson,Hard,2017,2,293
Kevin Anderson,Hard,2018,5,755
Kevin Anderson,Hard,2019,2,259
Kevin Anderson,Hard,2022,1,185
Kevin Curren,Grass,1983,1,389
Kevin Curren,Grass,1984,1,303
Kevin Curren,Grass,1985,3,581
Kevin Curren,Hard,1988,1,139
Kevin Curren,Hard,1992,1,228
Kevin King,Clay,2019,2,337
Kevin King,Hard,2019,7,1077
Kevin Krawietz,Grass,2019,1,101
Kilian Feldbausch,Hard,2024,1,112
Kim Warwick,Grass,1981,1,207
Kimmer Coppejans,Clay,2021,1,135
Kiranpal Pannu,Hard,2024,1,111
Konstantin Kravchuk,Hard,2015,1,103
Konstantin Kravchuk,Hard,2016,3,280
Kris Van Wyk,Hard,2024,1,92
Kristian Pless,Hard,2006,1,169
Kristof Vliegen,Hard,2006,1,117
Kryce Didier Momo Kassa,Clay,2025,1,56
Kyle Edmund,Clay,2017,1,171
Kyle Edmund,Clay,2018,1,180
Kyle Edmund,Clay,2019,1,137
Kyle Edmund,Grass,2018,1,212
Kyle Edmund,Hard,2016,1,77
Kyle Edmund,Hard,2017,1,117
Kyle Edmund,Hard,2018,1,240
Kyle Edmund,Hard,2019,4,488
Kyle Edmund,Hard,2023,1,163
Kyrian Jacquet,Clay,2025,1,346
Kyrian Jacquet,Hard,2024,1,169
Laslo Djere,Clay,2019,6,931
Laslo Djere,Clay,2022,2,428
Laslo Djere,Clay,2023,5,879
Laslo Djere,Clay,2024,1,143
Laslo Djere,Clay,2025,2,299
Laslo Djere,Grass,2022,1,322
Laslo Djere,Grass,2023,1,197
Laslo Djere,Hard,2018,1,236
Laslo Djere,Hard,2019,2,285
Laslo Djere,Hard,2022,3,509
Laslo Djere,Hard,2023,4,670
Laslo Djere,Hard,2024,2,279
Laslo Djere,Hard,2026,1,266
Laurent Lokoli,Grass,2023,1,228
Laurent Lokoli,Hard,2022,1,128
Laurynas Grigelis,Hard,2015,2,186
Leander Paes,Hard,1996,2,392
Leandro Riedi,Grass,2025,1,173
Leandro Riedi,Hard,2022,1,154
Leandro Riedi,Hard,2023,1,168
Leandro Riedi,Hard,2024,2,285
Learner Tien,Clay,2026,1,102
Learner Tien,Hard,2022,1,214
Learner Tien,Hard,2023,1,188
Learner Tien,Hard,2024,4,491
Learner Tien,Hard,2025,9,1608
Learner Tien,Hard,2026,7,1362
Leo Borg,Clay,2024,1,109
Leo Borg,Hard,2020,1,86
Leo Borg,Hard,2021,1,104
Leonardo Mayer,Clay,2014,1,175
Leonardo Mayer,Clay,2015,3,556
Leonardo Mayer,Clay,2019,2,413
Leonardo Mayer,Grass,2015,1,222
Leonardo Mayer,Hard,2014,1,152
Leonardo Mayer,Hard,2015,2,251
Leonardo Mayer,Hard,2016,1,122
Leonardo Mayer,Hard,2018,2,402
Leonardo Mayer,Hard,2019,2,368
Li Tu,Hard,2021,1,260
Li Tu,Hard,2024,3,497
Liam Broady,Grass,2023,1,165
Liam Broady,Hard,2023,1,122
Liam Draxl,Hard,2024,2,260
Liang Chi Huang,Hard,2015,1,64
Libor Pimek,Hard,1985,1,103
Lleyton Hewitt,Clay,2000,2,373
Lleyton Hewitt,Clay,2001,2,376
Lleyton Hewitt,Clay,2002,1,101
Lleyton Hewitt,Clay,2003,1,284
Lleyton Hewitt,Clay,2004,2,360
Lleyton Hewitt,Clay,2006,1,234
Lleyton Hewitt,Clay,2007,2,352
Lleyton Hewitt,Clay,2009,1,138
Lleyton Hewitt,Grass,1999,4,871
Lleyton Hewitt,Grass,2000,1,117
Lleyton Hewitt,Grass,2001,2,363
Lleyton Hewitt,Grass,2002,4,857
Lleyton Hewitt,Grass,2003,2,555
Lleyton Hewitt,Grass,2004,3,617
Lleyton Hewitt,Grass,2005,4,755
Lleyton Hewitt,Grass,2006,3,396
Lleyton Hewitt,Grass,2007,2,497
Lleyton Hewitt,Grass,2008,1,185
Lleyton Hewitt,Grass,2009,1,357
Lleyton Hewitt,Grass,2010,1,224
Lleyton Hewitt,Grass,2011,1,276
Lleyton Hewitt,Grass,2012,1,163
Lleyton Hewitt,Hard,1998,1,126
Lleyton Hewitt,Hard,2000,9,1686
Lleyton Hewitt,Hard,2001,15,2513
Lleyton Hewitt,Hard,2002,14,2588
Lleyton Hewitt,Hard,2003,5,978
Lleyton Hewitt,Hard,2004,16,2303
Lleyton Hewitt,Hard,2005,12,2662
Lleyton Hewitt,Hard,2006,4,867
Lleyton Hewitt,Hard,2007,2,373
Lleyton Hewitt,Hard,2008,1,374
Lleyton Hewitt,Hard,2009,3,558
Lleyton Hewitt,Hard,2010,1,177
Lleyton Hewitt,Hard,2011,1,386
Lleyton Hewitt,Hard,2012,1,226
Lleyton Hewitt,Hard,2013,1,291
Lleyton Hewitt,Hard,2014,2,232
Lleyton Hewitt,Hard,2015,1,319
Lloyd Harris,Grass,2024,1,326
Lloyd Harris,Hard,2019,3,374
Lloyd Harris,Hard,2020,1,189
Lloyd Harris,Hard,2022,2,250
Lloyd Harris,Hard,2023,1,196
Lorenzo Giustino,Hard,2019,2,333
Lorenzo Musetti,Clay,2019,2,410
Lorenzo Musetti,Clay,2021,5,803
Lorenzo Musetti,Clay,2022,7,1322
Lorenzo Musetti,Clay,2023,7,872
Lorenzo Musetti,Clay,2024,13,1954
Lorenzo Musetti,Clay,2025,18,2962
Lorenzo Musetti,Clay,2026,2,275
Lorenzo Musetti,Grass,2023,2,349
Lorenzo Musetti,Grass,2024,11,2080
Lorenzo Musetti,Hard,2020,1,154
Lorenzo Musetti,Hard,2021,4,582
Lorenzo Musetti,Hard,2022,8,1446
Lorenzo Musetti,Hard,2023,5,686
Lorenzo Musetti,Hard,2024,12,2301
Lorenzo Musetti,Hard,2025,22,3563
Lorenzo Musetti,Hard,2026,5,767
Lorenzo Sonego,Clay,2019,4,538
Lorenzo Sonego,Clay,2021,1,194
Lorenzo Sonego,Clay,2023,1,111
Lorenzo Sonego,Clay,2024,3,454
Lorenzo Sonego,Clay,2025,1,266
Lorenzo Sonego,Grass,2021,2,400
Lorenzo Sonego,Grass,2023,1,216
Lorenzo Sonego,Grass,2024,1,133
Lorenzo Sonego,Grass,2025,1,387
Lorenzo Sonego,Hard,2019,2,247
Lorenzo Sonego,Hard,2020,3,415
Lorenzo Sonego,Hard,2021,1,295
Lorenzo Sonego,Hard,2022,6,1018
Lorenzo Sonego,Hard,2023,4,656
Lorenzo Sonego,Hard,2024,6,708
Lorenzo Sonego,Hard,2025,7,1429
Luca Nardi,Clay,2023,1,71
Luca Nardi,Grass,2025,1,153
Luca Nardi,Hard,2022,2,302
Luca Nardi,Hard,2024,2,360
Luca Nardi,Hard,2025,2,270
Luca Van Assche,Clay,2022,2,239
Luca Van Assche,Hard,2024,4,749
Luca Van Assche,Hard,2025,1,193
Luca Vanni,Hard,2014,1,179
Lucas Catarina,Clay,2021,1,230
Lucas Catarina,Clay,2024,1,95
Lucas Pouille,Clay,2015,1,126
Lucas Pouille,Clay,2016,2,206
Lucas Pouille,Clay,2017,2,282
Lucas Pouille,Clay,2018,1,185
Lucas Pouille,Clay,2019,1,119
Lucas Pouille,Clay,2021,1,159
Lucas Pouille,Clay,2022,1,95
Lucas Pouille,Grass,2017,1,196
Lucas Pouille,Grass,2018,1,137
Lucas Pouille,Grass,2019,2,402
Lucas Pouille,Hard,2015,1,98
Lucas Pouille,Hard,2016,5,835
Lucas Pouille,Hard,2017,3,474
Lucas Pouille,Hard,2018,3,510
Lucas Pouille,Hard,2019,4,774
Lucas Pouille,Hard,2021,2,247
Lucas Pouille,Hard,2024,1,158
Luciano Darderi,Clay,2022,1,184
Luciano Darderi,Clay,2024,4,574
Luciano Darderi,Clay,2025,1,164
Luciano Darderi,Clay,2026,1,198
Luciano Darderi,Hard,2024,2,224
Luciano Darderi,Hard,2025,2,317
Luciano Darderi,Hard,2026,1,183
Luis Ayala,Clay,1960,1,251
Luis Herrera,Grass,1990,1,236
Luka Pavlovic,Hard,2026,1,143
Lukas Klein,Clay,2024,1,115
Lukas Klein,Hard,2023,1,194
Lukas Klein,Hard,2026,1,210
Lukas Lacko,Grass,2018,1,151
Lukas Lacko,Hard,2011,1,142
Lukas Lacko,Hard,2012,1,98
Lukas Lacko,Hard,2014,1,119
Lukas Lacko,Hard,2015,1,93
Lukas Lacko,Hard,2019,1,113
Lukas Lacko,Hard,2021,1,119
Lukas Neumayer,Clay,2024,1,143
Lukas Neumayer,Hard,2025,1,230
Lukas Rosol,Clay,2014,1,132
Lukas Rosol,Clay,2015,2,346
Lukas Rosol,Grass,2012,1,276
Lukas Rosol,Grass,2014,1,245
Lukas Rosol,Hard,2013,2,253
Lukas Rosol,Hard,2016,1,186
Lukas Rosol,Hard,2018,1,158
Lukas Rosol,Hard,2019,1,100
Lukasz Kubot,Clay,2009,1,130
Mackenzie Mcdonald,Clay,2022,1,237
Mackenzie Mcdonald,Clay,2025,1,150
Mackenzie Mcdonald,Grass,2023,1,265
Mackenzie Mcdonald,Grass,2024,2,543
Mackenzie Mcdonald,Hard,2015,1,103
Mackenzie Mcdonald,Hard,2018,1,298
Mackenzie Mcdonald,Hard,2019,4,692
Mackenzie Mcdonald,Hard,2021,2,340
Mackenzie Mcdonald,Hard,2022,3,422
Mackenzie Mcdonald,Hard,2023,5,906
Mackenzie Mcdonald,Hard,2024,3,556
Mackenzie Mcdonald,Hard,2025,1,107
Magnus Gustafsson,Clay,1991,1,285
Magnus Gustafsson,Clay,1993,1,270
Magnus Gustafsson,Hard,1989,1,165
Magnus Gustafsson,Hard,1993,1,96
Magnus Gustafsson,Hard,1996,1,122
Magnus Gustafsson,Hard,1997,1,133
Magnus Larsson,Clay,1994,1,146
Magnus Larsson,Grass,1998,1,127
Magnus Larsson,Hard,1994,2,431
Magnus Larsson,Hard,1995,1,135
Magnus Larsson,Hard,1997,1,184
Magnus Larsson,Hard,1998,1,165
Magnus Norman,Clay,2000,5,1028
Magnus Norman,Clay,2001,1,112
Magnus Norman,Hard,2000,2,264
Magnus Norman,Hard,2001,1,120
Makoto Ochi,Hard,2015,1,103
Maks Kasnikowski,Hard,2024,1,318
Malek Jaziri,Clay,2019,1,103
Malek Jaziri,Clay,2022,1,172
Malek Jaziri,Grass,2018,1,194
Malek Jaziri,Hard,2015,1,191
Malek Jaziri,Hard,2017,2,284
Malek Jaziri,Hard,2018,1,213
Malek Jaziri,Hard,2023,1,76
Malivai Washington,Grass,1996,3,893
Malivai Washington,Hard,1992,2,262
Malivai Washington,Hard,1993,2,216
Malivai Washington,Hard,1995,3,410
Mansour Bahrami,Clay,1988,1,104
Manuel Orantes,Clay,1975,1,170
Marat Safin,Clay,1998,3,930
Marat Safin,Clay,2000,2,407
Marat Safin,Clay,2001,2,522
Marat Safin,Clay,2002,5,952
Marat Safin,Clay,2004,4,800
Marat Safin,Clay,2005,2,620
Marat Safin,Clay,2006,1,231
Marat Safin,Clay,2007,3,470
Marat Safin,Clay,2008,1,174
Marat Safin,Grass,1999,1,257
Marat Safin,Grass,2005,1,194
Marat Safin,Grass,2006,1,335
Marat Safin,Grass,2007,2,376
Marat Safin,Grass,2008,3,615
Marat Safin,Hard,1999,1,251
Marat Safin,Hard,2000,11,1955
Marat Safin,Hard,2001,2,374
Marat Safin,Hard,2002,9,2077
Marat Safin,Hard,2004,12,2214
Marat Safin,Hard,2005,5,1123
Marat Safin,Hard,2006,5,1312
Marat Safin,Hard,2007,1,263
Marat Safin,Hard,2008,2,499
Marat Safin,Hard,2009,3,473
Marc Andrea Huesler,Clay,2019,1,141
Marc Andrea Huesler,Hard,2020,1,234
Marc Andrea Huesler,Hard,2023,3,758
Marc Andrea Huesler,Hard,2024,2,348
Marc Gicquel,Grass,2008,1,150
Marc Lopez,Clay,2003,1,196
Marc Polmans,Hard,2019,3,586
Marc Polmans,Hard,2020,1,346
Marc Polmans,Hard,2024,1,156
Marc Rosset,Clay,1992,2,684
Marc Rosset,Clay,1996,2,462
Marc Rosset,Grass,1991,1,141
Marc Rosset,Grass,1996,1,264
Marc Rosset,Hard,1993,2,362
Marc Rosset,Hard,1994,2,374
Marc Rosset,Hard,2000,1,164
Marc Sieber,Clay,2017,1,110
Marcel Freeman,Grass,1987,1,133
Marcel Granollers,Grass,2019,1,185
Marcel Granollers,Hard,2011,1,129
Marcel Granollers,Hard,2013,1,92
Marcel Granollers,Hard,2014,2,254
Marcel Granollers,Hard,2015,2,307
Marcel Granollers,Hard,2016,1,98
Marcel Granollers,Hard,2017,1,87
Marcel Granollers,Hard,2018,1,169
Marcelo Arevalo,Clay,2015,1,119
Marcelo Arevalo,Clay,2016,1,96
Marcelo Arevalo,Clay,2019,1,174
Marcelo Filippini,Clay,1990,1,191
Marcelo Filippini,Clay,1992,1,183
Marcelo Rios,Clay,1995,2,299
Marcelo Rios,Clay,1996,2,333
Marcelo Rios,Clay,1997,2,349
Marcelo Rios,Clay,1998,1,201
Marcelo Rios,Clay,1999,3,611
Marcelo Rios,Clay,2001,1,180
Marcelo Rios,Hard,1996,1,97
Marcelo Rios,Hard,1998,8,1594
Marcelo Rios,Hard,1999,1,161
Marcelo Rios,Hard,2000,1,251
Marcelo Tomas Barrios Vera,Clay,2025,1,303
Marco Cecchinato,Clay,2018,2,492
Marco Cecchinato,Clay,2019,3,369
Marco Cecchinato,Clay,2020,2,488
Marco Cecchinato,Clay,2021,1,276
Marco Cecchinato,Clay,2022,2,446
Marco Cecchinato,Hard,2018,2,203
Marco Cecchinato,Hard,2019,5,577
Marco Cecchinato,Hard,2021,1,112
Marco Trungelliti,Clay,2019,1,132
Marco Trungelliti,Clay,2024,1,139
Marcos Baghdatis,Clay,2017,1,122
Marcos Baghdatis,Grass,2006,2,377
Marcos Baghdatis,Grass,2012,1,173
Marcos Baghdatis,Grass,2015,1,98
Marcos Baghdatis,Grass,2019,2,343
Marcos Baghdatis,Hard,2004,1,219
Marcos Baghdatis,Hard,2006,4,1169
Marcos Baghdatis,Hard,2007,1,183
Marcos Baghdatis,Hard,2008,2,658
Marcos Baghdatis,Hard,2010,4,694
Marcos Baghdatis,Hard,2012,1,114
Marcos Baghdatis,Hard,2013,1,120
Marcos Baghdatis,Hard,2016,1,108
Marcos Baghdatis,Hard,2017,1,32
Marcos Baghdatis,Hard,2018,1,190
Marcos Baghdatis,Hard,2019,1,100
Marcos Daniel,Hard,2005,1,159
Marcos Giron,Clay,2021,1,85
Marcos Giron,Clay,2023,1,157
Marcos Giron,Clay,2025,2,336
Marcos Giron,Grass,2023,2,282
Marcos Giron,Grass,2024,2,306
Marcos Giron,Hard,2018,1,130
Marcos Giron,Hard,2019,1,186
Marcos Giron,Hard,2021,2,320
Marcos Giron,Hard,2022,4,610
Marcos Giron,Hard,2023,4,539
Marcos Giron,Hard,2024,5,756
Marcos Giron,Hard,2025,3,550
Marcos Giron,Hard,2026,2,539
Marcus Willis,Grass,2016,1,156
Mardy Fish,Grass,2003,1,207
Mardy Fish,Grass,2004,1,102
Mardy Fish,Hard,2003,1,242
Mardy Fish,Hard,2004,3,565
Mardy Fish,Hard,2005,1,106
Mardy Fish,Hard,2008,2,302
Mardy Fish,Hard,2010,2,432
Mardy Fish,Hard,2011,2,269
Mardy Fish,Hard,2012,1,136
Mariano Navone,Clay,2022,1,97
Mariano Navone,Clay,2024,3,552
Mariano Navone,Clay,2025,4,843
Mariano Navone,Clay,2026,2,413
Mariano Navone,Grass,2024,1,93
Mariano Navone,Hard,2024,1,106
Mariano Puerta,Clay,2000,1,145
Mariano Puerta,Hard,2005,1,92
Mariano Zabaleta,Clay,1999,1,378
Mariano Zabaleta,Clay,2000,1,135
Marin Cilic,Clay,2010,1,212
Marin Cilic,Clay,2011,1,143
Marin Cilic,Clay,2014,1,70
Marin Cilic,Clay,2015,1,156
Marin Cilic,Clay,2017,1,224
Marin Cilic,Clay,2018,4,892
Marin Cilic,Clay,2021,2,395
Marin Cilic,Clay,2022,5,704
Marin Cilic,Clay,2025,2,282
Marin Cilic,Grass,2014,1,292
Marin Cilic,Grass,2015,1,164
Marin Cilic,Grass,2016,1,332
Marin Cilic,Grass,2017,2,431
Marin Cilic,Grass,2018,1,222
Marin Cilic,Grass,2022,1,114
Marin Cilic,Grass,2025,1,293
Marin Cilic,Hard,2009,2,337
Marin Cilic,Hard,2010,3,873
Marin Cilic,Hard,2011,3,598
Marin Cilic,Hard,2012,1,128
Marin Cilic,Hard,2014,4,593
Marin Cilic,Hard,2015,2,249
Marin Cilic,Hard,2016,6,1007
Marin Cilic,Hard,2017,2,268
Marin Cilic,Hard,2018,4,961
Marin Cilic,Hard,2019,5,907
Marin Cilic,Hard,2020,2,442
Marin Cilic,Hard,2021,7,1016
Marin Cilic,Hard,2022,10,1709
Marin Cilic,Hard,2024,2,288
Marin Cilic,Hard,2025,4,510
Marin Cilic,Hard,2026,1,105
Marinko Matosevic,Hard,2013,1,118
Marinko Matosevic,Hard,2014,5,734
Mario Ancic,Clay,2006,2,303
Mario Ancic,Clay,2008,1,146
Mario Ancic,Grass,2002,1,179
Mario Ancic,Grass,2004,1,263
Mario Ancic,Grass,2006,1,167
Mario Ancic,Grass,2008,1,166
Mario Ancic,Hard,2005,3,403
Mario Ancic,Hard,2008,1,118
Mario Vilella Martinez,Clay,2019,1,96
Marius Copil,Hard,2015,1,77
Marius Copil,Hard,2016,1,96
Marius Copil,Hard,2018,2,251
Marius Copil,Hard,2019,2,345
Mark Edmondson,Grass,1982,1,134
Mark Kevin Goellner,Clay,1993,1,244
Mark Lajal,Grass,2024,1,191
Mark Lajal,Hard,2025,1,180
Mark Petchey,Hard,1994,1,147
Mark Philippoussis,Grass,1996,1,196
Mark Philippoussis,Grass,2003,4,992
Mark Philippoussis,Hard,1995,1,248
Mark Philippoussis,Hard,1996,1,228
Mark Philippoussis,Hard,1997,4,715
Mark Philippoussis,Hard,1998,4,883
Mark Philippoussis,Hard,1999,1,302
Mark Philippoussis,Hard,2000,2,494
Mark Philippoussis,Hard,2003,3,612
Mark Woodforde,Hard,1988,1,304
Mark Woodforde,Hard,1996,1,151
Markus Eriksson,Clay,2012,1,116
Markus Hipfl,Hard,2001,1,140
Marsel Ilhan,Hard,2015,1,83
Martin Borisiouk,Hard,2024,1,116
Martin Cuevas,Clay,2021,1,175
Martin Damm,Hard,2025,1,163
Martin Damm,Hard,2026,1,143
Martin Damm Sr,Grass,1998,1,109
Martin Jaite,Clay,1985,1,194
Martin Jaite,Clay,1987,1,161
Martin Jaite,Clay,1988,1,273
Martin Klizan,Clay,2015,1,147
Martin Klizan,Clay,2016,2,207
Martin Klizan,Clay,2019,4,542
Martin Klizan,Hard,2015,2,298
Martin Klizan,Hard,2016,1,188
Martin Klizan,Hard,2018,1,175
Martin Klizan,Hard,2019,2,240
Martin Landaluce,Clay,2024,1,169
Martin Landaluce,Hard,2022,1,106
Martin Landaluce,Hard,2026,1,187
Martin Redlicki,Hard,2019,1,120
Martin Verkerk,Clay,2003,1,170
Martin Verkerk,Clay,2004,1,267
Martin Verkerk,Hard,2003,1,242
Marton Fucsovics,Clay,2018,1,180
Marton Fucsovics,Clay,2019,2,300
Marton Fucsovics,Clay,2020,1,246
Marton Fucsovics,Clay,2021,1,220
Marton Fucsovics,Clay,2023,2,383
Marton Fucsovics,Clay,2024,3,468
Marton Fucsovics,Grass,2021,2,465
Marton Fucsovics,Grass,2023,1,246
Marton Fucsovics,Grass,2024,1,232
Marton Fucsovics,Hard,2018,2,386
Marton Fucsovics,Hard,2019,9,1585
Marton Fucsovics,Hard,2020,3,649
Marton Fucsovics,Hard,2021,5,991
Marton Fucsovics,Hard,2022,1,107
Marton Fucsovics,Hard,2023,1,253
Marton Fucsovics,Hard,2024,2,188
Marton Fucsovics,Hard,2025,1,144
Marton Fucsovics,Hard,2026,4,509
Masamichi Imamura,Hard,2024,1,108
Mate Delic,Clay,2014,1,93
Mate Valkusz,Clay,2019,1,150
Mateus Alves,Clay,2023,1,132
Mateus Alves,Clay,2024,1,188
Mathias Bourgue,Clay,2014,1,117
Mats Wilander,Clay,1982,2,497
Mats Wilander,Clay,1983,2,486
Mats Wilander,Clay,1984,1,190
Mats Wilander,Clay,1985,2,455
Mats Wilander,Clay,1987,4,671
Mats Wilander,Clay,1988,2,457
Mats Wilander,Grass,1983,2,339
Mats Wilander,Grass,1984,1,303
Mats Wilander,Grass,1985,2,318
Mats Wilander,Grass,1987,1,174
Mats Wilander,Hard,1985,3,470
Mats Wilander,Hard,1986,1,131
Mats Wilander,Hard,1987,4,855
Mats Wilander,Hard,1988,3,934
Mats Wilander,Hard,1989,1,143
Mats Wilander,Hard,1990,1,127
Mats Wilander,Hard,1993,1,322
Mats Wilander,Hard,1995,1,84
Matt Reid,Hard,2014,1,119
Matt Reid,Hard,2016,1,82
Matteo Arnaldi,Clay,2022,1,104
Matteo Arnaldi,Clay,2024,2,328
Matteo Arnaldi,Clay,2025,2,436
Matteo Arnaldi,Hard,2023,4,693
Matteo Arnaldi,Hard,2024,8,1115
Matteo Arnaldi,Hard,2025,4,713
Matteo Berrettini,Clay,2018,1,96
Matteo Berrettini,Clay,2019,2,229
Matteo Berrettini,Clay,2021,6,1007
Matteo Berrettini,Clay,2022,3,424
Matteo Berrettini,Clay,2023,1,118
Matteo Berrettini,Clay,2024,2,178
Matteo Berrettini,Clay,2025,2,320
Matteo Berrettini,Clay,2026,2,162
Matteo Berrettini,Grass,2019,5,596
Matteo Berrettini,Grass,2021,5,1121
Matteo Berrettini,Grass,2022,4,541
Matteo Berrettini,Grass,2023,1,225
Matteo Berrettini,Grass,2024,4,738
Matteo Berrettini,Grass,2025,1,270
Matteo Berrettini,Hard,2016,1,127
Matteo Berrettini,Hard,2019,9,1235
Matteo Berrettini,Hard,2020,5,999
Matteo Berrettini,Hard,2021,7,1103
Matteo Berrettini,Hard,2022,12,2397
Matteo Berrettini,Hard,2023,5,811
Matteo Berrettini,Hard,2024,5,774
Matteo Berrettini,Hard,2025,9,1349
Matteo Berrettini,Hard,2026,2,311
Matteo Gigante,Clay,2025,1,247
Matteo Martineau,Clay,2024,1,188
Matthew Ebden,Clay,2024,1,73
Matthew Ebden,Grass,2015,1,96
Matthew Ebden,Grass,2018,1,146
Matthew Ebden,Hard,2014,2,187
Matthew Ebden,Hard,2018,1,126
Matthias Bachinger,Hard,2018,1,115
Matthias Bachinger,Hard,2019,1,122
Mattia Bellucci,Clay,2025,1,121
Mattia Bellucci,Hard,2022,3,463
Mattia Bellucci,Hard,2024,1,191
Mattia Bellucci,Hard,2025,5,698
Matwe Middelkoop,Hard,2023,1,112
Mauricio Echazu,Clay,2014,1,115
Max Hans Rehberg,Clay,2022,1,101
Max Hans Rehberg,Hard,2022,1,111
Max Houkes,Clay,2022,1,183
Max Houkes,Clay,2025,1,56
Max Mirnyi,Clay,2002,1,140
Max Mirnyi,Hard,2001,3,623
Max Mirnyi,Hard,2003,1,130
Max Mirnyi,Hard,2004,2,338
Max Mirnyi,Hard,2006,1,178
Max Purcell,Clay,2024,1,306
Max Purcell,Grass,2022,2,514
Max Purcell,Grass,2023,1,165
Max Purcell,Hard,2024,3,532
Max Schoenhaus,Clay,2025,1,168
Maxim Mrva,Hard,2025,1,135
Maxime Cressy,Clay,2022,2,314
Maxime Cressy,Clay,2023,2,312
Maxime Cressy,Grass,2022,7,1360
Maxime Cressy,Grass,2023,2,394
Maxime Cressy,Grass,2024,1,230
Maxime Cressy,Hard,2021,2,427
Maxime Cressy,Hard,2022,14,2135
Maxime Cressy,Hard,2023,3,464
Maximilian Marterer,Clay,2018,1,95
Maximilian Marterer,Clay,2019,1,114
Maximilian Marterer,Clay,2023,1,100
Maximilian Marterer,Clay,2024,1,180
Maximilian Marterer,Clay,2025,1,110
Maximilian Marterer,Hard,2019,1,86
Maximilian Marterer,Hard,2023,1,231
Maximilian Neuchrist,Clay,2022,1,159
Maximo Gonzalez,Clay,2014,1,107
Maximo Gonzalez,Hard,2008,1,151
Mees Rottgering,Hard,2025,2,370
Michael Berrer,Clay,2010,1,70
Michael Berrer,Grass,2015,1,145
Michael Berrer,Hard,2011,1,142
Michael Berrer,Hard,2015,2,395
Michael Chang,Clay,1989,1,309
Michael Chang,Clay,1990,1,229
Michael Chang,Clay,1991,1,184
Michael Chang,Clay,1995,1,176
Michael Chang,Clay,1996,1,223
Michael Chang,Grass,1990,1,150
Michael Chang,Grass,1994,1,155
Michael Chang,Grass,1995,1,199
Michael Chang,Hard,1990,3,625
Michael Chang,Hard,1991,4,1035
Michael Chang,Hard,1992,2,521
Michael Chang,Hard,1993,3,569
Michael Chang,Hard,1994,4,649
Michael Chang,Hard,1995,4,740
Michael Chang,Hard,1996,6,1051
Michael Chang,Hard,1997,2,379
Michael Chang,Hard,1998,1,102
Michael Geerts,Hard,2022,1,84
Michael Geerts,Hard,2025,1,245
Michael Llodra,Hard,2010,2,380
Michael Llodra,Hard,2012,2,256
Michael Mmoh,Hard,2016,1,77
Michael Mmoh,Hard,2017,1,85
Michael Mmoh,Hard,2023,2,563
Michael Mmoh,Hard,2025,1,92
Michael Redlicki,Hard,2019,1,134
Michael Russell,Clay,2001,1,312
Michael Stich,Clay,1991,1,249
Michael Stich,Clay,1992,2,305
Michael Stich,Clay,1993,3,696
Michael Stich,Clay,1995,1,378
Michael Stich,Clay,1996,3,595
Michael Stich,Grass,1991,4,1020
Michael Stich,Grass,1992,1,145
Michael Stich,Grass,1993,1,371
Michael Stich,Grass,1996,1,202
Michael Stich,Grass,1997,3,683
Michael Stich,Hard,1990,2,358
Michael Stich,Hard,1991,3,545
Michael Stich,Hard,1992,2,634
Michael Stich,Hard,1993,8,1952
Michael Stich,Hard,1994,6,1130
Michael Stich,Hard,1995,1,323
Michael Stich,Hard,1996,2,373
Michael Westphal,Hard,1985,1,222
Michael Zheng,Clay,2026,1,141
Michael Zheng,Grass,2022,1,174
Michael Zheng,Hard,2025,1,166
Michael Zheng,Hard,2026,1,210
Michal Przysiezny,Grass,2014,1,130
Michal Przysiezny,Hard,2014,1,99
Michel Kratochvil,Hard,2001,1,116
Michiel Schapers,Hard,1991,1,146
Mikael Pernfors,Clay,1986,2,419
Mikael Pernfors,Grass,1987,1,265
Mikael Pernfors,Hard,1990,1,234
Mikael Pernfors,Hard,1993,3,662
Mikael Tillstrom,Grass,1997,1,171
Mikael Tillstrom,Hard,1999,1,161
Mikael Tillstrom,Hard,2000,1,178
Mikael Ymer,Clay,2021,2,448
Mikael Ymer,Grass,2019,1,122
Mikael Ymer,Grass,2022,1,246
Mikael Ymer,Hard,2016,1,113
Mikael Ymer,Hard,2019,1,194
Mikael Ymer,Hard,2020,1,110
Mikael Ymer,Hard,2021,2,594
Mikael Ymer,Hard,2022,3,336
Mikael Ymer,Hard,2023,2,401
Mike Bryan,Hard,2001,1,139
Mikhail Kukushkin,Clay,2015,2,193
Mikhail Kukushkin,Grass,2014,1,228
Mikhail Kukushkin,Grass,2019,1,242
Mikhail Kukushkin,Hard,2015,1,93
Mikhail Kukushkin,Hard,2019,7,922
Mikhail Kukushkin,Hard,2020,2,532
Mikhail Kukushkin,Hard,2021,2,361
Mikhail Kukushkin,Hard,2022,1,148
Mikhail Youzhny,Clay,2002,1,283
Mikhail Youzhny,Clay,2010,1,212
Mikhail Youzhny,Clay,2011,1,153
Mikhail Youzhny,Clay,2012,1,148
Mikhail Youzhny,Clay,2014,1,201
Mikhail Youzhny,Grass,2011,1,254
Mikhail Youzhny,Grass,2012,2,357
Mikhail Youzhny,Grass,2013,1,319
Mikhail Youzhny,Hard,2004,1,99
Mikhail Youzhny,Hard,2006,2,504
Mikhail Youzhny,Hard,2007,3,623
Mikhail Youzhny,Hard,2008,2,257
Mikhail Youzhny,Hard,2009,4,575
Mikhail Youzhny,Hard,2010,5,843
Mikhail Youzhny,Hard,2011,3,630
Mikhail Youzhny,Hard,2012,2,218
Mikhail Youzhny,Hard,2013,2,412
Mikhail Youzhny,Hard,2015,2,253
Mikhail Youzhny,Hard,2016,1,226
Mikhail Youzhny,Hard,2017,1,317
Mikhail Youzhny,Hard,2018,1,145
Mili Poljicak,Clay,2022,1,147
Mili Poljicak,Grass,2022,1,174
Miljan Zekic,Clay,2022,1,137
Milos Raonic,Clay,2014,1,235
Milos Raonic,Clay,2015,1,43
Milos Raonic,Clay,2016,1,133
Milos Raonic,Clay,2017,1,101
Milos Raonic,Clay,2018,1,167
Milos Raonic,Grass,2012,1,193
Milos Raonic,Grass,2014,1,164
Milos Raonic,Grass,2016,2,544
Milos Raonic,Grass,2017,1,185
Milos Raonic,Grass,2018,2,380
Milos Raonic,Grass,2019,2,391
Milos Raonic,Grass,2023,3,646
Milos Raonic,Hard,2011,4,656
Milos Raonic,Hard,2012,4,760
Milos Raonic,Hard,2013,4,551
Milos Raonic,Hard,2014,6,1139
Milos Raonic,Hard,2015,10,1671
Milos Raonic,Hard,2016,16,2596
Milos Raonic,Hard,2017,3,577
Milos Raonic,Hard,2018,2,214
Milos Raonic,Hard,2019,8,1345
Milos Raonic,Hard,2020,2,494
Milos Raonic,Hard,2021,2,288
Milos Raonic,Hard,2023,2,267
Milos Raonic,Hard,2024,2,264
Milos Sekulic,Clay,2012,1,102
Miloslav Mecir,Clay,1985,1,255
Miloslav Mecir,Clay,1987,2,374
Miloslav Mecir,Grass,1988,1,308
Miloslav Mecir,Hard,1986,2,482
Miloslav Mecir,Hard,1989,2,324
Miloslav Mecir,Hard,1990,1,298
Miloslav Mecir Jr,Grass,2014,1,104
Minhtuan Pham,Hard,2023,1,94
Miomir Kecmanovic,Clay,2021,1,134
Miomir Kecmanovic,Clay,2022,5,724
Miomir Kecmanovic,Clay,2023,2,243
Miomir Kecmanovic,Clay,2024,2,266
Miomir Kecmanovic,Clay,2025,1,144
Miomir Kecmanovic,Grass,2019,1,142
Miomir Kecmanovic,Grass,2023,1,131
Miomir Kecmanovic,Grass,2024,2,242
Miomir Kecmanovic,Grass,2025,1,158
Miomir Kecmanovic,Hard,2019,6,1004
Miomir Kecmanovic,Hard,2020,3,424
Miomir Kecmanovic,Hard,2021,2,373
Miomir Kecmanovic,Hard,2022,7,1298
Miomir Kecmanovic,Hard,2023,4,535
Miomir Kecmanovic,Hard,2024,3,790
Miomir Kecmanovic,Hard,2025,5,1018
Miomir Kecmanovic,Hard,2026,1,284
Mirza Basic,Clay,2018,1,181
Mirza Basic,Hard,2017,1,152
Mirza Basic,Hard,2018,1,145
Mirza Basic,Hard,2019,1,270
Mischa Zverev,Clay,2018,1,109
Mischa Zverev,Grass,2013,1,76
Mischa Zverev,Grass,2018,2,292
Mischa Zverev,Hard,2015,1,82
Mischa Zverev,Hard,2017,4,504
Mischa Zverev,Hard,2018,1,89
Mischa Zverev,Hard,2019,2,221
Mischa Zverev,Hard,2020,1,125
Mitchell Krueger,Hard,2013,1,99
Mitchell Krueger,Hard,2019,1,163
Moez Echargui,Clay,2024,1,171
Moez Echargui,Hard,2025,1,145
Mohamed Safwat,Clay,2014,1,81
Mohamed Safwat,Clay,2019,4,562
Mohamed Safwat,Hard,2020,2,236
Moise Kouame,Clay,2026,1,136
Moise Kouame,Hard,2026,1,168
Mubarak Shannan Zayid,Hard,2026,1,80
Murphy Cassone,Hard,2025,1,193
N Sriram Balaji,Hard,2017,1,107
Naoki Nakagawa,Hard,2024,1,108
Nattan Benjasupawan,Hard,2016,1,74
Neale Fraser,Grass,1960,1,288
Neil Borwick,Grass,1993,1,256
Nicholas Alan Van Aken,Clay,2025,1,73
Nick Hardt,Clay,2024,2,348
Nick Hardt,Hard,2022,1,79
Nick Kyrgios,Clay,2015,4,730
Nick Kyrgios,Clay,2016,2,438
Nick Kyrgios,Clay,2017,4,512
Nick Kyrgios,Clay,2018,1,150
Nick Kyrgios,Clay,2019,2,287
Nick Kyrgios,Clay,2022,2,220
Nick Kyrgios,Grass,2014,2,385
Nick Kyrgios,Grass,2018,3,554
Nick Kyrgios,Grass,2019,3,547
Nick Kyrgios,Grass,2022,13,2542
Nick Kyrgios,Grass,2023,1,126
Nick Kyrgios,Hard,2013,1,148
Nick Kyrgios,Hard,2014,2,551
Nick Kyrgios,Hard,2015,7,1446
Nick Kyrgios,Hard,2016,6,853
Nick Kyrgios,Hard,2017,12,1878
Nick Kyrgios,Hard,2018,10,1632
Nick Kyrgios,Hard,2019,15,2423
Nick Kyrgios,Hard,2020,2,508
Nick Kyrgios,Hard,2021,3,628
Nick Kyrgios,Hard,2022,20,2782
Nick Kyrgios,Hard,2024,1,218
Nick Kyrgios,Hard,2025,1,118
Nicola Kuhn,Clay,2022,1,186
Nicola Kuhn,Hard,2020,1,163
Nicola Pietrangeli,Clay,1960,1,251
Nicolai Budkov Kjaer,Clay,2024,2,287
Nicolai Budkov Kjaer,Hard,2026,1,90
Nicolas Almagro,Clay,2006,1,267
Nicolas Almagro,Clay,2010,1,160
Nicolas Almagro,Clay,2011,2,439
Nicolas Almagro,Clay,2012,1,188
Nicolas Almagro,Clay,2014,1,212
Nicolas Almagro,Clay,2015,4,509
Nicolas Almagro,Clay,2017,1,179
Nicolas Almagro,Clay,2019,1,96
Nicolas Almagro,Grass,2012,1,91
Nicolas Almagro,Hard,2012,2,421
Nicolas Almagro,Hard,2013,3,574
Nicolas Alvarez Varona,Clay,2021,1,103
Nicolas Arseneault,Hard,2025,1,151
Nicolas Devilder,Clay,2008,1,143
Nicolas Escude,Clay,1993,1,121
Nicolas Escude,Hard,1998,1,151
Nicolas Escude,Hard,2001,1,225
Nicolas Escude,Hard,2004,1,176
Nicolas Jarry,Clay,2019,4,660
Nicolas Jarry,Clay,2023,14,2013
Nicolas Jarry,Clay,2024,6,928
Nicolas Jarry,Clay,2025,2,499
Nicolas Jarry,Grass,2023,3,592
Nicolas Jarry,Grass,2025,1,289
Nicolas Jarry,Hard,2019,1,131
Nicolas Jarry,Hard,2020,1,201
Nicolas Jarry,Hard,2022,3,416
Nicolas Jarry,Hard,2023,7,1001
Nicolas Jarry,Hard,2024,4,522
Nicolas Jarry,Hard,2025,2,327
Nicolas Kiefer,Grass,2003,1,95
Nicolas Kiefer,Hard,1999,2,258
Nicolas Kiefer,Hard,2004,1,129
Nicolas Kiefer,Hard,2005,2,300
Nicolas Kiefer,Hard,2006,1,228
Nicolas Kiefer,Hard,2007,1,123
Nicolas Kiefer,Hard,2008,2,330
Nicolas Lapentti,Clay,2000,1,222
Nicolas Lapentti,Hard,1999,2,331
Nicolas Lapentti,Hard,2000,1,137
Nicolas Lapentti,Hard,2001,1,86
Nicolas Mahut,Grass,2007,2,366
Nicolas Mahut,Grass,2010,1,980
Nicolas Mahut,Grass,2019,2,489
Nicolas Mahut,Hard,2017,1,131
Nicolas Mahut,Hard,2018,1,169
Nicolas Mahut,Hard,2021,1,131
Nicolas Massu,Clay,2000,1,113
Nicolas Massu,Clay,2003,1,159
Nicolas Massu,Clay,2004,1,166
Nicolas Massu,Clay,2006,2,381
Nicolas Massu,Clay,2007,2,303
Nicolas Massu,Hard,2000,1,251
Nicolas Massu,Hard,2003,1,172
Nicolas Massu,Hard,2004,1,304
Nicolas Massu,Hard,2006,1,133
Nicolas Massu,Hard,2007,1,128
Nicolas Massu,Hard,2009,1,183
Nicolas Mejia,Clay,2023,1,223
Nicolas Mejia,Clay,2024,1,126
Nicolas Mejia,Hard,2021,1,207
Nicolas Mejia,Hard,2025,1,169
Nicolas Moreno De Alboran,Clay,2024,1,253
Nicolas Thomann,Hard,2004,1,154
Niels Mcdonald,Clay,2025,1,168
Niels Visker,Hard,2024,1,112
Nikola Cacic,Clay,2014,1,107
Nikola Milojevic,Clay,2017,1,245
Nikola Milojevic,Clay,2019,2,371
Nikola Milojevic,Hard,2016,1,92
Nikola Pilic,Clay,1973,1,135
Nikolas Sanchez Izquierdo,Hard,2025,1,121
Nikolay Davydenko,Clay,2003,1,284
Nikolay Davydenko,Clay,2005,1,109
Nikolay Davydenko,Clay,2007,4,866
Nikolay Davydenko,Clay,2008,3,399
Nikolay Davydenko,Clay,2009,1,112
Nikolay Davydenko,Clay,2011,3,416
Nikolay Davydenko,Hard,2002,2,423
Nikolay Davydenko,Hard,2004,2,353
Nikolay Davydenko,Hard,2005,2,216
Nikolay Davydenko,Hard,2006,8,1691
Nikolay Davydenko,Hard,2007,4,649
Nikolay Davydenko,Hard,2008,7,1126
Nikolay Davydenko,Hard,2009,9,1397
Nikolay Davydenko,Hard,2010,7,1306
Nikolay Davydenko,Hard,2011,4,482
Nikolay Davydenko,Hard,2012,5,762
Nikolay Davydenko,Hard,2013,4,586
Nikolay Davydenko,Hard,2014,1,207
Nikoloz Basilashvili,Clay,2019,3,444
Nikoloz Basilashvili,Clay,2020,1,113
Nikoloz Basilashvili,Clay,2021,1,140
Nikoloz Basilashvili,Clay,2022,1,85
Nikoloz Basilashvili,Grass,2022,2,321
Nikoloz Basilashvili,Hard,2017,1,92
Nikoloz Basilashvili,Hard,2018,2,534
Nikoloz Basilashvili,Hard,2019,11,1870
Nikoloz Basilashvili,Hard,2020,2,267
Nikoloz Basilashvili,Hard,2021,5,805
Nikoloz Basilashvili,Hard,2022,1,89
Nikoloz Basilashvili,Hard,2025,1,39
Nino Serdarusic,Hard,2021,1,109
Nishesh Basavareddy,Hard,2024,15,1743
Nishesh Basavareddy,Hard,2025,5,858
Noah Rubin,Hard,2016,1,101
Norbert Gombos,Clay,2019,1,114
Norbert Gombos,Hard,2019,1,145
Norbert Gombos,Hard,2020,1,144
Novak Djokovic,Clay,2006,3,438
Novak Djokovic,Clay,2007,3,455
Novak Djokovic,Clay,2008,6,961
Novak Djokovic,Clay,2009,6,985
Novak Djokovic,Clay,2010,2,240
Novak Djokovic,Clay,2011,7,1187
Novak Djokovic,Clay,2012,11,1838
Novak Djokovic,Clay,2013,3,553
Novak Djokovic,Clay,2014,5,978
Novak Djokovic,Clay,2015,7,1313
Novak Djokovic,Clay,2016,6,842
Novak Djokovic,Clay,2017,8,1283
Novak Djokovic,Clay,2018,6,986
Novak Djokovic,Clay,2019,5,1027
Novak Djokovic,Clay,2020,2,484
Novak Djokovic,Clay,2021,5,1207
Novak Djokovic,Clay,2022,10,1501
Novak Djokovic,Clay,2023,10,1953
Novak Djokovic,Clay,2024,16,2332
Novak Djokovic,Clay,2025,8,1396
Novak Djokovic,Grass,2007,2,435
Novak Djokovic,Grass,2008,2,364
Novak Djokovic,Grass,2009,1,248
Novak Djokovic,Grass,2010,1,190
Novak Djokovic,Grass,2011,2,430
Novak Djokovic,Grass,2012,7,1064
Novak Djokovic,Grass,2013,2,578
Novak Djokovic,Grass,2014,4,1224
Novak Djokovic,Grass,2015,3,661
Novak Djokovic,Grass,2016,3,652
Novak Djokovic,Grass,2017,1,93
Novak Djokovic,Grass,2018,6,1208
Novak Djokovic,Grass,2019,6,1392
Novak Djokovic,Grass,2021,3,690
Novak Djokovic,Grass,2022,3,727
Novak Djokovic,Grass,2023,3,807
Novak Djokovic,Grass,2024,4,774
Novak Djokovic,Grass,2025,5,1098
Novak Djokovic,Hard,2005,2,443
Novak Djokovic,Hard,2006,2,356
Novak Djokovic,Hard,2007,17,2527
Novak Djokovic,Hard,2008,13,1964
Novak Djokovic,Hard,2009,15,2454
Novak Djokovic,Hard,2010,15,2680
Novak Djokovic,Hard,2011,16,2593
Novak Djokovic,Hard,2012,23,4020
Novak Djokovic,Hard,2013,28,4351
Novak Djokovic,Hard,2014,11,1817
Novak Djokovic,Hard,2015,41,5992
Novak Djokovic,Hard,2016,19,3134
Novak Djokovic,Hard,2017,5,1126
Novak Djokovic,Hard,2018,13,2207
Novak Djokovic,Hard,2019,17,2369
Novak Djokovic,Hard,2020,10,1891
Novak Djokovic,Hard,2021,20,3448
Novak Djokovic,Hard,2022,18,2302
Novak Djokovic,Hard,2023,32,5460
Novak Djokovic,Hard,2024,18,2954
Novak Djokovic,Hard,2025,24,3693
Novak Djokovic,Hard,2026,6,1228
Nuno Borges,Clay,2021,1,135
Nuno Borges,Clay,2022,4,607
Nuno Borges,Clay,2023,1,112
Nuno Borges,Clay,2024,1,112
Nuno Borges,Clay,2025,1,346
Nuno Borges,Grass,2025,1,229
Nuno Borges,Hard,2022,1,367
Nuno Borges,Hard,2024,4,691
Nuno Borges,Hard,2025,3,472
Nuno Borges,Hard,2026,1,196
Oleksandr Ovcharenko,Clay,2022,1,143
Oleksandr Ovcharenko,Hard,2025,1,162
Oleksii Krutykh,Clay,2022,1,80
Oleksii Krutykh,Hard,2023,1,291
Oliver Tarvet,Grass,2025,1,173
Olivier Delaitre,Hard,1991,1,103
Olivier Delaitre,Hard,1994,1,92
Olivier Rochus,Hard,2005,2,306
Omar Camporese,Hard,1991,2,630
Omar Camporese,Hard,1997,1,319
Omar Jasika,Hard,2024,1,190
Oscar Otte,Clay,2017,1,150
Oscar Otte,Clay,2021,1,197
Oscar Otte,Grass,2023,1,122
Oscar Otte,Hard,2021,1,119
Oscar Otte,Hard,2022,2,325
Otto Virtanen,Clay,2024,1,301
Otto Virtanen,Clay,2025,1,118
Otto Virtanen,Grass,2024,1,300
Otto Virtanen,Hard,2022,3,431
Otto Virtanen,Hard,2023,1,190
Otto Virtanen,Hard,2024,2,348
Otto Virtanen,Hard,2025,2,487
Ozan Baris,Hard,2024,1,104
Ozan Baris,Hard,2025,1,166
Pablo Andujar,Clay,2013,1,95
Pablo Andujar,Clay,2014,1,214
Pablo Andujar,Clay,2015,1,133
Pablo Andujar,Clay,2019,2,400
Pablo Andujar,Clay,2022,1,310
Pablo Andujar,Clay,2023,1,142
Pablo Andujar,Hard,2019,2,207
Pablo Andujar,Hard,2021,1,166
Pablo Andujar,Hard,2022,2,199
Pablo Carreno Busta,Clay,2015,4,626
Pablo Carreno Busta,Clay,2017,3,498
Pablo Carreno Busta,Clay,2018,4,580
Pablo Carreno Busta,Clay,2022,2,381
Pablo Carreno Busta,Grass,2022,1,102
Pablo Carreno Busta,Hard,2016,2,268
Pablo Carreno Busta,Hard,2017,1,105
Pablo Carreno Busta,Hard,2018,1,125
Pablo Carreno Busta,Hard,2019,2,369
Pablo Carreno Busta,Hard,2020,4,735
Pablo Carreno Busta,Hard,2021,6,999
Pablo Carreno Busta,Hard,2022,8,1604
Pablo Carreno Busta,Hard,2024,2,329
Pablo Carreno Busta,Hard,2025,1,102
Pablo Carreno Busta,Hard,2026,1,108
Pablo Cuevas,Clay,2015,2,257
Pablo Cuevas,Clay,2016,2,234
Pablo Cuevas,Clay,2019,2,225
Pablo Cuevas,Clay,2021,1,101
Pablo Cuevas,Grass,2015,1,174
Pablo Cuevas,Hard,2015,1,163
Pablo Cuevas,Hard,2017,2,344
Pablo Llamas Ruiz,Clay,2024,1,148
Paolo Cane,Clay,1987,1,111
Paolo Lorenzi,Clay,2014,1,115
Paolo Lorenzi,Clay,2016,1,209
Paolo Lorenzi,Clay,2019,1,122
Paolo Lorenzi,Grass,2014,1,167
Paolo Lorenzi,Grass,2017,1,98
Paolo Lorenzi,Grass,2019,1,204
Paolo Lorenzi,Hard,2017,1,86
Paolo Lorenzi,Hard,2019,2,635
Paradorn Srichaphan,Clay,2004,1,83
Paradorn Srichaphan,Grass,2003,1,182
Paradorn Srichaphan,Hard,2002,2,330
Paradorn Srichaphan,Hard,2003,1,241
Paradorn Srichaphan,Hard,2006,2,298
Pat Cash,Grass,1984,1,204
Pat Cash,Grass,1986,1,172
Pat Cash,Grass,1987,6,1285
Pat Cash,Grass,1988,1,161
Pat Cash,Grass,1990,1,184
Pat Cash,Grass,1992,2,541
Pat Cash,Hard,1984,1,327
Pat Cash,Hard,1988,2,619
Pat Cash,Hard,1991,1,223
Patrick Brady,Hard,2024,1,97
Patrick Kaukovalta,Hard,2023,1,107
Patrick Kypson,Hard,2024,2,257
Patrick Mcenroe,Hard,1991,2,610
Patrick Rafter,Clay,1995,2,403
Patrick Rafter,Clay,1997,2,468
Patrick Rafter,Clay,1999,1,200
Patrick Rafter,Grass,1996,2,408
Patrick Rafter,Grass,1998,2,333
Patrick Rafter,Grass,1999,3,664
Patrick Rafter,Grass,2000,3,722
Patrick Rafter,Grass,2001,4,1001
Patrick Rafter,Hard,1993,1,211
Patrick Rafter,Hard,1995,2,346
Patrick Rafter,Hard,1997,10,2096
Patrick Rafter,Hard,1998,9,1472
Patrick Rafter,Hard,1999,2,217
Patrick Rafter,Hard,2000,1,174
Patrick Rafter,Hard,2001,9,1518
Patrik Kuhnen,Clay,1990,1,201
Paul Annacone,Hard,1986,1,210
Paul Capdeville,Hard,2007,1,156
Paul Chamberlin,Grass,1989,1,123
Paul Haarhuis,Grass,1997,1,427
Paul Haarhuis,Hard,1991,1,217
Paul Haarhuis,Hard,1994,1,114
Paul Haarhuis,Hard,1996,1,185
Paul Henri Mathieu,Clay,2002,2,513
Paul Henri Mathieu,Clay,2009,1,112
Paul Henri Mathieu,Clay,2015,1,178
Paul Henri Mathieu,Grass,2005,1,166
Paul Henri Mathieu,Hard,2005,1,133
Paul Henri Mathieu,Hard,2013,1,163
Paul Henri Mathieu,Hard,2015,1,185
Paul Henri Mathieu,Hard,2016,1,86
Paul Jubb,Clay,2022,1,226
Paul Jubb,Grass,2022,1,318
Paul Jubb,Grass,2024,1,341
Paul Jubb,Hard,2022,1,209
Pavel Kotov,Clay,2022,1,205
Pavel Kotov,Clay,2024,2,300
Pavel Kotov,Hard,2021,1,107
Pavel Kotov,Hard,2023,1,102
Pavel Kotov,Hard,2024,2,244
Pavel Tsoy,Hard,2016,1,92
Pedja Krstin,Clay,2016,1,110
Pedro Araujo,Clay,2024,1,112
Pedro Cachin,Clay,2019,3,380
Pedro Cachin,Clay,2022,1,157
Pedro Cachin,Hard,2022,1,309
Pedro Cachin,Hard,2024,1,217
Pedro Martinez,Clay,2019,3,435
Pedro Martinez,Clay,2022,3,476
Pedro Martinez,Clay,2023,2,397
Pedro Martinez,Clay,2024,5,722
Pedro Martinez,Clay,2025,3,300
Pedro Martinez,Grass,2025,1,153
Pedro Martinez,Hard,2020,1,192
Pedro Martinez,Hard,2021,1,83
Pedro Martinez,Hard,2022,6,1023
Pedro Martinez,Hard,2023,1,154
Pedro Martinez,Hard,2024,1,318
Pedro Martinez,Hard,2025,2,238
Pedro Martinez,Hard,2026,1,120
Pedro Sousa,Clay,2019,2,232
Pete Sampras,Clay,1991,2,465
Pete Sampras,Clay,1992,4,820
Pete Sampras,Clay,1994,1,144
Pete Sampras,Clay,1995,2,498
Pete Sampras,Clay,1996,2,614
Pete Sampras,Clay,1998,1,127
Pete Sampras,Clay,1999,1,401
Pete Sampras,Clay,2002,2,329
Pete Sampras,Grass,1992,2,380
Pete Sampras,Grass,1993,5,977
Pete Sampras,Grass,1994,7,1295
Pete Sampras,Grass,1995,7,1505
Pete Sampras,Grass,1996,2,407
Pete Sampras,Grass,1997,7,1404
Pete Sampras,Grass,1998,2,560
Pete Sampras,Grass,1999,6,1190
Pete Sampras,Grass,2000,7,1275
Pete Sampras,Grass,2001,1,370
Pete Sampras,Hard,1990,11,1856
Pete Sampras,Hard,1991,11,2085
Pete Sampras,Hard,1992,14,2636
Pete Sampras,Hard,1993,14,2494
Pete Sampras,Hard,1994,19,4000
Pete Sampras,Hard,1995,17,3513
Pete Sampras,Hard,1996,16,2918
Pete Sampras,Hard,1997,18,3158
Pete Sampras,Hard,1998,15,2398
Pete Sampras,Hard,1999,7,887
Pete Sampras,Hard,2000,16,2837
Pete Sampras,Hard,2001,8,1435
Pete Sampras,Hard,2002,8,1631
Peter Bertran,Hard,2022,1,79
Peter Doohan,Grass,1987,1,258
Peter Fajta,Clay,2024,1,88
Peter Gojowczyk,Grass,2014,1,130
Peter Gojowczyk,Grass,2021,1,87
Peter Gojowczyk,Hard,2014,1,156
Peter Gojowczyk,Hard,2016,1,151
Peter Gojowczyk,Hard,2017,1,105
Peter Gojowczyk,Hard,2019,3,439
Peter Gojowczyk,Hard,2021,2,443
Peter Gojowczyk,Hard,2022,2,226
Peter Lundgren,Hard,1990,1,117
Peter Polansky,Hard,2013,1,167
Peter Polansky,Hard,2014,1,92
Peter Polansky,Hard,2016,1,101
Peter Polansky,Hard,2019,1,193
Petr Korda,Clay,1992,2,374
Petr Korda,Grass,1995,1,199
Petr Korda,Grass,1997,1,346
Petr Korda,Hard,1991,4,588
Petr Korda,Hard,1992,1,154
Petr Korda,Hard,1993,3,815
Petr Korda,Hard,1994,4,702
Petr Korda,Hard,1996,1,164
Petr Korda,Hard,1997,5,1234
Petr Korda,Hard,1998,2,360
Petr Korda,Hard,1999,1,332
Petros Tsitsipas,Clay,2024,1,96
Philipp Kohlschreiber,Clay,2012,1,203
Philipp Kohlschreiber,Clay,2014,1,129
Philipp Kohlschreiber,Clay,2015,3,494
Philipp Kohlschreiber,Clay,2016,2,463
Philipp Kohlschreiber,Clay,2017,5,826
Philipp Kohlschreiber,Clay,2018,8,1313
Philipp Kohlschreiber,Clay,2019,2,372
Philipp Kohlschreiber,Grass,2008,1,116
Philipp Kohlschreiber,Grass,2014,1,97
Philipp Kohlschreiber,Grass,2016,1,210
Philipp Kohlschreiber,Grass,2019,1,176
Philipp Kohlschreiber,Hard,2015,4,580
Philipp Kohlschreiber,Hard,2017,2,254
Philipp Kohlschreiber,Hard,2018,3,555
Philipp Kohlschreiber,Hard,2019,4,451
Philipp Petzschner,Grass,2010,2,449
Pierre Hugues Herbert,Clay,2018,1,153
Pierre Hugues Herbert,Clay,2019,1,96
Pierre Hugues Herbert,Clay,2021,1,305
Pierre Hugues Herbert,Clay,2024,1,184
Pierre Hugues Herbert,Grass,2014,1,97
Pierre Hugues Herbert,Grass,2017,1,180
Pierre Hugues Herbert,Grass,2019,1,172
Pierre Hugues Herbert,Hard,2015,1,140
Pierre Hugues Herbert,Hard,2019,2,412
Pierre Hugues Herbert,Hard,2020,2,346
Pierre Hugues Herbert,Hard,2021,1,235
Pierre Hugues Herbert,Hard,2025,2,200
Pol Martin Tiffon,Clay,2024,1,115
Potito Starace,Clay,2004,1,165
Potito Starace,Clay,2012,1,188
Prajnesh Gunneswaran,Clay,2020,1,155
Prajnesh Gunneswaran,Grass,2019,1,105
Prajnesh Gunneswaran,Hard,2019,2,254
Prajnesh Gunneswaran,Hard,2020,2,258
Preston Stearns,Hard,2025,1,134
Quentin Halys,Clay,2017,1,189
Quentin Halys,Clay,2024,1,80
Quentin Halys,Grass,2023,1,213
Quentin Halys,Grass,2025,2,242
Quentin Halys,Hard,2022,1,111
Quentin Halys,Hard,2023,4,723
Quentin Halys,Hard,2024,1,135
Quentin Halys,Hard,2025,1,97
Quentin Halys,Hard,2026,1,116
Radek Stepanek,Clay,2004,1,172
Radek Stepanek,Clay,2006,1,193
Radek Stepanek,Clay,2008,1,35
Radek Stepanek,Clay,2011,1,99
Radek Stepanek,Grass,2006,1,355
Radek Stepanek,Grass,2014,1,290
Radek Stepanek,Hard,2004,1,191
Radek Stepanek,Hard,2005,1,141
Radek Stepanek,Hard,2007,1,129
Radek Stepanek,Hard,2008,1,162
Radek Stepanek,Hard,2009,3,524
Radek Stepanek,Hard,2013,1,192
Radek Stepanek,Hard,2014,2,361
Radu Albot,Clay,2022,1,246
Radu Albot,Clay,2023,1,88
Radu Albot,Clay,2024,2,228
Radu Albot,Grass,2024,2,463
Radu Albot,Hard,2016,1,110
Radu Albot,Hard,2019,7,896
Radu Albot,Hard,2021,1,123
Radu Albot,Hard,2022,1,103
Radu Albot,Hard,2023,1,118
Radu Albot,Hard,2024,1,176
Rafael Arevalo,Hard,2008,1,106
Rafael Jodar,Clay,2026,6,805
Rafael Jodar,Hard,2025,1,175
Rafael Jodar,Hard,2026,3,317
Rafael Nadal,Clay,2003,1,88
Rafael Nadal,Clay,2004,1,300
Rafael Nadal,Clay,2005,4,918
Rafael Nadal,Clay,2006,7,1475
Rafael Nadal,Clay,2007,11,1791
Rafael Nadal,Clay,2008,8,1277
Rafael Nadal,Clay,2009,6,1044
Rafael Nadal,Clay,2010,9,1243
Rafael Nadal,Clay,2011,12,2186
Rafael Nadal,Clay,2012,4,591
Rafael Nadal,Clay,2013,10,1401
Rafael Nadal,Clay,2014,28,4079
Rafael Nadal,Clay,2015,10,1323
Rafael Nadal,Clay,2016,6,998
Rafael Nadal,Clay,2017,14,1891
Rafael Nadal,Clay,2018,10,1224
Rafael Nadal,Clay,2019,6,859
Rafael Nadal,Clay,2021,7,1213
Rafael Nadal,Clay,2022,5,949
Rafael Nadal,Clay,2024,7,936
Rafael Nadal,Grass,2003,1,182
Rafael Nadal,Grass,2005,1,224
Rafael Nadal,Grass,2006,5,989
Rafael Nadal,Grass,2007,4,724
Rafael Nadal,Grass,2008,5,1038
Rafael Nadal,Grass,2010,3,663
Rafael Nadal,Grass,2011,4,839
Rafael Nadal,Grass,2012,1,276
Rafael Nadal,Grass,2013,1,238
Rafael Nadal,Grass,2014,4,852
Rafael Nadal,Grass,2015,1,249
Rafael Nadal,Grass,2017,1,389
Rafael Nadal,Grass,2018,2,727
Rafael Nadal,Grass,2019,5,923
Rafael Nadal,Grass,2022,1,189
Rafael Nadal,Hard,2004,4,536
Rafael Nadal,Hard,2005,8,1638
Rafael Nadal,Hard,2006,6,982
Rafael Nadal,Hard,2007,12,1936
Rafael Nadal,Hard,2008,11,1723
Rafael Nadal,Hard,2009,15,2518
Rafael Nadal,Hard,2010,12,1985
Rafael Nadal,Hard,2011,11,1805
Rafael Nadal,Hard,2012,5,1236
Rafael Nadal,Hard,2013,13,1777
Rafael Nadal,Hard,2014,17,2672
Rafael Nadal,Hard,2015,15,2418
Rafael Nadal,Hard,2016,8,1483
Rafael Nadal,Hard,2017,28,4454
Rafael Nadal,Hard,2018,9,1913
Rafael Nadal,Hard,2019,13,1963
Rafael Nadal,Hard,2020,6,1039
Rafael Nadal,Hard,2021,1,287
Rafael Nadal,Hard,2022,17,3128
Rafael Nadal,Hard,2023,2,431
Rafael Nadal,Hard,2024,5,684
Rainer Schuettler,Grass,2008,1,164
Rainer Schuettler,Hard,2003,4,665
Rainer Schuettler,Hard,2004,1,130
Ramkumar Ramanathan,Hard,2016,1,107
Raphael Collignon,Clay,2024,1,183
Raphael Collignon,Hard,2024,2,357
Raphael Collignon,Hard,2025,3,758
Raul Brancaccio,Clay,2022,1,109
Raul Ramirez,Clay,1976,1,335
Rei Sakamoto,Hard,2024,2,363
Reilly Opelka,Clay,2020,1,187
Reilly Opelka,Clay,2021,5,706
Reilly Opelka,Clay,2022,5,704
Reilly Opelka,Clay,2025,1,102
Reilly Opelka,Grass,2019,2,468
Reilly Opelka,Grass,2022,2,411
Reilly Opelka,Grass,2024,1,89
Reilly Opelka,Grass,2025,1,99
Reilly Opelka,Hard,2019,10,1771
Reilly Opelka,Hard,2020,2,281
Reilly Opelka,Hard,2021,13,1742
Reilly Opelka,Hard,2022,6,867
Reilly Opelka,Hard,2024,1,249
Reilly Opelka,Hard,2025,7,989
Renzo Furlan,Hard,1997,1,292
Renzo Olivo,Clay,2014,1,129
Renzo Olivo,Clay,2016,1,144
Renzo Olivo,Clay,2021,1,218
Ricardas Berankis,Grass,2021,1,142
Ricardas Berankis,Hard,2013,1,141
Ricardas Berankis,Hard,2014,1,205
Ricardas Berankis,Hard,2018,1,160
Ricardas Berankis,Hard,2019,3,397
Ricardas Berankis,Hard,2022,1,121
Ricardo Hocevar,Clay,2014,1,105
Riccardo Bonadio,Clay,2019,2,359
Richard Gasquet,Clay,2002,1,211
Richard Gasquet,Clay,2005,3,522
Richard Gasquet,Clay,2007,1,161
Richard Gasquet,Clay,2011,3,456
Richard Gasquet,Clay,2012,1,97
Richard Gasquet,Clay,2013,2,505
Richard Gasquet,Clay,2014,1,166
Richard Gasquet,Clay,2015,3,369
Richard Gasquet,Clay,2016,2,396
Richard Gasquet,Clay,2018,1,152
Richard Gasquet,Clay,2019,1,178
Richard Gasquet,Clay,2021,1,104
Richard Gasquet,Clay,2022,1,107
Richard Gasquet,Clay,2023,2,326
Richard Gasquet,Clay,2024,2,404
Richard Gasquet,Clay,2025,2,362
Richard Gasquet,Grass,2006,1,139
Richard Gasquet,Grass,2007,2,524
Richard Gasquet,Grass,2008,1,375
Richard Gasquet,Grass,2015,2,534
Richard Gasquet,Grass,2017,1,172
Richard Gasquet,Grass,2019,1,194
Richard Gasquet,Grass,2021,1,190
Richard Gasquet,Grass,2023,2,424
Richard Gasquet,Grass,2024,1,113
Richard Gasquet,Hard,2006,4,947
Richard Gasquet,Hard,2007,3,344
Richard Gasquet,Hard,2008,2,407
Richard Gasquet,Hard,2009,1,382
Richard Gasquet,Hard,2011,2,225
Richard Gasquet,Hard,2012,3,350
Richard Gasquet,Hard,2013,5,665
Richard Gasquet,Hard,2014,1,207
Richard Gasquet,Hard,2015,4,505
Richard Gasquet,Hard,2016,2,180
Richard Gasquet,Hard,2017,5,596
Richard Gasquet,Hard,2018,4,630
Richard Gasquet,Hard,2019,3,347
Richard Gasquet,Hard,2021,4,529
Richard Gasquet,Hard,2022,4,596
Richard Gasquet,Hard,2023,4,503
Richard Gasquet,Hard,2024,2,204
Richard Gasquet,Hard,2025,2,286
Richard Krajicek,Clay,1993,1,222
Richard Krajicek,Clay,1996,2,437
Richard Krajicek,Grass,1993,1,241
Richard Krajicek,Grass,1996,4,750
Richard Krajicek,Grass,1997,1,295
Richard Krajicek,Grass,1998,2,554
Richard Krajicek,Hard,1992,3,927
Richard Krajicek,Hard,1994,2,455
Richard Krajicek,Hard,1995,4,942
Richard Krajicek,Hard,1996,2,375
Richard Krajicek,Hard,1997,2,322
Richard Krajicek,Hard,1998,4,665
Richard Krajicek,Hard,1999,3,688
Richard Krajicek,Hard,2000,1,241
Richey Reneberg,Grass,1994,1,155
Richey Reneberg,Hard,1993,1,112
Richey Reneberg,Hard,1996,1,126
Rinky Hijikata,Grass,2024,2,386
Rinky Hijikata,Hard,2023,3,535
Rinky Hijikata,Hard,2024,5,872
Rinky Hijikata,Hard,2025,1,112
Rinky Hijikata,Hard,2026,1,163
Rio Noguchi,Hard,2022,1,91
Robby Ginepri,Clay,2014,1,138
Robby Ginepri,Hard,2001,1,172
Robby Ginepri,Hard,2005,3,632
Robert Kendrick,Hard,2007,1,175
Roberto Bautista Agut,Clay,2014,1,128
Roberto Bautista Agut,Clay,2015,1,141
Roberto Bautista Agut,Clay,2018,1,107
Roberto Bautista Agut,Clay,2019,2,350
Roberto Bautista Agut,Clay,2020,1,113
Roberto Bautista Agut,Clay,2021,2,346
Roberto Bautista Agut,Clay,2022,1,198
Roberto Bautista Agut,Clay,2023,3,430
Roberto Bautista Agut,Clay,2024,1,168
Roberto Bautista Agut,Clay,2025,2,342
Roberto Bautista Agut,Grass,2018,1,26
Roberto Bautista Agut,Grass,2019,4,836
Roberto Bautista Agut,Grass,2022,1,122
Roberto Bautista Agut,Grass,2023,2,513
Roberto Bautista Agut,Grass,2025,2,272
Roberto Bautista Agut,Hard,2013,2,281
Roberto Bautista Agut,Hard,2014,1,105
Roberto Bautista Agut,Hard,2015,6,802
Roberto Bautista Agut,Hard,2016,4,603
Roberto Bautista Agut,Hard,2017,2,221
Roberto Bautista Agut,Hard,2018,1,173
Roberto Bautista Agut,Hard,2019,9,1407
Roberto Bautista Agut,Hard,2020,2,346
Roberto Bautista Agut,Hard,2021,6,971
Roberto Bautista Agut,Hard,2022,9,1236
Roberto Bautista Agut,Hard,2023,8,1375
Roberto Bautista Agut,Hard,2024,2,294
Roberto Bautista Agut,Hard,2026,1,151
Roberto Carballes Baena,Clay,2017,1,229
Roberto Carballes Baena,Clay,2018,1,99
Roberto Carballes Baena,Clay,2019,3,467
Roberto Carballes Baena,Clay,2020,1,174
Roberto Carballes Baena,Clay,2021,1,184
Roberto Carballes Baena,Clay,2022,3,391
Roberto Carballes Baena,Clay,2023,2,457
Roberto Carballes Baena,Clay,2024,4,591
Roberto Carballes Baena,Hard,2021,1,148
Roberto Carballes Baena,Hard,2022,2,356
Roberto Carballes Baena,Hard,2023,3,441
Roberto Carballes Baena,Hard,2024,2,195
Roberto Cid,Clay,2019,1,145
Roberto Marcora,Hard,2021,1,90
Roberto Quiroz,Hard,2021,1,122
Robin Bertrand,Hard,2025,1,96
Robin Haase,Clay,2012,1,203
Robin Haase,Clay,2016,2,197
Robin Haase,Clay,2017,1,95
Robin Haase,Clay,2019,9,1367
Robin Haase,Clay,2021,1,218
Robin Haase,Clay,2022,2,234
Robin Haase,Clay,2024,1,129
Robin Haase,Grass,2019,2,365
Robin Haase,Hard,2013,1,99
Robin Haase,Hard,2016,1,100
Robin Haase,Hard,2017,1,128
Robin Haase,Hard,2018,1,321
Robin Haase,Hard,2019,16,2683
Robin Haase,Hard,2020,4,722
Robin Haase,Hard,2021,2,412
Robin Haase,Hard,2022,1,183
Robin Soderling,Clay,2009,2,441
Robin Soderling,Clay,2010,2,421
Robin Soderling,Clay,2011,1,100
Robin Soderling,Grass,2009,1,200
Robin Soderling,Hard,2004,1,140
Robin Soderling,Hard,2008,1,158
Robin Soderling,Hard,2009,5,888
Robin Soderling,Hard,2010,7,938
Robin Soderling,Hard,2011,4,703
Robin Vik,Hard,2006,1,100
Rod Frawley,Grass,1981,1,236
Rod Laver,Clay,1976,1,122
Rod Laver,Grass,1960,1,288
Rod Laver,Grass,1969,3,718
Rodrigo Pacheco Mendez,Hard,2025,1,230
Roger Federer,Clay,1999,1,313
Roger Federer,Clay,2000,1,233
Roger Federer,Clay,2001,3,739
Roger Federer,Clay,2002,5,824
Roger Federer,Clay,2003,7,1094
Roger Federer,Clay,2004,9,1350
Roger Federer,Clay,2005,10,1633
Roger Federer,Clay,2006,15,2799
Roger Federer,Clay,2007,8,1438
Roger Federer,Clay,2008,12,1975
Roger Federer,Clay,2009,8,1536
Roger Federer,Clay,2010,4,767
Roger Federer,Clay,2011,8,1750
Roger Federer,Clay,2012,8,1210
Roger Federer,Clay,2013,3,419
Roger Federer,Clay,2014,5,986
Roger Federer,Clay,2015,11,1771
Roger Federer,Clay,2016,3,460
Roger Federer,Clay,2019,6,1298
Roger Federer,Clay,2021,3,708
Roger Federer,Grass,1998,1,117
Roger Federer,Grass,2000,1,228
Roger Federer,Grass,2001,4,1022
Roger Federer,Grass,2002,1,179
Roger Federer,Grass,2003,5,874
Roger Federer,Grass,2004,9,1521
Roger Federer,Grass,2005,6,1083
Roger Federer,Grass,2006,7,1179
Roger Federer,Grass,2007,3,676
Roger Federer,Grass,2008,6,1213
Roger Federer,Grass,2009,4,996
Roger Federer,Grass,2010,4,943
Roger Federer,Grass,2011,3,812
Roger Federer,Grass,2012,12,2171
Roger Federer,Grass,2013,2,399
Roger Federer,Grass,2014,5,1091
Roger Federer,Grass,2015,8,1478
Roger Federer,Grass,2016,4,1026
Roger Federer,Grass,2017,7,1182
Roger Federer,Grass,2018,14,2434
Roger Federer,Grass,2019,8,1769
Roger Federer,Grass,2021,5,1045
Roger Federer,Hard,1998,1,103
Roger Federer,Hard,1999,1,186
Roger Federer,Hard,2000,11,2065
Roger Federer,Hard,2001,8,1346
Roger Federer,Hard,2002,20,3361
Roger Federer,Hard,2003,24,4295
Roger Federer,Hard,2004,34,5240
Roger Federer,Hard,2005,32,5324
Roger Federer,Hard,2006,42,6859
Roger Federer,Hard,2007,24,3799
Roger Federer,Hard,2008,20,3619
Roger Federer,Hard,2009,21,4062
Roger Federer,Hard,2010,26,4355
Roger Federer,Hard,2011,25,3710
Roger Federer,Hard,2012,24,3773
Roger Federer,Hard,2013,15,2798
Roger Federer,Hard,2014,17,2735
Roger Federer,Hard,2015,33,5057
Roger Federer,Hard,2016,7,1213
Roger Federer,Hard,2017,25,4388
Roger Federer,Hard,2018,30,5089
Roger Federer,Hard,2019,27,3775
Roger Federer,Hard,2020,5,1217
Roger Federer,Hard,2021,1,228
Rogerio Dutra Silva,Clay,2015,1,63
Rohan Bopanna,Grass,2006,1,132
Roman Andres Burruchaga,Clay,2022,1,172
Roman Safiullin,Clay,2019,1,153
Roman Safiullin,Clay,2024,1,95
Roman Safiullin,Grass,2023,2,547
Roman Safiullin,Hard,2017,1,101
Roman Safiullin,Hard,2022,2,464
Roman Safiullin,Hard,2024,5,793
Roman Safiullin,Hard,2025,3,562
Ronit Karki,Grass,2025,1,96
Roscoe Tanner,Grass,1977,1,170
Roy Smith,Hard,2018,1,223
Ruben Bemelmans,Grass,2019,1,156
Ruben Bemelmans,Hard,2017,1,194
Ruben Gonzales,Hard,2016,1,77
Ruben Ramirez Hidalgo,Clay,2008,1,193
Ruben Ramirez Hidalgo,Hard,2015,1,109
Rudolf Molleker,Clay,2019,1,174
Rudolf Molleker,Grass,2019,1,216
Rudy Coco,Hard,2014,1,102
Ryan Harrison,Clay,2017,1,101
Ryan Harrison,Hard,2018,2,302
Ryan Seggerman,Hard,2024,1,117
Ryo Tabata,Hard,2026,1,121
Saidalo Saidkarimov,Hard,2019,1,72
Salvatore Caruso,Clay,2021,1,230
Salvatore Caruso,Hard,2019,1,167
Sam Querrey,Grass,2015,3,530
Sam Querrey,Grass,2016,1,262
Sam Querrey,Grass,2017,2,519
Sam Querrey,Grass,2018,1,202
Sam Querrey,Grass,2019,1,246
Sam Querrey,Grass,2022,2,173
Sam Querrey,Hard,2010,1,205
Sam Querrey,Hard,2015,1,148
Sam Querrey,Hard,2017,2,243
Sam Querrey,Hard,2019,3,571
Sam Querrey,Hard,2022,2,417
Samuel Groth,Grass,2015,2,451
Sanam Singh,Hard,2015,1,85
Sandro Ehrat,Clay,2019,1,170
Sanjar Fayziev,Clay,2017,1,119
Santiago Giraldo,Clay,2015,2,271
Sargis Sargsian,Hard,2004,1,152
Sascha Gueymard Wayenburg,Clay,2022,1,119
Scott Draper,Grass,1999,1,161
Scott Draper,Hard,1998,1,77
Scott Griekspoor,Clay,2018,1,162
Scott Griekspoor,Hard,2015,1,86
Scott Griekspoor,Hard,2019,1,166
Scoville Jenkins,Hard,2005,1,197
Sebastian Baez,Clay,2021,6,781
Sebastian Baez,Clay,2022,10,1747
Sebastian Baez,Clay,2023,5,820
Sebastian Baez,Clay,2024,8,1235
Sebastian Baez,Clay,2025,2,259
Sebastian Baez,Grass,2024,1,103
Sebastian Baez,Hard,2022,5,565
Sebastian Baez,Hard,2023,5,711
Sebastian Baez,Hard,2024,4,454
Sebastian Baez,Hard,2025,2,215
Sebastian Baez,Hard,2026,2,237
Sebastian Fanselow,Hard,2015,1,87
Sebastian Korda,Clay,2022,2,385
Sebastian Korda,Clay,2024,3,422
Sebastian Korda,Clay,2025,3,450
Sebastian Korda,Grass,2023,1,260
Sebastian Korda,Grass,2024,7,1220
Sebastian Korda,Hard,2021,2,354
Sebastian Korda,Hard,2022,5,1002
Sebastian Korda,Hard,2023,10,1879
Sebastian Korda,Hard,2024,8,1288
Sebastian Korda,Hard,2025,6,1058
Sebastian Korda,Hard,2026,2,385
Sebastian Ofner,Clay,2022,1,160
Sebastian Ofner,Clay,2023,2,303
Sebastian Ofner,Clay,2024,3,370
Sebastian Ofner,Clay,2025,1,108
Sebastian Ofner,Hard,2023,2,284
Sebastien Grosjean,Clay,2002,2,365
Sebastien Grosjean,Grass,2001,1,183
Sebastien Grosjean,Grass,2003,1,172
Sebastien Grosjean,Grass,2004,2,332
Sebastien Grosjean,Grass,2005,1,243
Sebastien Grosjean,Hard,1999,1,419
Sebastien Grosjean,Hard,2000,1,113
Sebastien Grosjean,Hard,2001,4,745
Sebastien Grosjean,Hard,2002,1,158
Sebastien Lareau,Grass,1999,1,148
Seong Chan Hong,Hard,2024,1,113
Sergey Fomin,Clay,2019,1,168
Sergey Fomin,Clay,2022,1,144
Sergi Bruguera,Clay,1991,1,334
Sergi Bruguera,Clay,1993,4,697
Sergi Bruguera,Clay,1994,4,770
Sergi Bruguera,Clay,1995,2,447
Sergi Bruguera,Clay,1996,1,309
Sergi Bruguera,Clay,1997,2,462
Sergi Bruguera,Hard,1990,1,105
Sergi Bruguera,Hard,1993,2,216
Sergi Bruguera,Hard,1994,2,348
Sergi Bruguera,Hard,1995,1,109
Sergi Bruguera,Hard,1996,1,138
Sergi Bruguera,Hard,1997,1,175
Sergio Casal,Hard,1986,1,199
Sergio Cortes,Hard,1993,1,169
Sergiy Stakhovsky,Clay,2013,1,148
Sergiy Stakhovsky,Clay,2017,1,231
Sergiy Stakhovsky,Grass,2013,1,323
Sergiy Stakhovsky,Grass,2019,2,388
Sergiy Stakhovsky,Hard,2014,1,122
Sergiy Stakhovsky,Hard,2015,5,628
Sergiy Stakhovsky,Hard,2017,1,127
Sergiy Stakhovsky,Hard,2019,2,244
Sergiy Stakhovsky,Hard,2020,1,134
Sergiy Stakhovsky,Hard,2022,1,118
Shintaro Mochizuki,Clay,2024,1,286
Shintaro Mochizuki,Hard,2026,1,118
Sho Katayama,Hard,2015,1,99
Sho Shimabukuro,Grass,2023,1,138
Simone Bolelli,Hard,2015,3,426
Sjeng Schalken,Grass,2002,1,328
Sjeng Schalken,Grass,2003,1,194
Sjeng Schalken,Grass,2004,1,223
Sjeng Schalken,Hard,2002,2,567
Sjeng Schalken,Hard,2004,1,133
Slobodan Zivojinovic,Grass,1985,1,148
Slobodan Zivojinovic,Grass,1986,1,285
Slobodan Zivojinovic,Hard,1987,1,329
Somdev Devvarman,Hard,2013,1,102
Somdev Devvarman,Hard,2014,1,113
Soon Woo Kwon,Hard,2018,1,170
Soon Woo Kwon,Hard,2022,4,617
Soon Woo Kwon,Hard,2023,1,174
Stan Smith,Grass,1971,2,505
Stan Wawrinka,Clay,2008,1,158
Stan Wawrinka,Clay,2009,1,162
Stan Wawrinka,Clay,2010,2,283
Stan Wawrinka,Clay,2011,1,159
Stan Wawrinka,Clay,2013,4,715
Stan Wawrinka,Clay,2014,3,440
Stan Wawrinka,Clay,2015,6,1028
Stan Wawrinka,Clay,2016,1,215
Stan Wawrinka,Clay,2017,2,490
Stan Wawrinka,Clay,2018,1,112
Stan Wawrinka,Clay,2019,3,573
Stan Wawrinka,Clay,2020,1,141
Stan Wawrinka,Clay,2022,2,294
Stan Wawrinka,Clay,2023,3,518
Stan Wawrinka,Clay,2024,2,268
Stan Wawrinka,Clay,2025,2,431
Stan Wawrinka,Grass,2008,1,240
Stan Wawrinka,Grass,2012,1,135
Stan Wawrinka,Grass,2014,2,346
Stan Wawrinka,Grass,2015,1,323
Stan Wawrinka,Grass,2018,1,202
Stan Wawrinka,Grass,2019,3,658
Stan Wawrinka,Grass,2022,2,357
Stan Wawrinka,Grass,2023,1,215
Stan Wawrinka,Grass,2024,1,191
Stan Wawrinka,Hard,2006,1,133
Stan Wawrinka,Hard,2007,1,101
Stan Wawrinka,Hard,2008,1,190
Stan Wawrinka,Hard,2010,2,367
Stan Wawrinka,Hard,2011,2,259
Stan Wawrinka,Hard,2012,1,178
Stan Wawrinka,Hard,2013,2,522
Stan Wawrinka,Hard,2014,5,1051
Stan Wawrinka,Hard,2015,11,1696
Stan Wawrinka,Hard,2016,9,1818
Stan Wawrinka,Hard,2017,6,996
Stan Wawrinka,Hard,2018,7,1193
Stan Wawrinka,Hard,2019,12,2169
Stan Wawrinka,Hard,2020,3,646
Stan Wawrinka,Hard,2021,2,439
Stan Wawrinka,Hard,2022,6,1014
Stan Wawrinka,Hard,2023,7,1291
Stan Wawrinka,Hard,2024,5,915
Stan Wawrinka,Hard,2025,2,438
Stan Wawrinka,Hard,2026,4,665
Stefan Edberg,Clay,1988,2,511
Stefan Edberg,Clay,1989,2,636
Stefan Edberg,Clay,1991,2,411
Stefan Edberg,Clay,1992,4,972
Stefan Edberg,Clay,1993,4,783
Stefan Edberg,Clay,1994,4,999
Stefan Edberg,Clay,1995,3,412
Stefan Edberg,Clay,1996,4,726
Stefan Edberg,Grass,1985,2,562
Stefan Edberg,Grass,1987,3,793
Stefan Edberg,Grass,1988,3,711
Stefan Edberg,Grass,1989,4,933
Stefan Edberg,Grass,1990,5,879
Stefan Edberg,Grass,1991,5,892
Stefan Edberg,Grass,1992,2,457
Stefan Edberg,Grass,1993,3,774
Stefan Edberg,Grass,1994,1,355
Stefan Edberg,Grass,1996,2,399
Stefan Edberg,Hard,1985,3,701
Stefan Edberg,Hard,1986,6,1000
Stefan Edberg,Hard,1987,9,1722
Stefan Edberg,Hard,1988,4,917
Stefan Edberg,Hard,1989,11,1834
Stefan Edberg,Hard,1990,21,3400
Stefan Edberg,Hard,1991,16,2847
Stefan Edberg,Hard,1992,17,3621
Stefan Edberg,Hard,1993,12,2300
Stefan Edberg,Hard,1994,11,1907
Stefan Edberg,Hard,1995,13,2500
Stefan Edberg,Hard,1996,11,1882
Stefan Edberg,Hard,2012,1,75
Stefan Koubek,Clay,2003,1,100
Stefan Kozlov,Hard,2021,1,115
Stefan Kozlov,Hard,2022,1,252
Stefano Napolitano,Hard,2016,1,100
Stefano Pescosolido,Hard,1996,1,103
Stefano Travaglia,Clay,2019,1,122
Stefanos Sakellaridis,Hard,2025,3,358
Stefanos Tsitsipas,Clay,2018,4,559
Stefanos Tsitsipas,Clay,2019,3,359
Stefanos Tsitsipas,Clay,2020,2,503
Stefanos Tsitsipas,Clay,2021,12,1916
Stefanos Tsitsipas,Clay,2022,13,2223
Stefanos Tsitsipas,Clay,2023,7,912
Stefanos Tsitsipas,Clay,2024,12,1655
Stefanos Tsitsipas,Clay,2025,7,1205
Stefanos Tsitsipas,Clay,2026,2,382
Stefanos Tsitsipas,Grass,2016,1,200
Stefanos Tsitsipas,Grass,2018,2,331
Stefanos Tsitsipas,Grass,2019,1,316
Stefanos Tsitsipas,Grass,2022,3,608
Stefanos Tsitsipas,Grass,2023,4,1046
Stefanos Tsitsipas,Grass,2024,1,111
Stefanos Tsitsipas,Hard,2017,1,222
Stefanos Tsitsipas,Hard,2018,3,412
Stefanos Tsitsipas,Hard,2019,32,5434
Stefanos Tsitsipas,Hard,2020,5,786
Stefanos Tsitsipas,Hard,2021,13,2543
Stefanos Tsitsipas,Hard,2022,20,3115
Stefanos Tsitsipas,Hard,2023,21,3624
Stefanos Tsitsipas,Hard,2024,15,2304
Stefanos Tsitsipas,Hard,2025,7,1174
Stefanos Tsitsipas,Hard,2026,9,1243
Stephane Robert,Clay,2016,1,117
Stephane Robert,Clay,2019,1,190
Stephane Robert,Hard,2017,1,88
Stephane Robert,Hard,2019,1,140
Steve Darcis,Grass,2013,1,238
Steve Darcis,Hard,2015,1,141
Steve Darcis,Hard,2019,1,155
Steve Darcis,Hard,2020,2,370
Steve Denton,Grass,1982,1,170
Steve Johnson,Clay,2015,1,152
Steve Johnson,Clay,2017,1,204
Steve Johnson,Clay,2018,1,197
Steve Johnson,Clay,2019,1,157
Steve Johnson,Clay,2022,1,209
Steve Johnson,Grass,2019,1,176
Steve Johnson,Grass,2022,1,198
Steve Johnson,Hard,2015,3,483
Steve Johnson,Hard,2016,1,225
Steve Johnson,Hard,2017,3,575
Steve Johnson,Hard,2019,1,92
Steve Johnson,Hard,2020,1,139
Steve Johnson,Hard,2021,1,104
Steve Johnson,Hard,2022,4,563
Steven Diez,Clay,2014,1,129
Steven Diez,Clay,2022,2,221
Strong Kirchheimer,Hard,2024,1,117
Sumit Nagal,Clay,2019,1,130
Sumit Nagal,Clay,2023,1,128
Sumit Nagal,Hard,2026,2,363
Takao Suzuki,Hard,2005,1,189
Takao Suzuki,Hard,2006,1,199
Tallon Griekspoor,Clay,2019,2,263
Tallon Griekspoor,Clay,2021,7,1096
Tallon Griekspoor,Clay,2022,3,445
Tallon Griekspoor,Clay,2023,3,870
Tallon Griekspoor,Clay,2024,6,935
Tallon Griekspoor,Clay,2025,9,1616
Tallon Griekspoor,Clay,2026,1,195
Tallon Griekspoor,Grass,2023,2,408
Tallon Griekspoor,Grass,2024,1,103
Tallon Griekspoor,Grass,2025,1,154
Tallon Griekspoor,Hard,2018,1,146
Tallon Griekspoor,Hard,2019,4,607
Tallon Griekspoor,Hard,2020,4,584
Tallon Griekspoor,Hard,2021,4,724
Tallon Griekspoor,Hard,2022,8,1559
Tallon Griekspoor,Hard,2023,17,2834
Tallon Griekspoor,Hard,2024,19,3044
Tallon Griekspoor,Hard,2025,18,3298
Tallon Griekspoor,Hard,2026,6,721
Taro Daniel,Clay,2015,1,93
Taro Daniel,Clay,2019,1,153
Taro Daniel,Clay,2022,1,107
Taro Daniel,Hard,2014,1,102
Taro Daniel,Hard,2019,2,340
Taro Daniel,Hard,2022,3,343
Taro Daniel,Hard,2024,3,527
Taylor Dent,Grass,2002,1,172
Taylor Dent,Hard,2004,1,323
Taylor Fritz,Clay,2022,1,132
Taylor Fritz,Clay,2023,6,984
Taylor Fritz,Clay,2024,9,1043
Taylor Fritz,Clay,2025,4,600
Taylor Fritz,Grass,2019,1,170
Taylor Fritz,Grass,2021,1,241
Taylor Fritz,Grass,2022,3,511
Taylor Fritz,Grass,2023,1,136
Taylor Fritz,Grass,2024,1,281
Taylor Fritz,Grass,2025,9,1852
Taylor Fritz,Hard,2016,3,389
Taylor Fritz,Hard,2017,1,192
Taylor Fritz,Hard,2019,10,1333
Taylor Fritz,Hard,2020,4,871
Taylor Fritz,Hard,2021,8,1360
Taylor Fritz,Hard,2022,15,2571
Taylor Fritz,Hard,2023,11,1726
Taylor Fritz,Hard,2024,20,3032
Taylor Fritz,Hard,2025,18,2846
Taylor Fritz,Hard,2026,2,314
Tennys Sandgren,Clay,2016,1,94
Tennys Sandgren,Clay,2018,1,197
Tennys Sandgren,Hard,2014,1,259
Tennys Sandgren,Hard,2015,1,114
Tennys Sandgren,Hard,2019,4,614
Tennys Sandgren,Hard,2020,3,895
Tennys Sandgren,Hard,2021,1,97
Terence Atmane,Clay,2025,1,209
Teymuraz Gabashvili,Clay,2014,1,94
Teymuraz Gabashvili,Clay,2015,1,144
Teymuraz Gabashvili,Clay,2016,1,119
Teymuraz Gabashvili,Hard,2010,1,224
Teymuraz Gabashvili,Hard,2015,1,221
Teymuraz Gabashvili,Hard,2017,1,118
Thai Son Kwiatkowski,Hard,2018,1,223
Thanasi Kokkinakis,Clay,2021,1,91
Thanasi Kokkinakis,Clay,2023,1,89
Thanasi Kokkinakis,Clay,2024,1,321
Thanasi Kokkinakis,Grass,2015,1,112
Thanasi Kokkinakis,Hard,2013,1,148
Thanasi Kokkinakis,Hard,2014,1,152
Thanasi Kokkinakis,Hard,2015,2,259
Thanasi Kokkinakis,Hard,2018,1,194
Thanasi Kokkinakis,Hard,2021,1,354
Thanasi Kokkinakis,Hard,2022,3,572
Thanasi Kokkinakis,Hard,2023,8,1611
Thanasi Kokkinakis,Hard,2024,7,1146
Thiago Agustin Tirante,Clay,2020,1,158
Thiago Agustin Tirante,Clay,2023,1,244
Thiago Agustin Tirante,Clay,2024,1,126
Thiago Monteiro,Clay,2019,3,329
Thiago Monteiro,Clay,2020,1,240
Thiago Monteiro,Clay,2022,1,207
Thiago Monteiro,Clay,2023,1,181
Thiago Monteiro,Clay,2024,1,100
Thiago Monteiro,Clay,2026,1,121
Thiago Monteiro,Grass,2019,1,193
Thiago Monteiro,Hard,2022,1,103
Thiago Monteiro,Hard,2024,2,229
Thiago Monteiro,Hard,2025,1,309
Thiago Seyboth Wild,Clay,2019,1,132
Thiago Seyboth Wild,Clay,2020,1,291
Thiago Seyboth Wild,Clay,2021,1,199
Thiago Seyboth Wild,Clay,2023,2,657
Thiago Seyboth Wild,Clay,2024,3,453
Thiago Seyboth Wild,Clay,2026,1,79
Thiago Seyboth Wild,Grass,2024,1,341
Thiago Seyboth Wild,Hard,2023,1,191
Thiago Seyboth Wild,Hard,2024,3,553
Thiago Seyboth Wild,Hard,2025,2,289
Thiemo De Bakker,Clay,2019,1,168
Thiemo De Bakker,Hard,2013,1,113
Thiemo De Bakker,Hard,2016,1,218
Thiemo De Bakker,Hard,2019,1,181
Thierry Champion,Clay,1990,1,152
Thierry Champion,Clay,1991,1,157
Thierry Champion,Grass,1991,1,167
Thijs Boogaard,Hard,2024,1,118
Thijs Boogaard,Hard,2026,1,121
Thomas Enqvist,Grass,2001,1,192
Thomas Enqvist,Hard,1993,1,311
Thomas Enqvist,Hard,1995,3,518
Thomas Enqvist,Hard,1996,2,282
Thomas Enqvist,Hard,1997,1,178
Thomas Enqvist,Hard,1998,1,134
Thomas Enqvist,Hard,1999,4,804
Thomas Enqvist,Hard,2000,2,403
Thomas Fabbiano,Clay,2017,1,88
Thomas Fabbiano,Clay,2019,1,170
Thomas Fabbiano,Grass,2019,2,622
Thomas Fabbiano,Hard,2019,3,829
Thomas Johansson,Clay,1996,1,139
Thomas Johansson,Grass,2004,1,168
Thomas Johansson,Grass,2005,1,298
Thomas Johansson,Hard,1998,2,523
Thomas Johansson,Hard,1999,2,328
Thomas Johansson,Hard,2002,3,675
Thomas Johansson,Hard,2004,1,164
Thomas Muster,Clay,1988,1,268
Thomas Muster,Clay,1990,2,399
Thomas Muster,Clay,1991,1,308
Thomas Muster,Clay,1992,1,150
Thomas Muster,Clay,1993,1,220
Thomas Muster,Clay,1994,1,246
Thomas Muster,Clay,1995,5,1057
Thomas Muster,Clay,1996,4,905
Thomas Muster,Clay,1997,1,338
Thomas Muster,Hard,1989,1,247
Thomas Muster,Hard,1993,2,360
Thomas Muster,Hard,1994,2,304
Thomas Muster,Hard,1995,2,284
Thomas Muster,Hard,1996,2,306
Thomas Muster,Hard,1997,3,466
Thomas Muster,Hard,2011,1,108
Thomaz Bellucci,Clay,2011,1,155
Thomaz Bellucci,Clay,2012,1,193
Thomaz Bellucci,Clay,2015,2,245
Thomaz Bellucci,Clay,2017,1,204
Thomaz Bellucci,Clay,2023,1,123
Thomaz Bellucci,Grass,2012,1,193
Thomaz Bellucci,Hard,2012,1,187
Thomaz Bellucci,Hard,2015,1,132
Ti Chen,Hard,2015,1,93
Tim Henman,Clay,2002,1,205
Tim Henman,Grass,1995,1,197
Tim Henman,Grass,1996,2,616
Tim Henman,Grass,1997,3,870
Tim Henman,Grass,1998,2,451
Tim Henman,Grass,1999,3,891
Tim Henman,Grass,2001,3,796
Tim Henman,Grass,2002,2,361
Tim Henman,Grass,2006,1,151
Tim Henman,Hard,1996,2,414
Tim Henman,Hard,1998,2,328
Tim Henman,Hard,2000,3,594
Tim Henman,Hard,2001,2,345
Tim Henman,Hard,2002,1,100
Tim Henman,Hard,2003,2,300
Tim Henman,Hard,2004,4,507
Tim Henman,Hard,2005,1,98
Tim Henman,Hard,2006,1,107
Tim Mayotte,Grass,1985,1,314
Tim Mayotte,Grass,1989,1,240
Tim Mayotte,Hard,1985,1,162
Tim Mayotte,Hard,1989,1,149
Tim Smyczek,Hard,2014,1,204
Tim Smyczek,Hard,2015,3,674
Tim Smyczek,Hard,2016,1,127
Tim Van Rijthoven,Grass,2022,7,1286
Tim Van Rijthoven,Hard,2021,1,222
Tim Van Rijthoven,Hard,2022,4,742
Tim Van Rijthoven,Hard,2023,3,515
Tim Wilkison,Hard,1987,1,309
Timofey Skatov,Clay,2022,1,183
Timofey Skatov,Hard,2024,1,241
Timofey Skatov,Hard,2026,1,110
Titouan Droguet,Clay,2023,1,100
Tobias Kamke,Clay,2019,1,102
Tobias Kamke,Hard,2014,1,192
Todd Martin,Grass,1994,2,397
Todd Martin,Grass,1996,2,609
Todd Martin,Grass,1999,1,282
Todd Martin,Hard,1992,1,323
Todd Martin,Hard,1993,3,425
Todd Martin,Hard,1994,4,893
Todd Martin,Hard,1995,2,480
Todd Martin,Hard,1996,2,322
Todd Martin,Hard,1998,3,512
Todd Martin,Hard,1999,3,794
Todd Martin,Hard,2000,1,217
Todd Martin,Hard,2001,1,185
Todd Reid,Hard,2004,1,128
Todd Woodbridge,Clay,1990,1,181
Todd Woodbridge,Grass,1989,1,260
Todd Woodbridge,Grass,1997,1,174
Todd Woodbridge,Hard,1996,2,208
Todd Woodbridge,Hard,1998,2,243
Tomas Barrios Vera,Clay,2021,1,83
Tomas Barrios Vera,Clay,2024,2,318
Tomas Barrios Vera,Hard,2021,1,171
Tomas Behrend,Clay,2004,1,89
Tomas Berdych,Clay,2005,1,81
Tomas Berdych,Clay,2006,1,171
Tomas Berdych,Clay,2007,1,102
Tomas Berdych,Clay,2012,3,548
Tomas Berdych,Clay,2013,2,456
Tomas Berdych,Clay,2014,1,109
Tomas Berdych,Clay,2015,6,685
Tomas Berdych,Clay,2016,1,100
Tomas Berdych,Clay,2017,2,254
Tomas Berdych,Clay,2018,1,138
Tomas Berdych,Grass,2006,1,155
Tomas Berdych,Grass,2010,3,606
Tomas Berdych,Grass,2014,1,243
Tomas Berdych,Grass,2016,1,161
Tomas Berdych,Grass,2017,3,533
Tomas Berdych,Hard,2005,2,403
Tomas Berdych,Hard,2006,1,86
Tomas Berdych,Hard,2008,2,292
Tomas Berdych,Hard,2009,1,310
Tomas Berdych,Hard,2010,4,644
Tomas Berdych,Hard,2011,6,910
Tomas Berdych,Hard,2012,9,1910
Tomas Berdych,Hard,2013,5,816
Tomas Berdych,Hard,2014,7,1207
Tomas Berdych,Hard,2015,11,1590
Tomas Berdych,Hard,2016,4,659
Tomas Berdych,Hard,2017,3,461
Tomas Berdych,Hard,2018,1,190
Tomas Berdych,Hard,2019,2,326
Tomas Carbonell,Hard,1990,1,161
Tomas Machac,Clay,2024,3,520
Tomas Machac,Clay,2025,1,164
Tomas Machac,Clay,2026,1,136
Tomas Machac,Grass,2024,2,443
Tomas Machac,Hard,2020,1,177
Tomas Machac,Hard,2022,2,434
Tomas Machac,Hard,2023,1,285
Tomas Machac,Hard,2024,11,1506
Tomas Machac,Hard,2025,8,1091
Tomas Machac,Hard,2026,1,272
Tomas Martin Etcheverry,Clay,2023,4,715
Tomas Martin Etcheverry,Clay,2024,4,683
Tomas Martin Etcheverry,Clay,2025,2,314
Tomas Martin Etcheverry,Clay,2026,1,115
Tomas Martin Etcheverry,Hard,2022,1,185
Tomas Martin Etcheverry,Hard,2023,3,451
Tomas Martin Etcheverry,Hard,2024,6,984
Tomas Martin Etcheverry,Hard,2025,1,131
Tomas Martin Etcheverry,Hard,2026,2,474
Tomas Smid,Hard,1980,1,277
Tomas Zib,Hard,2006,1,85
Tomasz Berkieta,Clay,2024,1,180
Tommy Haas,Clay,2002,1,166
Tommy Haas,Clay,2009,1,275
Tommy Haas,Clay,2012,1,148
Tommy Haas,Clay,2014,1,174
Tommy Haas,Grass,2006,1,218
Tommy Haas,Grass,2009,2,441
Tommy Haas,Grass,2012,1,154
Tommy Haas,Grass,2015,1,124
Tommy Haas,Grass,2017,2,381
Tommy Haas,Hard,1996,1,217
Tommy Haas,Hard,1999,3,557
Tommy Haas,Hard,2000,3,554
Tommy Haas,Hard,2001,6,1008
Tommy Haas,Hard,2002,2,653
Tommy Haas,Hard,2004,1,143
Tommy Haas,Hard,2006,4,758
Tommy Haas,Hard,2007,4,725
Tommy Haas,Hard,2009,1,160
Tommy Haas,Hard,2012,2,375
Tommy Haas,Hard,2013,2,202
Tommy Haas,Hard,2014,1,116
Tommy Paul,Clay,2022,2,340
Tommy Paul,Clay,2023,2,370
Tommy Paul,Clay,2024,2,404
Tommy Paul,Clay,2025,8,1581
Tommy Paul,Grass,2022,4,559
Tommy Paul,Grass,2023,2,420
Tommy Paul,Grass,2024,5,922
Tommy Paul,Hard,2016,1,92
Tommy Paul,Hard,2019,1,131
Tommy Paul,Hard,2020,1,189
Tommy Paul,Hard,2021,2,263
Tommy Paul,Hard,2022,10,1523
Tommy Paul,Hard,2023,16,2516
Tommy Paul,Hard,2024,13,2048
Tommy Paul,Hard,2025,5,1054
Tommy Paul,Hard,2026,3,543
Tommy Robredo,Clay,2003,1,84
Tommy Robredo,Clay,2005,1,333
Tommy Robredo,Clay,2006,1,193
Tommy Robredo,Clay,2007,1,189
Tommy Robredo,Clay,2015,1,158
Tommy Robredo,Clay,2019,1,133
Tommy Robredo,Clay,2022,1,93
Tommy Robredo,Grass,2005,1,124
Tommy Robredo,Hard,2003,1,109
Tommy Robredo,Hard,2004,2,212
Tommy Robredo,Hard,2006,2,306
Tommy Robredo,Hard,2007,2,365
Tommy Robredo,Hard,2013,2,336
Tommy Robredo,Hard,2014,2,442
Tommy Robredo,Hard,2015,3,342
Tony Roche,Grass,1969,1,248
Tony Roche,Grass,1975,1,319
Tristan Schoolkate,Hard,2021,1,139
Tristan Schoolkate,Hard,2024,1,315
Tristan Schoolkate,Hard,2025,1,238
Tsung Hua Yang,Hard,2019,2,244
Tung Lin Wu,Hard,2022,1,198
Ty Trombetta,Hard,2014,1,118
Ugo Blanchet,Clay,2025,1,269
Ugo Blanchet,Hard,2022,1,196
Ugo Blanchet,Hard,2026,1,148
Ugo Humbert,Clay,2024,4,614
Ugo Humbert,Clay,2026,1,136
Ugo Humbert,Grass,2022,1,154
Ugo Humbert,Grass,2024,2,272
Ugo Humbert,Hard,2019,6,1146
Ugo Humbert,Hard,2020,2,344
Ugo Humbert,Hard,2022,2,195
Ugo Humbert,Hard,2023,8,1204
Ugo Humbert,Hard,2024,18,2471
Ugo Humbert,Hard,2025,10,1286
Ugo Humbert,Hard,2026,4,533
Uladzimir Ignatik,Hard,2017,1,156
Ulises Blanch,Clay,2018,1,111
Vaclav Safranek,Clay,2019,1,208
Valentin Royer,Clay,2025,2,472
Valentin Royer,Hard,2025,1,151
Valentin Royer,Hard,2026,2,436
Valentin Vacherot,Clay,2024,2,397
Valentin Vacherot,Clay,2026,3,492
Valentin Vacherot,Hard,2025,4,513
Valentin Vacherot,Hard,2026,1,164
Vasek Pospisil,Grass,2013,1,319
Vasek Pospisil,Hard,2013,2,424
Vasek Pospisil,Hard,2015,1,144
Vasek Pospisil,Hard,2017,2,192
Vasek Pospisil,Hard,2019,1,161
Vasek Pospisil,Hard,2020,6,1097
Vasek Pospisil,Hard,2021,1,152
Vasek Pospisil,Hard,2022,1,111
Vasek Pospisil,Hard,2023,1,277
Victor Estrella,Clay,2016,1,123
Victor Estrella,Clay,2019,2,256
Victor Estrella,Hard,2014,1,240
Victor Estrella,Hard,2018,1,127
Victor Hanescu,Clay,2005,1,202
Victor Hanescu,Clay,2009,1,142
Victor Hanescu,Hard,2010,1,160
Victor Pecci,Clay,1981,1,201
Viktor Durasovic,Hard,2021,1,131
Viktor Durasovic,Hard,2022,1,143
Viktor Troicki,Clay,2021,1,199
Viktor Troicki,Grass,2016,1,121
Viktor Troicki,Grass,2019,1,102
Viktor Troicki,Hard,2009,1,123
Viktor Troicki,Hard,2011,1,168
Viktor Troicki,Hard,2013,1,108
Viktor Troicki,Hard,2015,1,89
Viktor Troicki,Hard,2016,2,277
Viktor Troicki,Hard,2017,1,86
Viktor Troicki,Hard,2019,1,109
Vilius Gaubas,Clay,2024,1,219
Vilius Gaubas,Clay,2025,1,139
Vincent Millot,Hard,2016,1,100
Vincent Spadea,Hard,2003,1,129
Vincent Spadea,Hard,2006,1,149
Vincenzo Santopadre,Clay,2001,1,112
Vit Kopriva,Clay,2026,1,127
Vit Kopriva,Grass,2024,1,154
Vit Kopriva,Hard,2025,1,131
Vitas Gerulaitis,Clay,1980,1,157
Vitas Gerulaitis,Hard,1980,2,246
Vitas Gerulaitis,Hard,1981,1,286
Vitas Gerulaitis,Hard,1982,1,352
Vladimir Ivanov,Clay,2012,3,252
Vladimir Ivanov,Clay,2015,1,123
Vladimir Voltchkov,Grass,2000,1,171
Wally Masur,Grass,1987,1,208
Wally Masur,Hard,1992,1,100
Wally Masur,Hard,1993,1,252
Wayne Arthurs,Clay,2001,1,253
Wayne Ferreira,Hard,1992,2,397
Wayne Ferreira,Hard,1993,1,160
Wayne Ferreira,Hard,1994,2,234
Wayne Ferreira,Hard,1995,2,347
Wayne Ferreira,Hard,1996,2,302
Wayne Ferreira,Hard,1998,1,72
Wayne Ferreira,Hard,2000,3,605
Wayne Ferreira,Hard,2003,1,151
Wayne Odesnik,Clay,2009,1,138
Werner Eschauer,Grass,2007,1,134
Wesley Moodie,Hard,2005,1,162
Wesley Moodie,Hard,2006,1,84
William Rejchtman Vinciguerra,Clay,2025,1,115
Wojtek Fibak,Clay,1982,1,352
Xavier Malisse,Clay,1999,1,313
Xavier Malisse,Grass,2002,1,297
Xavier Malisse,Hard,2006,1,222
Xavier Malisse,Hard,2011,1,168
Yannick Hanfmann,Clay,2023,4,560
Yannick Hanfmann,Clay,2024,1,124
Yannick Hanfmann,Clay,2025,2,333
Yannick Hanfmann,Grass,2024,1,240
Yannick Hanfmann,Hard,2021,1,100
Yannick Hanfmann,Hard,2024,5,645
Yannick Hanfmann,Hard,2025,1,99
Yannick Maden,Clay,2017,1,93
Yannick Maden,Hard,2019,1,234
Yannick Mertens,Hard,2015,2,188
Yannick Noah,Clay,1982,2,649
Yannick Noah,Clay,1983,2,349
Yannick Noah,Clay,1985,1,255
Yannick Noah,Clay,1990,1,311
Yannick Noah,Hard,1990,2,318
Yannick Noah,Hard,1991,1,143
Yasutaka Uchiyama,Hard,2019,1,184
Yasutaka Uchiyama,Hard,2022,1,198
Yasutaka Uchiyama,Hard,2023,1,152
Yen Hsun Lu,Hard,2015,1,180
Yevgeny Kafelnikov,Clay,1994,1,234
Yevgeny Kafelnikov,Clay,1995,5,1027
Yevgeny Kafelnikov,Clay,1996,3,664
Yevgeny Kafelnikov,Clay,1997,1,267
Yevgeny Kafelnikov,Clay,2001,1,245
Yevgeny Kafelnikov,Clay,2002,1,178
Yevgeny Kafelnikov,Grass,1995,1,220
Yevgeny Kafelnikov,Grass,1996,1,374
Yevgeny Kafelnikov,Grass,1997,1,233
Yevgeny Kafelnikov,Grass,1998,1,127
Yevgeny Kafelnikov,Grass,1999,1,218
Yevgeny Kafelnikov,Grass,2000,1,228
Yevgeny Kafelnikov,Hard,1994,3,649
Yevgeny Kafelnikov,Hard,1995,2,482
Yevgeny Kafelnikov,Hard,1996,5,831
Yevgeny Kafelnikov,Hard,1997,6,978
Yevgeny Kafelnikov,Hard,1998,7,965
Yevgeny Kafelnikov,Hard,1999,10,1816
Yevgeny Kafelnikov,Hard,2000,6,1116
Yevgeny Kafelnikov,Hard,2001,5,663
Yevgeny Kafelnikov,Hard,2002,2,585
Yi Zhou,Hard,2025,1,201
Yibing Wu,Clay,2023,1,107
Yibing Wu,Grass,2023,1,126
Yibing Wu,Hard,2022,1,266
Yibing Wu,Hard,2023,1,206
Yibing Wu,Hard,2025,2,254
Yoshihito Nishioka,Clay,2018,1,90
Yoshihito Nishioka,Clay,2019,1,321
Yoshihito Nishioka,Clay,2023,2,465
Yoshihito Nishioka,Grass,2023,1,164
Yoshihito Nishioka,Grass,2024,1,132
Yoshihito Nishioka,Hard,2015,1,81
Yoshihito Nishioka,Hard,2017,1,140
Yoshihito Nishioka,Hard,2018,4,714
Yoshihito Nishioka,Hard,2019,6,953
Yoshihito Nishioka,Hard,2020,1,355
Yoshihito Nishioka,Hard,2021,3,286
Yoshihito Nishioka,Hard,2022,10,1377
Yoshihito Nishioka,Hard,2023,4,480
Yoshihito Nishioka,Hard,2024,1,196
Yoshihito Nishioka,Hard,2025,3,408
Yosuke Watanuki,Grass,2023,1,229
Yosuke Watanuki,Hard,2023,1,214
Yosuke Watanuki,Hard,2025,1,115
Younes El Aynaoui,Grass,2003,1,306
Younes El Aynaoui,Hard,2002,1,223
Younes El Aynaoui,Hard,2003,1,484
Younes Lalami Laaroussi,Clay,2023,1,96
Yu Hsiou Hsu,Hard,2023,2,301
Yuichi Ito,Hard,2015,1,81
Yuichi Sugita,Clay,2017,1,78
Yuichi Sugita,Grass,2019,1,162
Yuichi Sugita,Hard,2016,1,83
Yuichi Sugita,Hard,2019,1,245
Yuichi Sugita,Hard,2021,1,126
Yuki Bhambri,Grass,2015,1,69
Yuki Bhambri,Hard,2017,1,101
Zachary Svajda,Hard,2024,2,200
Zachary Svajda,Hard,2025,1,219
Zdenek Kolar,Clay,2022,2,471
Ze Zhang,Hard,2014,1,103
Ze Zhang,Hard,2015,1,87
Ze Zhang,Hard,2019,1,134
Zeljko Krajan,Hard,2002,1,113
Zhe Li,Hard,2017,1,109
Zhe Li,Hard,2019,1,181
Zhizhen Zhang,Clay,2023,1,85
Zhizhen Zhang,Clay,2024,3,360
Zhizhen Zhang,Grass,2023,1,98
Zhizhen Zhang,Grass,2024,1,139
Zhizhen Zhang,Hard,2019,1,232
Zhizhen Zhang,Hard,2022,1,334
Zhizhen Zhang,Hard,2023,7,1291
Zhizhen Zhang,Hard,2024,3,385
Zhizhen Zhang,Hard,2025,4,569
Zhizhen Zhang,Hard,2026,1,100
Ziga Sesko,Hard,2026,2,295
Zizou Bergs,Clay,2025,1,265
Zizou Bergs,Grass,2025,3,449
Zizou Bergs,Hard,2021,1,175
Zizou Bergs,Hard,2023,1,193
Zizou Bergs,Hard,2024,5,800
Zizou Bergs,Hard,2025,5,687
Zizou Bergs,Hard,2026,2,424
Zsombor Piros,Clay,2024,1,189
Zsombor Piros,Hard,2021,1,109
Zsombor Piros,Hard,2025,1,162
