fold,surface,rank,direction,comparison_scope,explanation_code,orientations,share_within_rank_direction,mean_server_component,mean_opponent_component,mean_absolute_component_difference
2020,<ALL>,1,wide,surface,evidence_above_threshold,92,1.0,0.5380974892784928,0.5283981197385489,0.052800077121511066
2020,<ALL>,1,wide,surface,opponent_component_higher,40,0.43478260869565216,0.518041520340265,0.567607334059067,0.0495658137188022
2020,<ALL>,1,wide,surface,recommendation_available,92,1.0,0.5380974892784928,0.5283981197385489,0.052800077121511066
2020,<ALL>,1,wide,surface,server_component_higher,52,0.5652173913043478,0.5535251576925142,0.4982371856458425,0.05528797204667173
2020,<ALL>,1,wide,surface,surface_history_used,92,1.0,0.5380974892784928,0.5283981197385489,0.052800077121511066
2020,<ALL>,1,body,surface,evidence_above_threshold,59,1.0,0.5155435008037923,0.5264259743284181,0.04922463022826892
2020,<ALL>,1,body,surface,opponent_component_higher,33,0.559322033898305,0.49900479707979767,0.5527369049801127,0.05373210790031497
2020,<ALL>,1,body,surface,recommendation_available,59,1.0,0.5155435008037923,0.5264259743284181,0.04922463022826892
2020,<ALL>,1,body,surface,server_component_higher,26,0.4406779661016949,0.5365349324534777,0.4930313315781903,0.04350360087528739
2020,<ALL>,1,body,surface,surface_history_used,59,1.0,0.5155435008037923,0.5264259743284181,0.04922463022826892
2020,<ALL>,1,T,surface,balanced_components,1,0.02702702702702703,0.5,0.5,0.0
2020,<ALL>,1,T,surface,evidence_above_threshold,37,1.0,0.5334538418954136,0.5230808155428905,0.059250533693941065
2020,<ALL>,1,T,surface,opponent_component_higher,14,0.3783783783783784,0.5062702359542318,0.5708583706553917,0.06458813470115975
2020,<ALL>,1,T,surface,recommendation_available,37,1.0,0.5334538418954136,0.5230808155428905,0.059250533693941065
2020,<ALL>,1,T,surface,server_component_higher,22,0.5945945945945946,0.5522731293986841,0.49372604481415777,0.0585470845845265
2020,<ALL>,1,T,surface,surface_history_used,37,1.0,0.5334538418954136,0.5230808155428905,0.059250533693941065
2020,<ALL>,1,wide,global,balanced_components,1,0.07142857142857142,0.5384615384615384,0.5384615384615384,0.0
2020,<ALL>,1,wide,global,evidence_above_threshold,14,1.0,0.5291113914948392,0.5419949225906554,0.04345831931315328
2020,<ALL>,1,wide,global,global_fallback_used,14,1.0,0.5291113914948392,0.5419949225906554,0.04345831931315328
2020,<ALL>,1,wide,global,opponent_component_higher,9,0.6428571428571429,0.5194993868914857,0.5633208260984621,0.04382143920697635
2020,<ALL>,1,wide,global,recommendation_available,14,1.0,0.5291113914948392,0.5419949225906554,0.04345831931315328
2020,<ALL>,1,wide,global,server_component_higher,4,0.2857142857142857,0.5484008651107096,0.49489498573037,0.053505879380339696
2020,<ALL>,1,body,global,evidence_above_threshold,5,1.0,0.5461534037226504,0.5351578520096721,0.031483983766026055
2020,<ALL>,1,body,global,global_fallback_used,5,1.0,0.5461534037226504,0.5351578520096721,0.031483983766026055
2020,<ALL>,1,body,global,opponent_component_higher,3,0.6,0.5151686206397453,0.5322423140172851,0.017073693377539795
2020,<ALL>,1,body,global,recommendation_available,5,1.0,0.5461534037226504,0.5351578520096721,0.031483983766026055
2020,<ALL>,1,body,global,server_component_higher,2,0.4,0.5926305783470082,0.5395311589982528,0.05309941934875545
2020,<ALL>,1,T,global,evidence_above_threshold,6,1.0,0.5404927801890455,0.5575617246278423,0.03777440559246977
2020,<ALL>,1,T,global,global_fallback_used,6,1.0,0.5404927801890455,0.5575617246278423,0.03777440559246977
2020,<ALL>,1,T,global,opponent_component_higher,4,0.6666666666666666,0.5139863570087255,0.5551188695321754,0.04113251252344988
2020,<ALL>,1,T,global,recommendation_available,6,1.0,0.5404927801890455,0.5575617246278423,0.03777440559246977
2020,<ALL>,1,T,global,server_component_higher,2,0.3333333333333333,0.5935056265496853,0.5624474348191757,0.031058191730509555
2020,<ALL>,2,wide,surface,evidence_above_threshold,69,1.0,0.49888611273978267,0.5103106226993667,0.055641470227420047
2020,<ALL>,2,wide,surface,narrow_score_margin,28,0.4057971014492754,0.5013672929279817,0.5083510195880975,0.04911367570190602
2020,<ALL>,2,wide,surface,opponent_component_higher,39,0.5652173913043478,0.47358858785379115,0.5329161857115253,0.059327597857734324
2020,<ALL>,2,wide,surface,recommendation_available,69,1.0,0.49888611273978267,0.5103106226993667,0.055641470227420047
2020,<ALL>,2,wide,surface,server_component_higher,30,0.43478260869565216,0.5317728950915718,0.48092339078356033,0.05084950430801148
2020,<ALL>,2,wide,surface,surface_history_used,69,1.0,0.49888611273978267,0.5103106226993667,0.055641470227420047
2020,<ALL>,2,body,surface,evidence_above_threshold,53,1.0,0.5100647166745068,0.5103972277792623,0.051672229659940686
2020,<ALL>,2,body,surface,narrow_score_margin,15,0.2830188679245283,0.4980524652032411,0.5097924038007062,0.05146093505912476
2020,<ALL>,2,body,surface,opponent_component_higher,23,0.4339622641509434,0.4858476229372716,0.5457661286009434,0.05991850566367173
2020,<ALL>,2,body,surface,recommendation_available,53,1.0,0.5100647166745068,0.5103972277792623,0.051672229659940686
2020,<ALL>,2,body,surface,server_component_higher,30,0.5660377358490566,0.528631155206387,0.4832810704826402,0.045350084723746874
2020,<ALL>,2,body,surface,surface_history_used,53,1.0,0.5100647166745068,0.5103972277792623,0.051672229659940686
2020,<ALL>,2,T,surface,evidence_above_threshold,66,1.0,0.5129535174679142,0.5016495268594926,0.06584192410452488
2020,<ALL>,2,T,surface,narrow_score_margin,23,0.3484848484848485,0.5269990953016562,0.49674485121373024,0.06471431582489426
2020,<ALL>,2,T,surface,opponent_component_higher,25,0.3787878787878788,0.4659936503151673,0.5379837225300237,0.07199007221485643
2020,<ALL>,2,T,surface,recommendation_available,66,1.0,0.5129535174679142,0.5016495268594926,0.06584192410452488
2020,<ALL>,2,T,surface,server_component_higher,41,0.6212121212121212,0.5415875828049549,0.4794945294994128,0.06209305330554222
2020,<ALL>,2,T,surface,surface_history_used,66,1.0,0.5129535174679142,0.5016495268594926,0.06584192410452488
2020,<ALL>,2,wide,global,evidence_above_threshold,4,1.0,0.5151636718889349,0.4921082862159768,0.02374112235007414
2020,<ALL>,2,wide,global,global_fallback_used,4,1.0,0.5151636718889349,0.4921082862159768,0.02374112235007414
2020,<ALL>,2,wide,global,narrow_score_margin,2,0.5,0.48777875701424606,0.47720438925335834,0.011945841115119704
2020,<ALL>,2,wide,global,opponent_component_higher,1,0.25,0.4702194357366771,0.4715909090909091,0.001371473354231989
2020,<ALL>,2,wide,global,recommendation_available,4,1.0,0.5151636718889349,0.4921082862159768,0.02374112235007414
2020,<ALL>,2,wide,global,server_component_higher,3,0.75,0.5301450839396874,0.4989474119243327,0.031197672015354855
2020,<ALL>,2,body,global,evidence_above_threshold,10,1.0,0.5162206787121529,0.542940978304155,0.05432827189892726
2020,<ALL>,2,body,global,global_fallback_used,10,1.0,0.5162206787121529,0.542940978304155,0.05432827189892726
2020,<ALL>,2,body,global,narrow_score_margin,3,0.3,0.5552905668512604,0.5498792462143247,0.06955176165598946
2020,<ALL>,2,body,global,opponent_component_higher,8,0.8,0.5070546945440373,0.5577100517258682,0.05065535718183085
2020,<ALL>,2,body,global,recommendation_available,10,1.0,0.5162206787121529,0.542940978304155,0.05432827189892726
2020,<ALL>,2,body,global,server_component_higher,2,0.2,0.5528846153846154,0.4838646846173025,0.06901993076731291
2020,<ALL>,2,T,global,evidence_above_threshold,11,1.0,0.5181380194337795,0.5070780736281484,0.05342201517233938
2020,<ALL>,2,T,global,global_fallback_used,11,1.0,0.5181380194337795,0.5070780736281484,0.05342201517233938
2020,<ALL>,2,T,global,narrow_score_margin,5,0.45454545454545453,0.5188200248596289,0.5365635404394556,0.05772385655421203
2020,<ALL>,2,T,global,opponent_component_higher,3,0.2727272727272727,0.4823156300293477,0.5599794238683128,0.07766379383896503
2020,<ALL>,2,T,global,recommendation_available,11,1.0,0.5181380194337795,0.5070780736281484,0.05342201517233938
2020,<ALL>,2,T,global,server_component_higher,8,0.7272727272727273,0.5315714154604413,0.48724006728808655,0.04433134817235477
2020,<ALL>,3,wide,surface,evidence_above_threshold,27,1.0,0.46080110806619945,0.49417199836033693,0.05945302454325851
2020,<ALL>,3,wide,surface,narrow_score_margin,4,0.14814814814814814,0.48460246476063557,0.5174736107740839,0.052342299859602245
2020,<ALL>,3,wide,surface,opponent_component_higher,18,0.6666666666666666,0.432900813186336,0.5025187493143829,0.06961793612804698
2020,<ALL>,3,wide,surface,recommendation_available,27,1.0,0.46080110806619945,0.49417199836033693,0.05945302454325851
2020,<ALL>,3,wide,surface,server_component_higher,9,0.3333333333333333,0.5166016978259261,0.47747849645224466,0.039123201373681554
2020,<ALL>,3,wide,surface,surface_history_used,27,1.0,0.46080110806619945,0.49417199836033693,0.05945302454325851
2020,<ALL>,3,body,surface,evidence_above_threshold,76,1.0,0.49371820351494955,0.47386924934131913,0.05357471516683839
2020,<ALL>,3,body,surface,narrow_score_margin,7,0.09210526315789473,0.5324891935026471,0.4844986118845168,0.04799058161813021
2020,<ALL>,3,body,surface,opponent_component_higher,25,0.32894736842105265,0.4643732539181817,0.5156364106278578,0.05126315670967615
2020,<ALL>,3,body,surface,recommendation_available,76,1.0,0.49371820351494955,0.47386924934131913,0.05357471516683839
2020,<ALL>,3,body,surface,server_component_higher,51,0.6710526315789473,0.5081029827290514,0.45339515067144714,0.05470783205760419
2020,<ALL>,3,body,surface,surface_history_used,76,1.0,0.49371820351494955,0.47386924934131913,0.05357471516683839
2020,<ALL>,3,T,surface,evidence_above_threshold,85,1.0,0.4817881990473541,0.4827717635370242,0.052105911139107834
2020,<ALL>,3,T,surface,narrow_score_margin,5,0.058823529411764705,0.5022821814867042,0.483145714520936,0.04761085996891188
2020,<ALL>,3,T,surface,opponent_component_higher,44,0.5176470588235295,0.4606538718912274,0.5119334790326606,0.05127960714143314
2020,<ALL>,3,T,surface,recommendation_available,85,1.0,0.4817881990473541,0.4827717635370242,0.052105911139107834
2020,<ALL>,3,T,surface,server_component_higher,41,0.4823529411764706,0.5044689403856364,0.4514762639807314,0.05299267640490506
2020,<ALL>,3,T,surface,surface_history_used,85,1.0,0.4817881990473541,0.4827717635370242,0.052105911139107834
2020,<ALL>,3,wide,global,evidence_above_threshold,7,1.0,0.5148938898065988,0.525215086229254,0.05828695311803152
2020,<ALL>,3,wide,global,global_fallback_used,7,1.0,0.5148938898065988,0.525215086229254,0.05828695311803152
2020,<ALL>,3,wide,global,opponent_component_higher,5,0.7142857142857143,0.49850013388804404,0.5465258385665248,0.04802570467848068
2020,<ALL>,3,wide,global,recommendation_available,7,1.0,0.5148938898065988,0.525215086229254,0.05828695311803152
2020,<ALL>,3,wide,global,server_component_higher,2,0.2857142857142857,0.5558782796029853,0.47193820538607667,0.08394007421690863
2020,<ALL>,3,body,global,evidence_above_threshold,10,1.0,0.47953514047226414,0.4923281656268831,0.042797577537711906
2020,<ALL>,3,body,global,global_fallback_used,10,1.0,0.47953514047226414,0.4923281656268831,0.042797577537711906
2020,<ALL>,3,body,global,narrow_score_margin,1,0.1,0.5305164319248826,0.44122657580919933,0.0892898561156833
2020,<ALL>,3,body,global,opponent_component_higher,6,0.6,0.4592595745164709,0.50558507676008,0.04632550224360909
2020,<ALL>,3,body,global,recommendation_available,10,1.0,0.47953514047226414,0.4923281656268831,0.042797577537711906
2020,<ALL>,3,body,global,server_component_higher,4,0.4,0.5099484894059539,0.4724427989270878,0.037505690478866135
2020,<ALL>,3,T,global,evidence_above_threshold,7,0.875,0.45387925950243024,0.539993160423554,0.0870797276972509
2020,<ALL>,3,T,global,evidence_threshold_just_met,1,0.125,0.38,0.4292237442922374,0.049223744292237415
2020,<ALL>,3,T,global,global_fallback_used,8,1.0,0.4446443520646264,0.5261469834071395,0.08234772977162422
2020,<ALL>,3,T,global,opponent_component_higher,7,0.875,0.43473373213260375,0.5283625099121109,0.09362877777950702
2020,<ALL>,3,T,global,recommendation_available,8,1.0,0.4446443520646264,0.5261469834071395,0.08234772977162422
2020,<ALL>,3,T,global,server_component_higher,1,0.125,0.514018691588785,0.5106382978723404,0.0033803937164446074
2020,Hard,1,wide,surface,evidence_above_threshold,91,1.0,0.5378783879047871,0.5286578583646658,0.05279487127093636
2020,Hard,1,wide,surface,opponent_component_higher,40,0.43956043956043955,0.518041520340265,0.567607334059067,0.0495658137188022
2020,Hard,1,wide,surface,recommendation_available,91,1.0,0.5378783879047871,0.5286578583646658,0.05279487127093636
2020,Hard,1,wide,surface,server_component_higher,51,0.5604395604395604,0.5534367154063731,0.49810924997690015,0.055327465429472936
2020,Hard,1,wide,surface,surface_history_used,91,1.0,0.5378783879047871,0.5286578583646658,0.05279487127093636
2020,Hard,1,body,surface,evidence_above_threshold,58,1.0,0.515595202492351,0.5270198944095,0.04971874121079571
2020,Hard,1,body,surface,opponent_component_higher,33,0.5689655172413793,0.49900479707979767,0.5527369049801127,0.05373210790031497
2020,Hard,1,body,surface,recommendation_available,58,1.0,0.515595202492351,0.5270198944095,0.04971874121079571
2020,Hard,1,body,surface,server_component_higher,25,0.43103448275862066,0.5374945376369216,0.49307344045629115,0.044421097180630295
2020,Hard,1,body,surface,surface_history_used,58,1.0,0.515595202492351,0.5270198944095,0.04971874121079571
2020,Hard,1,T,surface,evidence_above_threshold,30,1.0,0.5348578673126263,0.5252861209905108,0.0647289493587025
2020,Hard,1,T,surface,opponent_component_higher,12,0.4,0.505962974612568,0.5749094784083018,0.0689465037957337
2020,Hard,1,T,surface,recommendation_available,30,1.0,0.5348578673126263,0.5252861209905108,0.0647289493587025
2020,Hard,1,T,surface,server_component_higher,18,0.6,0.5541211291126651,0.49220388271198334,0.06191724640068176
2020,Hard,1,T,surface,surface_history_used,30,1.0,0.5348578673126263,0.5252861209905108,0.0647289493587025
2020,Hard,1,wide,global,evidence_above_threshold,9,1.0,0.5353560165761493,0.5443600237478828,0.055343967095370886
2020,Hard,1,wide,global,global_fallback_used,9,1.0,0.5353560165761493,0.5443600237478828,0.055343967095370886
2020,Hard,1,wide,global,opponent_component_higher,6,0.6666666666666666,0.5252284970586961,0.5734894777590246,0.04826098070032836
2020,Hard,1,wide,global,recommendation_available,9,1.0,0.5353560165761493,0.5443600237478828,0.055343967095370886
2020,Hard,1,wide,global,server_component_higher,3,0.3333333333333333,0.5556110556110556,0.48610111572559966,0.06950993988545594
2020,Hard,1,body,global,evidence_above_threshold,2,1.0,0.5926305783470082,0.5395311589982528,0.05309941934875545
2020,Hard,1,body,global,global_fallback_used,2,1.0,0.5926305783470082,0.5395311589982528,0.05309941934875545
2020,Hard,1,body,global,recommendation_available,2,1.0,0.5926305783470082,0.5395311589982528,0.05309941934875545
2020,Hard,1,body,global,server_component_higher,2,1.0,0.5926305783470082,0.5395311589982528,0.05309941934875545
2020,Hard,1,T,global,evidence_above_threshold,2,1.0,0.5396990913153583,0.5183770390253974,0.039198707738188426
2020,Hard,1,T,global,global_fallback_used,2,1.0,0.5396990913153583,0.5183770390253974,0.039198707738188426
2020,Hard,1,T,global,opponent_component_higher,1,0.5,0.46715328467153283,0.48502994011976047,0.01787665544822764
2020,Hard,1,T,global,recommendation_available,2,1.0,0.5396990913153583,0.5183770390253974,0.039198707738188426
2020,Hard,1,T,global,server_component_higher,1,0.5,0.6122448979591837,0.5517241379310345,0.06052076002814921
2020,Hard,2,wide,surface,evidence_above_threshold,65,1.0,0.5006136440420426,0.509056010991139,0.05538037092572237
2020,Hard,2,wide,surface,narrow_score_margin,26,0.4,0.5051328933900164,0.5072390869049505,0.04747690786763111
2020,Hard,2,wide,surface,opponent_component_higher,35,0.5384615384615384,0.4739057145710175,0.5331696854547777,0.059263970883760286
2020,Hard,2,wide,surface,recommendation_available,65,1.0,0.5006136440420426,0.509056010991139,0.05538037092572237
2020,Hard,2,wide,surface,server_component_higher,30,0.46153846153846156,0.5317728950915718,0.48092339078356033,0.05084950430801148
2020,Hard,2,wide,surface,surface_history_used,65,1.0,0.5006136440420426,0.509056010991139,0.05538037092572237
2020,Hard,2,body,surface,evidence_above_threshold,48,1.0,0.5115755399245671,0.5103343076144256,0.04922176338045058
2020,Hard,2,body,surface,narrow_score_margin,13,0.2708333333333333,0.4971050814393969,0.5081393034436104,0.04089796946580492
2020,Hard,2,body,surface,opponent_component_higher,21,0.4375,0.49113318156688085,0.5459680742186627,0.05483489265178181
2020,Hard,2,body,surface,recommendation_available,48,1.0,0.5115755399245671,0.5103343076144256,0.04922176338045058
2020,Hard,2,body,surface,server_component_higher,27,0.5625,0.5274751519805452,0.48261915581113,0.04485599616941517
2020,Hard,2,body,surface,surface_history_used,48,1.0,0.5115755399245671,0.5103343076144256,0.04922176338045058
2020,Hard,2,T,surface,evidence_above_threshold,66,1.0,0.5129535174679142,0.5016495268594926,0.06584192410452488
2020,Hard,2,T,surface,narrow_score_margin,23,0.3484848484848485,0.5269990953016562,0.49674485121373024,0.06471431582489426
2020,Hard,2,T,surface,opponent_component_higher,25,0.3787878787878788,0.4659936503151673,0.5379837225300237,0.07199007221485643
2020,Hard,2,T,surface,recommendation_available,66,1.0,0.5129535174679142,0.5016495268594926,0.06584192410452488
2020,Hard,2,T,surface,server_component_higher,41,0.6212121212121212,0.5415875828049549,0.4794945294994128,0.06209305330554222
2020,Hard,2,T,surface,surface_history_used,66,1.0,0.5129535174679142,0.5016495268594926,0.06584192410452488
2020,Hard,2,wide,global,evidence_above_threshold,2,1.0,0.5226914172147438,0.48952679782903663,0.0345360927399391
2020,Hard,2,wide,global,global_fallback_used,2,1.0,0.5226914172147438,0.48952679782903663,0.0345360927399391
2020,Hard,2,wide,global,narrow_score_margin,1,0.5,0.4702194357366771,0.4715909090909091,0.001371473354231989
2020,Hard,2,wide,global,opponent_component_higher,1,0.5,0.4702194357366771,0.4715909090909091,0.001371473354231989
2020,Hard,2,wide,global,recommendation_available,2,1.0,0.5226914172147438,0.48952679782903663,0.0345360927399391
2020,Hard,2,wide,global,server_component_higher,1,0.5,0.5751633986928104,0.5074626865671642,0.06770071212564621
2020,Hard,2,body,global,evidence_above_threshold,7,1.0,0.5134050798668887,0.5240269667450387,0.05006184731661466
2020,Hard,2,body,global,global_fallback_used,7,1.0,0.5134050798668887,0.5240269667450387,0.05006184731661466
2020,Hard,2,body,global,narrow_score_margin,2,0.2857142857142857,0.5699300699300699,0.5281681516181378,0.07068270512745572
2020,Hard,2,body,global,opponent_component_higher,5,0.7142857142857143,0.4976132656597979,0.5400918795961333,0.042478613936335355
2020,Hard,2,body,global,recommendation_available,7,1.0,0.5134050798668887,0.5240269667450387,0.05006184731661466
2020,Hard,2,body,global,server_component_higher,2,0.2857142857142857,0.5528846153846154,0.4838646846173025,0.06901993076731291
2020,Hard,2,T,global,evidence_above_threshold,4,1.0,0.5210497835497835,0.5490403753138406,0.06634362340349137
2020,Hard,2,T,global,global_fallback_used,4,1.0,0.5210497835497835,0.5490403753138406,0.06634362340349137
2020,Hard,2,T,global,narrow_score_margin,4,1.0,0.5210497835497835,0.5490403753138406,0.06634362340349137
2020,Hard,2,T,global,opponent_component_higher,2,0.5,0.4928571428571429,0.5871913580246914,0.0943342151675485
2020,Hard,2,T,global,recommendation_available,4,1.0,0.5210497835497835,0.5490403753138406,0.06634362340349137
2020,Hard,2,T,global,server_component_higher,2,0.5,0.5492424242424243,0.51088939260299,0.03835303163943424
2020,Hard,3,wide,surface,evidence_above_threshold,23,1.0,0.46140225107553473,0.49246845074885354,0.05441074846537147
2020,Hard,3,wide,surface,narrow_score_margin,4,0.17391304347826086,0.48460246476063557,0.5174736107740839,0.052342299859602245
2020,Hard,3,wide,surface,opponent_component_higher,15,0.6521739130434783,0.4353263545222249,0.5008586814285543,0.06553232690632935
2020,Hard,3,wide,surface,recommendation_available,23,1.0,0.46140225107553473,0.49246845074885354,0.05441074846537147
2020,Hard,3,wide,surface,server_component_higher,8,0.34782608695652173,0.5102945571129904,0.476736768224415,0.03355778888857547
2020,Hard,3,wide,surface,surface_history_used,23,1.0,0.46140225107553473,0.49246845074885354,0.05441074846537147
2020,Hard,3,body,surface,evidence_above_threshold,73,1.0,0.4935202576773715,0.4744522996433691,0.05417970920501348
2020,Hard,3,body,surface,narrow_score_margin,7,0.0958904109589041,0.5324891935026471,0.4844986118845168,0.04799058161813021
2020,Hard,3,body,surface,opponent_component_higher,25,0.3424657534246575,0.4643732539181817,0.5156364106278578,0.05126315670967615
2020,Hard,3,body,surface,recommendation_available,73,1.0,0.4935202576773715,0.4744522996433691,0.05417970920501348
2020,Hard,3,body,surface,server_component_higher,48,0.6575342465753424,0.5087009888019495,0.45300224183894783,0.055698746963001665
2020,Hard,3,body,surface,surface_history_used,73,1.0,0.4935202576773715,0.4744522996433691,0.05417970920501348
2020,Hard,3,T,surface,evidence_above_threshold,83,1.0,0.48097677770213493,0.4826059965372609,0.052300412361938296
2020,Hard,3,T,surface,narrow_score_margin,4,0.04819277108433735,0.5060039873625819,0.4775276487691476,0.05495782007491569
2020,Hard,3,T,surface,opponent_component_higher,43,0.5180722891566265,0.4600319861681585,0.5120803511606739,0.052048364992515396
2020,Hard,3,T,surface,recommendation_available,83,1.0,0.48097677770213493,0.4826059965372609,0.052300412361938296
2020,Hard,3,T,surface,server_component_higher,40,0.4819277108433735,0.5034924286011597,0.45092106531709175,0.05257136328406793
2020,Hard,3,T,surface,surface_history_used,83,1.0,0.48097677770213493,0.4826059965372609,0.052300412361938296
2020,Hard,3,wide,global,evidence_above_threshold,2,1.0,0.5080073209791809,0.5404480286738351,0.03244070769465418
2020,Hard,3,wide,global,global_fallback_used,2,1.0,0.5080073209791809,0.5404480286738351,0.03244070769465418
2020,Hard,3,wide,global,opponent_component_higher,2,1.0,0.5080073209791809,0.5404480286738351,0.03244070769465418
2020,Hard,3,wide,global,recommendation_available,2,1.0,0.5080073209791809,0.5404480286738351,0.03244070769465418
2020,Hard,3,body,global,evidence_above_threshold,4,1.0,0.46939226895331426,0.495601832811431,0.030650891581351827
2020,Hard,3,body,global,global_fallback_used,4,1.0,0.46939226895331426,0.495601832811431,0.030650891581351827
2020,Hard,3,body,global,opponent_component_higher,3,0.75,0.45381334785173083,0.4917203181447099,0.037906970292979014
2020,Hard,3,body,global,recommendation_available,4,1.0,0.46939226895331426,0.495601832811431,0.030650891581351827
2020,Hard,3,body,global,server_component_higher,1,0.25,0.5161290322580645,0.5072463768115942,0.008882655446470267
2020,Hard,3,T,global,evidence_above_threshold,6,0.8571428571428571,0.46323792396495644,0.5381192289747118,0.07600810291523687
2020,Hard,3,T,global,evidence_threshold_just_met,1,0.14285714285714285,0.38,0.4292237442922374,0.049223744292237415
2020,Hard,3,T,global,global_fallback_used,7,1.0,0.45134679196996264,0.5225627311629297,0.07218176596909409
2020,Hard,3,T,global,opponent_component_higher,6,0.8571428571428571,0.4409014753668256,0.5245501367113613,0.08364866134453568
2020,Hard,3,T,global,recommendation_available,7,1.0,0.45134679196996264,0.5225627311629297,0.07218176596909409
2020,Hard,3,T,global,server_component_higher,1,0.14285714285714285,0.514018691588785,0.5106382978723404,0.0033803937164446074
2020,Clay,1,wide,surface,evidence_above_threshold,1,1.0,0.5580357142857143,0.5047619047619047,0.05327380952380956
2020,Clay,1,wide,surface,recommendation_available,1,1.0,0.5580357142857143,0.5047619047619047,0.05327380952380956
2020,Clay,1,wide,surface,server_component_higher,1,1.0,0.5580357142857143,0.5047619047619047,0.05327380952380956
2020,Clay,1,wide,surface,surface_history_used,1,1.0,0.5580357142857143,0.5047619047619047,0.05327380952380956
2020,Clay,1,body,surface,evidence_above_threshold,1,1.0,0.5125448028673835,0.4919786096256685,0.020566193241714992
2020,Clay,1,body,surface,recommendation_available,1,1.0,0.5125448028673835,0.4919786096256685,0.020566193241714992
2020,Clay,1,body,surface,server_component_higher,1,1.0,0.5125448028673835,0.4919786096256685,0.020566193241714992
2020,Clay,1,body,surface,surface_history_used,1,1.0,0.5125448028673835,0.4919786096256685,0.020566193241714992
2020,Clay,1,T,surface,balanced_components,1,0.14285714285714285,0.5,0.5,0.0
2020,Clay,1,T,surface,evidence_above_threshold,7,1.0,0.5274365901073585,0.5136295064816615,0.035771609416391945
2020,Clay,1,T,surface,opponent_component_higher,2,0.2857142857142857,0.508113804004215,0.5465517241379311,0.03843792013371611
2020,Clay,1,T,surface,recommendation_available,7,1.0,0.5274365901073585,0.5136295064816615,0.035771609416391945
2020,Clay,1,T,surface,server_component_higher,4,0.5714285714285714,0.54395713068577,0.5005757742739421,0.043381356411827846
2020,Clay,1,T,surface,surface_history_used,7,1.0,0.5274365901073585,0.5136295064816615,0.035771609416391945
2020,Clay,1,wide,global,balanced_components,1,0.2,0.5384615384615384,0.5384615384615384,0.0
2020,Clay,1,wide,global,evidence_above_threshold,5,1.0,0.517871066348481,0.5377377405076462,0.022064153305161593
2020,Clay,1,wide,global,global_fallback_used,5,1.0,0.517871066348481,0.5377377405076462,0.022064153305161593
2020,Clay,1,wide,global,opponent_component_higher,3,0.6,0.5080411665570649,0.5429835227773372,0.03494235622027233
2020,Clay,1,wide,global,recommendation_available,5,1.0,0.517871066348481,0.5377377405076462,0.022064153305161593
2020,Clay,1,wide,global,server_component_higher,1,0.2,0.5267702936096719,0.5212765957446809,0.005493697864990987
2020,Clay,1,body,global,evidence_above_threshold,3,1.0,0.5151686206397453,0.5322423140172851,0.017073693377539795
2020,Clay,1,body,global,global_fallback_used,3,1.0,0.5151686206397453,0.5322423140172851,0.017073693377539795
2020,Clay,1,body,global,opponent_component_higher,3,1.0,0.5151686206397453,0.5322423140172851,0.017073693377539795
2020,Clay,1,body,global,recommendation_available,3,1.0,0.5151686206397453,0.5322423140172851,0.017073693377539795
2020,Clay,1,T,global,evidence_above_threshold,4,1.0,0.5408896246258892,0.5771540674290646,0.03706225451961044
2020,Clay,1,T,global,global_fallback_used,4,1.0,0.5408896246258892,0.5771540674290646,0.03706225451961044
2020,Clay,1,T,global,opponent_component_higher,3,0.75,0.5295973811211231,0.5784818460029805,0.04888446488185729
2020,Clay,1,T,global,recommendation_available,4,1.0,0.5408896246258892,0.5771540674290646,0.03706225451961044
2020,Clay,1,T,global,server_component_higher,1,0.25,0.5747663551401869,0.573170731707317,0.001595623432869897
2020,Clay,2,wide,surface,evidence_above_threshold,4,1.0,0.4708137290780596,0.5306980629580667,0.05988433388000712
2020,Clay,2,wide,surface,narrow_score_margin,2,0.5,0.4524144869215292,0.5228061444690091,0.07039165754747986
2020,Clay,2,wide,surface,opponent_component_higher,4,1.0,0.4708137290780596,0.5306980629580667,0.05988433388000712
2020,Clay,2,wide,surface,recommendation_available,4,1.0,0.4708137290780596,0.5306980629580667,0.05988433388000712
2020,Clay,2,wide,surface,surface_history_used,4,1.0,0.4708137290780596,0.5306980629580667,0.05988433388000712
2020,Clay,2,body,surface,evidence_above_threshold,5,1.0,0.49556081347392833,0.5110012613616954,0.07519670594304566
2020,Clay,2,body,surface,narrow_score_margin,2,0.4,0.5042104596682284,0.52053755612183,0.12012021141570373
2020,Clay,2,body,surface,opponent_component_higher,2,0.4,0.43034925732637497,0.5436456996148908,0.11329644228851593
2020,Clay,2,body,surface,recommendation_available,5,1.0,0.49556081347392833,0.5110012613616954,0.07519670594304566
2020,Clay,2,body,surface,server_component_higher,3,0.6,0.5390351842389639,0.48923830252623174,0.049796881712732145
2020,Clay,2,body,surface,surface_history_used,5,1.0,0.49556081347392833,0.5110012613616954,0.07519670594304566
2020,Clay,2,wide,global,evidence_above_threshold,2,1.0,0.5076359265631261,0.49468977460291685,0.012946151960209179
2020,Clay,2,wide,global,global_fallback_used,2,1.0,0.5076359265631261,0.49468977460291685,0.012946151960209179
2020,Clay,2,wide,global,narrow_score_margin,1,0.5,0.505338078291815,0.48281786941580757,0.02252020887600742
2020,Clay,2,wide,global,recommendation_available,2,1.0,0.5076359265631261,0.49468977460291685,0.012946151960209179
2020,Clay,2,wide,global,server_component_higher,2,1.0,0.5076359265631261,0.49468977460291685,0.012946151960209179
2020,Clay,2,body,global,evidence_above_threshold,3,1.0,0.522790409351103,0.5870736719420929,0.06428326259099
2020,Clay,2,body,global,global_fallback_used,3,1.0,0.522790409351103,0.5870736719420929,0.06428326259099
2020,Clay,2,body,global,narrow_score_margin,1,0.3333333333333333,0.5260115606936416,0.5933014354066986,0.06728987471305692
2020,Clay,2,body,global,opponent_component_higher,3,1.0,0.522790409351103,0.5870736719420929,0.06428326259099
2020,Clay,2,body,global,recommendation_available,3,1.0,0.522790409351103,0.5870736719420929,0.06428326259099
2020,Clay,2,T,global,evidence_above_threshold,7,1.0,0.5164741542246343,0.48309961552203823,0.04603823904025254
2020,Clay,2,T,global,global_fallback_used,7,1.0,0.5164741542246343,0.48309961552203823,0.04603823904025254
2020,Clay,2,T,global,narrow_score_margin,1,0.14285714285714285,0.5099009900990099,0.48665620094191525,0.02324478915709466
2020,Clay,2,T,global,opponent_component_higher,1,0.14285714285714285,0.46123260437375746,0.5055555555555555,0.044322951181798076
2020,Clay,2,T,global,recommendation_available,7,1.0,0.5164741542246343,0.48309961552203823,0.04603823904025254
2020,Clay,2,T,global,server_component_higher,6,0.8571428571428571,0.5256810791997802,0.4793569588497853,0.046324120349994946
2020,Clay,3,wide,surface,evidence_above_threshold,4,1.0,0.45734453576252193,0.5039673971263657,0.08844611199110891
2020,Clay,3,wide,surface,opponent_component_higher,3,0.75,0.420773106506892,0.5108190887435271,0.09004598223663514
2020,Clay,3,wide,surface,recommendation_available,4,1.0,0.45734453576252193,0.5039673971263657,0.08844611199110891
2020,Clay,3,wide,surface,server_component_higher,1,0.25,0.5670588235294117,0.4834123222748815,0.08364650125453021
2020,Clay,3,wide,surface,surface_history_used,4,1.0,0.45734453576252193,0.5039673971263657,0.08844611199110891
2020,Clay,3,body,surface,evidence_above_threshold,3,1.0,0.49853488556268316,0.4596816919914383,0.03885319357124484
2020,Clay,3,body,surface,recommendation_available,3,1.0,0.49853488556268316,0.4596816919914383,0.03885319357124484
2020,Clay,3,body,surface,server_component_higher,3,1.0,0.49853488556268316,0.4596816919914383,0.03885319357124484
2020,Clay,3,body,surface,surface_history_used,3,1.0,0.49853488556268316,0.4596816919914383,0.03885319357124484
2020,Clay,3,T,surface,evidence_above_threshold,2,1.0,0.5154621848739496,0.48965109402720286,0.0440341103916434
2020,Clay,3,T,surface,narrow_score_margin,1,0.5,0.48739495798319327,0.5056179775280899,0.018223019544896635
2020,Clay,3,T,surface,opponent_component_higher,1,0.5,0.48739495798319327,0.5056179775280899,0.018223019544896635
2020,Clay,3,T,surface,recommendation_available,2,1.0,0.5154621848739496,0.48965109402720286,0.0440341103916434
2020,Clay,3,T,surface,server_component_higher,1,0.5,0.5435294117647059,0.47368421052631576,0.06984520123839016
2020,Clay,3,T,surface,surface_history_used,2,1.0,0.5154621848739496,0.48965109402720286,0.0440341103916434
2020,Clay,3,wide,global,evidence_above_threshold,5,1.0,0.5176485173375658,0.5191219092514215,0.06862545128738246
2020,Clay,3,wide,global,global_fallback_used,5,1.0,0.5176485173375658,0.5191219092514215,0.06862545128738246
2020,Clay,3,wide,global,opponent_component_higher,3,0.6,0.4921620091606196,0.5505777118283179,0.058415702667698334
2020,Clay,3,wide,global,recommendation_available,5,1.0,0.5176485173375658,0.5191219092514215,0.06862545128738246
2020,Clay,3,wide,global,server_component_higher,2,0.4,0.5558782796029853,0.47193820538607667,0.08394007421690863
2020,Clay,3,body,global,evidence_above_threshold,6,1.0,0.48629705481823066,0.4901457208371846,0.05089536817528529
2020,Clay,3,body,global,global_fallback_used,6,1.0,0.48629705481823066,0.4901457208371846,0.05089536817528529
2020,Clay,3,body,global,narrow_score_margin,1,0.16666666666666666,0.5305164319248826,0.44122657580919933,0.0892898561156833
2020,Clay,3,body,global,opponent_component_higher,3,0.5,0.464705801181211,0.5194498353754502,0.054744034194239156
2020,Clay,3,body,global,recommendation_available,6,1.0,0.48629705481823066,0.4901457208371846,0.05089536817528529
2020,Clay,3,body,global,server_component_higher,3,0.5,0.5078883084552505,0.46084160629891896,0.04704670215633142
2020,Clay,3,T,global,evidence_above_threshold,1,1.0,0.3977272727272727,0.5512367491166078,0.1535094763893351
2020,Clay,3,T,global,global_fallback_used,1,1.0,0.3977272727272727,0.5512367491166078,0.1535094763893351
2020,Clay,3,T,global,opponent_component_higher,1,1.0,0.3977272727272727,0.5512367491166078,0.1535094763893351
2020,Clay,3,T,global,recommendation_available,1,1.0,0.3977272727272727,0.5512367491166078,0.1535094763893351
2021,<ALL>,1,wide,surface,evidence_above_threshold,159,0.9814814814814815,0.5412616195162496,0.5249866631231082,0.050122894661677304
2021,<ALL>,1,wide,surface,evidence_threshold_just_met,3,0.018518518518518517,0.597631680068537,0.5202553994057808,0.07903672067936061
2021,<ALL>,1,wide,surface,opponent_component_higher,65,0.4012345679012346,0.5247063933242816,0.5661433433607969,0.041436950036515485
2021,<ALL>,1,wide,surface,recommendation_available,162,1.0,0.5423055095264772,0.5248990471283428,0.050658335884226996
2021,<ALL>,1,wide,surface,server_component_higher,97,0.5987654320987654,0.5540987317238248,0.4972611166632963,0.05683761506052854
2021,<ALL>,1,wide,surface,surface_history_used,162,1.0,0.5423055095264772,0.5248990471283428,0.050658335884226996
2021,<ALL>,1,body,surface,evidence_above_threshold,94,0.9791666666666666,0.5223466605150253,0.5108926322229551,0.05496663581747271
2021,<ALL>,1,body,surface,evidence_threshold_just_met,2,0.020833333333333332,0.5449118408614525,0.5219895812462433,0.0988382886820707
2021,<ALL>,1,body,surface,opponent_component_higher,44,0.4583333333333333,0.5029946748876746,0.5511994154049649,0.04820474051729021
2021,<ALL>,1,body,surface,recommendation_available,96,1.0,0.5228167684389092,0.5111238186609403,0.055880628585485155
2021,<ALL>,1,body,surface,server_component_higher,52,0.5416666666666666,0.539589309136108,0.47721369833907323,0.06237561079703473
2021,<ALL>,1,body,surface,surface_history_used,96,1.0,0.5228167684389092,0.5111238186609403,0.055880628585485155
2021,<ALL>,1,T,surface,evidence_above_threshold,69,1.0,0.540411420724615,0.5137324595124286,0.06720546334372643
2021,<ALL>,1,T,surface,opponent_component_higher,19,0.2753623188405797,0.4986742249138296,0.5722618208895206,0.07358759597569108
2021,<ALL>,1,T,surface,recommendation_available,69,1.0,0.540411420724615,0.5137324595124286,0.06720546334372643
2021,<ALL>,1,T,surface,server_component_higher,50,0.7246376811594203,0.5562715551327134,0.4914913021891335,0.06478025294357988
2021,<ALL>,1,T,surface,surface_history_used,69,1.0,0.540411420724615,0.5137324595124286,0.06720546334372643
2021,<ALL>,1,wide,global,evidence_above_threshold,50,0.9803921568627451,0.5254254381877901,0.5509602346502579,0.04809894344590804
2021,<ALL>,1,wide,global,evidence_threshold_just_met,1,0.0196078431372549,0.532051282051282,0.5686274509803921,0.03657616892911009
2021,<ALL>,1,wide,global,global_fallback_used,51,1.0,0.5255553566949175,0.5513066506567312,0.04787300669067671
2021,<ALL>,1,wide,global,opponent_component_higher,37,0.7254901960784313,0.5200645770101633,0.5708056490814741,0.05074107207131102
2021,<ALL>,1,wide,global,recommendation_available,51,1.0,0.5255553566949175,0.5513066506567312,0.04787300669067671
2021,<ALL>,1,wide,global,server_component_higher,14,0.27450980392156865,0.5400667030046249,0.4997735833913389,0.040293119613286014
2021,<ALL>,1,body,global,evidence_above_threshold,37,0.9736842105263158,0.523248390332959,0.5309731218441746,0.04219488319775198
2021,<ALL>,1,body,global,evidence_threshold_just_met,1,0.02631578947368421,0.4911242603550296,0.4642857142857143,0.026838546069315294
2021,<ALL>,1,body,global,global_fallback_used,38,1.0,0.5224030184914344,0.5292181900663204,0.041790769062793116
2021,<ALL>,1,body,global,opponent_component_higher,20,0.5263157894736842,0.5082786173595856,0.5544542609653808,0.04617564360579512
2021,<ALL>,1,body,global,recommendation_available,38,1.0,0.5224030184914344,0.5292181900663204,0.041790769062793116
2021,<ALL>,1,body,global,server_component_higher,18,0.47368421052631576,0.5380967975268217,0.5011781112895863,0.03691868623723534
2021,<ALL>,1,T,global,evidence_above_threshold,7,0.7777777777777778,0.543209205039677,0.5367270680413225,0.04958018426012616
2021,<ALL>,1,T,global,evidence_threshold_just_met,2,0.2222222222222222,0.49482758620689654,0.5516556291390728,0.056828042932176304
2021,<ALL>,1,T,global,global_fallback_used,9,1.0,0.5324577341879481,0.5400445260630448,0.05119081952058175
2021,<ALL>,1,T,global,opponent_component_higher,6,0.6666666666666666,0.5169049324158038,0.5609881409625629,0.044083208546758956
2021,<ALL>,1,T,global,recommendation_available,9,1.0,0.5324577341879481,0.5400445260630448,0.05119081952058175
2021,<ALL>,1,T,global,server_component_higher,3,0.3333333333333333,0.5635633377322362,0.49815729626400884,0.06540604146822733
2021,<ALL>,2,wide,surface,evidence_above_threshold,113,0.9912280701754386,0.5013470719283246,0.49806510672578186,0.05098665465124863
2021,<ALL>,2,wide,surface,evidence_threshold_just_met,1,0.008771929824561403,0.5077821011673151,0.54,0.03221789883268489
2021,<ALL>,2,wide,surface,narrow_score_margin,45,0.39473684210526316,0.5107845751650931,0.5026477525920631,0.05325166852021257
2021,<ALL>,2,wide,surface,opponent_component_higher,56,0.49122807017543857,0.4748848735078982,0.5235908173058369,0.048705943797938654
2021,<ALL>,2,wide,surface,recommendation_available,114,1.0,0.501403519553228,0.49843295666678383,0.050822016442313864
2021,<ALL>,2,wide,surface,server_component_higher,58,0.5087719298245614,0.5270077295280294,0.47414260846356027,0.052865121064469216
2021,<ALL>,2,wide,surface,surface_history_used,114,1.0,0.501403519553228,0.49843295666678383,0.050822016442313864
2021,<ALL>,2,body,surface,evidence_above_threshold,131,0.9924242424242424,0.5161795949774072,0.5044552911867579,0.04392791501814145
2021,<ALL>,2,body,surface,evidence_threshold_just_met,1,0.007575757575757576,0.5587996755879967,0.4642857142857143,0.0945139613022824
2021,<ALL>,2,body,surface,narrow_score_margin,48,0.36363636363636365,0.5157996797247119,0.5072903873211879,0.042864631497770554
2021,<ALL>,2,body,surface,opponent_component_higher,56,0.42424242424242425,0.5025063827232212,0.540173106569663,0.03766672384644177
2021,<ALL>,2,body,surface,recommendation_available,132,1.0,0.5165024743759723,0.504150976210235,0.04431114264150615
2021,<ALL>,2,body,surface,server_component_higher,76,0.5757575757575758,0.5268153840148413,0.47760835384013,0.04920703017471149
2021,<ALL>,2,body,surface,surface_history_used,132,1.0,0.5165024743759723,0.504150976210235,0.04431114264150615
2021,<ALL>,2,T,surface,evidence_above_threshold,77,0.9506172839506173,0.5207155481654645,0.48967292493433684,0.05712500664251535
2021,<ALL>,2,T,surface,evidence_threshold_just_met,4,0.04938271604938271,0.5105135367856142,0.5113162681008075,0.10098517977350398
2021,<ALL>,2,T,surface,narrow_score_margin,20,0.24691358024691357,0.5352364555007071,0.4828766815858231,0.06153256953929265
2021,<ALL>,2,T,surface,opponent_component_higher,21,0.25925925925925924,0.4741383139108961,0.5316501036021256,0.05751178969122939
2021,<ALL>,2,T,surface,recommendation_available,81,1.0,0.5202117451343607,0.49074173200428595,0.059290941118119736
2021,<ALL>,2,T,surface,server_component_higher,60,0.7407407407407407,0.5363374460625734,0.47642380194504214,0.05991364411753137
2021,<ALL>,2,T,surface,surface_history_used,81,1.0,0.5202117451343607,0.49074173200428595,0.059290941118119736
2021,<ALL>,2,wide,global,evidence_above_threshold,30,0.9375,0.4968317761508071,0.5124981232714821,0.04668730375524561
2021,<ALL>,2,wide,global,evidence_threshold_just_met,2,0.0625,0.46706349206349207,0.5164970164970164,0.04943352443352442
2021,<ALL>,2,wide,global,global_fallback_used,32,1.0,0.49497125839534994,0.512748054098078,0.04685894254763805
2021,<ALL>,2,wide,global,narrow_score_margin,9,0.28125,0.4987228846101304,0.5095064490978751,0.040070574874983396
2021,<ALL>,2,wide,global,opponent_component_higher,20,0.625,0.47435303505690757,0.5260616256572005,0.051708590600292884
2021,<ALL>,2,wide,global,recommendation_available,32,1.0,0.49497125839534994,0.512748054098078,0.04685894254763805
2021,<ALL>,2,wide,global,server_component_higher,12,0.375,0.5293349639594206,0.49055876816620714,0.038776195793213314
2021,<ALL>,2,body,global,evidence_above_threshold,32,1.0,0.5148308855977921,0.5103923361254332,0.03982289353545468
2021,<ALL>,2,body,global,global_fallback_used,32,1.0,0.5148308855977921,0.5103923361254332,0.03982289353545468
2021,<ALL>,2,body,global,narrow_score_margin,7,0.21875,0.5142148918018885,0.531478207605482,0.0575207446314851
2021,<ALL>,2,body,global,opponent_component_higher,10,0.3125,0.49518495517426836,0.5517999056752216,0.05661495050095326
2021,<ALL>,2,body,global,recommendation_available,32,1.0,0.5148308855977921,0.5103923361254332,0.03982289353545468
2021,<ALL>,2,body,global,server_component_higher,22,0.6875,0.5237608539721212,0.4915707136028022,0.032190140369318956
2021,<ALL>,2,T,global,evidence_above_threshold,34,1.0,0.5105235906204159,0.5114753234099998,0.04834123303629167
2021,<ALL>,2,T,global,global_fallback_used,34,1.0,0.5105235906204159,0.5114753234099998,0.04834123303629167
2021,<ALL>,2,T,global,narrow_score_margin,7,0.20588235294117646,0.5004844210658824,0.5487456033681555,0.04968519688418248
2021,<ALL>,2,T,global,opponent_component_higher,20,0.5882352941176471,0.49349072014542095,0.5353897410974152,0.04189902095199428
2021,<ALL>,2,T,global,recommendation_available,34,1.0,0.5105235906204159,0.5114753234099998,0.04834123303629167
2021,<ALL>,2,T,global,server_component_higher,14,0.4117647058823529,0.5348562627275513,0.47731186957083477,0.0575443931567165
2021,<ALL>,3,wide,surface,evidence_above_threshold,48,0.9411764705882353,0.4859370919166935,0.4852358878424048,0.04237428966865869
2021,<ALL>,3,wide,surface,evidence_threshold_just_met,3,0.058823529411764705,0.4658488285970452,0.4883114752701367,0.04181584249687557
2021,<ALL>,3,wide,surface,narrow_score_margin,1,0.0196078431372549,0.5211970074812967,0.4953051643192488,0.0258918431620479
2021,<ALL>,3,wide,surface,opponent_component_higher,25,0.49019607843137253,0.46260501021170447,0.5064678817324976,0.04386287152079322
2021,<ALL>,3,wide,surface,recommendation_available,51,1.0,0.48475542936847876,0.4854168047499184,0.042341439835024385
2021,<ALL>,3,wide,surface,server_component_higher,26,0.5098039215686274,0.5060539093269159,0.4651753845743615,0.04087852475255435
2021,<ALL>,3,wide,surface,surface_history_used,51,1.0,0.48475542936847876,0.4854168047499184,0.042341439835024385
2021,<ALL>,3,body,surface,evidence_above_threshold,96,0.9696969696969697,0.5039007054423512,0.4748633263413831,0.05235657928483115
2021,<ALL>,3,body,surface,evidence_threshold_just_met,3,0.030303030303030304,0.4451720918252358,0.4969059884784395,0.0690074727503091
2021,<ALL>,3,body,surface,narrow_score_margin,10,0.10101010101010101,0.5163753028923244,0.4811751793749709,0.0374870769811912
2021,<ALL>,3,body,surface,opponent_component_higher,34,0.3434343434343434,0.47645934258446065,0.5147073914941869,0.03824804890972633
2021,<ALL>,3,body,surface,recommendation_available,99,1.0,0.5021210504842568,0.4755312858000818,0.05286115181408806
2021,<ALL>,3,body,surface,server_component_higher,65,0.6565656565656566,0.5155440976933809,0.4550391689754729,0.060504928717908045
2021,<ALL>,3,body,surface,surface_history_used,99,1.0,0.5021210504842568,0.4755312858000818,0.05286115181408806
2021,<ALL>,3,T,surface,evidence_above_threshold,176,0.9943502824858758,0.4768928934154976,0.4754430804328514,0.05572933341600079
2021,<ALL>,3,T,surface,evidence_threshold_just_met,1,0.005649717514124294,0.5594713656387665,0.42857142857142855,0.130899937067338
2021,<ALL>,3,T,surface,narrow_score_margin,4,0.022598870056497175,0.5308564965566559,0.4820011991375779,0.0789649041244294
2021,<ALL>,3,T,surface,opponent_component_higher,91,0.5141242937853108,0.4516522930056666,0.50414237869946,0.05249008569379342
2021,<ALL>,3,T,surface,recommendation_available,177,1.0,0.4773594384563071,0.475178268840414,0.05615402609199704
2021,<ALL>,3,T,surface,server_component_higher,86,0.4858757062146893,0.5045611853866359,0.4445301991058421,0.060030986280793903
2021,<ALL>,3,T,surface,surface_history_used,177,1.0,0.4773594384563071,0.475178268840414,0.05615402609199704
2021,<ALL>,3,wide,global,evidence_above_threshold,15,1.0,0.49600824835973434,0.47851156038346343,0.05647311481935671
2021,<ALL>,3,wide,global,global_fallback_used,15,1.0,0.49600824835973434,0.47851156038346343,0.05647311481935671
2021,<ALL>,3,wide,global,narrow_score_margin,1,0.06666666666666667,0.43478260869565216,0.5714285714285714,0.13664596273291924
2021,<ALL>,3,wide,global,opponent_component_higher,6,0.4,0.46459523986091056,0.5133157734147679,0.048720533553857366
2021,<ALL>,3,wide,global,recommendation_available,15,1.0,0.49600824835973434,0.47851156038346343,0.05647311481935671
2021,<ALL>,3,wide,global,server_component_higher,9,0.6,0.5169502540256169,0.4553087516959272,0.06164150232968963
2021,<ALL>,3,body,global,evidence_above_threshold,27,0.9642857142857143,0.4936985311302384,0.49240135920949685,0.05194637573979343
2021,<ALL>,3,body,global,evidence_threshold_just_met,1,0.03571428571428571,0.5232067510548524,0.4423076923076923,0.08089905874716008
2021,<ALL>,3,body,global,global_fallback_used,28,1.0,0.49475239612754607,0.49061229967728953,0.05298040013291367
2021,<ALL>,3,body,global,narrow_score_margin,1,0.03571428571428571,0.5081184336198663,0.49137931034482757,0.016739123275038736
2021,<ALL>,3,body,global,opponent_component_higher,10,0.35714285714285715,0.4683281713033371,0.5367045964590571,0.06837642515572008
2021,<ALL>,3,body,global,recommendation_available,28,1.0,0.49475239612754607,0.49061229967728953,0.05298040013291367
2021,<ALL>,3,body,global,server_component_higher,18,0.6428571428571429,0.5094325210298845,0.4650054681318632,0.04442705289802123
2021,<ALL>,3,T,global,balanced_components,1,0.01818181818181818,0.42857142857142855,0.42857142857142855,0.0
2021,<ALL>,3,T,global,evidence_above_threshold,54,0.9818181818181818,0.459844812735092,0.48794780424357914,0.06146007371382996
2021,<ALL>,3,T,global,evidence_threshold_just_met,1,0.01818181818181818,0.42857142857142855,0.42857142857142855,0.0
2021,<ALL>,3,T,global,global_fallback_used,55,1.0,0.45927620575029815,0.48686823377681276,0.06034261782812396
2021,<ALL>,3,T,global,narrow_score_margin,1,0.01818181818181818,0.4745762711864407,0.5925925925925926,0.11801632140615187
2021,<ALL>,3,T,global,opponent_component_higher,29,0.5272727272727272,0.42054631420336364,0.5039326163069002,0.08338630210353656
2021,<ALL>,3,T,global,recommendation_available,55,1.0,0.45927620575029815,0.48686823377681276,0.06034261782812396
2021,<ALL>,3,T,global,server_component_higher,25,0.45454545454545453,0.5054310710318969,0.4694054222501267,0.0360256487817703
2021,Hard,1,wide,surface,evidence_above_threshold,142,0.993006993006993,0.5396471267356068,0.5242986106852072,0.050251376486680696
2021,Hard,1,wide,surface,evidence_threshold_just_met,1,0.006993006993006993,0.6805555555555556,0.49930747922437674,0.18124807633117884
2021,Hard,1,wide,surface,opponent_component_higher,60,0.4195804195804196,0.5226425378942787,0.5639442560772113,0.04130171818293267
2021,Hard,1,wide,surface,recommendation_available,143,1.0,0.5406325003637182,0.5241238475281386,0.05116743732475411
2021,Hard,1,wide,surface,server_component_higher,83,0.5804195804195804,0.5536372925103011,0.49533801002278455,0.05829928248751661
2021,Hard,1,wide,surface,surface_history_used,143,1.0,0.5406325003637182,0.5241238475281386,0.05116743732475411
2021,Hard,1,body,surface,evidence_above_threshold,85,0.9770114942528736,0.5198085895674852,0.5112077592160601,0.05507880312501762
2021,Hard,1,body,surface,evidence_threshold_just_met,2,0.022988505747126436,0.5449118408614525,0.5219895812462433,0.0988382886820707
2021,Hard,1,body,surface,opponent_component_higher,42,0.4827586206896552,0.5023936739253289,0.5512324804001989,0.04883880647487002
2021,Hard,1,body,surface,recommendation_available,87,1.0,0.5203856758041281,0.5114556171937655,0.05608476831023723
2021,Hard,1,body,surface,server_component_higher,45,0.5172413793103449,0.5371782108910077,0.47433054486776094,0.0628476660232466
2021,Hard,1,body,surface,surface_history_used,87,1.0,0.5203856758041281,0.5114556171937655,0.05608476831023723
2021,Hard,1,T,surface,evidence_above_threshold,55,1.0,0.5392145280739978,0.5238095686068004,0.06402415381604952
2021,Hard,1,T,surface,opponent_component_higher,18,0.32727272727272727,0.494795395704324,0.569074720403959,0.07427932469963514
2021,Hard,1,T,surface,recommendation_available,55,1.0,0.5392145280739978,0.5238095686068004,0.06402415381604952
2021,Hard,1,T,surface,server_component_higher,37,0.6727272727272727,0.5608238357132986,0.5017886839487231,0.05903515176457545
2021,Hard,1,T,surface,surface_history_used,55,1.0,0.5392145280739978,0.5238095686068004,0.06402415381604952
2021,Hard,1,wide,global,evidence_above_threshold,12,1.0,0.5125637095938883,0.5503601275935578,0.05794063520474657
2021,Hard,1,wide,global,global_fallback_used,12,1.0,0.5125637095938883,0.5503601275935578,0.05794063520474657
2021,Hard,1,wide,global,opponent_component_higher,7,0.5833333333333334,0.49989087532350446,0.5819512066415753,0.08206033131807096
2021,Hard,1,wide,global,recommendation_available,12,1.0,0.5125637095938883,0.5503601275935578,0.05794063520474657
2021,Hard,1,wide,global,server_component_higher,5,0.4166666666666667,0.5303056775724256,0.5061326169263332,0.024173060646092447
2021,Hard,1,body,global,evidence_above_threshold,4,0.8,0.5381699138240483,0.5363027658385544,0.014680940285569821
2021,Hard,1,body,global,evidence_threshold_just_met,1,0.2,0.4911242603550296,0.4642857142857143,0.026838546069315294
2021,Hard,1,body,global,global_fallback_used,5,1.0,0.5287607831302447,0.5218993555279864,0.017112461442318917
2021,Hard,1,body,global,opponent_component_higher,1,0.2,0.5310734463276836,0.5567010309278351,0.025627584600151465
2021,Hard,1,body,global,recommendation_available,5,1.0,0.5287607831302447,0.5218993555279864,0.017112461442318917
2021,Hard,1,body,global,server_component_higher,4,0.8,0.5281826173308849,0.5131989366780242,0.014983680652860779
2021,Hard,1,T,global,evidence_above_threshold,1,0.5,0.5168539325842697,0.5230769230769231,0.006222990492653402
2021,Hard,1,T,global,evidence_threshold_just_met,1,0.5,0.4896551724137931,0.6,0.1103448275862069
2021,Hard,1,T,global,global_fallback_used,2,1.0,0.5032545524990314,0.5615384615384615,0.05828390903943015
2021,Hard,1,T,global,opponent_component_higher,2,1.0,0.5032545524990314,0.5615384615384615,0.05828390903943015
2021,Hard,1,T,global,recommendation_available,2,1.0,0.5032545524990314,0.5615384615384615,0.05828390903943015
2021,Hard,2,wide,surface,evidence_above_threshold,99,0.99,0.5035696332151586,0.49827715681707796,0.05325932902118379
2021,Hard,2,wide,surface,evidence_threshold_just_met,1,0.01,0.5077821011673151,0.54,0.03221789883268489
2021,Hard,2,wide,surface,narrow_score_margin,38,0.38,0.5125454989600147,0.5050013364701088,0.05674353731693893
2021,Hard,2,wide,surface,opponent_component_higher,47,0.47,0.474815546212068,0.5260193143753934,0.051203768163325475
2021,Hard,2,wide,surface,recommendation_available,100,1.0,0.5036117578946802,0.49869438524890725,0.053048914719298804
2021,Hard,2,wide,surface,server_component_higher,53,0.53,0.5291480210849209,0.4744628443254194,0.05468517675950156
2021,Hard,2,wide,surface,surface_history_used,100,1.0,0.5036117578946802,0.49869438524890725,0.053048914719298804
2021,Hard,2,body,surface,evidence_above_threshold,115,1.0,0.5139783568562044,0.5073233931996035,0.0414113453286662
2021,Hard,2,body,surface,narrow_score_margin,42,0.3652173913043478,0.5141026856408445,0.508869111605088,0.04047101036978694
2021,Hard,2,body,surface,opponent_component_higher,52,0.45217391304347826,0.5021457107222315,0.540578248148073,0.038432537425841455
2021,Hard,2,body,surface,recommendation_available,115,1.0,0.5139783568562044,0.5073233931996035,0.0414113453286662
2021,Hard,2,body,surface,server_component_higher,63,0.5478260869565217,0.5237449854112296,0.47987494149610493,0.04387004391512474
2021,Hard,2,body,surface,surface_history_used,115,1.0,0.5139783568562044,0.5073233931996035,0.0414113453286662
2021,Hard,2,T,surface,evidence_above_threshold,67,0.9571428571428572,0.5162899435679842,0.4876916321853628,0.05577851405352604
2021,Hard,2,T,surface,evidence_threshold_just_met,3,0.04285714285714286,0.5378275728570093,0.5004684744268078,0.09621749951421248
2021,Hard,2,T,surface,narrow_score_margin,16,0.22857142857142856,0.5313479716896902,0.47943969606770165,0.06337427015249916
2021,Hard,2,T,surface,opponent_component_higher,18,0.2571428571428571,0.4743201890191114,0.5298104329691848,0.05549024395007359
2021,Hard,2,T,surface,recommendation_available,70,1.0,0.517212984823228,0.4882392111385677,0.057511613430412604
2021,Hard,2,T,surface,server_component_higher,52,0.7428571428571429,0.5320604910631146,0.4738491728125846,0.058211318250529956
2021,Hard,2,T,surface,surface_history_used,70,1.0,0.517212984823228,0.4882392111385677,0.057511613430412604
2021,Hard,2,wide,global,evidence_above_threshold,3,0.6,0.5428649018645001,0.4913179175118323,0.05154698435266778
2021,Hard,2,wide,global,evidence_threshold_just_met,2,0.4,0.46706349206349207,0.5164970164970164,0.04943352443352442
2021,Hard,2,wide,global,global_fallback_used,5,1.0,0.5125443379440968,0.5013895571059059,0.05070160038501044
2021,Hard,2,wide,global,narrow_score_margin,2,0.4,0.4976190476190476,0.5239567567567567,0.0586043758043758
2021,Hard,2,wide,global,opponent_component_higher,2,0.4,0.46706349206349207,0.5164970164970164,0.04943352443352442
2021,Hard,2,wide,global,recommendation_available,5,1.0,0.5125443379440968,0.5013895571059059,0.05070160038501044
2021,Hard,2,wide,global,server_component_higher,3,0.6,0.5428649018645001,0.4913179175118323,0.05154698435266778
2021,Hard,2,body,global,evidence_above_threshold,7,1.0,0.4989098267218766,0.5128242022411068,0.056264461936638886
2021,Hard,2,body,global,global_fallback_used,7,1.0,0.4989098267218766,0.5128242022411068,0.056264461936638886
2021,Hard,2,body,global,narrow_score_margin,2,0.2857142857142857,0.495346869712352,0.5775656679969028,0.08221879828455078
2021,Hard,2,body,global,opponent_component_higher,3,0.42857142857142855,0.49043438590241745,0.5723096962675981,0.08187531036518063
2021,Hard,2,body,global,recommendation_available,7,1.0,0.4989098267218766,0.5128242022411068,0.056264461936638886
2021,Hard,2,body,global,server_component_higher,4,0.5714285714285714,0.505266407336471,0.4682100817212384,0.03705632561523259
2021,Hard,2,T,global,evidence_above_threshold,7,1.0,0.5180841472442118,0.4799578389907534,0.05009224189959543
2021,Hard,2,T,global,global_fallback_used,7,1.0,0.5180841472442118,0.4799578389907534,0.05009224189959543
2021,Hard,2,T,global,narrow_score_margin,1,0.14285714285714285,0.4962121212121212,0.49122807017543857,0.004984051036682646
2021,Hard,2,T,global,opponent_component_higher,2,0.2857142857142857,0.49982464344166466,0.5207650273224044,0.020940383880739682
2021,Hard,2,T,global,recommendation_available,7,1.0,0.5180841472442118,0.4799578389907534,0.05009224189959543
2021,Hard,2,T,global,server_component_higher,5,0.7142857142857143,0.5253879487652308,0.4636349636580929,0.061752985107137726
2021,Hard,3,wide,surface,evidence_above_threshold,39,0.9285714285714286,0.48751304791533767,0.4830125714933709,0.044698366578644816
2021,Hard,3,wide,surface,evidence_threshold_just_met,3,0.07142857142857142,0.4658488285970452,0.4883114752701367,0.04181584249687557
2021,Hard,3,wide,surface,narrow_score_margin,1,0.023809523809523808,0.5211970074812967,0.4953051643192488,0.0258918431620479
2021,Hard,3,wide,surface,opponent_component_higher,18,0.42857142857142855,0.45924612210242644,0.5081503772029916,0.0489042551005652
2021,Hard,3,wide,surface,recommendation_available,42,1.0,0.48596560367831676,0.4833910646202827,0.04449247200137559
2021,Hard,3,wide,surface,server_component_higher,24,0.5714285714285714,0.5060052148602345,0.46482158018325115,0.04118363467698338
2021,Hard,3,wide,surface,surface_history_used,42,1.0,0.48596560367831676,0.4833910646202827,0.04449247200137559
2021,Hard,3,body,surface,evidence_above_threshold,81,0.9759036144578314,0.5034005910074659,0.47609106432094583,0.05018741441298033
2021,Hard,3,body,surface,evidence_threshold_just_met,2,0.024096385542168676,0.42266009852216746,0.513216125574802,0.09055602705263455
2021,Hard,3,body,surface,narrow_score_margin,9,0.10843373493975904,0.5179008362530824,0.4790835326388565,0.04135836301848992
2021,Hard,3,body,surface,opponent_component_higher,30,0.3614457831325301,0.47790284800287475,0.5148250649037716,0.03692221690089689
2021,Hard,3,body,surface,recommendation_available,83,1.0,0.5014550369716756,0.47698564411019534,0.0511601520669479
2021,Hard,3,body,surface,server_component_higher,53,0.6385542168674698,0.5147864646898649,0.4555671040383598,0.05921936065150508
2021,Hard,3,body,surface,surface_history_used,83,1.0,0.5014550369716756,0.47698564411019534,0.0511601520669479
2021,Hard,3,T,surface,evidence_above_threshold,160,1.0,0.4764949870930845,0.47551157259311105,0.05371085301599835
2021,Hard,3,T,surface,narrow_score_margin,4,0.025,0.5308564965566559,0.4820011991375779,0.0789649041244294
2021,Hard,3,T,surface,opponent_component_higher,84,0.525,0.45488284241044413,0.505099450520944,0.05021660811049998
2021,Hard,3,T,surface,recommendation_available,160,1.0,0.4764949870930845,0.47551157259311105,0.05371085301599835
2021,Hard,3,T,surface,server_component_higher,76,0.475,0.5003820943738976,0.44280918119919066,0.05757291317470706
2021,Hard,3,T,surface,surface_history_used,160,1.0,0.4764949870930845,0.47551157259311105,0.05371085301599835
2021,Hard,3,wide,global,evidence_above_threshold,2,1.0,0.538905374216947,0.4499647639182523,0.08894061029869466
2021,Hard,3,wide,global,global_fallback_used,2,1.0,0.538905374216947,0.4499647639182523,0.08894061029869466
2021,Hard,3,wide,global,recommendation_available,2,1.0,0.538905374216947,0.4499647639182523,0.08894061029869466
2021,Hard,3,wide,global,server_component_higher,2,1.0,0.538905374216947,0.4499647639182523,0.08894061029869466
2021,Hard,3,body,global,evidence_above_threshold,6,0.8571428571428571,0.4754318028598401,0.4726700175229806,0.07332954844890385
2021,Hard,3,body,global,evidence_threshold_just_met,1,0.14285714285714285,0.5232067510548524,0.4423076923076923,0.08089905874716008
2021,Hard,3,body,global,global_fallback_used,7,1.0,0.4822567954591276,0.46833254249222517,0.07441090706294047
2021,Hard,3,body,global,opponent_component_higher,2,0.2857142857142857,0.42922794117647056,0.5350795858445372,0.1058516446680666
2021,Hard,3,body,global,recommendation_available,7,1.0,0.4822567954591276,0.46833254249222517,0.07441090706294047
2021,Hard,3,body,global,server_component_higher,5,0.7142857142857143,0.5034683371721904,0.4416337251513003,0.06183461202089
2021,Hard,3,T,global,balanced_components,1,0.1,0.42857142857142855,0.42857142857142855,0.0
2021,Hard,3,T,global,evidence_above_threshold,9,0.9,0.46512315268798093,0.47430670493731825,0.037073456782270635
2021,Hard,3,T,global,evidence_threshold_just_met,1,0.1,0.42857142857142855,0.42857142857142855,0.0
2021,Hard,3,T,global,global_fallback_used,10,1.0,0.46146798027632574,0.4697331773007293,0.03336611110404357
2021,Hard,3,T,global,opponent_component_higher,5,0.5,0.4626636011085717,0.5042949092370189,0.04163130812844719
2021,Hard,3,T,global,recommendation_available,10,1.0,0.46146798027632574,0.4697331773007293,0.03336611110404357
2021,Hard,3,T,global,server_component_higher,4,0.4,0.46819759216224244,0.4368214495626925,0.03137614259954995
2021,Clay,1,wide,surface,evidence_above_threshold,13,0.8666666666666667,0.5499071209820229,0.5292000445433765,0.05061533908542854
2021,Clay,1,wide,surface,evidence_threshold_just_met,2,0.13333333333333333,0.5561697423250276,0.5307293594964828,0.027931042853451493
2021,Clay,1,wide,surface,opponent_component_higher,4,0.26666666666666666,0.5373065583016663,0.5865301501089141,0.04922359180724781
2021,Clay,1,wide,surface,recommendation_available,15,1.0,0.5507421371610902,0.5294039532037906,0.04759076625449827
2021,Clay,1,wide,surface,server_component_higher,11,0.7333333333333333,0.5556278022008807,0.5086307906928368,0.0469970115080439
2021,Clay,1,wide,surface,surface_history_used,15,1.0,0.5507421371610902,0.5294039532037906,0.04759076625449827
2021,Clay,1,body,surface,evidence_above_threshold,9,1.0,0.5463173305751275,0.5079164328436296,0.05390727791288191
2021,Clay,1,body,surface,opponent_component_higher,2,0.2222222222222222,0.5156156950969364,0.5505050505050505,0.03488935540811405
2021,Clay,1,body,surface,recommendation_available,9,1.0,0.5463173305751275,0.5079164328436296,0.05390727791288191
2021,Clay,1,body,surface,server_component_higher,7,0.7777777777777778,0.5550892264260393,0.495748256368938,0.0593409700571013
2021,Clay,1,body,surface,surface_history_used,9,1.0,0.5463173305751275,0.5079164328436296,0.05390727791288191
2021,Clay,1,T,surface,evidence_above_threshold,14,1.0,0.5451134989948966,0.4741438166416821,0.07970346505960002
2021,Clay,1,T,surface,opponent_component_higher,1,0.07142857142857142,0.5684931506849316,0.6296296296296297,0.06113647894469809
2021,Clay,1,T,surface,recommendation_available,14,1.0,0.5451134989948966,0.4741438166416821,0.07970346505960002
2021,Clay,1,T,surface,server_component_higher,13,0.9285714285714286,0.5433150642495093,0.46218336948876304,0.08113169476074633
2021,Clay,1,T,surface,surface_history_used,14,1.0,0.5451134989948966,0.4741438166416821,0.07970346505960002
2021,Clay,1,wide,global,evidence_above_threshold,20,0.9523809523809523,0.5287657081172337,0.5608255414274742,0.044224309646696866
2021,Clay,1,wide,global,evidence_threshold_just_met,1,0.047619047619047616,0.532051282051282,0.5686274509803921,0.03657616892911009
2021,Clay,1,wide,global,global_fallback_used,21,1.0,0.5289221640188551,0.5611970609299941,0.04386011246966893
2021,Clay,1,wide,global,opponent_component_higher,18,0.8571428571428571,0.5280186886706578,0.572430777476129,0.04441208880547144
2021,Clay,1,wide,global,recommendation_available,21,1.0,0.5289221640188551,0.5611970609299941,0.04386011246966893
2021,Clay,1,wide,global,server_component_higher,3,0.14285714285714285,0.5343430161080384,0.49379476165318453,0.04054825445485383
2021,Clay,1,body,global,evidence_above_threshold,23,1.0,0.5248731766330392,0.529465384286477,0.04863279643293346
2021,Clay,1,body,global,global_fallback_used,23,1.0,0.5248731766330392,0.529465384286477,0.04863279643293346
2021,Clay,1,body,global,opponent_component_higher,13,0.5652173913043478,0.5093241953124209,0.5564078527734416,0.047083657461020736
2021,Clay,1,body,global,recommendation_available,23,1.0,0.5248731766330392,0.529465384286477,0.04863279643293346
2021,Clay,1,body,global,server_component_higher,10,0.43478260869565216,0.5450868523498429,0.494440175253423,0.05064667709641999
2021,Clay,1,T,global,evidence_above_threshold,4,1.0,0.5398754910925964,0.5246295487066025,0.07356625314612653
2021,Clay,1,T,global,global_fallback_used,4,1.0,0.5398754910925964,0.5246295487066025,0.07356625314612653
2021,Clay,1,T,global,opponent_component_higher,2,0.5,0.5177992277992278,0.5761195385593605,0.05832031076013272
2021,Clay,1,T,global,recommendation_available,4,1.0,0.5398754910925964,0.5246295487066025,0.07356625314612653
2021,Clay,1,T,global,server_component_higher,2,0.5,0.5619517543859649,0.47313955885384457,0.08881219553212033
2021,Clay,2,wide,surface,evidence_above_threshold,14,1.0,0.48563038854285656,0.4965656096516162,0.0349156001781357
2021,Clay,2,wide,surface,narrow_score_margin,7,0.5,0.5012252745640905,0.4898711543969581,0.034295809337983714
2021,Clay,2,wide,surface,opponent_component_higher,9,0.6428571428571429,0.47524691605278857,0.5109086659425961,0.03566174988980753
2021,Clay,2,wide,surface,recommendation_available,14,1.0,0.48563038854285656,0.4965656096516162,0.0349156001781357
2021,Clay,2,wide,surface,server_component_higher,5,0.35714285714285715,0.5043206390249788,0.4707481083278526,0.03357253069712639
2021,Clay,2,wide,surface,surface_history_used,14,1.0,0.48563038854285656,0.4965656096516162,0.0349156001781357
2021,Clay,2,body,surface,evidence_above_threshold,13,0.9285714285714286,0.5362771718205346,0.4786217849508815,0.06640691991497136
2021,Clay,2,body,surface,evidence_threshold_just_met,1,0.07142857142857142,0.5587996755879967,0.4642857142857143,0.0945139613022824
2021,Clay,2,body,surface,narrow_score_margin,5,0.35714285714285715,0.5364401724257536,0.49185081716430146,0.06468180518441048
2021,Clay,2,body,surface,opponent_component_higher,2,0.14285714285714285,0.5239458072791405,0.5523882896764252,0.02844248239728464
2021,Clay,2,body,surface,recommendation_available,14,1.0,0.5378859220896389,0.47759777990336955,0.06841456572835072
2021,Clay,2,body,surface,server_component_higher,12,0.8571428571428571,0.5402092745580555,0.4651326949411936,0.07507657961686175
2021,Clay,2,body,surface,surface_history_used,14,1.0,0.5378859220896389,0.47759777990336955,0.06841456572835072
2021,Clay,2,T,surface,evidence_above_threshold,9,0.9,0.5439627019398865,0.5032750959471805,0.061495377517842474
2021,Clay,2,T,surface,evidence_threshold_just_met,1,0.1,0.42857142857142855,0.543859649122807,0.1152882205513785
2021,Clay,2,T,surface,narrow_score_margin,4,0.4,0.5507903907447753,0.49662462365830873,0.05416576708646653
2021,Clay,2,T,surface,opponent_component_higher,3,0.3,0.4730470632616048,0.5426881273997689,0.06964106413816418
2021,Clay,2,T,surface,recommendation_available,10,1.0,0.5324235746030407,0.5073335512647432,0.06687466182119609
2021,Clay,2,T,surface,server_component_higher,7,0.7,0.5578706508922275,0.49218159006401774,0.06568906082820976
2021,Clay,2,T,surface,surface_history_used,10,1.0,0.5324235746030407,0.5073335512647432,0.06687466182119609
2021,Clay,2,wide,global,evidence_above_threshold,16,1.0,0.4935637130266411,0.5068896301197933,0.040192049996931115
2021,Clay,2,wide,global,global_fallback_used,16,1.0,0.4935637130266411,0.5068896301197933,0.040192049996931115
2021,Clay,2,wide,global,narrow_score_margin,6,0.375,0.4997805047846587,0.5039463413200727,0.037340796560716316
2021,Clay,2,wide,global,opponent_component_higher,11,0.6875,0.47851349561207984,0.5174356534957769,0.038922157883696955
2021,Clay,2,wide,global,recommendation_available,16,1.0,0.4935637130266411,0.5068896301197933,0.040192049996931115
2021,Clay,2,wide,global,server_component_higher,5,0.3125,0.5266741913386758,0.4836883786926295,0.04298581264604627
2021,Clay,2,body,global,evidence_above_threshold,15,1.0,0.5143396363735223,0.512357341287409,0.04069832437241791
2021,Clay,2,body,global,global_fallback_used,15,1.0,0.5143396363735223,0.512357341287409,0.04069832437241791
2021,Clay,2,body,global,narrow_score_margin,2,0.13333333333333333,0.5019003055767761,0.5490071332176596,0.0501997873127904
2021,Clay,2,body,global,opponent_component_higher,5,0.3333333333333333,0.49682660272028645,0.5549006466497433,0.05807404392945677
2021,Clay,2,body,global,recommendation_available,15,1.0,0.5143396363735223,0.512357341287409,0.04069832437241791
2021,Clay,2,body,global,server_component_higher,10,0.6666666666666666,0.5230961532001402,0.4910856886062418,0.03201046459389847
2021,Clay,2,T,global,evidence_above_threshold,17,1.0,0.50707587887007,0.5253571166219521,0.05132585103957863
2021,Clay,2,T,global,global_fallback_used,17,1.0,0.50707587887007,0.5253571166219521,0.05132585103957863
2021,Clay,2,T,global,narrow_score_margin,2,0.11764705882352941,0.4864767659329593,0.5873483827493262,0.10087161681636686
2021,Clay,2,T,global,opponent_component_higher,11,0.6470588235294118,0.48631468163240715,0.5401019775167177,0.053787295884310554
2021,Clay,2,T,global,recommendation_available,17,1.0,0.50707587887007,0.5253571166219521,0.05132585103957863
2021,Clay,2,T,global,server_component_higher,6,0.35294117647058826,0.5451380738057855,0.4983248716482154,0.046813202157570115
2021,Clay,3,wide,surface,evidence_above_threshold,9,1.0,0.47910794925590205,0.4948702586882181,0.032303289725385466
2021,Clay,3,wide,surface,opponent_component_higher,7,0.7777777777777778,0.47124215106413375,0.5021414648083705,0.03089931374423671
2021,Clay,3,wide,surface,recommendation_available,9,1.0,0.47910794925590205,0.4948702586882181,0.032303289725385466
2021,Clay,3,wide,surface,server_component_higher,2,0.2222222222222222,0.5066382429270913,0.46942103726768514,0.037217205659406116
2021,Clay,3,wide,surface,surface_history_used,9,1.0,0.47910794925590205,0.4948702586882181,0.032303289725385466
2021,Clay,3,body,surface,evidence_above_threshold,14,0.9333333333333333,0.5008370188256707,0.468399573419077,0.059975610535706256
2021,Clay,3,body,surface,evidence_threshold_just_met,1,0.06666666666666667,0.49019607843137253,0.4642857142857143,0.025910364145658227
2021,Clay,3,body,surface,narrow_score_margin,1,0.06666666666666667,0.5026455026455027,0.5,0.002645502645502673
2021,Clay,3,body,surface,opponent_component_higher,4,0.26666666666666666,0.4656330519463557,0.5138248409223029,0.048191788975947086
2021,Clay,3,body,surface,recommendation_available,15,1.0,0.500127622799384,0.46812531614351954,0.05770459410970305
2021,Clay,3,body,surface,server_component_higher,11,0.7333333333333333,0.5126711031095764,0.45150730713305287,0.06116379597652341
2021,Clay,3,body,surface,surface_history_used,15,1.0,0.500127622799384,0.46812531614351954,0.05770459410970305
2021,Clay,3,T,surface,evidence_above_threshold,13,0.9285714285714286,0.476810234971692,0.475062412249082,0.08415985894276926
2021,Clay,3,T,surface,evidence_threshold_just_met,1,0.07142857142857142,0.5594713656387665,0.42857142857142855,0.130899937067338
2021,Clay,3,T,surface,opponent_component_higher,5,0.35714285714285715,0.3889319989870145,0.4960676460732218,0.10713564708620718
2021,Clay,3,T,surface,recommendation_available,14,1.0,0.4827146014479116,0.4717416277006782,0.08749843595166702
2021,Clay,3,T,surface,server_component_higher,9,0.6428571428571429,0.534816047259521,0.45822717304926514,0.07658887421025581
2021,Clay,3,T,surface,surface_history_used,14,1.0,0.4827146014479116,0.4717416277006782,0.08749843595166702
2021,Clay,3,wide,global,evidence_above_threshold,11,1.0,0.4906130936346228,0.4789801197631877,0.05689289892307723
2021,Clay,3,wide,global,global_fallback_used,11,1.0,0.4906130936346228,0.4789801197631877,0.05689289892307723
2021,Clay,3,wide,global,narrow_score_margin,1,0.09090909090909091,0.43478260869565216,0.5714285714285714,0.13664596273291924
2021,Clay,3,wide,global,opponent_component_higher,4,0.36363636363636365,0.4555006230460481,0.5177330199920562,0.062232396946008045
2021,Clay,3,wide,global,recommendation_available,11,1.0,0.4906130936346228,0.4789801197631877,0.05689289892307723
2021,Clay,3,wide,global,server_component_higher,7,0.6363636363636364,0.5106773625423797,0.4568356053466915,0.053841757195688185
2021,Clay,3,body,global,evidence_above_threshold,10,1.0,0.49316462276533723,0.5284977806326275,0.053300217381544425
2021,Clay,3,body,global,global_fallback_used,10,1.0,0.49316462276533723,0.5284977806326275,0.053300217381544425
2021,Clay,3,body,global,narrow_score_margin,1,0.1,0.5081184336198663,0.49137931034482757,0.016739123275038736
2021,Clay,3,body,global,opponent_component_higher,6,0.6,0.4704005678466572,0.544261713887353,0.07386114604069581
2021,Clay,3,body,global,recommendation_available,10,1.0,0.49316462276533723,0.5284977806326275,0.053300217381544425
2021,Clay,3,body,global,server_component_higher,4,0.4,0.5273107051433571,0.5048518807505398,0.022458824392817364
2021,Clay,3,T,global,evidence_above_threshold,27,1.0,0.4542027882392125,0.4848237597071129,0.07304623452641586
2021,Clay,3,T,global,global_fallback_used,27,1.0,0.4542027882392125,0.4848237597071129,0.07304623452641586
2021,Clay,3,T,global,narrow_score_margin,1,0.037037037037037035,0.4745762711864407,0.5925925925925926,0.11801632140615187
2021,Clay,3,T,global,opponent_component_higher,14,0.5185185185185185,0.39940733893825797,0.4993721447184915,0.09996480578023348
2021,Clay,3,T,global,recommendation_available,27,1.0,0.4542027882392125,0.4848237597071129,0.07304623452641586
2021,Clay,3,T,global,server_component_higher,13,0.48148148148148145,0.5132132721017789,0.4691562681563975,0.04405700394538147
2021,Grass,1,wide,surface,evidence_above_threshold,4,1.0,0.5704782334653072,0.5357190350527192,0.043961345496865534
2021,Grass,1,wide,surface,opponent_component_higher,1,0.25,0.5981370592149036,0.6165413533834586,0.018404294168555047
2021,Grass,1,wide,surface,recommendation_available,4,1.0,0.5704782334653072,0.5357190350527192,0.043961345496865534
2021,Grass,1,wide,surface,server_component_higher,3,0.75,0.5612586248821084,0.508778262275806,0.052480362606302365
2021,Grass,1,wide,surface,surface_history_used,4,1.0,0.5704782334653072,0.5357190350527192,0.043961345496865534
2021,Grass,1,wide,global,evidence_above_threshold,18,1.0,0.530288512884343,0.5403988540467065,0.04584296427247255
2021,Grass,1,wide,global,global_fallback_used,18,1.0,0.530288512884343,0.5403988540467065,0.04584296427247255
2021,Grass,1,wide,global,opponent_component_higher,12,0.6666666666666666,0.5199014021699723,0.5618663812460993,0.04196497907612711
2021,Grass,1,wide,global,recommendation_available,18,1.0,0.530288512884343,0.5403988540467065,0.04584296427247255
2021,Grass,1,wide,global,server_component_higher,6,0.3333333333333333,0.5510627343130843,0.4974637996479209,0.05359893466516341
2021,Grass,1,body,global,evidence_above_threshold,10,1.0,0.513542772446338,0.5323090606291269,0.03839325992170746
2021,Grass,1,body,global,global_fallback_used,10,1.0,0.513542772446338,0.5323090606291269,0.03839325992170746
2021,Grass,1,body,global,opponent_component_higher,6,0.6,0.502214060300426,0.549847017054173,0.04763295675374691
2021,Grass,1,body,global,recommendation_available,10,1.0,0.513542772446338,0.5323090606291269,0.03839325992170746
2021,Grass,1,body,global,server_component_higher,4,0.4,0.5305358406652058,0.5060021259915575,0.024533714673648274
2021,Grass,1,T,global,evidence_above_threshold,2,0.6666666666666666,0.5630542691615419,0.5677471791929624,0.023286643371861815
2021,Grass,1,T,global,evidence_threshold_just_met,1,0.3333333333333333,0.5,0.5033112582781457,0.0033112582781457123
2021,Grass,1,T,global,global_fallback_used,3,1.0,0.5420361794410279,0.5462685388880235,0.01662818167395645
2021,Grass,1,T,global,opponent_component_higher,2,0.6666666666666666,0.5296610169491525,0.5453064227898665,0.015645405840714
2021,Grass,1,T,global,recommendation_available,3,1.0,0.5420361794410279,0.5462685388880235,0.01662818167395645
2021,Grass,1,T,global,server_component_higher,1,0.3333333333333333,0.5667865044247787,0.5481927710843374,0.018593733340441343
2021,Grass,2,body,surface,evidence_above_threshold,3,1.0,0.5134708899699602,0.5064565743831403,0.04298739856176261
2021,Grass,2,body,surface,narrow_score_margin,1,0.3333333333333333,0.4838709677419355,0.5181818181818182,0.03431085043988269
2021,Grass,2,body,surface,opponent_component_higher,2,0.6666666666666666,0.49044443019303535,0.5174242424242425,0.0269798122312071
2021,Grass,2,body,surface,recommendation_available,3,1.0,0.5134708899699602,0.5064565743831403,0.04298739856176261
2021,Grass,2,body,surface,server_component_higher,1,0.3333333333333333,0.5595238095238095,0.4845212383009359,0.07500257122287363
2021,Grass,2,body,surface,surface_history_used,3,1.0,0.5134708899699602,0.5064565743831403,0.04298739856176261
2021,Grass,2,T,surface,evidence_above_threshold,1,1.0,0.6080066722268557,0.5,0.10800667222685567
2021,Grass,2,T,surface,recommendation_available,1,1.0,0.6080066722268557,0.5,0.10800667222685567
2021,Grass,2,T,surface,server_component_higher,1,1.0,0.6080066722268557,0.5,0.10800667222685567
2021,Grass,2,T,surface,surface_history_used,1,1.0,0.6080066722268557,0.5,0.10800667222685567
2021,Grass,2,wide,global,evidence_above_threshold,11,1.0,0.4890308336822234,0.5264323512447523,0.054809578149860656
2021,Grass,2,wide,global,global_fallback_used,11,1.0,0.4890308336822234,0.5264323512447523,0.054809578149860656
2021,Grass,2,wide,global,narrow_score_margin,1,0.09090909090909091,0.49458483754512633,0.5139664804469274,0.019381642901801055
2021,Grass,2,wide,global,opponent_component_higher,7,0.6363636363636364,0.4698978950397557,0.5423494702423476,0.07245157520259175
2021,Grass,2,wide,global,recommendation_available,11,1.0,0.4890308336822234,0.5264323512447523,0.054809578149860656
2021,Grass,2,wide,global,server_component_higher,4,0.36363636363636365,0.5225134763065418,0.49857739299896053,0.023936083307581263
2021,Grass,2,body,global,evidence_above_threshold,10,1.0,0.5267125006473379,0.5057425221014984,0.027000649399180905
2021,Grass,2,body,global,global_fallback_used,10,1.0,0.5267125006473379,0.5057425221014984,0.027000649399180905
2021,Grass,2,body,global,narrow_score_margin,3,0.3,0.5350032973449877,0.48906728360308316,0.045936013741904445
2021,Grass,2,body,global,opponent_component_higher,2,0.2,0.4982066902169995,0.513283367350353,0.015076677133353478
2021,Grass,2,body,global,recommendation_available,10,1.0,0.5267125006473379,0.5057425221014984,0.027000649399180905
2021,Grass,2,body,global,server_component_higher,8,0.8,0.5338389532549224,0.5038573107892845,0.02998164246563776
2021,Grass,2,T,global,evidence_above_threshold,10,1.0,0.5110923109593463,0.5099385140431532,0.04204167622639119
2021,Grass,2,T,global,global_fallback_used,10,1.0,0.5110923109593463,0.5099385140431532,0.04204167622639119
2021,Grass,2,T,global,narrow_score_margin,4,0.4,0.5085563235957842,0.5438235969757493,0.03526727337996524
2021,Grass,2,T,global,opponent_component_higher,7,0.7,0.5029576597240873,0.5321632878028002,0.029205628078712877
2021,Grass,2,T,global,recommendation_available,10,1.0,0.5110923109593463,0.5099385140431532,0.04204167622639119
2021,Grass,2,T,global,server_component_higher,3,0.3,0.5300731638416173,0.45808070860397665,0.07199245523764058
2021,Grass,3,body,surface,evidence_above_threshold,1,1.0,0.5873015873015873,0.4659090909090909,0.12139249639249644
2021,Grass,3,body,surface,recommendation_available,1,1.0,0.5873015873015873,0.4659090909090909,0.12139249639249644
2021,Grass,3,body,surface,server_component_higher,1,1.0,0.5873015873015873,0.4659090909090909,0.12139249639249644
2021,Grass,3,body,surface,surface_history_used,1,1.0,0.5873015873015873,0.4659090909090909,0.12139249639249644
2021,Grass,3,T,surface,evidence_above_threshold,3,1.0,0.49847275053402323,0.47343972734866696,0.040182677466800654
2021,Grass,3,T,surface,opponent_component_higher,2,0.6666666666666666,0.47276995305164315,0.4841321937627264,0.011362240711083216
2021,Grass,3,T,surface,recommendation_available,3,1.0,0.49847275053402323,0.47343972734866696,0.040182677466800654
2021,Grass,3,T,surface,server_component_higher,1,0.3333333333333333,0.5498783454987834,0.4520547945205479,0.09782355097823553
2021,Grass,3,T,surface,surface_history_used,3,1.0,0.49847275053402323,0.47343972734866696,0.040182677466800654
2021,Grass,3,wide,global,evidence_above_threshold,2,1.0,0.48278447349063547,0.5044812802601915,0.021696806769556015
2021,Grass,3,wide,global,global_fallback_used,2,1.0,0.48278447349063547,0.5044812802601915,0.021696806769556015
2021,Grass,3,wide,global,opponent_component_higher,2,1.0,0.48278447349063547,0.5044812802601915,0.021696806769556015
2021,Grass,3,wide,global,recommendation_available,2,1.0,0.48278447349063547,0.5044812802601915,0.021696806769556015
2021,Grass,3,body,global,evidence_above_threshold,11,1.0,0.5041475723367296,0.47034898065384145,0.03905206186050503
2021,Grass,3,body,global,global_fallback_used,11,1.0,0.5041475723367296,0.47034898065384145,0.03905206186050503
2021,Grass,3,body,global,opponent_component_higher,2,0.18181818181818182,0.5012112118002432,0.5156582547886897,0.014447042988446374
2021,Grass,3,body,global,recommendation_available,11,1.0,0.5041475723367296,0.47034898065384145,0.03905206186050503
2021,Grass,3,body,global,server_component_higher,9,0.8181818181818182,0.5048000969003932,0.4602802530683196,0.044519843832073615
2021,Grass,3,T,global,evidence_above_threshold,18,1.0,0.4656686795024668,0.4994544207014089,0.05627414096073077
2021,Grass,3,T,global,global_fallback_used,18,1.0,0.4656686795024668,0.4994544207014089,0.05627414096073077
2021,Grass,3,T,global,opponent_component_higher,10,0.5555555555555556,0.42908223612190743,0.510136130065613,0.08105389394370556
2021,Grass,3,T,global,recommendation_available,18,1.0,0.4656686795024668,0.4994544207014089,0.05627414096073077
2021,Grass,3,T,global,server_component_higher,8,0.4444444444444444,0.511401733728166,0.4861022839961537,0.025299449732012327
2022,<ALL>,1,wide,surface,evidence_above_threshold,332,0.991044776119403,0.5418402339119109,0.5277198794572174,0.05404258323011641
2022,<ALL>,1,wide,surface,evidence_threshold_just_met,3,0.008955223880597015,0.5786636534048107,0.5852464494569758,0.006582796052165089
2022,<ALL>,1,wide,surface,opponent_component_higher,127,0.37910447761194027,0.5128168916026392,0.5651542015622978,0.052337309959658886
2022,<ALL>,1,wide,surface,recommendation_available,335,1.0,0.542169995877519,0.528235042770648,0.053617570210612364
2022,<ALL>,1,wide,surface,server_component_higher,208,0.6208955223880597,0.5600923239684312,0.505693056393054,0.05439926757537724
2022,<ALL>,1,wide,surface,surface_history_used,335,1.0,0.542169995877519,0.528235042770648,0.053617570210612364
2022,<ALL>,1,body,surface,evidence_above_threshold,195,0.9848484848484849,0.5309243606569716,0.5138875748665408,0.05017823838974323
2022,<ALL>,1,body,surface,evidence_threshold_just_met,3,0.015151515151515152,0.5368652036374487,0.5105713884599186,0.026293815177530155
2022,<ALL>,1,body,surface,opponent_component_higher,64,0.32323232323232326,0.5063578950174991,0.5568468267117641,0.05048893169426512
2022,<ALL>,1,body,surface,recommendation_available,198,1.0,0.5310143734294029,0.5138373296179556,0.049816353189558175
2022,<ALL>,1,body,surface,server_component_higher,134,0.6767676767676768,0.5427906019246407,0.49329548025971864,0.04949512166492202
2022,<ALL>,1,body,surface,surface_history_used,198,1.0,0.5310143734294029,0.5138373296179556,0.049816353189558175
2022,<ALL>,1,T,surface,evidence_above_threshold,122,0.9838709677419355,0.5393293382566424,0.5065002797877192,0.05744951896787443
2022,<ALL>,1,T,surface,evidence_threshold_just_met,2,0.016129032258064516,0.5,0.4575244973551528,0.042475502644847174
2022,<ALL>,1,T,surface,opponent_component_higher,33,0.2661290322580645,0.5074384762628149,0.5529490244578457,0.04551054819503078
2022,<ALL>,1,T,surface,recommendation_available,124,1.0,0.5386949940912127,0.5057103478130004,0.05720800257556753
2022,<ALL>,1,T,surface,server_component_higher,91,0.7338709677419355,0.5500297752817306,0.4885798387000345,0.06144993658169626
2022,<ALL>,1,T,surface,surface_history_used,124,1.0,0.5386949940912127,0.5057103478130004,0.05720800257556753
2022,<ALL>,1,wide,global,evidence_above_threshold,70,0.9859154929577465,0.5311716575167754,0.5340519809717705,0.049144241249489184
2022,<ALL>,1,wide,global,evidence_threshold_just_met,1,0.014084507042253521,0.4861111111111111,0.48672566371681414,0.0006145526057030337
2022,<ALL>,1,wide,global,global_fallback_used,71,1.0,0.5305370019335971,0.533385413123109,0.04846072450802741
2022,<ALL>,1,wide,global,opponent_component_higher,32,0.4507042253521127,0.507764805134579,0.5646858775490369,0.05692107241445775
2022,<ALL>,1,wide,global,recommendation_available,71,1.0,0.5305370019335971,0.533385413123109,0.04846072450802741
2022,<ALL>,1,wide,global,server_component_higher,39,0.5492957746478874,0.5492218813584323,0.5077029807736299,0.041518900584802516
2022,<ALL>,1,body,global,evidence_above_threshold,56,1.0,0.5221537206435053,0.5416869535083084,0.055430697816826156
2022,<ALL>,1,body,global,global_fallback_used,56,1.0,0.5221537206435053,0.5416869535083084,0.055430697816826156
2022,<ALL>,1,body,global,opponent_component_higher,33,0.5892857142857143,0.5127134128708966,0.5763191722371276,0.06360575936623092
2022,<ALL>,1,body,global,recommendation_available,56,1.0,0.5221537206435053,0.5416869535083084,0.055430697816826156
2022,<ALL>,1,body,global,server_component_higher,23,0.4107142857142857,0.5356985100563787,0.4919972483756549,0.04370126168072369
2022,<ALL>,1,T,global,evidence_above_threshold,36,0.972972972972973,0.5354626674623172,0.5226401795741424,0.056761485832510186
2022,<ALL>,1,T,global,evidence_threshold_just_met,1,0.02702702702702703,0.5564610011641443,0.46,0.0964610011641443
2022,<ALL>,1,T,global,global_fallback_used,37,1.0,0.536030189994799,0.5209472017478143,0.05783444570633814
2022,<ALL>,1,T,global,opponent_component_higher,15,0.40540540540540543,0.5148965486197977,0.5676233461530003,0.0527267975332024
2022,<ALL>,1,T,global,recommendation_available,37,1.0,0.536030189994799,0.5209472017478143,0.05783444570633814
2022,<ALL>,1,T,global,server_component_higher,22,0.5945945945945946,0.5504394909322998,0.4891225578351875,0.0613169330971125
2022,<ALL>,2,wide,surface,evidence_above_threshold,216,0.9908256880733946,0.5066952850024455,0.501881875131459,0.04606974323531952
2022,<ALL>,2,wide,surface,evidence_threshold_just_met,2,0.009174311926605505,0.5951801479360534,0.46068948412698413,0.13449066380906932
2022,<ALL>,2,wide,surface,narrow_score_margin,79,0.3623853211009174,0.5210282661434781,0.49649033088821687,0.0532723388406339
2022,<ALL>,2,wide,surface,opponent_component_higher,106,0.48623853211009177,0.48325565885824395,0.5252904136068096,0.042034754748565745
2022,<ALL>,2,wide,surface,recommendation_available,218,1.0,0.5075070727357813,0.5015039632873812,0.04688094434150071
2022,<ALL>,2,wide,surface,server_component_higher,112,0.5137614678899083,0.530459303727022,0.4789917870922079,0.05146751663481415
2022,<ALL>,2,wide,surface,surface_history_used,218,1.0,0.5075070727357813,0.5015039632873812,0.04688094434150071
2022,<ALL>,2,body,surface,evidence_above_threshold,232,0.9957081545064378,0.517414445447048,0.49952085225792753,0.04436646322454657
2022,<ALL>,2,body,surface,evidence_threshold_just_met,1,0.004291845493562232,0.5337423312883436,0.5384615384615384,0.00471920717319485
2022,<ALL>,2,body,surface,narrow_score_margin,68,0.2918454935622318,0.5264504282848173,0.4984908534632734,0.049257873082719165
2022,<ALL>,2,body,surface,opponent_component_higher,82,0.351931330472103,0.49554079384596367,0.5330477710567273,0.03750697721076374
2022,<ALL>,2,body,surface,recommendation_available,233,1.0,0.5174845222103153,0.4996879796665267,0.044196303327330475
2022,<ALL>,2,body,surface,server_component_higher,151,0.648068669527897,0.529400983971089,0.48157206646125217,0.047828917509836914
2022,<ALL>,2,body,surface,surface_history_used,233,1.0,0.5174845222103153,0.4996879796665267,0.044196303327330475
2022,<ALL>,2,T,surface,balanced_components,2,0.009708737864077669,0.4909090909090909,0.4909090909090909,0.0
2022,<ALL>,2,T,surface,evidence_above_threshold,203,0.9854368932038835,0.5192848620169155,0.50088926697495,0.050718550546225205
2022,<ALL>,2,T,surface,evidence_threshold_just_met,3,0.014563106796116505,0.5125141684281469,0.5245125801120739,0.10174200142751677
2022,<ALL>,2,T,surface,narrow_score_margin,47,0.22815533980582525,0.5171907446984466,0.5043463396486665,0.04997450290097187
2022,<ALL>,2,T,surface,opponent_component_higher,81,0.3932038834951456,0.4855433431156626,0.5281531036508418,0.042609760535179335
2022,<ALL>,2,T,surface,recommendation_available,206,1.0,0.5191862596830985,0.501233295807044,0.051461610510515864
2022,<ALL>,2,T,surface,server_component_higher,123,0.5970873786407767,0.541801142443345,0.48367349072125765,0.05812765172208733
2022,<ALL>,2,T,surface,surface_history_used,206,1.0,0.5191862596830985,0.501233295807044,0.051461610510515864
2022,<ALL>,2,wide,global,evidence_above_threshold,59,1.0,0.500878280320358,0.5093346920908263,0.05664636663450129
2022,<ALL>,2,wide,global,global_fallback_used,59,1.0,0.500878280320358,0.5093346920908263,0.05664636663450129
2022,<ALL>,2,wide,global,narrow_score_margin,14,0.23728813559322035,0.5000396434416814,0.5159279361375603,0.05001903860248493
2022,<ALL>,2,wide,global,opponent_component_higher,30,0.5084745762711864,0.47546312954206793,0.5394808616402881,0.06401773209822012
2022,<ALL>,2,wide,global,recommendation_available,59,1.0,0.500878280320358,0.5093346920908263,0.05664636663450129
2022,<ALL>,2,wide,global,server_component_higher,29,0.4915254237288136,0.5271698156082442,0.47814899945345196,0.04902081615479214
2022,<ALL>,2,body,global,evidence_above_threshold,56,0.9824561403508771,0.497721390134568,0.5089014456602754,0.04751666086618344
2022,<ALL>,2,body,global,evidence_threshold_just_met,1,0.017543859649122806,0.4117647058823529,0.5521739130434783,0.14040920716112537
2022,<ALL>,2,body,global,global_fallback_used,57,1.0,0.49621337813014316,0.5096606117547176,0.049146354660831545
2022,<ALL>,2,body,global,narrow_score_margin,11,0.19298245614035087,0.5069570282942271,0.5265822589423663,0.03583836991720843
2022,<ALL>,2,body,global,opponent_component_higher,34,0.5964912280701754,0.47742224600975497,0.5298904008960511,0.05246815488629616
2022,<ALL>,2,body,global,recommendation_available,57,1.0,0.49621337813014316,0.5096606117547176,0.049146354660831545
2022,<ALL>,2,body,global,server_component_higher,23,0.40350877192982454,0.5239915734385432,0.4797557060675288,0.04423586737101428
2022,<ALL>,2,T,global,evidence_above_threshold,48,1.0,0.505966190116771,0.5081083499799104,0.04812619158120543
2022,<ALL>,2,T,global,global_fallback_used,48,1.0,0.505966190116771,0.5081083499799104,0.04812619158120543
2022,<ALL>,2,T,global,narrow_score_margin,8,0.16666666666666666,0.49763434031096554,0.5388510182420592,0.06075235123406284
2022,<ALL>,2,T,global,opponent_component_higher,21,0.4375,0.487462076250423,0.5449116207582457,0.057449544507822733
2022,<ALL>,2,T,global,recommendation_available,48,1.0,0.505966190116771,0.5081083499799104,0.04812619158120543
2022,<ALL>,2,T,global,server_component_higher,27,0.5625,0.5203582786794859,0.47948358381898293,0.04087469486050308
2022,<ALL>,3,wide,surface,evidence_above_threshold,103,0.9903846153846154,0.4899676138244462,0.48494467030035926,0.05045008279092017
2022,<ALL>,3,wide,surface,evidence_threshold_just_met,1,0.009615384615384616,0.3235294117647059,0.5211267605633803,0.19759734879867435
2022,<ALL>,3,wide,surface,narrow_score_margin,11,0.10576923076923077,0.5148527246278403,0.48590328160488705,0.028949443022953113
2022,<ALL>,3,wide,surface,opponent_component_higher,47,0.4519230769230769,0.4557748181501734,0.5097555632786963,0.05398074512852302
2022,<ALL>,3,wide,surface,recommendation_available,104,1.0,0.48836724649694874,0.4852925750144267,0.05186496034868704
2022,<ALL>,3,wide,surface,server_component_higher,57,0.5480769230769231,0.5152417049583249,0.4651213390772219,0.050120365881102975
2022,<ALL>,3,wide,surface,surface_history_used,104,1.0,0.48836724649694874,0.4852925750144267,0.05186496034868704
2022,<ALL>,3,body,surface,evidence_above_threshold,222,0.9823008849557522,0.49285674773790866,0.4842585125808016,0.0449975949392209
2022,<ALL>,3,body,surface,evidence_threshold_just_met,4,0.017699115044247787,0.4625924678047319,0.5035507829995468,0.057971700132728066
2022,<ALL>,3,body,surface,narrow_score_margin,7,0.030973451327433628,0.5149324834992475,0.4955880707818951,0.047014272245681395
2022,<ALL>,3,body,surface,opponent_component_higher,89,0.3938053097345133,0.46722322303696084,0.5148433237838118,0.04762010074685092
2022,<ALL>,3,body,surface,recommendation_available,226,1.0,0.4923210967656401,0.4845999686944078,0.04522722511963695
2022,<ALL>,3,body,surface,server_component_higher,137,0.6061946902654868,0.5086255548813514,0.4649528256071307,0.04367272927422057
2022,<ALL>,3,body,surface,surface_history_used,226,1.0,0.4923210967656401,0.4845999686944078,0.04522722511963695
2022,<ALL>,3,T,surface,evidence_above_threshold,324,0.9908256880733946,0.47841868954959466,0.481937690656184,0.04880294805609591
2022,<ALL>,3,T,surface,evidence_threshold_just_met,3,0.009174311926605505,0.4941452335818533,0.46346565237894866,0.049159599682923126
2022,<ALL>,3,T,surface,narrow_score_margin,9,0.027522935779816515,0.5136325338333765,0.5012043925257037,0.03869988015749695
2022,<ALL>,3,T,surface,opponent_component_higher,173,0.5290519877675841,0.45661013904835784,0.5057654904476356,0.04915535139927772
2022,<ALL>,3,T,surface,recommendation_available,327,1.0,0.4785629697700742,0.4817682224151084,0.04880622008936956
2022,<ALL>,3,T,surface,server_component_higher,154,0.4709480122324159,0.5032242666197942,0.4548102524824644,0.04841401413732986
2022,<ALL>,3,T,surface,surface_history_used,327,1.0,0.4785629697700742,0.4817682224151084,0.04880622008936956
2022,<ALL>,3,wide,global,evidence_above_threshold,34,1.0,0.46786385656140395,0.49015318379495554,0.0633381376425375
2022,<ALL>,3,wide,global,global_fallback_used,34,1.0,0.46786385656140395,0.49015318379495554,0.0633381376425375
2022,<ALL>,3,wide,global,opponent_component_higher,18,0.5294117647058824,0.4424321050277281,0.523302488521812,0.08087038349408414
2022,<ALL>,3,wide,global,recommendation_available,34,1.0,0.46786385656140395,0.49015318379495554,0.0633381376425375
2022,<ALL>,3,wide,global,server_component_higher,16,0.47058823529411764,0.4964745770367893,0.4528602159772418,0.043614361059547545
2022,<ALL>,3,body,global,evidence_above_threshold,51,1.0,0.48642496446028416,0.4887645345718326,0.0640410515179687
2022,<ALL>,3,body,global,global_fallback_used,51,1.0,0.48642496446028416,0.4887645345718326,0.0640410515179687
2022,<ALL>,3,body,global,narrow_score_margin,1,0.0196078431372549,0.49819612987864875,0.5439093484419264,0.04571321856327765
2022,<ALL>,3,body,global,opponent_component_higher,22,0.43137254901960786,0.44453493013152645,0.521476105202103,0.07694117507057655
2022,<ALL>,3,body,global,recommendation_available,51,1.0,0.48642496446028416,0.4887645345718326,0.0640410515179687
2022,<ALL>,3,body,global,server_component_higher,29,0.5686274509803921,0.5182036111924453,0.4639488603005929,0.05425475089185238
2022,<ALL>,3,T,global,evidence_above_threshold,77,0.9746835443037974,0.4607157078411009,0.4849220986599447,0.06312178972406345
2022,<ALL>,3,T,global,evidence_threshold_just_met,2,0.02531645569620253,0.5110878661087865,0.41910112359550566,0.09198674251328096
2022,<ALL>,3,T,global,global_fallback_used,79,1.0,0.4619909523542069,0.4832557448608449,0.06385254802252464
2022,<ALL>,3,T,global,narrow_score_margin,1,0.012658227848101266,0.4942528735632184,0.5038910505836576,0.009638177020439176
2022,<ALL>,3,T,global,opponent_component_higher,52,0.6582278481012658,0.43839274350084173,0.5030491848643404,0.06465644136349863
2022,<ALL>,3,T,global,recommendation_available,79,1.0,0.4619909523542069,0.4832557448608449,0.06385254802252464
2022,<ALL>,3,T,global,server_component_higher,27,0.34177215189873417,0.5074393545903173,0.44513504559485384,0.0623043089954636
2022,Hard,1,wide,surface,evidence_above_threshold,252,1.0,0.542645792452791,0.5302240977114022,0.05508901291710007
2022,Hard,1,wide,surface,opponent_component_higher,93,0.36904761904761907,0.5103650064319052,0.5681723407344814,0.057807334302576355
2022,Hard,1,wide,surface,recommendation_available,252,1.0,0.542645792452791,0.5302240977114022,0.05508901291710007
2022,Hard,1,wide,surface,server_component_higher,159,0.6309523809523809,0.5615270069178375,0.5080279555658274,0.05349905135201019
2022,Hard,1,wide,surface,surface_history_used,252,1.0,0.542645792452791,0.5302240977114022,0.05508901291710007
2022,Hard,1,body,surface,evidence_above_threshold,158,0.9875,0.5283866984828419,0.5098546811092393,0.04926694069340264
2022,Hard,1,body,surface,evidence_threshold_just_met,2,0.0125,0.5258860407502908,0.49821002386634844,0.027676016883942278
2022,Hard,1,body,surface,opponent_component_higher,53,0.33125,0.49960689522733187,0.5454193281002415,0.04581243287290956
2022,Hard,1,body,surface,recommendation_available,160,1.0,0.528355440261185,0.5097091228937031,0.04899705414578438
2022,Hard,1,body,surface,server_component_higher,107,0.66875,0.5425953737826261,0.4920208904082215,0.050574483374404636
2022,Hard,1,body,surface,surface_history_used,160,1.0,0.528355440261185,0.5097091228937031,0.04899705414578438
2022,Hard,1,T,surface,evidence_above_threshold,73,0.9864864864864865,0.5355678306101629,0.5105371757264212,0.05649759576644745
2022,Hard,1,T,surface,evidence_threshold_just_met,1,0.013513513513513514,0.5,0.4768467475192944,0.0231532524807056
2022,Hard,1,T,surface,opponent_component_higher,21,0.28378378378378377,0.5057299124450695,0.5604224525507246,0.054692540105655094
2022,Hard,1,T,surface,recommendation_available,74,1.0,0.5350871842505662,0.5100818996695682,0.056046996532856344
2022,Hard,1,T,surface,server_component_higher,53,0.7162162162162162,0.5467193108150082,0.49013564286760036,0.05658366794740779
2022,Hard,1,T,surface,surface_history_used,74,1.0,0.5350871842505662,0.5100818996695682,0.056046996532856344
2022,Hard,1,wide,global,evidence_above_threshold,19,0.95,0.5222852429010413,0.526186486357865,0.05275405120350315
2022,Hard,1,wide,global,evidence_threshold_just_met,1,0.05,0.4861111111111111,0.48672566371681414,0.0006145526057030337
2022,Hard,1,wide,global,global_fallback_used,20,1.0,0.5204765363115448,0.5242134452258125,0.050147076273613145
2022,Hard,1,wide,global,opponent_component_higher,9,0.45,0.4968230882295934,0.5566941828827945,0.059871094653200965
2022,Hard,1,wide,global,recommendation_available,20,1.0,0.5204765363115448,0.5242134452258125,0.050147076273613145
2022,Hard,1,wide,global,server_component_higher,11,0.55,0.539829357469505,0.4976382962337365,0.04219106123576855
2022,Hard,1,body,global,evidence_above_threshold,13,1.0,0.5190365706744713,0.576022197035166,0.07001585542653824
2022,Hard,1,body,global,global_fallback_used,13,1.0,0.5190365706744713,0.576022197035166,0.07001585542653824
2022,Hard,1,body,global,opponent_component_higher,10,0.7692307692307693,0.5188018010979846,0.6013527642596859,0.08255096316170134
2022,Hard,1,body,global,recommendation_available,13,1.0,0.5190365706744713,0.576022197035166,0.07001585542653824
2022,Hard,1,body,global,server_component_higher,3,0.23076923076923078,0.5198191359294272,0.49158697295343257,0.028232162975994568
2022,Hard,1,T,global,evidence_above_threshold,13,0.9285714285714286,0.5418434018102217,0.5034577684562037,0.043337351779189154
2022,Hard,1,T,global,evidence_threshold_just_met,1,0.07142857142857142,0.5564610011641443,0.46,0.0964610011641443
2022,Hard,1,T,global,global_fallback_used,14,1.0,0.5428875160497876,0.5003536421379035,0.0471318981638288
2022,Hard,1,T,global,opponent_component_higher,3,0.21428571428571427,0.5307330350821975,0.5414617583367348,0.01072872325453722
2022,Hard,1,T,global,recommendation_available,14,1.0,0.5428875160497876,0.5003536421379035,0.0471318981638288
2022,Hard,1,T,global,server_component_higher,11,0.7857142857142857,0.546202374495494,0.48914233772004034,0.057060036775453786
2022,Hard,2,wide,surface,evidence_above_threshold,154,0.9935483870967742,0.5041010803156696,0.49898737049250447,0.046519304805773556
2022,Hard,2,wide,surface,evidence_threshold_just_met,1,0.0064516129032258064,0.5721784776902887,0.453125,0.11905347769028873
2022,Hard,2,wide,surface,narrow_score_margin,57,0.36774193548387096,0.518045827814404,0.4948204923254052,0.05047816027989294
2022,Hard,2,wide,surface,opponent_component_higher,77,0.4967741935483871,0.48116618945303735,0.5225717844356457,0.04140559498260851
2022,Hard,2,wide,surface,recommendation_available,155,1.0,0.5045402893309897,0.49869148423126247,0.046987267211480103
2022,Hard,2,wide,surface,server_component_higher,78,0.5032258064516129,0.5276147212617888,0.4751173417218072,0.05249737953998155
2022,Hard,2,wide,surface,surface_history_used,155,1.0,0.5045402893309897,0.49869148423126247,0.046987267211480103
2022,Hard,2,body,surface,evidence_above_threshold,165,1.0,0.5159682102773121,0.5036478604030034,0.04091265120155053
2022,Hard,2,body,surface,narrow_score_margin,50,0.30303030303030304,0.5226757334368647,0.5012324745995991,0.04750743940403975
2022,Hard,2,body,surface,opponent_component_higher,65,0.3939393939393939,0.4989932932387016,0.535283521846355,0.036290228607653296
2022,Hard,2,body,surface,recommendation_available,165,1.0,0.5159682102773121,0.5036478604030034,0.04091265120155053
2022,Hard,2,body,surface,server_component_higher,100,0.6060606060606061,0.5270019063524088,0.483084680464825,0.04391722588758373
2022,Hard,2,body,surface,surface_history_used,165,1.0,0.5159682102773121,0.5036478604030034,0.04091265120155053
2022,Hard,2,T,surface,balanced_components,1,0.006024096385542169,0.5,0.5,0.0
2022,Hard,2,T,surface,evidence_above_threshold,165,0.9939759036144579,0.5174824650032294,0.505136211714869,0.04742077014461006
2022,Hard,2,T,surface,evidence_threshold_just_met,1,0.006024096385542169,0.46774193548387094,0.4890282131661442,0.021286277682273258
2022,Hard,2,T,surface,narrow_score_margin,39,0.23493975903614459,0.5137073151104612,0.5056101385184325,0.04781736371303912
2022,Hard,2,T,surface,opponent_component_higher,69,0.41566265060240964,0.48443550766965304,0.5266809267757817,0.042245419106128626
2022,Hard,2,T,surface,recommendation_available,166,1.0,0.5171828232591369,0.5050391755790333,0.04726333344302972
2022,Hard,2,T,surface,server_component_higher,96,0.5783132530120482,0.5408989440813611,0.48953665831865206,0.05136228576270894
2022,Hard,2,T,surface,surface_history_used,166,1.0,0.5171828232591369,0.5050391755790333,0.04726333344302972
2022,Hard,2,wide,global,evidence_above_threshold,21,1.0,0.4994279320670197,0.49951241938267305,0.06831903196574844
2022,Hard,2,wide,global,global_fallback_used,21,1.0,0.4994279320670197,0.49951241938267305,0.06831903196574844
2022,Hard,2,wide,global,narrow_score_margin,4,0.19047619047619047,0.5159948134728243,0.49150074802648336,0.0447243286042356
2022,Hard,2,wide,global,opponent_component_higher,10,0.47619047619047616,0.4630543376061171,0.5348780328515892,0.07182369524547191
2022,Hard,2,wide,global,recommendation_available,21,1.0,0.4994279320670197,0.49951241938267305,0.06831903196574844
2022,Hard,2,wide,global,server_component_higher,11,0.5238095238095238,0.5324948361223857,0.46736186168365845,0.06513297443872709
2022,Hard,2,body,global,evidence_above_threshold,15,0.9375,0.4629104772524386,0.5066766517883373,0.05082953535899102
2022,Hard,2,body,global,evidence_threshold_just_met,1,0.0625,0.4117647058823529,0.5521739130434783,0.14040920716112537
2022,Hard,2,body,global,global_fallback_used,16,1.0,0.45971386654180824,0.5095202306167838,0.056428264846624415
2022,Hard,2,body,global,narrow_score_margin,4,0.25,0.4942700821078013,0.5246736704558758,0.04244625857059295
2022,Hard,2,body,global,opponent_component_higher,13,0.8125,0.45036178979775837,0.5157369460572043,0.0653751562594461
2022,Hard,2,body,global,recommendation_available,16,1.0,0.45971386654180824,0.5095202306167838,0.056428264846624415
2022,Hard,2,body,global,server_component_higher,3,0.1875,0.5002395324326914,0.4825811303749609,0.017658402057730466
2022,Hard,2,T,global,evidence_above_threshold,10,1.0,0.5085543312363969,0.5225257105599241,0.07630887224952858
2022,Hard,2,T,global,global_fallback_used,10,1.0,0.5085543312363969,0.5225257105599241,0.07630887224952858
2022,Hard,2,T,global,narrow_score_margin,2,0.2,0.4892475945107524,0.5855052125100241,0.09625761799927168
2022,Hard,2,T,global,opponent_component_higher,6,0.6,0.4826683055286105,0.557901848506157,0.07523354297754654
2022,Hard,2,T,global,recommendation_available,10,1.0,0.5085543312363969,0.5225257105599241,0.07630887224952858
2022,Hard,2,T,global,server_component_higher,4,0.4,0.5473833697980764,0.4694615036405748,0.07792186615750164
2022,Hard,3,wide,surface,evidence_above_threshold,78,0.9873417721518988,0.49508185799991866,0.480395443473011,0.051767215785080194
2022,Hard,3,wide,surface,evidence_threshold_just_met,1,0.012658227848101266,0.3235294117647059,0.5211267605633803,0.19759734879867435
2022,Hard,3,wide,surface,narrow_score_margin,10,0.12658227848101267,0.5138904446430719,0.48390995217782723,0.02998049246524461
2022,Hard,3,wide,surface,opponent_component_higher,30,0.379746835443038,0.45915161056901643,0.5139432304979299,0.05479161992891348
2022,Hard,3,wide,surface,recommendation_available,79,1.0,0.4929103080475742,0.4809110297652941,0.053613166835885184
2022,Hard,3,wide,surface,server_component_higher,49,0.620253164556962,0.5135788983405686,0.4606872333983742,0.052891664942194404
2022,Hard,3,wide,surface,surface_history_used,79,1.0,0.4929103080475742,0.4809110297652941,0.053613166835885184
2022,Hard,3,body,surface,evidence_above_threshold,159,0.9875776397515528,0.4964045483017055,0.4896553105473066,0.040869368029932115
2022,Hard,3,body,surface,evidence_threshold_just_met,2,0.012422360248447204,0.42,0.49547763437516196,0.07547763437516197
2022,Hard,3,body,surface,narrow_score_margin,4,0.024844720496894408,0.5067697618206258,0.5028081048521487,0.03826131498920693
2022,Hard,3,body,surface,opponent_component_higher,65,0.40372670807453415,0.4748802156067127,0.5189341483091008,0.044053932702388034
2022,Hard,3,body,surface,recommendation_available,161,1.0,0.49545542347808175,0.4897276375513793,0.04129928438204677
2022,Hard,3,body,surface,server_component_higher,96,0.5962732919254659,0.5093865538076545,0.4699523958925054,0.03943415791514904
2022,Hard,3,body,surface,surface_history_used,161,1.0,0.49545542347808175,0.4897276375513793,0.04129928438204677
2022,Hard,3,T,surface,evidence_above_threshold,245,0.9959349593495935,0.48300366514794224,0.47918398218680847,0.045052438788291675
2022,Hard,3,T,surface,evidence_threshold_just_met,1,0.0040650406504065045,0.4595959595959596,0.38028169014084506,0.07931426945511455
2022,Hard,3,T,surface,narrow_score_margin,7,0.028455284552845527,0.5041494541406545,0.5095696557750892,0.028357748315339406
2022,Hard,3,T,surface,opponent_component_higher,122,0.4959349593495935,0.46345863142956384,0.5048603739609313,0.04140174253136752
2022,Hard,3,T,surface,recommendation_available,246,1.0,0.4829085118733408,0.4787819403492232,0.045191714522709654
2022,Hard,3,T,surface,server_component_higher,124,0.5040650406504065,0.5020446845680244,0.4531241266344781,0.0489205579335463
2022,Hard,3,T,surface,surface_history_used,246,1.0,0.4829085118733408,0.4787819403492232,0.045191714522709654
2022,Hard,3,wide,global,evidence_above_threshold,6,1.0,0.4891252838450342,0.47038248610560407,0.1017428288188633
2022,Hard,3,wide,global,global_fallback_used,6,1.0,0.4891252838450342,0.47038248610560407,0.1017428288188633
2022,Hard,3,wide,global,opponent_component_higher,2,0.3333333333333333,0.4123287671232877,0.5368288137424373,0.12450004661914962
2022,Hard,3,wide,global,recommendation_available,6,1.0,0.4891252838450342,0.47038248610560407,0.1017428288188633
2022,Hard,3,wide,global,server_component_higher,4,0.6666666666666666,0.5275235422059075,0.43715932228718735,0.09036421991872012
2022,Hard,3,body,global,evidence_above_threshold,18,1.0,0.49002108923745996,0.47200529331850444,0.07249942071332145
2022,Hard,3,body,global,global_fallback_used,18,1.0,0.49002108923745996,0.47200529331850444,0.07249942071332145
2022,Hard,3,body,global,opponent_component_higher,8,0.4444444444444444,0.4473293510491301,0.5086234289427918,0.06129407789366168
2022,Hard,3,body,global,recommendation_available,18,1.0,0.49002108923745996,0.47200529331850444,0.07249942071332145
2022,Hard,3,body,global,server_component_higher,10,0.5555555555555556,0.524174479788124,0.44271078481907467,0.08146369496904929
2022,Hard,3,T,global,evidence_above_threshold,22,0.9565217391304348,0.42894609555358937,0.4745099864353245,0.08314982560721818
2022,Hard,3,T,global,evidence_threshold_just_met,1,0.043478260869565216,0.5,0.43820224719101125,0.06179775280898875
2022,Hard,3,T,global,global_fallback_used,23,1.0,0.43203539574691163,0.4729313890768761,0.08222147461599082
2022,Hard,3,T,global,opponent_component_higher,17,0.7391304347826086,0.40921239398858683,0.49249773995202717,0.08328534596344031
2022,Hard,3,T,global,recommendation_available,23,1.0,0.43203539574691163,0.4729313890768761,0.08222147461599082
2022,Hard,3,T,global,server_component_higher,6,0.2608695652173913,0.49670056739549845,0.4174933949306146,0.07920717246488386
2022,Clay,1,wide,surface,evidence_above_threshold,76,1.0,0.5363953657090127,0.5185326186312433,0.05038528316800809
2022,Clay,1,wide,surface,opponent_component_higher,30,0.39473684210526316,0.5105565854680815,0.5517517978490505,0.04119521238096893
2022,Clay,1,wide,surface,recommendation_available,76,1.0,0.5363953657090127,0.5185326186312433,0.05038528316800809
2022,Clay,1,wide,surface,server_component_higher,46,0.6052631578947368,0.5532467441270112,0.49686793653267336,0.056378807594337985
2022,Clay,1,wide,surface,surface_history_used,76,1.0,0.5363953657090127,0.5185326186312433,0.05038528316800809
2022,Clay,1,body,surface,evidence_above_threshold,32,1.0,0.5404364713234204,0.5190070522825148,0.04715898861501545
2022,Clay,1,body,surface,opponent_component_higher,8,0.25,0.5384123421546014,0.5898714813028212,0.051459139148219694
2022,Clay,1,body,surface,recommendation_available,32,1.0,0.5404364713234204,0.5190070522825148,0.04715898861501545
2022,Clay,1,body,surface,server_component_higher,24,0.75,0.54111118104636,0.49538557594241267,0.04572560510394736
2022,Clay,1,body,surface,surface_history_used,32,1.0,0.5404364713234204,0.5190070522825148,0.04715898861501545
2022,Clay,1,T,surface,evidence_above_threshold,45,0.9782608695652174,0.5395455368822286,0.5001369331994945,0.055111036936834445
2022,Clay,1,T,surface,evidence_threshold_just_met,1,0.021739130434782608,0.5,0.43820224719101125,0.06179775280898875
2022,Clay,1,T,surface,opponent_component_higher,12,0.2608695652173913,0.5104284629438695,0.5398705252953078,0.029442062351438262
2022,Clay,1,T,surface,recommendation_available,46,1.0,0.5386858512978324,0.49879052698191884,0.055256400325359556
2022,Clay,1,T,surface,server_component_higher,34,0.7391304347826086,0.5486590471874663,0.4842917040477816,0.06436734313968472
2022,Clay,1,T,surface,surface_history_used,46,1.0,0.5386858512978324,0.49879052698191884,0.055256400325359556
2022,Clay,1,wide,global,evidence_above_threshold,19,1.0,0.5459992638788361,0.5326697277231441,0.04667539719974449
2022,Clay,1,wide,global,global_fallback_used,19,1.0,0.5459992638788361,0.5326697277231441,0.04667539719974449
2022,Clay,1,wide,global,opponent_component_higher,7,0.3684210526315789,0.5220578030758862,0.5673129002071005,0.04525509713121417
2022,Clay,1,wide,global,recommendation_available,19,1.0,0.5459992638788361,0.5326697277231441,0.04667539719974449
2022,Clay,1,wide,global,server_component_higher,12,0.631578947368421,0.5599651160138903,0.5124612104408363,0.047503905573053846
2022,Clay,1,body,global,evidence_above_threshold,15,1.0,0.5255634580083044,0.5390044721294986,0.056607241785468256
2022,Clay,1,body,global,global_fallback_used,15,1.0,0.5255634580083044,0.5390044721294986,0.056607241785468256
2022,Clay,1,body,global,opponent_component_higher,10,0.6666666666666666,0.5099682376082371,0.5625044295382339,0.05253619192999687
2022,Clay,1,body,global,recommendation_available,15,1.0,0.5255634580083044,0.5390044721294986,0.056607241785468256
2022,Clay,1,body,global,server_component_higher,5,0.3333333333333333,0.5567538988084393,0.4920045573120283,0.06474934149641101
2022,Clay,1,T,global,evidence_above_threshold,9,1.0,0.5285534798483111,0.514968636146906,0.0865611168620072
2022,Clay,1,T,global,global_fallback_used,9,1.0,0.5285534798483111,0.514968636146906,0.0865611168620072
2022,Clay,1,T,global,opponent_component_higher,4,0.4444444444444444,0.500595566878215,0.5826938741838924,0.08209830730567733
2022,Clay,1,T,global,recommendation_available,9,1.0,0.5285534798483111,0.514968636146906,0.0865611168620072
2022,Clay,1,T,global,server_component_higher,5,0.5555555555555556,0.5509198102243882,0.460788445717317,0.09013136450707107
2022,Clay,2,wide,surface,evidence_above_threshold,53,1.0,0.5058894737183,0.5044525014201294,0.04291467928949749
2022,Clay,2,wide,surface,narrow_score_margin,18,0.33962264150943394,0.5156172587549768,0.49719241571114736,0.04802346515270352
2022,Clay,2,wide,surface,opponent_component_higher,25,0.4716981132075472,0.47972035111664885,0.5236867205274556,0.0439663694108067
2022,Clay,2,wide,surface,recommendation_available,53,1.0,0.5058894737183,0.5044525014201294,0.04291467928949749
2022,Clay,2,wide,surface,server_component_higher,28,0.5283018867924528,0.5292547617554885,0.4872790915028742,0.04197567025261426
2022,Clay,2,wide,surface,surface_history_used,53,1.0,0.5058894737183,0.5044525014201294,0.04291467928949749
2022,Clay,2,body,surface,evidence_above_threshold,65,1.0,0.5197591004592061,0.48901386548160164,0.0526525600425882
2022,Clay,2,body,surface,narrow_score_margin,17,0.26153846153846155,0.5356345490243594,0.490277341440185,0.053891046020716496
2022,Clay,2,body,surface,opponent_component_higher,16,0.24615384615384617,0.4791274189728168,0.5236266730110648,0.04449925403824795
2022,Clay,2,body,surface,recommendation_available,65,1.0,0.5197591004592061,0.48901386548160164,0.0526525600425882
2022,Clay,2,body,surface,server_component_higher,49,0.7538461538461538,0.5330265882914966,0.47771172424749125,0.05531486404400541
2022,Clay,2,body,surface,surface_history_used,65,1.0,0.5197591004592061,0.48901386548160164,0.0526525600425882
2022,Clay,2,T,surface,balanced_components,1,0.027777777777777776,0.4818181818181818,0.4818181818181818,0.0
2022,Clay,2,T,surface,evidence_above_threshold,36,1.0,0.5236045121948488,0.48266206646405835,0.06244979812199921
2022,Clay,2,T,surface,narrow_score_margin,8,0.2222222222222222,0.5341724639398755,0.4981853201585573,0.06049055644214403
2022,Clay,2,T,surface,opponent_component_higher,11,0.3055555555555556,0.491825751844101,0.5270196012115336,0.035193849367432604
2022,Clay,2,T,surface,recommendation_available,36,1.0,0.5236045121948488,0.48266206646405835,0.06244979812199921
2022,Clay,2,T,surface,server_component_higher,24,0.6666666666666666,0.539910874454636,0.4623666915650438,0.0775441828895922
2022,Clay,2,T,surface,surface_history_used,36,1.0,0.5236045121948488,0.48266206646405835,0.06244979812199921
2022,Clay,2,wide,global,evidence_above_threshold,14,1.0,0.5012186085072401,0.5118029293094712,0.0553527377785037
2022,Clay,2,wide,global,global_fallback_used,14,1.0,0.5012186085072401,0.5118029293094712,0.0553527377785037
2022,Clay,2,wide,global,narrow_score_margin,1,0.07142857142857142,0.5100240577385726,0.5400340715502555,0.03001001381168289
2022,Clay,2,wide,global,opponent_component_higher,6,0.42857142857142855,0.4732971634413108,0.5502237317855015,0.0769265683441907
2022,Clay,2,wide,global,recommendation_available,14,1.0,0.5012186085072401,0.5118029293094712,0.0553527377785037
2022,Clay,2,wide,global,server_component_higher,8,0.5714285714285714,0.5221596923066871,0.48298732745244866,0.03917236485423846
2022,Clay,2,body,global,evidence_above_threshold,18,1.0,0.5175827639821979,0.48788257302587734,0.04613168307541901
2022,Clay,2,body,global,global_fallback_used,18,1.0,0.5175827639821979,0.48788257302587734,0.04613168307541901
2022,Clay,2,body,global,narrow_score_margin,1,0.05555555555555555,0.5097744360902255,0.5008431703204047,0.00893126576982084
2022,Clay,2,body,global,opponent_component_higher,2,0.1111111111111111,0.47511434953728326,0.5490560640732265,0.07394171453594328
2022,Clay,2,body,global,recommendation_available,18,1.0,0.5175827639821979,0.48788257302587734,0.04613168307541901
2022,Clay,2,body,global,server_component_higher,16,0.8888888888888888,0.5228913157878123,0.48023588664495875,0.042655429142853474
2022,Clay,2,T,global,evidence_above_threshold,11,1.0,0.49986358196594954,0.494752216460888,0.04639508703725987
2022,Clay,2,T,global,global_fallback_used,11,1.0,0.49986358196594954,0.494752216460888,0.04639508703725987
2022,Clay,2,T,global,narrow_score_margin,3,0.2727272727272727,0.49722727834900676,0.5316020788657427,0.059467521211816456
2022,Clay,2,T,global,opponent_component_higher,4,0.36363636363636365,0.4737830262613459,0.5305481433681185,0.05676511710677261
2022,Clay,2,T,global,recommendation_available,11,1.0,0.49986358196594954,0.494752216460888,0.04639508703725987
2022,Clay,2,T,global,server_component_higher,7,0.6363636363636364,0.5147667566542944,0.47429740108532753,0.04046935556896687
2022,Clay,3,wide,surface,evidence_above_threshold,25,1.0,0.4740111719969725,0.4991382580016859,0.04634062784914088
2022,Clay,3,wide,surface,narrow_score_margin,1,0.04,0.5244755244755245,0.5058365758754864,0.01863894860003812
2022,Clay,3,wide,surface,opponent_component_higher,17,0.68,0.44981577270515616,0.5023655623035783,0.05254978959842223
2022,Clay,3,wide,surface,recommendation_available,25,1.0,0.4740111719969725,0.4991382580016859,0.04634062784914088
2022,Clay,3,wide,surface,server_component_higher,8,0.32,0.5254263954920824,0.4922802363601644,0.033146159131917985
2022,Clay,3,wide,surface,surface_history_used,25,1.0,0.4740111719969725,0.4991382580016859,0.04634062784914088
2022,Clay,3,body,surface,evidence_above_threshold,57,1.0,0.4845892708615349,0.46586084017930257,0.055968975953323244
2022,Clay,3,body,surface,narrow_score_margin,2,0.03508771929824561,0.5098780147599604,0.43597328803233554,0.07390472672762488
2022,Clay,3,body,surface,opponent_component_higher,18,0.3157894736842105,0.43983318082720974,0.4987973775064369,0.05896419667922718
2022,Clay,3,body,surface,recommendation_available,57,1.0,0.4845892708615349,0.46586084017930257,0.055968975953323244
2022,Clay,3,body,surface,server_component_higher,39,0.6842105263157895,0.5052459278004543,0.45065936141293267,0.05458656638752144
2022,Clay,3,body,surface,surface_history_used,57,1.0,0.4845892708615349,0.46586084017930257,0.055968975953323244
2022,Clay,3,T,surface,evidence_above_threshold,72,1.0,0.46169366364750036,0.48956910897461864,0.06276446883333281
2022,Clay,3,T,surface,narrow_score_margin,1,0.013888888888888888,0.5302663438256658,0.4209161624891962,0.10935018133646962
2022,Clay,3,T,surface,opponent_component_higher,46,0.6388888888888888,0.4370815297829628,0.5080171147780984,0.07093558499513562
2022,Clay,3,T,surface,recommendation_available,72,1.0,0.46169366364750036,0.48956910897461864,0.06276446883333281
2022,Clay,3,T,surface,server_component_higher,26,0.3611111111111111,0.5052382081770667,0.45693032947615425,0.048307878700912465
2022,Clay,3,T,surface,surface_history_used,72,1.0,0.46169366364750036,0.48956910897461864,0.06276446883333281
2022,Clay,3,wide,global,evidence_above_threshold,10,1.0,0.4624424899133227,0.46001493300610613,0.03952241472271921
2022,Clay,3,wide,global,global_fallback_used,10,1.0,0.4624424899133227,0.46001493300610613,0.03952241472271921
2022,Clay,3,wide,global,opponent_component_higher,2,0.2,0.39719130895601484,0.4899284534947716,0.09273714453875676
2022,Clay,3,wide,global,recommendation_available,10,1.0,0.4624424899133227,0.46001493300610613,0.03952241472271921
2022,Clay,3,wide,global,server_component_higher,8,0.8,0.4787552851526496,0.4525365528839398,0.02621873226870982
2022,Clay,3,body,global,evidence_above_threshold,10,1.0,0.4787705659705616,0.49398066626993026,0.06755235086420885
2022,Clay,3,body,global,global_fallback_used,10,1.0,0.4787705659705616,0.49398066626993026,0.06755235086420885
2022,Clay,3,body,global,opponent_component_higher,4,0.4,0.4217796168151654,0.5252326807696373,0.10345306395447193
2022,Clay,3,body,global,recommendation_available,10,1.0,0.4787705659705616,0.49398066626993026,0.06755235086420885
2022,Clay,3,body,global,server_component_higher,6,0.6,0.5167645320741591,0.4731459899367923,0.043618542137366816
2022,Clay,3,T,global,evidence_above_threshold,23,1.0,0.47770061617850146,0.49115579701199724,0.0463286550712088
2022,Clay,3,T,global,global_fallback_used,23,1.0,0.47770061617850146,0.49115579701199724,0.0463286550712088
2022,Clay,3,T,global,opponent_component_higher,15,0.6521739130434783,0.4590385128406822,0.504872787034289,0.04583427419360691
2022,Clay,3,T,global,recommendation_available,23,1.0,0.47770061617850146,0.49115579701199724,0.0463286550712088
2022,Clay,3,T,global,server_component_higher,8,0.34782608695652173,0.5126920599369127,0.46543644072020035,0.04725561921671233
2022,Grass,1,wide,surface,evidence_above_threshold,4,0.5714285714285714,0.5945425416915315,0.5445120851370852,0.057606214130203975
2022,Grass,1,wide,surface,evidence_threshold_just_met,3,0.42857142857142855,0.5786636534048107,0.5852464494569758,0.006582796052165089
2022,Grass,1,wide,surface,opponent_component_higher,4,0.5714285714285714,0.5867755178313858,0.5955004936583884,0.008724975827002601
2022,Grass,1,wide,surface,recommendation_available,7,1.0,0.5877373038543654,0.5619696698456097,0.03573903495390159
2022,Grass,1,wide,surface,server_component_higher,3,0.42857142857142855,0.5890196852183384,0.5172619047619047,0.07175778045643359
2022,Grass,1,wide,surface,surface_history_used,7,1.0,0.5877373038543654,0.5619696698456097,0.03573903495390159
2022,Grass,1,body,surface,evidence_above_threshold,5,0.8333333333333334,0.5502369770941985,0.6085623621350364,0.09829844415236348
2022,Grass,1,body,surface,evidence_threshold_just_met,1,0.16666666666666666,0.5588235294117647,0.5352941176470588,0.02352941176470591
2022,Grass,1,body,surface,opponent_component_higher,3,0.5,0.5401470322781798,0.6706668899391811,0.13051985766100124
2022,Grass,1,body,surface,recommendation_available,6,1.0,0.5516680691471262,0.5963509880537069,0.08583693875442056
2022,Grass,1,body,surface,server_component_higher,3,0.5,0.5631891060160726,0.5220350861682327,0.041154019847839875
2022,Grass,1,body,surface,surface_history_used,6,1.0,0.5516680691471262,0.5963509880537069,0.08583693875442056
2022,Grass,1,T,surface,evidence_above_threshold,4,1.0,0.6055446182670501,0.5044145780239333,0.10113004024311684
2022,Grass,1,T,surface,recommendation_available,4,1.0,0.6055446182670501,0.5044145780239333,0.10113004024311684
2022,Grass,1,T,surface,server_component_higher,4,1.0,0.6055446182670501,0.5044145780239333,0.10113004024311684
2022,Grass,1,T,surface,surface_history_used,4,1.0,0.6055446182670501,0.5044145780239333,0.10113004024311684
2022,Grass,1,wide,global,evidence_above_threshold,32,1.0,0.5276440749173941,0.5395428312651485,0.048466792743829305
2022,Grass,1,wide,global,global_fallback_used,32,1.0,0.5276440749173941,0.5395428312651485,0.048466792743829305
2022,Grass,1,wide,global,opponent_component_higher,16,0.5,0.5076663342943116,0.5680318833858953,0.06036554909158375
2022,Grass,1,wide,global,recommendation_available,32,1.0,0.5276440749173941,0.5395428312651485,0.048466792743829305
2022,Grass,1,wide,global,server_component_higher,16,0.5,0.5476218155404764,0.5110537791444016,0.036568036396074866
2022,Grass,1,body,global,evidence_above_threshold,28,1.0,0.5217743238265573,0.5271826340380584,0.04802872608625873
2022,Grass,1,body,global,global_fallback_used,28,1.0,0.5217743238265573,0.5271826340380584,0.04802872608625873
2022,Grass,1,body,global,opponent_component_higher,13,0.4642857142857143,0.5101417105905672,0.5676892881420008,0.05754757755143372
2022,Grass,1,body,global,recommendation_available,28,1.0,0.5217743238265573,0.5271826340380584,0.04802872608625873
2022,Grass,1,body,global,server_component_higher,15,0.5357142857142857,0.5318559219644153,0.4920768671479749,0.03977905481644039
2022,Grass,1,T,global,evidence_above_threshold,14,1.0,0.5339793204625526,0.5453841249583088,0.05006984750591735
2022,Grass,1,T,global,global_fallback_used,14,1.0,0.5339793204625526,0.5453841249583088,0.05006984750591735
2022,Grass,1,T,global,opponent_component_higher,8,0.5714285714285714,0.5161083570671894,0.5698986775686536,0.053790320501464366
2022,Grass,1,T,global,recommendation_available,14,1.0,0.5339793204625526,0.5453841249583088,0.05006984750591735
2022,Grass,1,T,global,server_component_higher,6,0.42857142857142855,0.5578072716563703,0.5126980548111822,0.045109216845188004
2022,Grass,2,wide,surface,evidence_above_threshold,9,0.9,0.55583034276058,0.536271933031399,0.05695706626628012
2022,Grass,2,wide,surface,evidence_threshold_just_met,1,0.1,0.6181818181818182,0.46825396825396826,0.1499278499278499
2022,Grass,2,wide,surface,narrow_score_margin,4,0.4,0.587877545581034,0.5171261487050961,0.11670931492687919
2022,Grass,2,wide,surface,opponent_component_higher,4,0.4,0.5455736182934425,0.587647106897679,0.04207348860423646
2022,Grass,2,wide,surface,recommendation_available,10,1.0,0.5620654903027039,0.5294701365536559,0.06625414463243709
2022,Grass,2,wide,surface,server_component_higher,6,0.6,0.5730600716422114,0.49068548965764053,0.08237458198457084
2022,Grass,2,wide,surface,surface_history_used,10,1.0,0.5620654903027039,0.5294701365536559,0.06625414463243709
2022,Grass,2,body,surface,evidence_above_threshold,2,0.6666666666666666,0.5605275590551182,0.5005197505197505,0.060007808535367635
2022,Grass,2,body,surface,evidence_threshold_just_met,1,0.3333333333333333,0.5337423312883436,0.5384615384615384,0.00471920717319485
2022,Grass,2,body,surface,narrow_score_margin,1,0.3333333333333333,0.5590551181102362,0.501039501039501,0.058015617070735215
2022,Grass,2,body,surface,opponent_component_higher,1,0.3333333333333333,0.5337423312883436,0.5384615384615384,0.00471920717319485
2022,Grass,2,body,surface,recommendation_available,3,1.0,0.5515991497995266,0.5131670131670131,0.04157827474797671
2022,Grass,2,body,surface,server_component_higher,2,0.6666666666666666,0.5605275590551182,0.5005197505197505,0.060007808535367635
2022,Grass,2,body,surface,surface_history_used,3,1.0,0.5515991497995266,0.5131670131670131,0.04157827474797671
2022,Grass,2,T,surface,evidence_above_threshold,2,0.5,0.5902289124432172,0.47860593512767424,0.11162297731554299
2022,Grass,2,T,surface,evidence_threshold_just_met,2,0.5,0.5349002849002849,0.5422547635850388,0.14196986330013853
2022,Grass,2,T,surface,opponent_component_higher,1,0.25,0.4928774928774929,0.6422018348623854,0.14932434198489247
2022,Grass,2,T,surface,recommendation_available,4,1.0,0.562564598671751,0.5104303493563566,0.12679642030784077
2022,Grass,2,T,surface,server_component_higher,3,0.75,0.5857936339365037,0.4665065208543469,0.11928711308215685
2022,Grass,2,T,surface,surface_history_used,4,1.0,0.562564598671751,0.5104303493563566,0.12679642030784077
2022,Grass,2,wide,global,evidence_above_threshold,24,1.0,0.5019488102663476,0.5164893756662507,0.04718740130232529
2022,Grass,2,wide,global,global_fallback_used,24,1.0,0.5019488102663476,0.5164893756662507,0.04718740130232529
2022,Grass,2,wide,global,narrow_score_margin,9,0.375,0.4918390773948523,0.5241060046966286,0.054595468022907094
2022,Grass,2,wide,global,opponent_component_higher,14,0.5833333333333334,0.4852548235395001,0.5381645092842674,0.052909685744767176
2022,Grass,2,wide,global,recommendation_available,24,1.0,0.5019488102663476,0.5164893756662507,0.04718740130232529
2022,Grass,2,wide,global,server_component_higher,10,0.4166666666666667,0.5253203916839342,0.4861441886010274,0.03917620308290665
2022,Grass,2,body,global,evidence_above_threshold,23,1.0,0.5048804755247681,0.5268019506819377,0.04643998620712457
2022,Grass,2,body,global,global_fallback_used,23,1.0,0.5048804755247681,0.5268019506819377,0.04643998620712457
2022,Grass,2,body,global,narrow_score_margin,6,0.2608695652173913,0.514945424452511,0.5321444993703538,0.03591762817285001
2022,Grass,2,body,global,opponent_component_higher,19,0.8260869565217391,0.496180231467697,0.5375569054513488,0.04137667398365177
2022,Grass,2,body,global,recommendation_available,23,1.0,0.5048804755247681,0.5268019506819377,0.04643998620712457
2022,Grass,2,body,global,server_component_higher,4,0.17391304347826086,0.5462066347958558,0.47571591552723547,0.07049071926862037
2022,Grass,2,T,global,evidence_above_threshold,27,1.0,0.5074938670968737,0.5082099745320996,0.038393426518248744
2022,Grass,2,T,global,global_fallback_used,27,1.0,0.5074938670968737,0.5082099745320996,0.038393426518248744
2022,Grass,2,T,global,narrow_score_margin,3,0.1111111111111111,0.503632566139733,0.5149971614397324,0.038367003412836664
2022,Grass,2,T,global,opponent_component_higher,11,0.4074074074074074,0.4950510602765306,0.5430491246739767,0.04799806439744613
2022,Grass,2,T,global,recommendation_available,27,1.0,0.5074938670968737,0.5082099745320996,0.038393426518248744
2022,Grass,2,T,global,server_component_higher,16,0.5925925925925926,0.5160482967858596,0.4842580588095592,0.03179023797630054
2022,Grass,3,body,surface,evidence_above_threshold,6,0.75,0.47738106312284456,0.5160212542826628,0.05016748840140117
2022,Grass,3,body,surface,evidence_threshold_just_met,2,0.25,0.5051849356094639,0.5116239316239316,0.04046576589029416
2022,Grass,3,body,surface,narrow_score_margin,1,0.125,0.5576923076923077,0.5859375,0.02824519230769229
2022,Grass,3,body,surface,opponent_component_higher,6,0.75,0.46644259682723543,0.5186638969253053,0.05222130009807
2022,Grass,3,body,surface,recommendation_available,8,1.0,0.4843320312444994,0.51492192361798,0.04774205777362442
2022,Grass,3,body,surface,server_component_higher,2,0.25,0.5380003344962914,0.5036960036960036,0.03430433080028766
2022,Grass,3,body,surface,surface_history_used,8,1.0,0.4843320312444994,0.51492192361798,0.04774205777362442
2022,Grass,3,T,surface,evidence_above_threshold,7,0.7777777777777778,0.4899733814575404,0.49982289866614565,0.0364665587205215
2022,Grass,3,T,surface,evidence_threshold_just_met,2,0.2222222222222222,0.5114198705748002,0.5050576334980005,0.03408226479682741
2022,Grass,3,T,surface,narrow_score_margin,1,0.1111111111111111,0.5633802816901409,0.5229357798165137,0.04044450187362714
2022,Grass,3,T,surface,opponent_component_higher,5,0.5555555555555556,0.4691701301885674,0.5071353888829616,0.03796525869439428
2022,Grass,3,T,surface,recommendation_available,9,1.0,0.49473926792804257,0.5009861730732246,0.03593671562636726
2022,Grass,3,T,surface,server_component_higher,4,0.4444444444444444,0.5267006901023865,0.4932996533110531,0.03340103679133348
2022,Grass,3,T,surface,surface_history_used,9,1.0,0.49473926792804257,0.5009861730732246,0.03593671562636726
2022,Grass,3,wide,global,evidence_above_threshold,18,1.0,0.46378858449357235,0.5134868890185446,0.06376753109477241
2022,Grass,3,wide,global,global_fallback_used,18,1.0,0.46378858449357235,0.5134868890185446,0.06376753109477241
2022,Grass,3,wide,global,opponent_component_higher,14,0.7777777777777778,0.45319555273860707,0.5261378756370143,0.07294232289840726
2022,Grass,3,wide,global,recommendation_available,18,1.0,0.46378858449357235,0.5134868890185446,0.06376753109477241
2022,Grass,3,wide,global,server_component_higher,4,0.2222222222222222,0.5008641956359507,0.4692084358539004,0.031655759782050416
2022,Grass,3,body,global,evidence_above_threshold,23,1.0,0.48693860528237387,0.4996125791622207,0.055894806344979474
2022,Grass,3,body,global,global_fallback_used,23,1.0,0.48693860528237387,0.4996125791622207,0.055894806344979474
2022,Grass,3,body,global,narrow_score_margin,1,0.043478260869565216,0.49819612987864875,0.5439093484419264,0.04571321856327765
2022,Grass,3,body,global,opponent_component_higher,10,0.43478260869565216,0.45140151872398804,0.5302556159825382,0.07885409725855028
2022,Grass,3,body,global,recommendation_available,23,1.0,0.48693860528237387,0.4996125791622207,0.055894806344979474
2022,Grass,3,body,global,server_component_higher,13,0.5652173913043478,0.5142748257119016,0.4760410123773611,0.038233813334540415
2022,Grass,3,T,global,evidence_above_threshold,32,0.9696969696969697,0.47034941342125824,0.4875999551238332,0.06142258058613381
2022,Grass,3,T,global,evidence_threshold_just_met,1,0.030303030303030304,0.5221757322175732,0.4,0.12217573221757316
2022,Grass,3,T,global,global_fallback_used,33,1.0,0.4719199079302376,0.4849454110291716,0.06326358518102591
2022,Grass,3,T,global,narrow_score_margin,1,0.030303030303030304,0.4942528735632184,0.5038910505836576,0.009638177020439176
2022,Grass,3,T,global,opponent_component_higher,20,0.6060606060606061,0.4477117135813781,0.510650211412345,0.06293849783096699
2022,Grass,3,T,global,recommendation_available,33,1.0,0.4719199079302376,0.4849454110291716,0.06326358518102591
2022,Grass,3,T,global,server_component_higher,13,0.3939393939393939,0.5091632838515597,0.4453995642858279,0.06376371956573196
2023,<ALL>,1,wide,surface,balanced_components,1,0.002583979328165375,0.5,0.5,0.0
2023,<ALL>,1,wide,surface,evidence_above_threshold,384,0.9922480620155039,0.5396247996829163,0.5155681839734119,0.04781699863748403
2023,<ALL>,1,wide,surface,evidence_threshold_just_met,3,0.007751937984496124,0.5749630298017395,0.5384163440359405,0.03654668576579897
2023,<ALL>,1,wide,surface,opponent_component_higher,120,0.31007751937984496,0.5141790696732165,0.5521956823579838,0.03801661268476738
2023,<ALL>,1,wide,surface,recommendation_available,387,1.0,0.5398987394512793,0.5157453014932764,0.04772963187103686
2023,<ALL>,1,wide,surface,server_component_higher,266,0.6873385012919897,0.5516515932588688,0.49936071351481176,0.05229087974405706
2023,<ALL>,1,wide,surface,surface_history_used,387,1.0,0.5398987394512793,0.5157453014932764,0.04772963187103686
2023,<ALL>,1,body,surface,evidence_above_threshold,153,0.9807692307692307,0.5225624884454206,0.5198625492420175,0.050304139055864054
2023,<ALL>,1,body,surface,evidence_threshold_just_met,3,0.019230769230769232,0.5868509984639018,0.4977765609037487,0.08907443756015294
2023,<ALL>,1,body,surface,opponent_component_higher,72,0.46153846153846156,0.5054329437098863,0.5560124060531261,0.05057946234323971
2023,<ALL>,1,body,surface,recommendation_available,156,1.0,0.5237988059457761,0.5194378186970509,0.051049721719408074
2023,<ALL>,1,body,surface,server_component_higher,84,0.5384615384615384,0.5395409735765386,0.48808817239184343,0.051452801184695245
2023,<ALL>,1,body,surface,surface_history_used,156,1.0,0.5237988059457761,0.5194378186970509,0.051049721719408074
2023,<ALL>,1,T,surface,evidence_above_threshold,126,0.9767441860465116,0.5367528246188481,0.5124034265111729,0.0517654292642295
2023,<ALL>,1,T,surface,evidence_threshold_just_met,3,0.023255813953488372,0.5376194424701888,0.5378820840749774,0.09181449077085109
2023,<ALL>,1,T,surface,opponent_component_higher,39,0.3023255813953488,0.5117331814317386,0.5595620445452356,0.0478288631134971
2023,<ALL>,1,T,surface,recommendation_available,129,1.0,0.5367729785223675,0.5129959534312615,0.052696802787639295
2023,<ALL>,1,T,surface,server_component_higher,90,0.6976744186046512,0.54762355726164,0.49281731394853917,0.05480624331310091
2023,<ALL>,1,T,surface,surface_history_used,129,1.0,0.5367729785223675,0.5129959534312615,0.052696802787639295
2023,<ALL>,1,wide,global,evidence_above_threshold,91,0.9891304347826086,0.5329848519381698,0.5301582005745293,0.03588252685328869
2023,<ALL>,1,wide,global,evidence_threshold_just_met,1,0.010869565217391304,0.4875,0.4920977011494253,0.004597701149425315
2023,<ALL>,1,wide,global,global_fallback_used,92,1.0,0.5324904513736244,0.5297444994938217,0.03554247439998582
2023,<ALL>,1,wide,global,opponent_component_higher,41,0.44565217391304346,0.5177721739030706,0.5545682723403493,0.03679609843727864
2023,<ALL>,1,wide,global,recommendation_available,92,1.0,0.5324904513736244,0.5297444994938217,0.03554247439998582
2023,<ALL>,1,wide,global,server_component_higher,51,0.5543478260869565,0.5443227920852459,0.5097881330877896,0.034534658997456294
2023,<ALL>,1,body,global,evidence_above_threshold,45,0.9375,0.5099365009585431,0.5329628926819147,0.05404014427066222
2023,<ALL>,1,body,global,evidence_threshold_just_met,3,0.0625,0.5481973434535105,0.4678609121034303,0.08033643135008012
2023,<ALL>,1,body,global,global_fallback_used,48,1.0,0.5123278036144786,0.5288940188957593,0.05568366221312584
2023,<ALL>,1,body,global,opponent_component_higher,28,0.5833333333333334,0.49882453572560786,0.560753002149385,0.061928466423777064
2023,<ALL>,1,body,global,recommendation_available,48,1.0,0.5123278036144786,0.5288940188957593,0.05568366221312584
2023,<ALL>,1,body,global,server_component_higher,20,0.4166666666666667,0.5312323786588975,0.48429144234068355,0.046940936318214124
2023,<ALL>,1,T,global,evidence_above_threshold,22,0.9166666666666666,0.5265635605486566,0.5357037440030181,0.036063883066731924
2023,<ALL>,1,T,global,evidence_threshold_just_met,2,0.08333333333333333,0.5503706199460916,0.4734781583633885,0.07689246158270313
2023,<ALL>,1,T,global,global_fallback_used,24,1.0,0.5285474821651095,0.5305182785330489,0.039466264609729525
2023,<ALL>,1,T,global,opponent_component_higher,12,0.5,0.510268376846943,0.551705437824612,0.04143706097766899
2023,<ALL>,1,T,global,recommendation_available,24,1.0,0.5285474821651095,0.5305182785330489,0.039466264609729525
2023,<ALL>,1,T,global,server_component_higher,12,0.5,0.5468265874832761,0.5093311192414859,0.03749546824179007
2023,<ALL>,2,wide,surface,evidence_above_threshold,155,0.9872611464968153,0.5041984237392343,0.5001213696672255,0.040822810905746826
2023,<ALL>,2,wide,surface,evidence_threshold_just_met,2,0.012738853503184714,0.5451456310679612,0.5280769230769231,0.017068707991038073
2023,<ALL>,2,wide,surface,narrow_score_margin,62,0.39490445859872614,0.5107197750369534,0.49908225878239604,0.03653629844876741
2023,<ALL>,2,wide,surface,opponent_component_higher,79,0.5031847133757962,0.48240530901399764,0.5184533616040571,0.03604805259005959
2023,<ALL>,2,wide,surface,recommendation_available,157,1.0,0.5047200442147595,0.5004774913667122,0.04052021086861678
2023,<ALL>,2,wide,surface,server_component_higher,78,0.4968152866242038,0.5273208657642492,0.4822711612545297,0.045049704509719575
2023,<ALL>,2,wide,surface,surface_history_used,157,1.0,0.5047200442147595,0.5004774913667122,0.04052021086861678
2023,<ALL>,2,body,surface,evidence_above_threshold,290,0.9863945578231292,0.5101878381829174,0.4987518537567329,0.041647273404416624
2023,<ALL>,2,body,surface,evidence_threshold_just_met,4,0.013605442176870748,0.4822885245635815,0.4924263288499213,0.027216269044134933
2023,<ALL>,2,body,surface,narrow_score_margin,76,0.2585034013605442,0.5217433850839457,0.5047404237744696,0.045220259417060996
2023,<ALL>,2,body,surface,opponent_component_higher,114,0.3877551020408163,0.4878847839677653,0.5269667580774551,0.039081974109689784
2023,<ALL>,2,body,surface,recommendation_available,294,1.0,0.509808255684695,0.498665792193375,0.04145093320903864
2023,<ALL>,2,body,surface,server_component_higher,180,0.6122448979591837,0.5236931211054171,0.4807418471334576,0.04295127397195959
2023,<ALL>,2,body,surface,surface_history_used,294,1.0,0.509808255684695,0.498665792193375,0.04145093320903864
2023,<ALL>,2,T,surface,evidence_above_threshold,218,0.9864253393665159,0.5155889845153239,0.5010028153087731,0.04606014293048131
2023,<ALL>,2,T,surface,evidence_threshold_just_met,3,0.013574660633484163,0.5230471079308289,0.48488972362620847,0.03815738430462038
2023,<ALL>,2,T,surface,narrow_score_margin,72,0.3257918552036199,0.5220348051792443,0.5002222881530154,0.049178240322904694
2023,<ALL>,2,T,surface,opponent_component_higher,77,0.34841628959276016,0.49035371648656273,0.5349077831866722,0.04455406670010951
2023,<ALL>,2,T,surface,recommendation_available,221,1.0,0.515690226009652,0.500784085557426,0.04595286566406691
2023,<ALL>,2,T,surface,server_component_higher,144,0.6515837104072398,0.5292382206851927,0.4825373861306763,0.04670083455451634
2023,<ALL>,2,T,surface,surface_history_used,221,1.0,0.515690226009652,0.500784085557426,0.04595286566406691
2023,<ALL>,2,wide,global,evidence_above_threshold,44,0.9565217391304348,0.5071374762232103,0.5069995348086389,0.043270097387290485
2023,<ALL>,2,wide,global,evidence_threshold_just_met,2,0.043478260869565216,0.4722222222222222,0.48725641702489186,0.0484264990928068
2023,<ALL>,2,wide,global,global_fallback_used,46,1.0,0.505619421701428,0.5061411383832586,0.04349428876579119
2023,<ALL>,2,wide,global,narrow_score_margin,15,0.32608695652173914,0.5101331100619089,0.5158887957559215,0.049719331399725036
2023,<ALL>,2,wide,global,opponent_component_higher,19,0.41304347826086957,0.46985628672735796,0.5231388196376368,0.05328253291027883
2023,<ALL>,2,wide,global,recommendation_available,46,1.0,0.505619421701428,0.5061411383832586,0.04349428876579119
2023,<ALL>,2,wide,global,server_component_higher,27,0.5869565217391305,0.530786072238737,0.4941798071301778,0.03660626510855916
2023,<ALL>,2,body,global,evidence_above_threshold,51,0.9622641509433962,0.5069364408210915,0.5058514007866228,0.025854163710393518
2023,<ALL>,2,body,global,evidence_threshold_just_met,2,0.03773584905660377,0.47580645161290325,0.4625149473727326,0.03916452971980508
2023,<ALL>,2,body,global,global_fallback_used,53,1.0,0.5057617242471976,0.5042160629219479,0.026356441673012813
2023,<ALL>,2,body,global,narrow_score_margin,14,0.2641509433962264,0.5171258728613897,0.5179611667138709,0.03449742774739339
2023,<ALL>,2,body,global,opponent_component_higher,22,0.41509433962264153,0.5019378016567738,0.5318235143483974,0.02988571269162359
2023,<ALL>,2,body,global,recommendation_available,53,1.0,0.5057617242471976,0.5042160629219479,0.026356441673012813
2023,<ALL>,2,body,global,server_component_higher,31,0.5849056603773585,0.5084754757629824,0.48462367803866097,0.02385179772432129
2023,<ALL>,2,T,global,evidence_above_threshold,62,0.9538461538461539,0.5076075467013081,0.5139199288638787,0.043034591273753836
2023,<ALL>,2,T,global,evidence_threshold_just_met,3,0.046153846153846156,0.5062645447830633,0.44380253121161045,0.07788316794869671
2023,<ALL>,2,T,global,global_fallback_used,65,1.0,0.5075455619973891,0.5106837412799278,0.04464298712028966
2023,<ALL>,2,T,global,narrow_score_margin,21,0.3230769230769231,0.5194067998369515,0.511258133648421,0.042201198362477294
2023,<ALL>,2,T,global,opponent_component_higher,31,0.47692307692307695,0.48629066865072756,0.5363838269762735,0.05009315832554582
2023,<ALL>,2,T,global,recommendation_available,65,1.0,0.5075455619973891,0.5106837412799278,0.04464298712028966
2023,<ALL>,2,T,global,server_component_higher,34,0.5230769230769231,0.5269250235781686,0.4872513102038479,0.039673713374320824
2023,<ALL>,3,wide,surface,evidence_above_threshold,124,0.96875,0.49101743963741623,0.4808901493399819,0.05054645370799484
2023,<ALL>,3,wide,surface,evidence_threshold_just_met,4,0.03125,0.4585178760845464,0.47192981373897924,0.07779875146030164
2023,<ALL>,3,wide,surface,narrow_score_margin,6,0.046875,0.5279462273859453,0.48635568364328846,0.06547044181309102
2023,<ALL>,3,wide,surface,opponent_component_higher,52,0.40625,0.4539673305747188,0.5056675134532616,0.051700182878542694
2023,<ALL>,3,wide,surface,recommendation_available,128,1.0,0.49000182827638905,0.4806101388524506,0.05139808801275442
2023,<ALL>,3,wide,surface,server_component_higher,76,0.59375,0.514657010914374,0.4634656193887378,0.051191391525636114
2023,<ALL>,3,wide,surface,surface_history_used,128,1.0,0.49000182827638905,0.4806101388524506,0.05139808801275442
2023,<ALL>,3,body,surface,evidence_above_threshold,220,0.990990990990991,0.4973378353034784,0.48137636243182286,0.04516635481815843
2023,<ALL>,3,body,surface,evidence_threshold_just_met,2,0.009009009009009009,0.47943722943722944,0.4837298331966092,0.11430577898994634
2023,<ALL>,3,body,surface,narrow_score_margin,18,0.08108108108108109,0.5201556858370959,0.4799715615801376,0.04735411241417736
2023,<ALL>,3,body,surface,opponent_component_higher,87,0.3918918918918919,0.47258483862817985,0.5108737512358192,0.038288912607639454
2023,<ALL>,3,body,surface,recommendation_available,222,1.0,0.4971765685839626,0.4813975648711452,0.04578923251339976
2023,<ALL>,3,body,surface,server_component_higher,135,0.6081081081081081,0.5130245723332449,0.4624018003250219,0.05062277200822306
2023,<ALL>,3,body,surface,surface_history_used,222,1.0,0.4971765685839626,0.4813975648711452,0.04578923251339976
2023,<ALL>,3,T,surface,evidence_above_threshold,319,0.9906832298136646,0.48744227734553025,0.4814284573536543,0.04623057770313298
2023,<ALL>,3,T,surface,evidence_threshold_just_met,3,0.009316770186335404,0.4569187261243946,0.46332858881531447,0.06166997829785633
2023,<ALL>,3,T,surface,narrow_score_margin,18,0.055900621118012424,0.5010952765428311,0.4833019264006192,0.04058125044236793
2023,<ALL>,3,T,surface,opponent_component_higher,158,0.4906832298136646,0.4644240013848421,0.5056688913622388,0.04124488997739655
2023,<ALL>,3,T,surface,recommendation_available,322,1.0,0.487157896433532,0.4812598250380796,0.04637442305028878
2023,<ALL>,3,T,surface,server_component_higher,164,0.5093167701863354,0.509060063614587,0.45774377333553623,0.0513162902790508
2023,<ALL>,3,T,surface,surface_history_used,322,1.0,0.487157896433532,0.4812598250380796,0.04637442305028878
2023,<ALL>,3,wide,global,evidence_above_threshold,24,0.9230769230769231,0.5029698722627117,0.4770855654977197,0.05584607668773756
2023,<ALL>,3,wide,global,evidence_threshold_just_met,2,0.07692307692307693,0.45682610434881993,0.4455281952883488,0.10960972633951782
2023,<ALL>,3,wide,global,global_fallback_used,26,1.0,0.49942035165395093,0.4746580754816142,0.05998174204556682
2023,<ALL>,3,wide,global,narrow_score_margin,3,0.11538461538461539,0.502590255786926,0.49001219087425985,0.0467653694307682
2023,<ALL>,3,wide,global,opponent_component_higher,11,0.4230769230769231,0.46171162960526196,0.5033346347281702,0.04162300512290829
2023,<ALL>,3,wide,global,recommendation_available,26,1.0,0.49942035165395093,0.4746580754816142,0.05998174204556682
2023,<ALL>,3,wide,global,server_component_higher,15,0.5769230769230769,0.5270734144896563,0.45362859870080646,0.07344481578884972
2023,<ALL>,3,body,global,evidence_above_threshold,61,0.9682539682539683,0.4799831802483618,0.49333954699009336,0.05362576467229534
2023,<ALL>,3,body,global,evidence_threshold_just_met,2,0.031746031746031744,0.4385672746497489,0.4790451576851884,0.04047788303543953
2023,<ALL>,3,body,global,global_fallback_used,63,1.0,0.4786683895944376,0.4928857568534297,0.05320837160445864
2023,<ALL>,3,body,global,narrow_score_margin,4,0.06349206349206349,0.499809974406382,0.49606552594604314,0.01968517230721402
2023,<ALL>,3,body,global,opponent_component_higher,36,0.5714285714285714,0.4531106591419284,0.5121081806474479,0.058997521505519485
2023,<ALL>,3,body,global,recommendation_available,63,1.0,0.4786683895944376,0.4928857568534297,0.05320837160445864
2023,<ALL>,3,body,global,server_component_higher,27,0.42857142857142855,0.5127453635311162,0.46725585846140555,0.04548950506971085
2023,<ALL>,3,T,global,evidence_above_threshold,72,0.96,0.4743043806278264,0.48264504837425626,0.03475064381158991
2023,<ALL>,3,T,global,evidence_threshold_just_met,3,0.04,0.4669434158534976,0.45537177531648815,0.03781376666856131
2023,<ALL>,3,T,global,global_fallback_used,75,1.0,0.47400994203685326,0.48155411745194554,0.03487316872586878
2023,<ALL>,3,T,global,narrow_score_margin,5,0.06666666666666667,0.495317172016705,0.4819176624716069,0.01339950954509811
2023,<ALL>,3,T,global,opponent_component_higher,43,0.5733333333333334,0.4573455877877149,0.49433745767808784,0.03699186989037293
2023,<ALL>,3,T,global,recommendation_available,75,1.0,0.47400994203685326,0.48155411745194554,0.03487316872586878
2023,<ALL>,3,T,global,server_component_higher,32,0.4266666666666667,0.496402668059133,0.46437650402306674,0.0320261640360663
2023,Hard,1,wide,surface,balanced_components,1,0.0030864197530864196,0.5,0.5,0.0
2023,Hard,1,wide,surface,evidence_above_threshold,322,0.9938271604938271,0.5376952582234942,0.5164879944714504,0.04588240723121886
2023,Hard,1,wide,surface,evidence_threshold_just_met,2,0.006172839506172839,0.570136852394917,0.5439881524175472,0.026148699977369738
2023,Hard,1,wide,surface,opponent_component_higher,109,0.33641975308641975,0.5156131863558713,0.5520599579168548,0.03644677156098332
2023,Hard,1,wide,surface,recommendation_available,324,1.0,0.5378955149776388,0.516657748532846,0.04576059422347904
2023,Hard,1,wide,surface,server_component_higher,214,0.6604938271604939,0.5494220071960981,0.49870362201731283,0.050718385178785186
2023,Hard,1,wide,surface,surface_history_used,324,1.0,0.5378955149776388,0.516657748532846,0.04576059422347904
2023,Hard,1,body,surface,evidence_above_threshold,124,0.992,0.5212580488259522,0.5171352944946671,0.04792037594066917
2023,Hard,1,body,surface,evidence_threshold_just_met,1,0.008,0.5967741935483871,0.5309218203033839,0.06585237324500326
2023,Hard,1,body,surface,opponent_component_higher,56,0.448,0.5045197035694262,0.5530099274941014,0.04849022392467523
2023,Hard,1,body,surface,recommendation_available,125,1.0,0.5218621779837317,0.5172455867011369,0.04806383191910385
2023,Hard,1,body,surface,server_component_higher,69,0.552,0.5359372296822985,0.4882194550430788,0.047717774639219834
2023,Hard,1,body,surface,surface_history_used,125,1.0,0.5218621779837317,0.5172455867011369,0.04806383191910385
2023,Hard,1,T,surface,evidence_above_threshold,92,0.968421052631579,0.5356222362597632,0.5120430960181759,0.05282630958314678
2023,Hard,1,T,surface,evidence_threshold_just_met,3,0.031578947368421054,0.5376194424701888,0.5378820840749774,0.09181449077085109
2023,Hard,1,T,surface,opponent_component_higher,29,0.30526315789473685,0.5083383519532794,0.5594930239627687,0.05115467200948937
2023,Hard,1,T,surface,recommendation_available,95,1.0,0.5356853059295661,0.5128590640620748,0.05405751530486375
2023,Hard,1,T,surface,server_component_higher,66,0.6947368421052632,0.5477013917676316,0.4923683847117699,0.05533300705586159
2023,Hard,1,T,surface,surface_history_used,95,1.0,0.5356853059295661,0.5128590640620748,0.05405751530486375
2023,Hard,1,wide,global,evidence_above_threshold,15,1.0,0.5357574090404023,0.5264677617381344,0.04488306526446141
2023,Hard,1,wide,global,global_fallback_used,15,1.0,0.5357574090404023,0.5264677617381344,0.04488306526446141
2023,Hard,1,wide,global,opponent_component_higher,7,0.4666666666666667,0.5329271274867022,0.571062932446195,0.03813580495949287
2023,Hard,1,wide,global,recommendation_available,15,1.0,0.5357574090404023,0.5264677617381344,0.04488306526446141
2023,Hard,1,wide,global,server_component_higher,8,0.5333333333333333,0.5382339053998901,0.48744698736858116,0.05078691803130889
2023,Hard,1,body,global,evidence_above_threshold,5,1.0,0.5395522408044464,0.5020065442932603,0.04976378419926235
2023,Hard,1,body,global,global_fallback_used,5,1.0,0.5395522408044464,0.5020065442932603,0.04976378419926235
2023,Hard,1,body,global,opponent_component_higher,1,0.2,0.5408833522083806,0.5714285714285714,0.030545219220190822
2023,Hard,1,body,global,recommendation_available,5,1.0,0.5395522408044464,0.5020065442932603,0.04976378419926235
2023,Hard,1,body,global,server_component_higher,4,0.8,0.5392194629534628,0.4846510375094325,0.05456842544403023
2023,Hard,1,T,global,evidence_above_threshold,4,1.0,0.5075285951824939,0.5271806938202064,0.04884001407599482
2023,Hard,1,T,global,global_fallback_used,4,1.0,0.5075285951824939,0.5271806938202064,0.04884001407599482
2023,Hard,1,T,global,opponent_component_higher,2,0.5,0.49432111815832747,0.5628132308720348,0.06849211271370734
2023,Hard,1,T,global,recommendation_available,4,1.0,0.5075285951824939,0.5271806938202064,0.04884001407599482
2023,Hard,1,T,global,server_component_higher,2,0.5,0.5207360722066604,0.4915481567683781,0.029187915438282308
2023,Hard,2,wide,surface,evidence_above_threshold,117,0.9915254237288136,0.5005217122715294,0.4999874974007947,0.03711901164371615
2023,Hard,2,wide,surface,evidence_threshold_just_met,1,0.00847457627118644,0.6,0.5961538461538461,0.0038461538461538325
2023,Hard,2,wide,surface,narrow_score_margin,46,0.3898305084745763,0.5042410084162527,0.49758882040146724,0.028845510423184863
2023,Hard,2,wide,surface,opponent_component_higher,62,0.5254237288135594,0.4825654415390672,0.5170849675264771,0.03451952598740998
2023,Hard,2,wide,surface,recommendation_available,118,1.0,0.5013647486082115,0.500802466458024,0.03683703827255037
2023,Hard,2,wide,surface,server_component_higher,56,0.4745762711864407,0.5221782671490496,0.4827754117036651,0.03940285544538437
2023,Hard,2,wide,surface,surface_history_used,118,1.0,0.5013647486082115,0.500802466458024,0.03683703827255037
2023,Hard,2,body,surface,evidence_above_threshold,234,0.9873417721518988,0.5074056244825724,0.5005273248075022,0.0387504896070619
2023,Hard,2,body,surface,evidence_threshold_just_met,3,0.012658227848101266,0.49264486201973473,0.5055267717998951,0.03565319612388723
2023,Hard,2,body,surface,narrow_score_margin,64,0.270042194092827,0.5181589045604817,0.509622683771608,0.0420442622916308
2023,Hard,2,body,surface,opponent_component_higher,102,0.43037974683544306,0.4897509574316723,0.5270239856757811,0.03727302824410877
2023,Hard,2,body,surface,recommendation_available,237,1.0,0.5072187793881062,0.5005906089466464,0.038711283360439434
2023,Hard,2,body,surface,server_component_higher,135,0.569620253164557,0.520416689310745,0.48061872430685565,0.03979796500388926
2023,Hard,2,body,surface,surface_history_used,237,1.0,0.5072187793881062,0.5005906089466464,0.038711283360439434
2023,Hard,2,T,surface,evidence_above_threshold,187,0.9894179894179894,0.5157911329424097,0.5030505298080096,0.04494940548816347
2023,Hard,2,T,surface,evidence_threshold_just_met,2,0.010582010582010581,0.5403846153846155,0.5051123632170905,0.03527225216752489
2023,Hard,2,T,surface,narrow_score_margin,65,0.3439153439153439,0.5234912479765508,0.4994321559319119,0.05056277806021778
2023,Hard,2,T,surface,opponent_component_higher,68,0.35978835978835977,0.490946927287675,0.5352340305240993,0.04428710323642433
2023,Hard,2,T,surface,recommendation_available,189,1.0,0.5160513814338616,0.5030723481509627,0.04484700174932074
2023,Hard,2,T,surface,server_component_higher,121,0.6402116402116402,0.5301596697143633,0.4849980142553157,0.04516165545904764
2023,Hard,2,T,surface,surface_history_used,189,1.0,0.5160513814338616,0.5030723481509627,0.04484700174932074
2023,Hard,2,wide,global,evidence_above_threshold,7,1.0,0.49104916204692045,0.509962622260806,0.03426982209533462
2023,Hard,2,wide,global,global_fallback_used,7,1.0,0.49104916204692045,0.509962622260806,0.03426982209533462
2023,Hard,2,wide,global,narrow_score_margin,2,0.2857142857142857,0.4980381597168795,0.4904125398492115,0.009940577581107113
2023,Hard,2,wide,global,opponent_component_higher,5,0.7142857142857143,0.4699921486934874,0.5072204463099416,0.03722829761645424
2023,Hard,2,wide,global,recommendation_available,7,1.0,0.49104916204692045,0.509962622260806,0.03426982209533462
2023,Hard,2,wide,global,server_component_higher,2,0.2857142857142857,0.5436916954305029,0.5168180621379673,0.02687363329253556
2023,Hard,2,body,global,evidence_above_threshold,10,1.0,0.4972200538540393,0.5068035997024665,0.0233699475868032
2023,Hard,2,body,global,global_fallback_used,10,1.0,0.4972200538540393,0.5068035997024665,0.0233699475868032
2023,Hard,2,body,global,narrow_score_margin,3,0.3,0.5076165136128707,0.5398377439792795,0.036162503005742364
2023,Hard,2,body,global,opponent_component_higher,6,0.6,0.5045468622301407,0.5320081067594992,0.027461244529358525
2023,Hard,2,body,global,recommendation_available,10,1.0,0.4972200538540393,0.5068035997024665,0.0233699475868032
2023,Hard,2,body,global,server_component_higher,4,0.4,0.4862298412898874,0.46899683911691714,0.017233002172970205
2023,Hard,2,T,global,evidence_above_threshold,5,0.7142857142857143,0.5090597338400805,0.521274715836832,0.06450553886170045
2023,Hard,2,T,global,evidence_threshold_just_met,2,0.2857142857142857,0.4857342657342657,0.4415658657829329,0.06730013151719863
2023,Hard,2,T,global,global_fallback_used,7,1.0,0.5023953143812763,0.49850075867857513,0.0653039939061285
2023,Hard,2,T,global,narrow_score_margin,1,0.14285714285714285,0.5564665432425284,0.48,0.07646654324252844
2023,Hard,2,T,global,opponent_component_higher,3,0.42857142857142855,0.4832634032634033,0.5549077478340684,0.0716443445706652
2023,Hard,2,T,global,recommendation_available,7,1.0,0.5023953143812763,0.49850075867857513,0.0653039939061285
2023,Hard,2,T,global,server_component_higher,4,0.5714285714285714,0.5167442477196811,0.45619551681195514,0.06054873090772599
2023,Hard,3,wide,surface,evidence_above_threshold,99,0.9705882352941176,0.4913058992012342,0.48198117426691506,0.05125596055568327
2023,Hard,3,wide,surface,evidence_threshold_just_met,3,0.029411764705882353,0.48890818852089185,0.46747504576961946,0.06441594232321933
2023,Hard,3,wide,surface,narrow_score_margin,5,0.049019607843137254,0.5288862759062452,0.4856470223921482,0.07189513119861793
2023,Hard,3,wide,surface,opponent_component_higher,39,0.38235294117647056,0.4538439949908485,0.5087175940322705,0.0548735990414218
2023,Hard,3,wide,surface,recommendation_available,102,1.0,0.49123537829887115,0.48155452342875926,0.05164301884296376
2023,Hard,3,wide,surface,server_component_higher,63,0.6176470588235294,0.5143824251085993,0.4647392892456334,0.049643135862965905
2023,Hard,3,wide,surface,surface_history_used,102,1.0,0.49123537829887115,0.48155452342875926,0.05164301884296376
2023,Hard,3,body,surface,evidence_above_threshold,180,0.989010989010989,0.49903140980263094,0.48265580281513426,0.044984102622655085
2023,Hard,3,body,surface,evidence_threshold_just_met,2,0.01098901098901099,0.47943722943722944,0.4837298331966092,0.11430577898994634
2023,Hard,3,body,surface,narrow_score_margin,16,0.08791208791208792,0.5168999980098569,0.48180092529156426,0.04316530939516405
2023,Hard,3,body,surface,opponent_component_higher,70,0.38461538461538464,0.4766955426705238,0.5151721568121463,0.03847661414162266
2023,Hard,3,body,surface,recommendation_available,182,1.0,0.49881608913927483,0.48266760534679887,0.04574587928603191
2023,Hard,3,body,surface,server_component_higher,112,0.6153846153846154,0.5126414306822442,0.4623522606809566,0.05028917000128771
2023,Hard,3,body,surface,surface_history_used,182,1.0,0.49881608913927483,0.48266760534679887,0.04574587928603191
2023,Hard,3,T,surface,evidence_above_threshold,259,0.9961538461538462,0.48995817205079956,0.4805321040235286,0.044692190991162534
2023,Hard,3,T,surface,evidence_threshold_just_met,1,0.0038461538461538464,0.4807692307692308,0.5084473049074819,0.02767807413825113
2023,Hard,3,T,surface,narrow_score_margin,16,0.06153846153846154,0.4999813585701355,0.4797315027917696,0.037428645726002886
2023,Hard,3,T,surface,opponent_component_higher,121,0.4653846153846154,0.46894552747132795,0.5069177671239082,0.037972239652580286
2023,Hard,3,T,surface,recommendation_available,260,1.0,0.4899228299689475,0.4806394701807746,0.0446267520801898
2023,Hard,3,T,surface,server_component_higher,139,0.5346153846153846,0.5081836472510478,0.45776411816552876,0.05041952908551894
2023,Hard,3,T,surface,surface_history_used,260,1.0,0.4899228299689475,0.4806394701807746,0.0446267520801898
2023,Hard,3,wide,global,evidence_above_threshold,2,1.0,0.5305016144087897,0.44331601322626357,0.08718560118252616
2023,Hard,3,wide,global,global_fallback_used,2,1.0,0.5305016144087897,0.44331601322626357,0.08718560118252616
2023,Hard,3,wide,global,recommendation_available,2,1.0,0.5305016144087897,0.44331601322626357,0.08718560118252616
2023,Hard,3,wide,global,server_component_higher,2,1.0,0.5305016144087897,0.44331601322626357,0.08718560118252616
2023,Hard,3,body,global,evidence_above_threshold,9,1.0,0.4450098612955564,0.4904199106282404,0.08120289579668452
2023,Hard,3,body,global,global_fallback_used,9,1.0,0.4450098612955564,0.4904199106282404,0.08120289579668452
2023,Hard,3,body,global,opponent_component_higher,6,0.6666666666666666,0.413348134742256,0.5083078435892824,0.09495970884702641
2023,Hard,3,body,global,recommendation_available,9,1.0,0.4450098612955564,0.4904199106282404,0.08120289579668452
2023,Hard,3,body,global,server_component_higher,3,0.3333333333333333,0.5083333144021572,0.45464404470615644,0.05368926969600074
2023,Hard,3,T,global,evidence_above_threshold,12,0.9230769230769231,0.48335429462151125,0.48000178903920393,0.03995620296931539
2023,Hard,3,T,global,evidence_threshold_just_met,1,0.07692307692307693,0.5140781108083561,0.44,0.07407811080835608
2023,Hard,3,T,global,global_fallback_used,13,1.0,0.48571766509742254,0.4769247283438806,0.04258096511078006
2023,Hard,3,T,global,narrow_score_margin,2,0.15384615384615385,0.4995644599303136,0.48142308379489007,0.018141376135423493
2023,Hard,3,T,global,opponent_component_higher,7,0.5384615384615384,0.4530539709723976,0.48442856873269,0.03137459776029255
2023,Hard,3,T,global,recommendation_available,13,1.0,0.48571766509742254,0.4769247283438806,0.04258096511078006
2023,Hard,3,T,global,server_component_higher,6,0.46153846153846156,0.5238253082432848,0.4681702478902694,0.055655060353015484
2023,Clay,1,wide,surface,evidence_above_threshold,50,1.0,0.5450760551777342,0.5044150199832468,0.05493515356985177
2023,Clay,1,wide,surface,opponent_component_higher,8,0.16,0.484776437351958,0.5293830572749717,0.04460661992301367
2023,Clay,1,wide,surface,recommendation_available,50,1.0,0.5450760551777342,0.5044150199832468,0.05493515356985177
2023,Clay,1,wide,surface,server_component_higher,42,0.84,0.5565616966683581,0.4996592033562515,0.05690249331210665
2023,Clay,1,wide,surface,surface_history_used,50,1.0,0.5450760551777342,0.5044150199832468,0.05493515356985177
2023,Clay,1,body,surface,evidence_above_threshold,25,0.9259259259259259,0.5314085464528157,0.5327333225221363,0.05910207765624928
2023,Clay,1,body,surface,evidence_threshold_just_met,2,0.07407407407407407,0.581889400921659,0.4812039312039312,0.1006854697177278
2023,Clay,1,body,surface,opponent_component_higher,14,0.5185185185185185,0.5123820092246463,0.566334557193905,0.053952547969258864
2023,Clay,1,body,surface,recommendation_available,27,1.0,0.5351478690060633,0.5289163305726396,0.06218232892006251
2023,Clay,1,body,surface,server_component_higher,13,0.48148148148148145,0.5596649487706663,0.48861977882666147,0.0710451699440049
2023,Clay,1,body,surface,surface_history_used,27,1.0,0.5351478690060633,0.5289163305726396,0.06218232892006251
2023,Clay,1,T,surface,evidence_above_threshold,30,1.0,0.5371178827357534,0.5121172581693917,0.04887814587149061
2023,Clay,1,T,surface,opponent_component_higher,9,0.3,0.5211120748129348,0.5609079436548163,0.03979586884188159
2023,Clay,1,T,surface,recommendation_available,30,1.0,0.5371178827357534,0.5121172581693917,0.04887814587149061
2023,Clay,1,T,surface,server_component_higher,21,0.7,0.5439775147026757,0.49120696438992406,0.05277055031275163
2023,Clay,1,T,surface,surface_history_used,30,1.0,0.5371178827357534,0.5121172581693917,0.04887814587149061
2023,Clay,1,wide,global,evidence_above_threshold,35,1.0,0.531080777005559,0.5313501221691863,0.04147303165942129
2023,Clay,1,wide,global,global_fallback_used,35,1.0,0.531080777005559,0.5313501221691863,0.04147303165942129
2023,Clay,1,wide,global,opponent_component_higher,18,0.5142857142857142,0.5067972105085027,0.5473800768642445,0.04058286635574175
2023,Clay,1,wide,global,recommendation_available,35,1.0,0.531080777005559,0.5313501221691863,0.04147303165942129
2023,Clay,1,wide,global,server_component_higher,17,0.4857142857142857,0.5567927885906775,0.5143772289626543,0.04241555962802315
2023,Clay,1,body,global,evidence_above_threshold,18,0.9,0.5081204862332224,0.5530539551335665,0.05880241589983177
2023,Clay,1,body,global,evidence_threshold_just_met,2,0.1,0.5722960151802656,0.4627370774371069,0.1095589377431587
2023,Clay,1,body,global,global_fallback_used,20,1.0,0.5145380391279267,0.5440222673639206,0.06387806808416446
2023,Clay,1,body,global,opponent_component_higher,15,0.75,0.5031934636163804,0.565434994496486,0.06224153088010557
2023,Clay,1,body,global,recommendation_available,20,1.0,0.5145380391279267,0.5440222673639206,0.06387806808416446
2023,Clay,1,body,global,server_component_higher,5,0.25,0.5485717656625655,0.47978408596622424,0.06878767969634116
2023,Clay,1,T,global,evidence_above_threshold,10,0.8333333333333334,0.5351392995732378,0.5327635433548904,0.02856242911294276
2023,Clay,1,T,global,evidence_threshold_just_met,2,0.16666666666666666,0.5503706199460916,0.4734781583633885,0.07689246158270313
2023,Clay,1,T,global,global_fallback_used,12,1.0,0.5376778529687135,0.5228826458563067,0.03661743452456949
2023,Clay,1,T,global,opponent_component_higher,5,0.4166666666666667,0.5231945750274176,0.5493812479220129,0.026186672894595375
2023,Clay,1,T,global,recommendation_available,12,1.0,0.5376778529687135,0.5228826458563067,0.03661743452456949
2023,Clay,1,T,global,server_component_higher,7,0.5833333333333334,0.5480230514982105,0.5039550729522309,0.04406797854597957
2023,Clay,2,wide,surface,evidence_above_threshold,30,0.967741935483871,0.5111638579320278,0.5043317795260122,0.05303065123460401
2023,Clay,2,wide,surface,evidence_threshold_just_met,1,0.03225806451612903,0.49029126213592233,0.46,0.030291262135922314
2023,Clay,2,wide,surface,narrow_score_margin,12,0.3870967741935484,0.5250159083135951,0.5060417092504651,0.06229043938300243
2023,Clay,2,wide,surface,opponent_component_higher,14,0.45161290322580644,0.47705133228921964,0.5265498031769931,0.04949847088777339
2023,Clay,2,wide,surface,recommendation_available,31,1.0,0.5104905483902179,0.5029017221219473,0.05229712255400136
2023,Clay,2,wide,surface,server_component_higher,17,0.5483870967741935,0.5380287263557456,0.4834268318413213,0.05460189451442439
2023,Clay,2,wide,surface,surface_history_used,31,1.0,0.5104905483902179,0.5029017221219473,0.05229712255400136
2023,Clay,2,body,surface,evidence_above_threshold,48,1.0,0.5214605567879579,0.4916247296215497,0.05618352177129541
2023,Clay,2,body,surface,narrow_score_margin,12,0.25,0.54086061454242,0.47870170378973126,0.06215891075268868
2023,Clay,2,body,surface,opponent_component_higher,10,0.20833333333333334,0.4725444896314418,0.5357789566831711,0.06323446705172939
2023,Clay,2,body,surface,recommendation_available,48,1.0,0.5214605567879579,0.4916247296215497,0.05618352177129541
2023,Clay,2,body,surface,server_component_higher,38,0.7916666666666666,0.5343332060396728,0.48000519618428084,0.05432800985539175
2023,Clay,2,body,surface,surface_history_used,48,1.0,0.5214605567879579,0.4916247296215497,0.05618352177129541
2023,Clay,2,T,surface,evidence_above_threshold,27,0.9642857142857143,0.5156192235675857,0.484672353371971,0.057674520019582856
2023,Clay,2,T,surface,evidence_threshold_just_met,1,0.03571428571428571,0.4883720930232558,0.4444444444444444,0.043927648578811374
2023,Clay,2,T,surface,narrow_score_margin,4,0.14285714285714285,0.5149116626135395,0.5023555019474519,0.04529586064909255
2023,Clay,2,T,surface,opponent_component_higher,8,0.2857142857142857,0.4867464843083521,0.5318493933862982,0.04510290907794612
2023,Clay,2,T,surface,recommendation_available,28,1.0,0.514646111762431,0.483235642338845,0.0571835603252696
2023,Clay,2,T,surface,server_component_higher,20,0.7142857142857143,0.5258059627440627,0.4637901419198637,0.062015820824198965
2023,Clay,2,T,surface,surface_history_used,28,1.0,0.514646111762431,0.483235642338845,0.0571835603252696
2023,Clay,2,wide,global,evidence_above_threshold,16,0.8888888888888888,0.5199339311584048,0.5227202760814237,0.04443266987108671
2023,Clay,2,wide,global,evidence_threshold_just_met,2,0.1111111111111111,0.4722222222222222,0.48725641702489186,0.0484264990928068
2023,Clay,2,wide,global,global_fallback_used,18,1.0,0.5146326301654955,0.5187798472973646,0.04487642867350005
2023,Clay,2,wide,global,narrow_score_margin,7,0.3888888888888889,0.530026874753157,0.5370755549453705,0.05427144378784994
2023,Clay,2,wide,global,opponent_component_higher,7,0.3888888888888889,0.4883782106307401,0.5514086123805003,0.0630304017497602
2023,Clay,2,wide,global,recommendation_available,18,1.0,0.5146326301654955,0.5187798472973646,0.04487642867350005
2023,Clay,2,wide,global,server_component_higher,11,0.6111111111111112,0.531339988051249,0.4980160876990054,0.03332390035224359
2023,Clay,2,body,global,evidence_above_threshold,21,0.9545454545454546,0.5091561011641228,0.4986877018646546,0.023468540166918756
2023,Clay,2,body,global,evidence_threshold_just_met,1,0.045454545454545456,0.45161290322580644,0.4774859287054409,0.025873025479634437
2023,Clay,2,body,global,global_fallback_used,22,1.0,0.5065405012578357,0.4977239849028722,0.023577834953860375
2023,Clay,2,body,global,narrow_score_margin,6,0.2727272727272727,0.5241854882000747,0.5216765401022596,0.033713873331540696
2023,Clay,2,body,global,opponent_component_higher,5,0.22727272727272727,0.49551182810308675,0.5279867290206598,0.03247490091757307
2023,Clay,2,body,global,recommendation_available,22,1.0,0.5065405012578357,0.4977239849028722,0.023577834953860375
2023,Clay,2,body,global,server_component_higher,17,0.7727272727272727,0.5097842286562911,0.48882317780940515,0.020961050846886056
2023,Clay,2,T,global,evidence_above_threshold,26,0.9629629629629629,0.5036460186400079,0.52405569989538,0.0483330644374726
2023,Clay,2,T,global,evidence_threshold_just_met,1,0.037037037037037035,0.5473251028806584,0.4482758620689655,0.09904924081169286
2023,Clay,2,T,global,global_fallback_used,27,1.0,0.5052637625007727,0.5212490392351425,0.05021144134022149
2023,Clay,2,T,global,narrow_score_margin,13,0.48148148148148145,0.5182812749996836,0.5195716915417805,0.04222359618306997
2023,Clay,2,T,global,opponent_component_higher,15,0.5555555555555556,0.48152367080919406,0.5411007170763262,0.059577046267132186
2023,Clay,2,T,global,recommendation_available,27,1.0,0.5052637625007727,0.5212490392351425,0.05021144134022149
2023,Clay,2,T,global,server_component_higher,12,0.4444444444444444,0.5349388771152458,0.49643444193366276,0.038504435181583134
2023,Clay,3,wide,surface,evidence_above_threshold,25,0.9615384615384616,0.48987513976469743,0.4765696906293265,0.047736806591148595
2023,Clay,3,wide,surface,evidence_threshold_just_met,1,0.038461538461538464,0.3673469387755102,0.4852941176470588,0.1179471788715486
2023,Clay,3,wide,surface,narrow_score_margin,1,0.038461538461538464,0.5232459847844463,0.4898989898989899,0.033346994885456394
2023,Clay,3,wide,surface,opponent_component_higher,13,0.5,0.45433733732632936,0.49651727171623483,0.0421799343899054
2023,Clay,3,wide,surface,recommendation_available,26,1.0,0.4851625166497287,0.476905245514624,0.05043720552501014
2023,Clay,3,wide,surface,server_component_higher,13,0.5,0.5159876959731279,0.45729321931301303,0.05869447666011486
2023,Clay,3,wide,surface,surface_history_used,26,1.0,0.4851625166497287,0.476905245514624,0.05043720552501014
2023,Clay,3,body,surface,evidence_above_threshold,32,1.0,0.484138320714273,0.47292371419522167,0.043531832888323345
2023,Clay,3,body,surface,narrow_score_margin,2,0.0625,0.5462011884550085,0.4653366518887247,0.08086453656628384
2023,Clay,3,body,surface,opponent_component_higher,14,0.4375,0.4528351105095171,0.4897690835029708,0.03693397299345378
2023,Clay,3,body,surface,recommendation_available,32,1.0,0.484138320714273,0.47292371419522167,0.043531832888323345
2023,Clay,3,body,surface,server_component_higher,18,0.5625,0.5084852619846386,0.4598217602891946,0.04866350169544412
2023,Clay,3,body,surface,surface_history_used,32,1.0,0.484138320714273,0.47292371419522167,0.043531832888323345
2023,Clay,3,T,surface,evidence_above_threshold,48,0.9795918367346939,0.47669407045488327,0.4864205237326604,0.050388736960735724
2023,Clay,3,T,surface,evidence_threshold_just_met,1,0.02040816326530612,0.5028901734104047,0.42,0.08289017341040467
2023,Clay,3,T,surface,narrow_score_margin,2,0.04081632653061224,0.5100066203243959,0.5118653152714161,0.06580208817328828
2023,Clay,3,T,surface,opponent_component_higher,28,0.5714285714285714,0.45086689766168225,0.5023942035804075,0.05152730591872531
2023,Clay,3,T,surface,recommendation_available,49,1.0,0.4772286848009143,0.48506500284015713,0.051052031582157535
2023,Clay,3,T,surface,server_component_higher,21,0.42857142857142855,0.5123777343198905,0.4619594018531567,0.050418332466733856
2023,Clay,3,T,surface,surface_history_used,49,1.0,0.4772286848009143,0.48506500284015713,0.051052031582157535
2023,Clay,3,wide,global,evidence_above_threshold,12,0.8571428571428571,0.49461267528739644,0.4785318119924175,0.05138056279797568
2023,Clay,3,wide,global,evidence_threshold_just_met,2,0.14285714285714285,0.45682610434881993,0.4455281952883488,0.10960972633951782
2023,Clay,3,wide,global,global_fallback_used,14,1.0,0.48921459372474263,0.4738170096061219,0.05969901473248169
2023,Clay,3,wide,global,narrow_score_margin,1,0.07142857142857142,0.45098039215686275,0.5,0.04901960784313725
2023,Clay,3,wide,global,opponent_component_higher,7,0.5,0.4561798982321911,0.5004813288460521,0.04430143061386099
2023,Clay,3,wide,global,recommendation_available,14,1.0,0.48921459372474263,0.4738170096061219,0.05969901473248169
2023,Clay,3,wide,global,server_component_higher,7,0.5,0.5222492892172942,0.4471526903661918,0.07509659885110241
2023,Clay,3,body,global,evidence_above_threshold,23,0.92,0.491796075861637,0.49267406761949756,0.060646150668257036
2023,Clay,3,body,global,evidence_threshold_just_met,2,0.08,0.4385672746497489,0.4790451576851884,0.04047788303543953
2023,Clay,3,body,global,global_fallback_used,25,1.0,0.48753777176468605,0.49158375482475286,0.05903268925763164
2023,Clay,3,body,global,narrow_score_margin,2,0.08,0.4823405979852523,0.48982191937700414,0.024400126301998698
2023,Clay,3,body,global,opponent_component_higher,13,0.52,0.4582813924353039,0.5189339619715525,0.060652569536248535
2023,Clay,3,body,global,recommendation_available,25,1.0,0.48753777176468605,0.49158375482475286,0.05903268925763164
2023,Clay,3,body,global,server_component_higher,12,0.48,0.5192321827048499,0.46195436374905324,0.057277818955796644
2023,Clay,3,T,global,evidence_above_threshold,27,0.9642857142857143,0.47205322735147504,0.48178060828089775,0.03717330341607225
2023,Clay,3,T,global,evidence_threshold_just_met,1,0.03571428571428571,0.4444444444444444,0.4580505023079012,0.013606057863456755
2023,Clay,3,T,global,global_fallback_used,28,1.0,0.47106719939050967,0.4809331044961479,0.03633161607490741
2023,Clay,3,T,global,narrow_score_margin,1,0.03571428571428571,0.5087719298245614,0.5030864197530864,0.005685510071474997
2023,Clay,3,T,global,opponent_component_higher,17,0.6071428571428571,0.4579221982691083,0.4959672157119107,0.038045017442802344
2023,Clay,3,T,global,recommendation_available,28,1.0,0.47106719939050967,0.4809331044961479,0.03633161607490741
2023,Clay,3,T,global,server_component_higher,11,0.39285714285714285,0.4913822011235844,0.4576985689808782,0.03368363214270612
2023,Grass,1,wide,surface,evidence_above_threshold,12,0.9230769230769231,0.5686872642823354,0.537358118901734,0.07006955582073378
2023,Grass,1,wide,surface,evidence_threshold_just_met,1,0.07692307692307693,0.5846153846153846,0.5272727272727272,0.05734265734265742
2023,Grass,1,wide,surface,opponent_component_higher,3,0.23076923076923078,0.540479849726776,0.6179606706070406,0.0774808208802647
2023,Grass,1,wide,surface,recommendation_available,13,1.0,0.5699125043079547,0.5365823195456566,0.06909056363011251
2023,Grass,1,wide,surface,server_component_higher,10,0.7692307692307693,0.5787423006823083,0.5121688142272414,0.06657348645506687
2023,Grass,1,wide,surface,surface_history_used,13,1.0,0.5699125043079547,0.5365823195456566,0.06909056363011251
2023,Grass,1,body,surface,evidence_above_threshold,4,1.0,0.5077122541027239,0.5239651134091373,0.06921367937449767
2023,Grass,1,body,surface,opponent_component_higher,2,0.5,0.48236020903945365,0.5678267477203647,0.08546653868091106
2023,Grass,1,body,surface,recommendation_available,4,1.0,0.5077122541027239,0.5239651134091373,0.06921367937449767
2023,Grass,1,body,surface,server_component_higher,2,0.5,0.5330642991659941,0.4801034790979098,0.05296082006808428
2023,Grass,1,body,surface,surface_history_used,4,1.0,0.5077122541027239,0.5239651134091373,0.06921367937449767
2023,Grass,1,T,surface,evidence_above_threshold,4,1.0,0.5600184210010073,0.5228372904134642,0.04901980737467351
2023,Grass,1,T,surface,opponent_component_higher,1,0.25,0.5257731958762887,0.5494505494505495,0.023677353574260818
2023,Grass,1,T,surface,recommendation_available,4,1.0,0.5600184210010073,0.5228372904134642,0.04901980737467351
2023,Grass,1,T,surface,server_component_higher,3,0.75,0.5714334960425801,0.5139662040677692,0.057467291974811076
2023,Grass,1,T,surface,surface_history_used,4,1.0,0.5600184210010073,0.5228372904134642,0.04901980737467351
2023,Grass,1,wide,global,evidence_above_threshold,41,0.9761904761904762,0.5335959315993376,0.5304908670802105,0.02781726479518546
2023,Grass,1,wide,global,evidence_threshold_just_met,1,0.023809523809523808,0.4875,0.4920977011494253,0.004597701149425315
2023,Grass,1,wide,global,global_fallback_used,42,1.0,0.5324984094184009,0.5295767440818585,0.027264418041714988
2023,Grass,1,wide,global,opponent_component_higher,16,0.38095238095238093,0.523488715529121,0.5554385784546599,0.03194986292553894
2023,Grass,1,wide,global,recommendation_available,42,1.0,0.5324984094184009,0.5295767440818585,0.027264418041714988
2023,Grass,1,wide,global,server_component_higher,26,0.6190476190476191,0.5380428364271886,0.5136617690832115,0.024381067343977166
2023,Grass,1,body,global,evidence_above_threshold,22,0.9565217391304348,0.504691481223373,0.5235602844007116,0.05111564022665983
2023,Grass,1,body,global,evidence_threshold_just_met,1,0.043478260869565216,0.5,0.47810858143607704,0.02189141856392296
2023,Grass,1,body,global,global_fallback_used,23,1.0,0.5044875037788785,0.5215841234022492,0.04984502189349737
2023,Grass,1,body,global,opponent_component_higher,12,0.5217391304347826,0.4898584744885777,0.554010880942243,0.06415240645366528
2023,Grass,1,body,global,recommendation_available,23,1.0,0.5044875037788785,0.5215841234022492,0.04984502189349737
2023,Grass,1,body,global,server_component_higher,11,0.4782608695652174,0.520446444822843,0.4862094788131653,0.0342369660096778
2023,Grass,1,T,global,evidence_above_threshold,8,1.0,0.5253613694510113,0.5436405199045835,0.03905263500433694
2023,Grass,1,T,global,global_fallback_used,8,1.0,0.5253613694510113,0.5436405199045835,0.03905263500433694
2023,Grass,1,T,global,opponent_component_higher,5,0.625,0.5037210821419146,0.5495865105082419,0.04586542836632727
2023,Grass,1,T,global,recommendation_available,8,1.0,0.5253613694510113,0.5436405199045835,0.03905263500433694
2023,Grass,1,T,global,server_component_higher,3,0.375,0.5614285149661725,0.5337305355651528,0.02769797940101974
2023,Grass,2,wide,surface,evidence_above_threshold,8,1.0,0.5318499507314436,0.48629021459332783,0.049211473879731016
2023,Grass,2,wide,surface,narrow_score_margin,4,0.5,0.5423371913450857,0.49537844875886883,0.04771793794026161
2023,Grass,2,wide,surface,opponent_component_higher,3,0.375,0.5040811282115208,0.5089501118670078,0.004868983655487029
2023,Grass,2,wide,surface,recommendation_available,8,1.0,0.5318499507314436,0.48629021459332783,0.049211473879731016
2023,Grass,2,wide,surface,server_component_higher,5,0.625,0.5485112442433973,0.4726942762291199,0.07581696801427741
2023,Grass,2,wide,surface,surface_history_used,8,1.0,0.5318499507314436,0.48629021459332783,0.049211473879731016
2023,Grass,2,body,surface,evidence_above_threshold,8,0.8888888888888888,0.5239312772877597,0.4895820703328323,0.03916070927576969
2023,Grass,2,body,surface,evidence_threshold_just_met,1,0.1111111111111111,0.45121951219512196,0.453125,0.0019054878048780366
2023,Grass,2,body,surface,opponent_component_higher,2,0.2222222222222222,0.46941140899012296,0.4799871575342466,0.010575748544123631
2023,Grass,2,body,surface,recommendation_available,9,1.0,0.5158521922774666,0.4855312847402954,0.035021240223448394
2023,Grass,2,body,surface,server_component_higher,7,0.7777777777777778,0.529120987502422,0.4871153210848807,0.04200566641754118
2023,Grass,2,body,surface,surface_history_used,9,1.0,0.5158521922774666,0.4855312847402954,0.035021240223448394
2023,Grass,2,T,surface,evidence_above_threshold,4,1.0,0.5059344319462876,0.5155027805428875,0.019590073007404354
2023,Grass,2,T,surface,narrow_score_margin,3,0.75,0.4999760679918756,0.5144975345510104,0.02435642891287069
2023,Grass,2,T,surface,opponent_component_higher,1,0.25,0.4788732394366197,0.5371900826446281,0.058316843208008395
2023,Grass,2,T,surface,recommendation_available,4,1.0,0.5059344319462876,0.5155027805428875,0.019590073007404354
2023,Grass,2,T,surface,server_component_higher,3,0.75,0.5149548294495103,0.5082736798423073,0.0066811496072030074
2023,Grass,2,T,surface,surface_history_used,4,1.0,0.5059344319462876,0.5155027805428875,0.019590073007404354
2023,Grass,2,wide,global,evidence_above_threshold,21,1.0,0.5027505676646825,0.4940341313548425,0.045384419639812004
2023,Grass,2,wide,global,global_fallback_used,21,1.0,0.5027505676646825,0.4940341313548425,0.045384419639812004
2023,Grass,2,wide,global,narrow_score_margin,6,0.2857142857142857,0.4909553680371291,0.49966299533713426,0.057668118219785285
2023,Grass,2,wide,global,opponent_component_higher,7,0.3333333333333333,0.45123731856245464,0.5062392935574126,0.05500197499495789
2023,Grass,2,wide,global,recommendation_available,21,1.0,0.5027505676646825,0.4940341313548425,0.045384419639812004
2023,Grass,2,wide,global,server_component_higher,14,0.6666666666666666,0.5285071922157965,0.4879315502535574,0.04057564196223905
2023,Grass,2,body,global,evidence_above_threshold,20,0.9523809523809523,0.5094639909444347,0.5128971851967679,0.029601176492837156
2023,Grass,2,body,global,evidence_threshold_just_met,1,0.047619047619047616,0.5,0.4475439660400243,0.05245603395997572
2023,Grass,2,body,global,global_fallback_used,21,1.0,0.5090133247089854,0.5097851271416849,0.030689503038891376
2023,Grass,2,body,global,narrow_score_margin,5,0.23809523809523808,0.514359950004079,0.500376772288559,0.03443864789140723
2023,Grass,2,body,global,opponent_component_higher,11,0.5238095238095238,0.5034355747775222,0.5334668209094952,0.030031246131972954
2023,Grass,2,body,global,recommendation_available,21,1.0,0.5090133247089854,0.5097851271416849,0.030689503038891376
2023,Grass,2,body,global,server_component_higher,10,0.47619047619047616,0.5151488496335952,0.4837352639970935,0.03141358563650165
2023,Grass,2,T,global,evidence_above_threshold,31,1.0,0.510695894891629,0.504232703648272,0.035127654493224136
2023,Grass,2,T,global,global_fallback_used,31,1.0,0.510695894891629,0.504232703648272,0.035127654493224136
2023,Grass,2,T,global,narrow_score_margin,7,0.22580645161290322,0.5162028111910805,0.5002841166533846,0.0372645531413693
2023,Grass,2,T,global,opponent_component_higher,13,0.41935483870967744,0.4924896504803412,0.5266665105090291,0.03417686002868783
2023,Grass,2,T,global,recommendation_available,31,1.0,0.510695894891629,0.504232703648272,0.035127654493224136
2023,Grass,2,T,global,server_component_higher,18,0.5806451612903226,0.52384484918867,0.4880305098043919,0.03581433938427814
2023,Grass,3,body,surface,evidence_above_threshold,8,1.0,0.5120304674293699,0.48639954675371955,0.05580511693632366
2023,Grass,3,body,surface,opponent_component_higher,3,0.375,0.4688338088605826,0.5090660705414803,0.04023226168089774
2023,Grass,3,body,surface,recommendation_available,8,1.0,0.5120304674293699,0.48639954675371955,0.05580511693632366
2023,Grass,3,body,surface,server_component_higher,5,0.625,0.5379484625706422,0.472799632481063,0.06514883008957921
2023,Grass,3,body,surface,surface_history_used,8,1.0,0.5120304674293699,0.48639954675371955,0.05580511693632366
2023,Grass,3,T,surface,evidence_above_threshold,12,0.9230769230769231,0.4761337108527209,0.48080648454617364,0.06280145387275064
2023,Grass,3,T,surface,evidence_threshold_just_met,1,0.07692307692307693,0.3870967741935484,0.46153846153846156,0.07444168734491319
2023,Grass,3,T,surface,opponent_component_higher,9,0.6923076923076923,0.44581225113858625,0.49906636810993443,0.0532541169713481
2023,Grass,3,T,surface,recommendation_available,13,1.0,0.46928471572509234,0.47932432893019583,0.06369685644753237
2023,Grass,3,T,surface,server_component_higher,4,0.3076923076923077,0.5220977610447309,0.43490474077578395,0.08719302026894699
2023,Grass,3,T,surface,surface_history_used,13,1.0,0.46928471572509234,0.47932432893019583,0.06369685644753237
2023,Grass,3,wide,global,evidence_above_threshold,10,1.0,0.5074921602038747,0.4821039801583734,0.0549367884564941
2023,Grass,3,wide,global,global_fallback_used,10,1.0,0.5074921602038747,0.4821039801583734,0.0549367884564941
2023,Grass,3,wide,global,narrow_score_margin,2,0.2,0.5283951876019576,0.48501828631138977,0.045638250224583676
2023,Grass,3,wide,global,opponent_component_higher,4,0.4,0.4713921595081356,0.5083279200218767,0.03693576051374106
2023,Grass,3,wide,global,recommendation_available,10,1.0,0.5074921602038747,0.4821039801583734,0.0549367884564941
2023,Grass,3,wide,global,server_component_higher,6,0.6,0.5315588273343673,0.46462135358270457,0.0669374737516628
2023,Grass,3,body,global,evidence_above_threshold,29,1.0,0.481468120643876,0.4947734350170031,0.039499452326549736
2023,Grass,3,body,global,global_fallback_used,29,1.0,0.481468120643876,0.4947734350170031,0.039499452326549736
2023,Grass,3,body,global,narrow_score_margin,2,0.06896551724137931,0.5172793508275115,0.5023091325150821,0.01497021831242934
2023,Grass,3,body,global,opponent_component_higher,17,0.5862068965517241,0.4631904011174668,0.508229760949544,0.045039359832077144
2023,Grass,3,body,global,recommendation_available,29,1.0,0.481468120643876,0.4947734350170031,0.039499452326549736
2023,Grass,3,body,global,server_component_higher,12,0.41379310344827586,0.5073615566396225,0.4757103066125699,0.03165125002705258
2023,Grass,3,T,global,evidence_above_threshold,33,0.9705882352941176,0.4728553554925923,0.4843135027542958,0.030875537168749655
2023,Grass,3,T,global,evidence_threshold_just_met,1,0.029411764705882353,0.4423076923076923,0.4680648236415634,0.025757131333871086
2023,Grass,3,T,global,global_fallback_used,34,1.0,0.4719568948106834,0.4838356004274508,0.030724995820664992
2023,Grass,3,T,global,narrow_score_margin,2,0.058823529411764705,0.4843425051991681,0.47182786250758385,0.012514642691584282
2023,Grass,3,T,global,opponent_component_higher,19,0.5588235294117647,0.4584107951310589,0.49652989641718254,0.0381191012861236
2023,Grass,3,T,global,recommendation_available,34,1.0,0.4719568948106834,0.4838356004274508,0.030724995820664992
2023,Grass,3,T,global,server_component_higher,15,0.4411764705882353,0.489115287738208,0.4677561588404572,0.021359128897750754
pooled,<ALL>,1,wide,surface,balanced_components,1,0.0010245901639344263,0.5,0.5,0.0
pooled,<ALL>,1,wide,surface,evidence_above_threshold,967,0.9907786885245902,0.5405092525891411,0.5225095026660879,0.05080766541424842
pooled,<ALL>,1,wide,surface,evidence_threshold_just_met,9,0.009221311475409836,0.5837527877583624,0.5479727309662324,0.04072206749910822
pooled,<ALL>,1,wide,surface,opponent_component_higher,352,0.36065573770491804,0.5160704828807102,0.5611979436425693,0.045127460761858966
pooled,<ALL>,1,wide,surface,recommendation_available,976,1.0,0.5409080146962343,0.522744307025413,0.05071466297445716
pooled,<ALL>,1,wide,surface,server_component_higher,623,0.6383196721311475,0.5550070824550797,0.5010542014359851,0.053952881019094436
pooled,<ALL>,1,wide,surface,surface_history_used,976,1.0,0.5409080146962343,0.522744307025413,0.05071466297445716
pooled,<ALL>,1,body,surface,evidence_above_threshold,501,0.9842829076620825,0.5249500273375148,0.5166269202541688,0.05100280780809867
pooled,<ALL>,1,body,surface,evidence_threshold_just_met,8,0.015717092337917484,0.5576215360033696,0.5086278763229359,0.06797266694714885
pooled,<ALL>,1,body,surface,opponent_component_higher,213,0.41846758349705304,0.5042112733658345,0.5547614191903294,0.0505501458244948
pooled,<ALL>,1,body,surface,recommendation_available,509,1.0,0.5254635284560352,0.5165011985420865,0.05126952465114857
pooled,<ALL>,1,body,surface,server_component_higher,296,0.581532416502947,0.540756536341889,0.4889693505756146,0.051787185766274425
pooled,<ALL>,1,body,surface,surface_history_used,509,1.0,0.5254635284560352,0.5165011985420865,0.05126952465114857
pooled,<ALL>,1,T,surface,balanced_components,1,0.002785515320334262,0.5,0.5,0.0
pooled,<ALL>,1,T,surface,evidence_above_threshold,354,0.9860724233983287,0.538009082907949,0.5117440558077798,0.057516192425894175
pooled,<ALL>,1,T,surface,evidence_threshold_just_met,5,0.013927576601671309,0.5225716654821133,0.5057390493870476,0.07207889552044952
pooled,<ALL>,1,T,surface,opponent_component_higher,105,0.2924791086350975,0.5072919749450734,0.5612878983852331,0.05399592344015972
pooled,<ALL>,1,T,surface,recommendation_available,359,1.0,0.5377940770942188,0.5116604206208615,0.057719015588770996
pooled,<ALL>,1,T,surface,server_component_higher,253,0.7047353760445683,0.5506024359983867,0.49111012518750913,0.059492310810877545
pooled,<ALL>,1,T,surface,surface_history_used,359,1.0,0.5377940770942188,0.5116604206208615,0.057719015588770996
pooled,<ALL>,1,wide,global,balanced_components,1,0.0043859649122807015,0.5384615384615384,0.5384615384615384,0.0
pooled,<ALL>,1,wide,global,evidence_above_threshold,225,0.9868421052631579,0.5304998619682888,0.5367287803070585,0.04319453543908027
pooled,<ALL>,1,wide,global,evidence_threshold_just_met,3,0.013157894736842105,0.5018874643874643,0.5158169386155439,0.013929474228079478
pooled,<ALL>,1,wide,global,global_fallback_used,228,1.0,0.5301233830527516,0.5364536244953281,0.04280946884419868
pooled,<ALL>,1,wide,global,opponent_component_higher,119,0.5219298245614035,0.5159245103002674,0.5629995268775143,0.04707501657724678
pooled,<ALL>,1,wide,global,recommendation_available,228,1.0,0.5301233830527516,0.5364536244953281,0.04280946884419868
pooled,<ALL>,1,wide,global,server_component_higher,108,0.47368421052631576,0.5456912321466111,0.5071853810004543,0.038505851146156775
pooled,<ALL>,1,body,global,evidence_above_threshold,143,0.9727891156462585,0.5194315269937306,0.5359412191289109,0.05073116200747565
pooled,<ALL>,1,body,global,evidence_threshold_just_met,4,0.027210884353741496,0.5339290726788902,0.4669671126490013,0.06696196002988891
pooled,<ALL>,1,body,global,global_fallback_used,147,1.0,0.5198260180327825,0.5340643726940834,0.051172816375432466
pooled,<ALL>,1,body,global,opponent_component_higher,84,0.5714285714285714,0.5071155694543756,0.5643503441115174,0.05723477465714167
pooled,<ALL>,1,body,global,recommendation_available,147,1.0,0.5198260180327825,0.5340643726940834,0.051172816375432466
pooled,<ALL>,1,body,global,server_component_higher,63,0.42857142857142855,0.5367732828039917,0.49368307747083795,0.043090205333153546
pooled,<ALL>,1,T,global,evidence_above_threshold,71,0.9342105263157895,0.5338940208045898,0.5310280092505891,0.04803558649034043
pooled,<ALL>,1,T,global,evidence_threshold_just_met,5,0.06578947368421052,0.5293714826940242,0.5020535150009845,0.07278040203878064
pooled,<ALL>,1,T,global,global_fallback_used,76,1.0,0.5335964854025789,0.5291217925236416,0.04966353488168519
pooled,<ALL>,1,T,global,opponent_component_higher,37,0.4868421052631579,0.5136228047024327,0.5600329667593088,0.046410162056876134
pooled,<ALL>,1,T,global,recommendation_available,76,1.0,0.5335964854025789,0.5291217925236416,0.04966353488168519
pooled,<ALL>,1,T,global,server_component_higher,39,0.5131578947368421,0.5525458747847689,0.49979580671031615,0.05275006807445275
pooled,<ALL>,2,wide,surface,evidence_above_threshold,553,0.9910394265232975,0.5039282064142048,0.5016601941285438,0.04679810786709376
pooled,<ALL>,2,wide,surface,evidence_threshold_just_met,5,0.008960573476702509,0.5576867318350689,0.5035065628815629,0.06706732848657994
pooled,<ALL>,2,wide,surface,narrow_score_margin,214,0.3835125448028674,0.5133151830001802,0.5000879140176975,0.04787510876306818
pooled,<ALL>,2,wide,surface,opponent_component_higher,280,0.5017921146953405,0.47999509676364216,0.5240836300747097,0.04408853331106742
pooled,<ALL>,2,wide,surface,recommendation_available,558,1.0,0.5044099136312375,0.5016767386514204,0.04697973170777016
pooled,<ALL>,2,wide,surface,server_component_higher,278,0.4982078853046595,0.5290003766633481,0.47910864657040964,0.04989173009293839
pooled,<ALL>,2,wide,surface,surface_history_used,558,1.0,0.5044099136312375,0.5016767386514204,0.04697973170777016
pooled,<ALL>,2,body,surface,evidence_above_threshold,706,0.9915730337078652,0.5136651293803829,0.5009370701573058,0.043716591777236566
pooled,<ALL>,2,body,surface,evidence_threshold_just_met,6,0.008426966292134831,0.5036160175217778,0.495408761357823,0.03468304077533616
pooled,<ALL>,2,body,surface,narrow_score_margin,207,0.2907303370786517,0.5201946763023297,0.5036448062357001,0.046452615570538154
pooled,<ALL>,2,body,surface,opponent_component_higher,275,0.3862359550561798,0.4929747753736433,0.5330416093571068,0.04006683398346346
pooled,<ALL>,2,body,surface,recommendation_available,712,1.0,0.5135804458534845,0.5008904832854001,0.04364046634744526
pooled,<ALL>,2,body,surface,server_component_higher,437,0.6137640449438202,0.5265474009609361,0.48065808129519577,0.045889319665740454
pooled,<ALL>,2,body,surface,surface_history_used,712,1.0,0.5135804458534845,0.5008904832854001,0.04364046634744526
pooled,<ALL>,2,T,surface,balanced_components,2,0.003484320557491289,0.4909090909090909,0.4909090909090909,0.0
pooled,<ALL>,2,T,surface,evidence_above_threshold,564,0.9825783972125436,0.5173107357719814,0.4994908136984005,0.05156235713138469
pooled,<ALL>,2,T,surface,evidence_threshold_just_met,10,0.017421602787456445,0.5148737976219383,0.5073471983618079,0.08236388762904275
pooled,<ALL>,2,T,surface,narrow_score_margin,162,0.28222996515679444,0.5229640696029927,0.4987836291366462,0.053140219718229846
pooled,<ALL>,2,T,surface,opponent_component_higher,204,0.3554006968641115,0.48378918045020586,0.5322673820587607,0.04847820160855484
pooled,<ALL>,2,T,surface,recommendation_available,574,1.0,0.5172682804035138,0.49962768451135176,0.052098969160960615
pooled,<ALL>,2,T,surface,server_component_higher,368,0.6411149825783972,0.5359706031466216,0.4815813227926916,0.05438928035392991
pooled,<ALL>,2,T,surface,surface_history_used,574,1.0,0.5172682804035138,0.49962768451135176,0.052098969160960615
pooled,<ALL>,2,wide,global,evidence_above_threshold,137,0.9716312056737588,0.502419528940163,0.5087744759704178,0.04920878480681768
pooled,<ALL>,2,wide,global,evidence_threshold_just_met,4,0.028368794326241134,0.46964285714285714,0.5018767167609541,0.04893001176316561
pooled,<ALL>,2,wide,global,global_fallback_used,141,1.0,0.5014896942792464,0.5085787948580925,0.04920087635167862
pooled,<ALL>,2,wide,global,narrow_score_margin,40,0.28368794326241137,0.5029153783657959,0.5125322465663065,0.04576458418839387
pooled,<ALL>,2,wide,global,opponent_component_higher,70,0.49645390070921985,0.47354919244223814,0.5302412406365522,0.056692048194314164
pooled,<ALL>,2,wide,global,recommendation_available,141,1.0,0.5014896942792464,0.5085787948580925,0.04920087635167862
pooled,<ALL>,2,wide,global,server_component_higher,71,0.5035460992907801,0.5290366679213675,0.48722145394975186,0.0418152139716154
pooled,<ALL>,2,body,global,evidence_above_threshold,149,0.9802631578947368,0.5057916205078011,0.5104621942023397,0.03890678301919573
pooled,<ALL>,2,body,global,evidence_threshold_just_met,3,0.019736842105263157,0.4544592030360531,0.49240126926298117,0.07291275553357851
pooled,<ALL>,2,body,global,global_fallback_used,152,1.0,0.5047784806892797,0.5101057285785365,0.03957795352934803
pooled,<ALL>,2,body,global,narrow_score_margin,35,0.23026315789473684,0.5166190135560844,0.5261098964069021,0.04252818728403326
pooled,<ALL>,2,body,global,opponent_component_higher,74,0.4868421052631579,0.49031452849831986,0.5364333840093195,0.046118855510999555
pooled,<ALL>,2,body,global,recommendation_available,152,1.0,0.5047784806892797,0.5101057285785365,0.03957795352934803
pooled,<ALL>,2,body,global,server_component_higher,78,0.5131578947368421,0.5185006917422414,0.4851282093236913,0.03337248241855041
pooled,<ALL>,2,T,global,evidence_above_threshold,155,0.9810126582278481,0.5084862278448504,0.5110984270609407,0.04651255448387258
pooled,<ALL>,2,T,global,evidence_threshold_just_met,3,0.0189873417721519,0.5062645447830633,0.44380253121161045,0.07788316794869671
pooled,<ALL>,2,T,global,global_fallback_used,158,1.0,0.5084440439892468,0.5098206568865862,0.04710819904333126
pooled,<ALL>,2,T,global,narrow_score_margin,41,0.25949367088607594,0.5118563070932445,0.5261284360567726,0.04899169844987472
pooled,<ALL>,2,T,global,opponent_component_higher,75,0.47468354430379744,0.48837967496570533,0.5394503435432118,0.051070668577506376
pooled,<ALL>,2,T,global,recommendation_available,158,1.0,0.5084440439892468,0.5098206568865862,0.04710819904333126
pooled,<ALL>,2,T,global,server_component_higher,83,0.5253164556962026,0.526574497926182,0.4830468436426475,0.04352765428353446
pooled,<ALL>,3,wide,surface,evidence_above_threshold,302,0.9741935483870968,0.48715045387002076,0.4841511461299976,0.05001098130470111
pooled,<ALL>,3,wide,surface,evidence_threshold_just_met,8,0.025806451612903226,0.4443934252367534,0.4842225551662134,0.07927998526631345
pooled,<ALL>,3,wide,surface,narrow_score_margin,22,0.07096774193548387,0.5132120091702616,0.4921940821331397,0.043023980305976685
pooled,<ALL>,3,wide,surface,opponent_component_higher,142,0.45806451612903226,0.45341589813795913,0.5067623711594341,0.0533464730214752
pooled,<ALL>,3,wide,surface,recommendation_available,310,1.0,0.48604704667948473,0.4841529889438354,0.050766310439194336
pooled,<ALL>,3,wide,surface,server_component_higher,168,0.5419354838709678,0.5136281365181552,0.46504267778541264,0.04858545873274262
pooled,<ALL>,3,wide,surface,surface_history_used,310,1.0,0.48604704667948473,0.4841529889438354,0.050766310439194336
pooled,<ALL>,3,body,surface,evidence_above_threshold,614,0.985553772070626,0.49629572142375067,0.4804708987079023,0.047270316124634205
pooled,<ALL>,3,body,surface,evidence_threshold_just_met,9,0.014446227929373997,0.4605289561743438,0.4969311959807471,0.07416897519574803
pooled,<ALL>,3,body,surface,narrow_score_margin,42,0.06741573033707865,0.5204406455477198,0.48361539716326346,0.045054256436042515
pooled,<ALL>,3,body,surface,opponent_component_higher,235,0.37720706260032105,0.4702412630075207,0.5134384414926567,0.04319717848513601
pooled,<ALL>,3,body,surface,recommendation_available,623,1.0,0.4957790265806612,0.4807086879140911,0.04765890028457003
pooled,<ALL>,3,body,surface,server_component_higher,388,0.622792937399679,0.5112464864767644,0.4608852546899599,0.050361231786804565
pooled,<ALL>,3,body,surface,surface_history_used,623,1.0,0.4957790265806612,0.4807086879140911,0.04765890028457003
pooled,<ALL>,3,T,surface,evidence_above_threshold,904,0.9923161361141603,0.48162266376929813,0.480571981996956,0.04955428604592344
pooled,<ALL>,3,T,surface,evidence_threshold_just_met,7,0.007683863885839737,0.4875233206796444,0.45842202173631685,0.06619838157281091
pooled,<ALL>,3,T,surface,narrow_score_margin,36,0.03951701427003293,0.5077012409980971,0.4876113215860409,0.04535209293673256
pooled,<ALL>,3,T,surface,opponent_component_higher,466,0.5115257958287596,0.45867312296330615,0.5059981635660141,0.04732504060270807
pooled,<ALL>,3,T,surface,recommendation_available,911,1.0,0.4816680036138343,0.4804017847172365,0.049682177010454964
pooled,<ALL>,3,T,surface,server_component_higher,445,0.4884742041712404,0.5057480359355109,0.45359748686660645,0.05215054906890452
pooled,<ALL>,3,T,surface,surface_history_used,911,1.0,0.4816680036138343,0.4804017847172365,0.049682177010454964
pooled,<ALL>,3,wide,global,evidence_above_threshold,80,0.975609756097561,0.48778786264293783,0.48711801037913105,0.05936134893085685
pooled,<ALL>,3,wide,global,evidence_threshold_just_met,2,0.024390243902439025,0.45682610434881993,0.4455281952883488,0.10960972633951782
pooled,<ALL>,3,wide,global,global_fallback_used,82,1.0,0.487032697806496,0.4861036246452097,0.06058691911155589
pooled,<ALL>,3,wide,global,narrow_score_margin,4,0.04878048780487805,0.4856383440141075,0.5103662860128377,0.06923551775630596
pooled,<ALL>,3,wide,global,opponent_component_higher,40,0.4878048780487805,0.4580669481190668,0.519216240218093,0.06114929209902633
pooled,<ALL>,3,wide,global,recommendation_available,82,1.0,0.487032697806496,0.4861036246452097,0.06058691911155589
pooled,<ALL>,3,wide,global,server_component_higher,42,0.5121951219512195,0.5146191260802381,0.4545678002900824,0.06005132579015548
pooled,<ALL>,3,body,global,evidence_above_threshold,149,0.9802631578947368,0.48464334850915197,0.49153571801667384,0.056159685857570196
pooled,<ALL>,3,body,global,evidence_threshold_just_met,3,0.019736842105263157,0.46678043345145004,0.4667993358926897,0.05395160827267972
pooled,<ALL>,3,body,global,global_fallback_used,152,1.0,0.4842907909751184,0.49104749994843727,0.05611610537892105
pooled,<ALL>,3,body,global,narrow_score_margin,7,0.046052631578947366,0.5051529847212751,0.4943967626257323,0.032926126740407964
pooled,<ALL>,3,body,global,opponent_component_higher,74,0.4868421052631579,0.4531160993531783,0.5176881789581816,0.06457207960500325
pooled,<ALL>,3,body,global,recommendation_available,152,1.0,0.4842907909751184,0.49104749994843727,0.05611610537892105
pooled,<ALL>,3,body,global,server_component_higher,78,0.5131578947368421,0.5138667804625998,0.46577300960585943,0.048093770856740506
pooled,<ALL>,3,T,global,balanced_components,1,0.004608294930875576,0.42857142857142855,0.42857142857142855,0.0
pooled,<ALL>,3,T,global,evidence_above_threshold,210,0.967741935483871,0.46492285530085836,0.4867551363422874,0.05376583922673778
pooled,<ALL>,3,T,global,evidence_threshold_just_met,7,0.03225806451612903,0.4616539154784992,0.43744467800059167,0.049519789903497605
pooled,<ALL>,3,T,global,global_fallback_used,217,1.0,0.46481740562916934,0.4851644763957811,0.05362886989373002
pooled,<ALL>,3,T,global,narrow_score_margin,7,0.03225806451612903,0.49220214354759767,0.5008674222191835,0.027807435164583085
pooled,<ALL>,3,T,global,opponent_component_higher,131,0.6036866359447005,0.4404676501812312,0.5017377995067813,0.061270149325550194
pooled,<ALL>,3,T,global,recommendation_available,217,1.0,0.46481740562916934,0.4851644763957811,0.05362886989373002
pooled,<ALL>,3,T,global,server_component_higher,85,0.391705069124424,0.502771099049612,0.4602878613402905,0.042483237709321664
pooled,Hard,1,wide,surface,balanced_components,1,0.0012345679012345679,0.5,0.5,0.0
pooled,Hard,1,wide,surface,evidence_above_threshold,807,0.9962962962962963,0.539605251724734,0.5235240082671182,0.05030557017388544
pooled,Hard,1,wide,surface,evidence_threshold_just_met,3,0.003703703703703704,0.6069430867817965,0.5290945946864904,0.0778484920953061
pooled,Hard,1,wide,surface,opponent_component_higher,302,0.3728395061728395,0.5157152185371671,0.5614420921464879,0.04572687360932062
pooled,Hard,1,wide,surface,recommendation_available,810,1.0,0.5398546511138341,0.5235446400686714,0.05040758099581664
pooled,Hard,1,wide,surface,server_component_higher,507,0.6259259259259259,0.5543121723944402,0.5010170544918827,0.05329511790255748
pooled,Hard,1,wide,surface,surface_history_used,810,1.0,0.5398546511138341,0.5235446400686714,0.05040758099581664
pooled,Hard,1,body,surface,evidence_above_threshold,425,0.9883720930232558,0.5228455253470581,0.5145920695099168,0.05009809059306645
pooled,Hard,1,body,surface,evidence_threshold_just_met,5,0.011627906976744186,0.5476739913543747,0.5142642061057134,0.06377619687540584
pooled,Hard,1,body,surface,opponent_component_higher,184,0.42790697674418604,0.5016302253012696,0.550368817228992,0.048738591927722584
pooled,Hard,1,body,surface,recommendation_available,430,1.0,0.5231342284401664,0.5145882571447516,0.050257138340535516
pooled,Hard,1,body,surface,server_component_higher,246,0.5720930232558139,0.539218523470886,0.4878255617971898,0.05139296167369641
pooled,Hard,1,body,surface,surface_history_used,430,1.0,0.5231342284401664,0.5145882571447516,0.050257138340535516
pooled,Hard,1,T,surface,evidence_above_threshold,250,0.984251968503937,0.5363049297355551,0.5157811542591609,0.057790167652975864
pooled,Hard,1,T,surface,evidence_threshold_just_met,4,0.015748031496062992,0.5282145818526416,0.5226232499360567,0.07464918119831472
pooled,Hard,1,T,surface,opponent_component_higher,80,0.31496062992125984,0.5042501648252526,0.564205348833205,0.05995518400795232
pooled,Hard,1,T,surface,recommendation_available,254,1.0,0.5361775226822808,0.5158889037973798,0.058055663929280424
pooled,Hard,1,T,surface,server_component_higher,174,0.6850393700787402,0.5508567676740179,0.49367444630964424,0.057182321364373796
pooled,Hard,1,T,surface,surface_history_used,254,1.0,0.5361775226822808,0.5158889037973798,0.058055663929280424
pooled,Hard,1,wide,global,evidence_above_threshold,55,0.9821428571428571,0.5259772620915968,0.5345112983950016,0.05216284142088687
pooled,Hard,1,wide,global,evidence_threshold_just_met,1,0.017857142857142856,0.4861111111111111,0.48672566371681414,0.0006145526057030337
pooled,Hard,1,wide,global,global_fallback_used,56,1.0,0.5252653665383739,0.533657983490034,0.05124233626347287
pooled,Hard,1,wide,global,opponent_component_higher,29,0.5178571428571429,0.5121553377962056,0.5697339133142652,0.057578575518059505
pooled,Hard,1,wide,global,recommendation_available,56,1.0,0.5252653665383739,0.533657983490034,0.05124233626347287
pooled,Hard,1,wide,global,server_component_higher,27,0.48214285714285715,0.5393465085207026,0.49490976256771163,0.04443674595299094
pooled,Hard,1,body,global,evidence_above_threshold,24,0.96,0.532632393115857,0.5509414443447576,0.05516448505754579
pooled,Hard,1,body,global,evidence_threshold_just_met,1,0.04,0.4911242603550296,0.4642857142857143,0.026838546069315294
pooled,Hard,1,body,global,global_fallback_used,25,1.0,0.5309720678054239,0.5474752151423958,0.05403144749801658
pooled,Hard,1,body,global,opponent_component_higher,12,0.48,0.5216645674596592,0.5951381037461054,0.0734735362864463
pooled,Hard,1,body,global,recommendation_available,25,1.0,0.5309720678054239,0.5474752151423958,0.05403144749801658
pooled,Hard,1,body,global,server_component_higher,13,0.52,0.5395636065861299,0.5034787025851254,0.03608490400100451
pooled,Hard,1,T,global,evidence_above_threshold,20,0.9090909090909091,0.5335165359738923,0.5106752383169597,0.04216830177012343
pooled,Hard,1,T,global,evidence_threshold_just_met,2,0.09090909090909091,0.5230580867889687,0.53,0.1034029143751756
pooled,Hard,1,T,global,global_fallback_used,22,1.0,0.5325657678661719,0.5124320348335997,0.04773508473421908
pooled,Hard,1,T,global,opponent_component_higher,8,0.36363636363636365,0.5068129664041054,0.5447648249938697,0.037951858589764284
pooled,Hard,1,T,global,recommendation_available,22,1.0,0.5325657678661719,0.5124320348335997,0.04773508473421908
pooled,Hard,1,T,global,server_component_higher,14,0.6363636363636364,0.5472816544159241,0.49395615474201676,0.05332549967390753
pooled,Hard,2,wide,surface,evidence_above_threshold,435,0.9931506849315068,0.5024962925411851,0.5005992448070193,0.04684895399005302
pooled,Hard,2,wide,surface,evidence_threshold_just_met,3,0.00684931506849315,0.5599868596192014,0.5297596153846155,0.05170584345637582
pooled,Hard,2,wide,surface,narrow_score_margin,167,0.3812785388127854,0.5109813338993392,0.49983305896052954,0.0454778601079191
pooled,Hard,2,wide,surface,opponent_component_higher,221,0.5045662100456622,0.47905830156225737,0.5234440821481766,0.04438578058591937
pooled,Hard,2,wide,surface,recommendation_available,438,1.0,0.5028900635485688,0.5007989733726194,0.04688222035626072
pooled,Hard,2,wide,surface,server_component_higher,217,0.4954337899543379,0.5271611206867016,0.477736443237144,0.049424677449557655
pooled,Hard,2,wide,surface,surface_history_used,438,1.0,0.5028900635485688,0.5007989733726194,0.04688222035626072
pooled,Hard,2,body,surface,evidence_above_threshold,562,0.9946902654867257,0.5116206544119594,0.5036717579268646,0.04082411276043872
pooled,Hard,2,body,surface,evidence_threshold_just_met,3,0.005309734513274336,0.49264486201973473,0.5055267717998951,0.03565319612388723
pooled,Hard,2,body,surface,narrow_score_margin,169,0.2991150442477876,0.5168676652032054,0.5068389888967071,0.04318142482516494
pooled,Hard,2,body,surface,opponent_component_higher,240,0.4247787610619469,0.49506056453752806,0.5338553080051436,0.03879474346761556
pooled,Hard,2,body,surface,recommendation_available,565,1.0,0.5115198979921777,0.5036816075580489,0.04079665656590836
pooled,Hard,2,body,surface,server_component_higher,325,0.5752212389380531,0.5236744826971498,0.4813994903048097,0.04227499239233998
pooled,Hard,2,body,surface,surface_history_used,565,1.0,0.5115198979921777,0.5036816075580489,0.04079665656590836
pooled,Hard,2,T,surface,balanced_components,1,0.002036659877800407,0.5,0.5,0.0
pooled,Hard,2,T,surface,evidence_above_threshold,485,0.9877800407331976,0.5160492926962902,0.5014476951261794,0.050129264603365184
pooled,Hard,2,T,surface,evidence_threshold_just_met,6,0.012219959266802444,0.5269989808040215,0.5001097271467914,0.06341388009332674
pooled,Hard,2,T,surface,narrow_score_margin,143,0.29124236252545826,0.5222661758514471,0.49844791785169357,0.053523603812134515
pooled,Hard,2,T,surface,opponent_component_higher,180,0.3665987780040733,0.4833224763610619,0.5317948826659089,0.048472406304847025
pooled,Hard,2,T,surface,recommendation_available,491,1.0,0.5161830974389509,0.501431345211971,0.05029160206352766
pooled,Hard,2,T,surface,server_component_higher,310,0.6313645621181263,0.5353156616049476,0.48380552135230365,0.051510140252643916
pooled,Hard,2,T,surface,surface_history_used,491,1.0,0.5161830974389509,0.501431345211971,0.05029160206352766
pooled,Hard,2,wide,global,evidence_above_threshold,33,0.9428571428571428,0.503009340841177,0.5003789851834954,0.05752428983290731
pooled,Hard,2,wide,global,evidence_threshold_just_met,2,0.05714285714285714,0.46706349206349207,0.5164970164970164,0.04943352443352442
pooled,Hard,2,wide,global,global_fallback_used,35,1.0,0.5009552923395951,0.501300015544268,0.057061960381514
pooled,Hard,2,wide,global,narrow_score_margin,9,0.2571428571428571,0.5028347893666476,0.4962591660454199,0.03526207717134891
pooled,Hard,2,wide,global,opponent_component_higher,18,0.5142857142857142,0.4658250299662372,0.5216370834528079,0.055812053486570624
pooled,Hard,2,wide,global,recommendation_available,35,1.0,0.5009552923395951,0.501300015544268,0.057061960381514
pooled,Hard,2,wide,global,server_component_higher,17,0.4857142857142857,0.5381520407349152,0.4797666495234611,0.058385391211454044
pooled,Hard,2,body,global,evidence_above_threshold,39,0.975,0.48723236008841864,0.5109267681218653,0.04462632489809415
pooled,Hard,2,body,global,evidence_threshold_just_met,1,0.025,0.4117647058823529,0.5521739130434783,0.14040920716112537
pooled,Hard,2,body,global,global_fallback_used,40,1.0,0.485345668733267,0.5119579467449056,0.04702089695466993
pooled,Hard,2,body,global,narrow_score_margin,11,0.275,0.5118621589595147,0.5390614139083112,0.05309777728396472
pooled,Hard,2,body,global,opponent_component_higher,27,0.675,0.475605700991035,0.5301487935586708,0.05454309256763589
pooled,Hard,2,body,global,recommendation_available,40,1.0,0.485345668733267,0.5119579467449056,0.04702089695466993
pooled,Hard,2,body,global,server_component_higher,13,0.325,0.5055748325055953,0.4741769572086239,0.03139787529697142
pooled,Hard,2,T,global,evidence_above_threshold,26,0.9285714285714286,0.5131396210181919,0.514903733037463,0.06544756168134314
pooled,Hard,2,T,global,evidence_threshold_just_met,2,0.07142857142857142,0.4857342657342657,0.4415658657829329,0.06730013151719863
pooled,Hard,2,T,global,global_fallback_used,28,1.0,0.5111820956407686,0.5096653139478537,0.06557988809818996
pooled,Hard,2,T,global,narrow_score_margin,8,0.2857142857142857,0.5144216234594111,0.5422999995563562,0.06741754048646499
pooled,Hard,2,T,global,opponent_component_higher,13,0.4642857142857143,0.48701258581226836,0.5560036234794876,0.06899103766721933
pooled,Hard,2,T,global,recommendation_available,28,1.0,0.5111820956407686,0.5096653139478537,0.06557988809818996
pooled,Hard,2,T,global,server_component_higher,15,0.5357142857142857,0.5321290041588022,0.46950544568710423,0.06262355847169786
pooled,Hard,3,wide,surface,evidence_above_threshold,239,0.9715447154471545,0.48904154639477526,0.4826411945555839,0.050656344926860226
pooled,Hard,3,wide,surface,evidence_threshold_just_met,7,0.028455284552845527,0.4554000661597882,0.48406947481180695,0.07375610046556558
pooled,Hard,3,wide,surface,narrow_score_margin,20,0.08130081300813008,0.5121471346242892,0.4916267120577299,0.044727081162299634
pooled,Hard,3,wide,surface,opponent_component_higher,102,0.4146341463414634,0.45363519252343776,0.508998726404692,0.0553635338812546
pooled,Hard,3,wide,surface,recommendation_available,246,1.0,0.48808426850190983,0.48268183667669584,0.051313655043815264
pooled,Hard,3,wide,surface,server_component_higher,144,0.5853658536585366,0.5124856973199942,0.4640407064526985,0.048444990867295715
pooled,Hard,3,wide,surface,surface_history_used,246,1.0,0.48808426850190983,0.48268183667669584,0.051313655043815264
pooled,Hard,3,body,surface,evidence_above_threshold,493,0.9879759519038076,0.498086011412774,0.4826199451677657,0.045873564560353984
pooled,Hard,3,body,surface,evidence_threshold_just_met,6,0.012024048096192385,0.44069910931979894,0.49747453104885775,0.09344648013924761
pooled,Hard,3,body,surface,narrow_score_margin,36,0.07214428857715431,0.5190558582287913,0.4839802583615263,0.043106931910354813
pooled,Hard,3,body,surface,opponent_component_higher,190,0.3807615230460922,0.47464378310217764,0.51646543594606,0.04182165284388221
pooled,Hard,3,body,surface,recommendation_available,499,1.0,0.4973959885419166,0.48279855742284894,0.0464455835853507
pooled,Hard,3,body,surface,server_component_higher,309,0.6192384769539078,0.5113860177767074,0.4620972405315542,0.049288777245153334
pooled,Hard,3,body,surface,surface_history_used,499,1.0,0.4973959885419166,0.48279855742284894,0.0464455835853507
pooled,Hard,3,T,surface,evidence_above_threshold,747,0.9973297730307076,0.4837956291922004,0.47924503334049856,0.04758741054677801
pooled,Hard,3,T,surface,evidence_threshold_just_met,2,0.0026702269692923898,0.4701825951825952,0.4443644975241635,0.05349617179668284
pooled,Hard,3,T,surface,narrow_score_margin,31,0.04138851802403204,0.5056835436059257,0.48647764602325294,0.0430017247297033
pooled,Hard,3,T,surface,opponent_component_higher,370,0.4939919893190921,0.4629078270976908,0.5064265524024184,0.043518725304727605
pooled,Hard,3,T,surface,recommendation_available,749,1.0,0.4837592793016541,0.47915189439305844,0.04760318828042262
pooled,Hard,3,T,surface,server_component_higher,379,0.5060080106809078,0.5041155782870536,0.45252491955542473,0.05159065873162884
pooled,Hard,3,T,surface,surface_history_used,749,1.0,0.4837592793016541,0.47915189439305844,0.04760318828042262
pooled,Hard,3,wide,global,evidence_above_threshold,12,1.0,0.5074650268566699,0.47414604402252714,0.08563256760541081
pooled,Hard,3,wide,global,global_fallback_used,12,1.0,0.5074650268566699,0.47414604402252714,0.08563256760541081
pooled,Hard,3,wide,global,opponent_component_higher,4,0.3333333333333333,0.46016804405123424,0.5386384212081362,0.0784703771569019
pooled,Hard,3,wide,global,recommendation_available,12,1.0,0.5074650268566699,0.47414604402252714,0.08563256760541081
pooled,Hard,3,wide,global,server_component_higher,8,0.6666666666666666,0.5311135182593879,0.44189985542972265,0.08921366282966527
pooled,Hard,3,body,global,evidence_above_threshold,37,0.9736842105263158,0.47447643921369154,0.4791432949127257,0.07022693221699398
pooled,Hard,3,body,global,evidence_threshold_just_met,1,0.02631578947368421,0.5232067510548524,0.4423076923076923,0.08089905874716008
pooled,Hard,3,body,global,global_fallback_used,38,1.0,0.47575881584109053,0.47817393694943544,0.07050777765199837
pooled,Hard,3,body,global,opponent_component_higher,19,0.5,0.4357168180397217,0.5086397168000648,0.07292289876034326
pooled,Hard,3,body,global,recommendation_available,38,1.0,0.47575881584109053,0.47817393694943544,0.07050777765199837
pooled,Hard,3,body,global,server_component_higher,19,0.5,0.5158008136424592,0.4477081570988059,0.06809265654365344
pooled,Hard,3,T,global,balanced_components,1,0.018867924528301886,0.42857142857142855,0.42857142857142855,0.0
pooled,Hard,3,T,global,evidence_above_threshold,49,0.9245283018867925,0.4531143174616055,0.48360646710881056,0.06323429239841717
pooled,Hard,3,T,global,evidence_threshold_just_met,4,0.07547169811320754,0.45566238484494614,0.43399935501366926,0.04627490197739556
pooled,Hard,3,T,global,global_fallback_used,53,1.0,0.45330662443393305,0.479862534120498,0.06195433840437782
pooled,Hard,3,T,global,narrow_score_margin,2,0.03773584905660377,0.4995644599303136,0.48142308379489007,0.018141376135423493
pooled,Hard,3,T,global,opponent_component_higher,35,0.660377358490566,0.43104901006733065,0.49806391219332996,0.06701490212599952
pooled,Hard,3,T,global,recommendation_available,53,1.0,0.45330662443393305,0.479862534120498,0.06195433840437782
pooled,Hard,3,T,global,server_component_higher,17,0.32075471698113206,0.5005861361217915,0.4454062325322597,0.055179903589531794
pooled,Clay,1,wide,surface,evidence_above_threshold,140,0.9859154929577465,0.5409048488558834,0.5143828035640187,0.05205223154925417
pooled,Clay,1,wide,surface,evidence_threshold_just_met,2,0.014084507042253521,0.5561697423250276,0.5307293594964828,0.027931042853451493
pooled,Clay,1,wide,surface,opponent_component_higher,42,0.29577464788732394,0.5081936975253518,0.5508033093834985,0.04260961185814686
pooled,Clay,1,wide,surface,recommendation_available,142,1.0,0.5411198473554488,0.514613036746166,0.051712496497200604
pooled,Clay,1,wide,surface,server_component_higher,100,0.704225352112676,0.5549488302840896,0.4994131222384864,0.055535708045603184
pooled,Clay,1,wide,surface,surface_history_used,142,1.0,0.5411198473554488,0.514613036746166,0.051712496497200604
pooled,Clay,1,body,surface,evidence_above_threshold,67,0.9710144927536232,0.5374415152494535,0.5222356006166002,0.05212494435140864
pooled,Clay,1,body,surface,evidence_threshold_just_met,2,0.028985507246376812,0.581889400921659,0.4812039312039312,0.1006854697177278
pooled,Clay,1,body,surface,opponent_component_higher,24,0.34782608695652173,0.5213282606906555,0.5728610730061393,0.051532812315483734
pooled,Clay,1,body,surface,recommendation_available,69,1.0,0.5387298597616912,0.5210462768655084,0.05353249581130194
pooled,Clay,1,body,surface,server_component_higher,45,0.6521739130434783,0.5480107125995769,0.4934117189238386,0.05459899367573832
pooled,Clay,1,body,surface,surface_history_used,69,1.0,0.5387298597616912,0.5210462768655084,0.05353249581130194
pooled,Clay,1,T,surface,balanced_components,1,0.010309278350515464,0.5,0.5,0.0
pooled,Clay,1,T,surface,evidence_above_threshold,96,0.9896907216494846,0.5387159454005516,0.5010739553897311,0.05533948765678554
pooled,Clay,1,T,surface,evidence_threshold_just_met,1,0.010309278350515464,0.5,0.43820224719101125,0.06179775280898875
pooled,Clay,1,T,surface,opponent_component_higher,24,0.24742268041237114,0.5166612911390086,0.5520562864309387,0.03539499529193016
pooled,Clay,1,T,surface,recommendation_available,97,1.0,0.538316811942814,0.5004257934495381,0.055406067709901044
pooled,Clay,1,T,surface,server_component_higher,72,0.7422680412371134,0.5460674968210658,0.4832215429203149,0.06284595390075107
pooled,Clay,1,T,surface,surface_history_used,97,1.0,0.538316811942814,0.5004257934495381,0.055406067709901044
pooled,Clay,1,wide,global,balanced_components,1,0.0125,0.5384615384615384,0.5384615384615384,0.0
pooled,Clay,1,wide,global,evidence_above_threshold,79,0.9875,0.5332466164934117,0.5395339067563163,0.04219234954853969
pooled,Clay,1,wide,global,evidence_threshold_just_met,1,0.0125,0.532051282051282,0.5686274509803921,0.03657616892911009
pooled,Clay,1,wide,global,global_fallback_used,80,1.0,0.5332316748128851,0.539897576059117,0.04212214729079682
pooled,Clay,1,wide,global,opponent_component_higher,46,0.575,0.5175046588353757,0.5599290488675747,0.04242439003219899
pooled,Clay,1,wide,global,recommendation_available,80,1.0,0.5332316748128851,0.539897576059117,0.04212214729079682
pooled,Clay,1,wide,global,server_component_higher,33,0.4125,0.5549957012164238,0.512018433283618,0.042977267932805825
pooled,Clay,1,body,global,evidence_above_threshold,59,0.9672131147540983,0.5194442296068085,0.5392282890675848,0.05215809340795058
pooled,Clay,1,body,global,evidence_threshold_just_met,2,0.03278688524590164,0.5722960151802656,0.4627370774371069,0.1095589377431587
pooled,Clay,1,body,global,global_fallback_used,61,1.0,0.5211770750354465,0.5367203804895363,0.05404008830418692
pooled,Clay,1,body,global,opponent_component_higher,41,0.6721311475409836,0.5076659690563117,0.5594292253886883,0.05176325633237663
pooled,Clay,1,body,global,recommendation_available,61,1.0,0.5211770750354465,0.5367203804895363,0.05404008830418692
pooled,Clay,1,body,global,server_component_higher,20,0.32786885245901637,0.5488748422926726,0.4901672484462746,0.058707593846398044
pooled,Clay,1,T,global,evidence_above_threshold,27,0.9310344827586207,0.5344975843422638,0.5322032453116194,0.05582179161297926
pooled,Clay,1,T,global,evidence_threshold_just_met,2,0.06896551724137931,0.5503706199460916,0.4734781583633885,0.07689246158270313
pooled,Clay,1,T,global,global_fallback_used,29,1.0,0.5355922764528726,0.5281532393151898,0.057274941266063674
pooled,Clay,1,T,global,opponent_component_higher,14,0.4827586206896552,0.5173389815436981,0.5689547393909498,0.051615757847251684
pooled,Clay,1,T,global,recommendation_available,29,1.0,0.5355922764528726,0.5281532393151898,0.057274941266063674
pooled,Clay,1,T,global,server_component_higher,15,0.5172413793103449,0.5526286850347686,0.49007183924448056,0.06255684579028818
pooled,Clay,2,wide,surface,evidence_above_threshold,101,0.9901960784313726,0.5032587940687422,0.50436283908913,0.045482705716786274
pooled,Clay,2,wide,surface,evidence_threshold_just_met,1,0.00980392156862745,0.49029126213592233,0.46,0.030291262135922314
pooled,Clay,2,wide,surface,narrow_score_margin,39,0.38235294117647056,0.5126848064908823,0.4999147272698193,0.051096451943731754
pooled,Clay,2,wide,surface,opponent_component_higher,52,0.5098039215686274,0.47754239597601217,0.5227852981342292,0.04524290215821715
pooled,Clay,2,wide,surface,recommendation_available,102,1.0,0.5031316614027341,0.5039279092941386,0.04533376999540527
pooled,Clay,2,wide,surface,server_component_higher,50,0.49019607843137253,0.529744497446525,0.48431622490044396,0.04542827254608092
pooled,Clay,2,wide,surface,surface_history_used,102,1.0,0.5031316614027341,0.5039279092941386,0.04533376999540527
pooled,Clay,2,body,surface,evidence_above_threshold,131,0.9924242424242424,0.5210981340206639,0.4897784564069346,0.05617174760610892
pooled,Clay,2,body,surface,evidence_threshold_just_met,1,0.007575757575757576,0.5587996755879967,0.4642857142857143,0.0945139613022824
pooled,Clay,2,body,surface,narrow_score_margin,36,0.2727272727272727,0.5357426802607883,0.4883184568895857,0.061825115559386225
pooled,Clay,2,body,surface,opponent_component_higher,30,0.22727272727272727,0.4766691243030173,0.5309294771197126,0.05426035281669542
pooled,Clay,2,body,surface,recommendation_available,132,1.0,0.5213837517598103,0.48958532957268286,0.056462218921989014
pooled,Clay,2,body,surface,server_component_higher,102,0.7727272727272727,0.5345351127765143,0.47742528617649765,0.05710982660001655
pooled,Clay,2,body,surface,surface_history_used,132,1.0,0.5213837517598103,0.48958532957268286,0.056462218921989014
pooled,Clay,2,T,surface,balanced_components,1,0.013513513513513514,0.4818181818181818,0.4818181818181818,0.0
pooled,Clay,2,T,surface,evidence_above_threshold,72,0.972972972972973,0.5231548026777548,0.4859925527399158,0.06053976625807348
pooled,Clay,2,T,surface,evidence_threshold_just_met,2,0.02702702702702703,0.4584717607973422,0.49415204678362573,0.07960793456509493
pooled,Clay,2,T,surface,narrow_score_margin,16,0.21621621621621623,0.5335117453095165,0.4988376914807189,0.055110685154961786
pooled,Clay,2,T,surface,opponent_component_higher,22,0.2972972972972973,0.4874180152062156,0.5309125064825709,0.04349449127635546
pooled,Clay,2,T,surface,recommendation_available,74,1.0,0.5214066123566627,0.4862130796059621,0.06105512215826325
pooled,Clay,2,T,surface,server_component_higher,51,0.6891891891891891,0.5368446038831002,0.46701714836091074,0.06982745552218941
pooled,Clay,2,T,surface,surface_history_used,74,1.0,0.5214066123566627,0.4862130796059621,0.06105512215826325
pooled,Clay,2,wide,global,evidence_above_threshold,48,0.96,0.5051728058164239,0.5130912303907896,0.04489221147307824
pooled,Clay,2,wide,global,evidence_threshold_just_met,2,0.04,0.4722222222222222,0.48725641702489186,0.0484264990928068
pooled,Clay,2,wide,global,global_fallback_used,50,1.0,0.5038547824726559,0.5120578378561538,0.04503358297786739
pooled,Clay,2,wide,global,narrow_score_margin,15,0.3,0.5149488858673625,0.5204039249002727,0.043765007237795854
pooled,Clay,2,wide,global,opponent_component_higher,24,0.48,0.48008662111649686,0.535541452742919,0.055454831626422174
pooled,Clay,2,wide,global,recommendation_available,50,1.0,0.5038547824726559,0.5120578378561538,0.04503358297786739
pooled,Clay,2,wide,global,server_component_higher,26,0.52,0.5257946237244948,0.49038065488375504,0.035413968840739884
pooled,Clay,2,body,global,evidence_above_threshold,57,0.9827586206896551,0.5138988359610926,0.5035247226098414,0.03730761916179078
pooled,Clay,2,body,global,evidence_threshold_just_met,1,0.017241379310344827,0.45161290322580644,0.4774859287054409,0.025873025479634437
pooled,Clay,2,body,global,global_fallback_used,58,1.0,0.512824940569105,0.5030757778873517,0.037110470994857044
pooled,Clay,2,body,global,narrow_score_margin,10,0.1724137931034483,0.5184699537137868,0.532221811277598,0.037890395509770275
pooled,Clay,2,body,global,opponent_component_higher,15,0.25862068965517243,0.4986861387496494,0.5515846681549832,0.05289852940533371
pooled,Clay,2,body,global,recommendation_available,58,1.0,0.512824940569105,0.5030757778873517,0.037110470994857044
pooled,Clay,2,body,global,server_component_higher,43,0.7413793103448276,0.5177570807386825,0.4861540719800383,0.03160300875864425
pooled,Clay,2,T,global,evidence_above_threshold,61,0.9838709677419355,0.5053918837152341,0.5144342765504443,0.048554307766209025
pooled,Clay,2,T,global,evidence_threshold_just_met,1,0.016129032258064516,0.5473251028806584,0.4482758620689655,0.09904924081169286
pooled,Clay,2,T,global,global_fallback_used,62,1.0,0.5060682259598377,0.5133672053491302,0.04936874217016844
pooled,Clay,2,T,global,narrow_score_margin,19,0.3064516129032258,0.511168049053044,0.5268732206884706,0.05012091246343092
pooled,Clay,2,T,global,opponent_component_higher,31,0.5,0.48157036353269467,0.5382380850921555,0.05666772155946088
pooled,Clay,2,T,global,recommendation_available,62,1.0,0.5060682259598377,0.5133672053491302,0.04936874217016844
pooled,Clay,2,T,global,server_component_higher,31,0.5,0.5305660883869808,0.48849632560610484,0.04206976278087599
pooled,Clay,3,wide,surface,evidence_above_threshold,63,0.984375,0.47997630921261825,0.48987937511864665,0.04756269708730384
pooled,Clay,3,wide,surface,evidence_threshold_just_met,1,0.015625,0.3673469387755102,0.4852941176470588,0.1179471788715486
pooled,Clay,3,wide,surface,narrow_score_margin,2,0.03125,0.5238607546299854,0.4978677828872381,0.025992971742747256
pooled,Clay,3,wide,surface,opponent_component_higher,40,0.625,0.45285669745498874,0.5010596652840266,0.04820296782903777
pooled,Clay,3,wide,surface,recommendation_available,64,1.0,0.47821647529953853,0.48980773047065307,0.04866245461518266
pooled,Clay,3,wide,surface,server_component_higher,24,0.375,0.5204827717071215,0.47105450578169733,0.04942826592542415
pooled,Clay,3,wide,surface,surface_history_used,64,1.0,0.47821647529953853,0.48980773047065307,0.04866245461518266
pooled,Clay,3,body,surface,evidence_above_threshold,106,0.9906542056074766,0.4869937511529402,0.468153451399139,0.052259135943201834
pooled,Clay,3,body,surface,evidence_threshold_just_met,1,0.009345794392523364,0.49019607843137253,0.4642857142857143,0.025910364145658227
pooled,Clay,3,body,surface,narrow_score_margin,5,0.04672897196261682,0.5229607818150882,0.4605239759684241,0.06243680584666402
pooled,Clay,3,body,surface,opponent_component_higher,36,0.3364485981308411,0.4477561391613455,0.4969560924401851,0.049199953278839734
pooled,Clay,3,body,surface,recommendation_available,107,1.0,0.4870236794452621,0.4681173043233125,0.05201288573948647
pooled,Clay,3,body,surface,server_component_higher,71,0.6635514018691588,0.5069339815610507,0.45349482020771525,0.05343916135333552
pooled,Clay,3,body,surface,surface_history_used,107,1.0,0.4870236794452621,0.4681173043233125,0.05201288573948647
pooled,Clay,3,T,surface,evidence_above_threshold,135,0.9854014598540146,0.4692793821395135,0.4870538854269091,0.06014701864558937
pooled,Clay,3,T,surface,evidence_threshold_just_met,2,0.014598540145985401,0.5311807695245856,0.42428571428571427,0.10689505523887133
pooled,Clay,3,T,surface,narrow_score_margin,4,0.029197080291970802,0.5094186356144128,0.4875661926400296,0.0647943443069857
pooled,Clay,3,T,surface,opponent_component_higher,80,0.583941605839416,0.43952598071827065,0.5052722648492267,0.06574628413095598
pooled,Clay,3,T,surface,recommendation_available,137,1.0,0.47018305202834654,0.48613756176061407,0.06082947173454238
pooled,Clay,3,T,surface,server_component_higher,57,0.41605839416058393,0.5132105205337163,0.45928183812747375,0.05392868240624259
pooled,Clay,3,T,surface,surface_history_used,137,1.0,0.47018305202834654,0.48613756176061407,0.06082947173454238
pooled,Clay,3,wide,global,evidence_above_threshold,38,0.95,0.4880200952434385,0.47912952467426967,0.052124738036675305
pooled,Clay,3,wide,global,evidence_threshold_just_met,2,0.05,0.45682610434881993,0.4455281952883488,0.10960972633951782
pooled,Clay,3,wide,global,global_fallback_used,40,1.0,0.4864603956987076,0.47744945820497353,0.05499898745181744
pooled,Clay,3,wide,global,narrow_score_margin,2,0.05,0.44288150042625746,0.5357142857142857,0.09283278528802824
pooled,Clay,3,wide,global,opponent_component_higher,16,0.4,0.4553831515752137,0.5128682140228179,0.05748506244760423
pooled,Clay,3,wide,global,recommendation_available,40,1.0,0.4864603956987076,0.47744945820497353,0.05499898745181744
pooled,Clay,3,wide,global,server_component_higher,24,0.6,0.5071785584477035,0.45383695432641064,0.053341604121292914
pooled,Clay,3,body,global,evidence_above_threshold,49,0.9607843137254902,0.48874375430787803,0.4999420887611659,0.05936243585467667
pooled,Clay,3,body,global,evidence_threshold_just_met,2,0.0392156862745098,0.4385672746497489,0.4790451576851884,0.04047788303543953
pooled,Clay,3,body,global,global_fallback_used,51,1.0,0.4867760492232455,0.49912260126799035,0.05862186515588306
pooled,Clay,3,body,global,narrow_score_margin,4,0.0784313725490196,0.5008290153788133,0.4780624312270088,0.03870730799867986
pooled,Clay,3,body,global,opponent_component_higher,26,0.5098039215686274,0.45620374536704567,0.5258073853138154,0.06960363994676964
pooled,Clay,3,body,global,recommendation_available,51,1.0,0.4867760492232455,0.49912260126799035,0.05862186515588306
pooled,Clay,3,body,global,server_component_higher,25,0.49019607843137253,0.5185712452336932,0.4713704258603324,0.04720081937336098
pooled,Clay,3,T,global,evidence_above_threshold,78,0.9873417721518988,0.4665865880228379,0.48648894892395944,0.05378200086505533
pooled,Clay,3,T,global,evidence_threshold_just_met,1,0.012658227848101266,0.4444444444444444,0.4580505023079012,0.013606057863456755
pooled,Clay,3,T,global,global_fallback_used,79,1.0,0.4663063077243772,0.4861289685870473,0.05327344462452876
pooled,Clay,3,T,global,narrow_score_margin,2,0.02531645569620253,0.4916741005055011,0.5478395061728395,0.06185091573881343
pooled,Clay,3,T,global,opponent_component_higher,47,0.5949367088607594,0.43956776768187145,0.5009996010168576,0.061431833334986106
pooled,Clay,3,T,global,recommendation_available,79,1.0,0.4663063077243772,0.4861289685870473,0.05327344462452876
pooled,Clay,3,T,global,server_component_higher,32,0.4050632911392405,0.505578538411808,0.4642877272057635,0.04129081120604453
pooled,Grass,1,wide,surface,evidence_above_threshold,20,0.8333333333333334,0.574216513600769,0.5384610953790012,0.06235524541785418
pooled,Grass,1,wide,surface,evidence_threshold_just_met,4,0.16666666666666666,0.5801515862074542,0.5707530189109137,0.019272761374788172
pooled,Grass,1,wide,surface,opponent_component_higher,8,0.3333333333333333,0.5708348349650969,0.6065531674797668,0.035718332514669944
pooled,Grass,1,wide,surface,recommendation_available,24,1.0,0.5752056923685499,0.54384308263432,0.0551748314106765
pooled,Grass,1,wide,surface,server_component_higher,16,0.6666666666666666,0.5773911210702765,0.5124880402115967,0.06490308085867978
pooled,Grass,1,wide,surface,surface_history_used,24,1.0,0.5752056923685499,0.54384308263432,0.0551748314106765
pooled,Grass,1,body,surface,evidence_above_threshold,9,0.9,0.5313371002090987,0.5709635849235258,0.08537188202886757
pooled,Grass,1,body,surface,evidence_threshold_just_met,1,0.1,0.5588235294117647,0.5352941176470588,0.02352941176470591
pooled,Grass,1,body,surface,opponent_component_higher,5,0.5,0.5170323029826893,0.6295308330516546,0.11249853006896518
pooled,Grass,1,body,surface,recommendation_available,10,1.0,0.5340857431293653,0.567396638195879,0.07918763500245139
pooled,Grass,1,body,surface,server_component_higher,5,0.5,0.5511391832760412,0.5052624433401036,0.04587673993593764
pooled,Grass,1,body,surface,surface_history_used,10,1.0,0.5340857431293653,0.567396638195879,0.07918763500245139
pooled,Grass,1,T,surface,evidence_above_threshold,8,1.0,0.5827815196340287,0.5136259342186987,0.07507492380889517
pooled,Grass,1,T,surface,opponent_component_higher,1,0.125,0.5257731958762887,0.5494505494505495,0.023677353574260818
pooled,Grass,1,T,surface,recommendation_available,8,1.0,0.5827815196340287,0.5136259342186987,0.07507492380889517
pooled,Grass,1,T,surface,server_component_higher,7,0.875,0.5909255658851345,0.50850813204272,0.08241743384241437
pooled,Grass,1,T,surface,surface_history_used,8,1.0,0.5827815196340287,0.5136259342186987,0.07507492380889517
pooled,Grass,1,wide,global,evidence_above_threshold,91,0.9891304347826086,0.5308487563170068,0.5356337969627923,0.03864416023417195
pooled,Grass,1,wide,global,evidence_threshold_just_met,1,0.010869565217391304,0.4875,0.4920977011494253,0.004597701149425315
pooled,Grass,1,wide,global,global_fallback_used,92,1.0,0.5303775741831263,0.5351605785300384,0.038274090026729046
pooled,Grass,1,wide,global,opponent_component_higher,44,0.4782608695652174,0.5167567641639678,0.5617709991909563,0.045014235026988376
pooled,Grass,1,wide,global,recommendation_available,92,1.0,0.5303775741831263,0.5351605785300384,0.038274090026729046
pooled,Grass,1,wide,global,server_component_higher,48,0.5217391304347826,0.5428633167006883,0.5107676929241968,0.03209562377649134
pooled,Grass,1,body,global,evidence_above_threshold,60,0.9836065573770492,0.5141386896420198,0.5267088436028761,0.04755468357698058
pooled,Grass,1,body,global,evidence_threshold_just_met,1,0.01639344262295082,0.5,0.47810858143607704,0.02189141856392296
pooled,Grass,1,body,global,global_fallback_used,61,1.0,0.5139069078446097,0.5259121179935842,0.04713397431447143
pooled,Grass,1,body,global,opponent_component_higher,31,0.5081967213114754,0.500755751398157,0.5589410780476762,0.058185326649519455
pooled,Grass,1,body,global,recommendation_available,61,1.0,0.5139069078446097,0.5259121179935842,0.04713397431447143
pooled,Grass,1,body,global,server_component_higher,30,0.4918032786885246,0.5274964361726109,0.4917821926043556,0.03571424356825516
pooled,Grass,1,T,global,evidence_above_threshold,24,0.96,0.5335295825169547,0.5466665111266215,0.04416550966088592
pooled,Grass,1,T,global,evidence_threshold_just_met,1,0.04,0.5,0.5033112582781457,0.0033112582781457123
pooled,Grass,1,T,global,global_fallback_used,25,1.0,0.5321883992162765,0.5449323010126825,0.042531339605576306
pooled,Grass,1,T,global,opponent_component_higher,15,0.6,0.5137862867430261,0.5598489879113447,0.046062701168318614
pooled,Grass,1,T,global,recommendation_available,25,1.0,0.5321883992162765,0.5449323010126825,0.042531339605576306
pooled,Grass,1,T,global,server_component_higher,10,0.4,0.5597915679261518,0.5225572706646889,0.03723429726146286
pooled,Grass,2,wide,surface,evidence_above_threshold,17,0.9444444444444444,0.5445454523939275,0.5127511243546596,0.05331208161378642
pooled,Grass,2,wide,surface,evidence_threshold_just_met,1,0.05555555555555555,0.6181818181818182,0.46825396825396826,0.1499278499278499
pooled,Grass,2,wide,surface,narrow_score_margin,8,0.4444444444444444,0.5651073684630599,0.5062522987319825,0.0822136264335704
pooled,Grass,2,wide,surface,opponent_component_higher,7,0.3888888888888889,0.5277911225440476,0.5539198233131056,0.02612870076905813
pooled,Grass,2,wide,surface,recommendation_available,18,1.0,0.5486363616043659,0.5102790601268434,0.05867962429790105
pooled,Grass,2,wide,surface,server_component_higher,11,0.6111111111111112,0.5619015137336595,0.48250766537194933,0.07939384836171018
pooled,Grass,2,wide,surface,surface_history_used,18,1.0,0.5486363616043659,0.5102790601268434,0.05867962429790105
pooled,Grass,2,body,surface,evidence_above_threshold,13,0.8666666666666667,0.527147538947861,0.49515890668089074,0.04325103745862927
pooled,Grass,2,body,surface,evidence_threshold_just_met,2,0.13333333333333333,0.49248092174173275,0.4957932692307692,0.0033123474890364435
pooled,Grass,2,body,surface,narrow_score_margin,2,0.13333333333333333,0.5214630429260858,0.5096106596106595,0.04616323375530895
pooled,Grass,2,body,surface,opponent_component_higher,5,0.3333333333333333,0.490690801930932,0.5066568676757033,0.015966065744771264
pooled,Grass,2,body,surface,recommendation_available,15,1.0,0.5225253233203774,0.49524348835420795,0.037925878796016894
pooled,Grass,2,body,surface,server_component_higher,10,0.6666666666666666,0.5384425840150999,0.4895367986934603,0.048905785321639715
pooled,Grass,2,body,surface,surface_history_used,15,1.0,0.5225253233203774,0.49524348835420795,0.037925878796016894
pooled,Grass,2,T,surface,evidence_above_threshold,7,0.7777777777777778,0.5446003178426343,0.5027461417752711,0.05851613126965129
pooled,Grass,2,T,surface,evidence_threshold_just_met,2,0.2222222222222222,0.5349002849002849,0.5422547635850388,0.14196986330013853
pooled,Grass,2,T,surface,narrow_score_margin,3,0.3333333333333333,0.4999760679918756,0.5144975345510104,0.02435642891287069
pooled,Grass,2,T,surface,opponent_component_higher,2,0.2222222222222222,0.4858753661570563,0.5896959587535067,0.10382059259645043
pooled,Grass,2,T,surface,recommendation_available,9,1.0,0.5424447549665569,0.5115258355107751,0.07706140505420402
pooled,Grass,2,T,surface,server_component_higher,7,0.7777777777777778,0.5586074374835568,0.4891915145842804,0.06941592289927646
pooled,Grass,2,T,surface,surface_history_used,9,1.0,0.5424447549665569,0.5115258355107751,0.07706140505420402
pooled,Grass,2,wide,global,evidence_above_threshold,56,1.0,0.4997120096045559,0.5100217435381068,0.04800849648822011
pooled,Grass,2,wide,global,global_fallback_used,56,1.0,0.4997120096045559,0.5100217435381068,0.04800849648822011
pooled,Grass,2,wide,global,narrow_score_margin,16,0.2857142857142857,0.4916792963950982,0.5143061559212119,0.053546847776667295
pooled,Grass,2,wide,global,opponent_component_higher,28,0.5,0.47291121517030277,0.5312294455920737,0.05831823042177099
pooled,Grass,2,wide,global,recommendation_available,56,1.0,0.4997120096045559,0.5100217435381068,0.04800849648822011
pooled,Grass,2,wide,global,server_component_higher,28,0.5,0.5265128040388093,0.48881404148414004,0.03769876255466923
pooled,Grass,2,body,global,evidence_above_threshold,53,0.9814814814814815,0.5107293540081461,0.5175813922761303,0.036417918992687114
pooled,Grass,2,body,global,evidence_threshold_just_met,1,0.018518518518518517,0.5,0.4475439660400243,0.05245603395997572
pooled,Grass,2,body,global,global_fallback_used,54,1.0,0.5105306622672545,0.5162844029013876,0.03671492112171098
pooled,Grass,2,body,global,narrow_score_margin,14,0.25925925925925924,0.5190344420550302,0.5115680506052976,0.03753621783713211
pooled,Grass,2,body,global,opponent_component_higher,32,0.5925925925925926,0.49880090940228083,0.5346338427587742,0.03583293335649353
pooled,Grass,2,body,global,recommendation_available,54,1.0,0.5105306622672545,0.5162844029013876,0.03671492112171098
pooled,Grass,2,body,global,server_component_higher,22,0.4074074074074074,0.5275921209799432,0.48959430856337066,0.03799781241657272
pooled,Grass,2,T,global,evidence_above_threshold,68,1.0,0.5094827979830816,0.5066510039102153,0.037441125993332006
pooled,Grass,2,T,global,global_fallback_used,68,1.0,0.5094827979830816,0.5066510039102153,0.037441125993332006
pooled,Grass,2,T,global,narrow_score_margin,14,0.20588235294117646,0.5113244765099928,0.5158767634854204,0.036930141124854
pooled,Grass,2,T,global,opponent_component_higher,31,0.45588235294117646,0.4957622818501575,0.533720903956475,0.037958622106317404
pooled,Grass,2,T,global,recommendation_available,68,1.0,0.5094827979830816,0.5066510039102153,0.037441125993332006
pooled,Grass,2,T,global,server_component_higher,37,0.5441176470588235,0.5209783655539099,0.4839708173849711,0.037007548168938836
pooled,Grass,3,body,surface,evidence_above_threshold,15,0.8823529411764706,0.5031887803649077,0.4968821993756548,0.05792255748609952
pooled,Grass,3,body,surface,evidence_threshold_just_met,2,0.11764705882352941,0.5051849356094639,0.5116239316239316,0.04046576589029416
pooled,Grass,3,body,surface,narrow_score_margin,1,0.058823529411764705,0.5576923076923077,0.5859375,0.02824519230769229
pooled,Grass,3,body,surface,opponent_component_higher,9,0.5294117647058824,0.4672396675050179,0.5154646214640304,0.04822495395901258
pooled,Grass,3,body,surface,recommendation_available,17,1.0,0.5034236221583848,0.49861652081662866,0.055868817298357715
pooled,Grass,3,body,surface,server_component_higher,8,0.47058823529411764,0.5441305711434228,0.4796624075883017,0.06446816355512097
pooled,Grass,3,body,surface,surface_history_used,17,1.0,0.5034236221583848,0.49861652081662866,0.055868817298357715
pooled,Grass,3,T,surface,evidence_above_threshold,22,0.88,0.4835834750926138,0.4858526039665047,0.05133779045077546
pooled,Grass,3,T,surface,evidence_threshold_just_met,3,0.12,0.4699788384477162,0.4905512428448208,0.047535405646189334
pooled,Grass,3,T,surface,narrow_score_margin,1,0.04,0.5633802816901409,0.5229357798165137,0.04044450187362714
pooled,Grass,3,T,surface,opponent_component_higher,16,0.64,0.4564813010808375,0.4997211653081044,0.043239864227266916
pooled,Grass,3,T,surface,recommendation_available,25,1.0,0.48195091869522616,0.48641644063190265,0.05088150427422512
pooled,Grass,3,T,surface,server_component_higher,9,0.36,0.5272302388985837,0.46276359676309947,0.06446664213548416
pooled,Grass,3,T,surface,surface_history_used,25,1.0,0.48195091869522616,0.48641644063190265,0.05088150427422512
pooled,Grass,3,wide,global,evidence_above_threshold,30,1.0,0.47962283566347735,0.5024255454812641,0.058019235260331876
pooled,Grass,3,wide,global,global_fallback_used,30,1.0,0.47962283566347735,0.5024255454812641,0.058019235260331876
pooled,Grass,3,wide,global,narrow_score_margin,2,0.06666666666666667,0.5283951876019576,0.48501828631138977,0.045638250224583676
pooled,Grass,3,wide,global,opponent_component_higher,20,0.6666666666666666,0.45979376616771567,0.5204102249763046,0.06061645880858888
pooled,Grass,3,wide,global,recommendation_available,30,1.0,0.47962283566347735,0.5024255454812641,0.058019235260331876
pooled,Grass,3,wide,global,server_component_higher,10,0.3333333333333333,0.5192809746550007,0.4664561864911828,0.05282478816381784
pooled,Grass,3,body,global,evidence_above_threshold,63,1.0,0.48742518596620676,0.49227551941930825,0.04540694196619088
pooled,Grass,3,body,global,global_fallback_used,63,1.0,0.48742518596620676,0.49227551941930825,0.04540694196619088
pooled,Grass,3,body,global,narrow_score_margin,3,0.047619047619047616,0.5109182771778906,0.5161758711573636,0.02521788506271211
pooled,Grass,3,body,global,opponent_component_higher,29,0.4603174603174603,0.4617473941323208,0.5163371932946554,0.05458979916233473
pooled,Grass,3,body,global,recommendation_available,63,1.0,0.48742518596620676,0.49227551941930825,0.04540694196619088
pooled,Grass,3,body,global,server_component_higher,34,0.5396825396825397,0.5093268319421684,0.471752326996218,0.037574504945950556
pooled,Grass,3,T,global,evidence_above_threshold,83,0.9764705882352941,0.47033065291301457,0.48886414129493716,0.04816084147732741
pooled,Grass,3,T,global,evidence_threshold_just_met,2,0.023529411764705882,0.48224171226263274,0.43403241182078167,0.07396643177572212
pooled,Grass,3,T,global,global_fallback_used,85,1.0,0.47061091313300557,0.4875739829543688,0.04876803183728962
pooled,Grass,3,T,global,narrow_score_margin,3,0.03529411764705882,0.48764596132051824,0.4825155918662751,0.01155582080120258
pooled,Grass,3,T,global,opponent_component_higher,49,0.5764705882352941,0.4480584028640154,0.5050700726699897,0.057011669805974365
pooled,Grass,3,T,global,recommendation_available,85,1.0,0.47061091313300557,0.4875739829543688,0.04876803183728962
pooled,Grass,3,T,global,server_component_higher,36,0.4235294117647059,0.5013073854435758,0.4637598608414403,0.03754752460213543
