scope,direction,metric,threshold,stratum_type,stratum,eligible_rows,total_rows,coverage_rate,complete_matches,total_matches,complete_match_rate,covered_players
server_global,wide,direction_points,0,overall,Overall,15048,15048,1.0,7524,7524,1.0,1002
server_global,wide,direction_points,0,surface,Hard,9646,9646,1.0,4823,4823,1.0,753
server_global,wide,direction_points,0,surface,Clay,3744,3744,1.0,1872,1872,1.0,587
server_global,wide,direction_points,0,surface,Grass,1658,1658,1.0,829,829,1.0,359
server_global,wide,direction_points,0,derived_period,to_2009,3912,3912,1.0,1956,1956,1.0,357
server_global,wide,direction_points,0,derived_period,2010s,4464,4464,1.0,2232,2232,1.0,412
server_global,wide,direction_points,0,derived_period,2020s,6672,6672,1.0,3336,3336,1.0,470
server_global,wide,direction_points,10,overall,Overall,13711,15048,0.9111509835194046,6374,7524,0.8471557682083998,544
server_global,wide,direction_points,10,surface,Hard,8921,9646,0.9248393116317645,4203,4823,0.8714493054115695,470
server_global,wide,direction_points,10,surface,Clay,3284,3744,0.8771367521367521,1482,1872,0.7916666666666666,373
server_global,wide,direction_points,10,surface,Grass,1506,1658,0.9083232810615199,689,829,0.8311218335343787,275
server_global,wide,direction_points,10,derived_period,to_2009,3482,3912,0.8900817995910021,1551,1956,0.7929447852760736,176
server_global,wide,direction_points,10,derived_period,2010s,3960,4464,0.8870967741935484,1822,2232,0.8163082437275986,234
server_global,wide,direction_points,10,derived_period,2020s,6269,6672,0.9395983213429256,3001,3336,0.8995803357314148,307
server_global,wide,direction_points,25,overall,Overall,13047,15048,0.8670255183413078,5836,7524,0.7756512493354598,424
server_global,wide,direction_points,25,surface,Hard,8532,9646,0.8845117147003939,3880,4823,0.8044785403275969,376
server_global,wide,direction_points,25,surface,Clay,3073,3744,0.8207799145299145,1321,1872,0.7056623931623932,311
server_global,wide,direction_points,25,surface,Grass,1442,1658,0.8697225572979493,635,829,0.7659831121833535,247
server_global,wide,direction_points,25,derived_period,to_2009,3323,3912,0.8494376278118609,1408,1956,0.7198364008179959,144
server_global,wide,direction_points,25,derived_period,2010s,3713,4464,0.8317652329749103,1625,2232,0.7280465949820788,181
server_global,wide,direction_points,25,derived_period,2020s,6011,6672,0.9009292565947242,2803,3336,0.8402278177458034,252
server_global,wide,direction_points,50,overall,Overall,12198,15048,0.8106060606060606,5181,7524,0.6885964912280702,328
server_global,wide,direction_points,50,surface,Hard,8049,9646,0.8344391457599005,3489,4823,0.7234086668048932,308
server_global,wide,direction_points,50,surface,Clay,2802,3744,0.7483974358974359,1131,1872,0.6041666666666666,252
server_global,wide,direction_points,50,surface,Grass,1347,1658,0.8124246079613993,561,829,0.6767189384800965,212
server_global,wide,direction_points,50,derived_period,to_2009,3100,3912,0.7924335378323109,1226,1956,0.6267893660531697,111
server_global,wide,direction_points,50,derived_period,2010s,3375,4464,0.7560483870967742,1380,2232,0.6182795698924731,144
server_global,wide,direction_points,50,derived_period,2020s,5723,6672,0.857763788968825,2575,3336,0.7718824940047961,206
server_global,wide,direction_points,100,overall,Overall,10987,15048,0.730130249867092,4242,7524,0.5637958532695375,247
server_global,wide,direction_points,100,surface,Hard,7266,9646,0.7532656023222061,2861,4823,0.5931992535766121,235
server_global,wide,direction_points,100,surface,Clay,2494,3744,0.6661324786324786,914,1872,0.48824786324786323,202
server_global,wide,direction_points,100,surface,Grass,1227,1658,0.7400482509047045,467,829,0.5633293124246079,166
server_global,wide,direction_points,100,derived_period,to_2009,2760,3912,0.7055214723926381,959,1956,0.49028629856850714,78
server_global,wide,direction_points,100,derived_period,2010s,2968,4464,0.6648745519713262,1086,2232,0.48655913978494625,95
server_global,wide,direction_points,100,derived_period,2020s,5259,6672,0.7882194244604317,2197,3336,0.6585731414868106,165
server_global,wide,direction_points,250,overall,Overall,8597,15048,0.5713051568314726,2609,7524,0.34675704412546515,145
server_global,wide,direction_points,250,surface,Hard,5717,9646,0.5926809040016587,1784,4823,0.3698942566867095,140
server_global,wide,direction_points,250,surface,Clay,1898,3744,0.5069444444444444,541,1872,0.28899572649572647,132
server_global,wide,direction_points,250,surface,Grass,982,1658,0.5922798552472859,284,829,0.3425814234016888,110
server_global,wide,direction_points,250,derived_period,to_2009,2186,3912,0.5587934560327198,568,1956,0.2903885480572597,45
server_global,wide,direction_points,250,derived_period,2010s,2298,4464,0.5147849462365591,672,2232,0.3010752688172043,54
server_global,wide,direction_points,250,derived_period,2020s,4113,6672,0.6164568345323741,1369,3336,0.4103717026378897,97
server_global,wide,direction_matches,0,overall,Overall,15048,15048,1.0,7524,7524,1.0,1002
server_global,wide,direction_matches,0,surface,Hard,9646,9646,1.0,4823,4823,1.0,753
server_global,wide,direction_matches,0,surface,Clay,3744,3744,1.0,1872,1872,1.0,587
server_global,wide,direction_matches,0,surface,Grass,1658,1658,1.0,829,829,1.0,359
server_global,wide,direction_matches,0,derived_period,to_2009,3912,3912,1.0,1956,1956,1.0,357
server_global,wide,direction_matches,0,derived_period,2010s,4464,4464,1.0,2232,2232,1.0,412
server_global,wide,direction_matches,0,derived_period,2020s,6672,6672,1.0,3336,3336,1.0,470
server_global,wide,direction_matches,1,overall,Overall,14042,15048,0.9331472620946305,6637,7524,0.8821105794790005,604
server_global,wide,direction_matches,1,surface,Hard,9106,9646,0.9440182459050384,4348,4823,0.9015135807588638,512
server_global,wide,direction_matches,1,surface,Clay,3396,3744,0.907051282051282,1569,1872,0.8381410256410257,407
server_global,wide,direction_matches,1,surface,Grass,1540,1658,0.9288299155609168,720,829,0.8685162846803377,290
server_global,wide,direction_matches,1,derived_period,to_2009,3555,3912,0.9087423312883436,1617,1956,0.8266871165644172,193
server_global,wide,direction_matches,1,derived_period,2010s,4111,4464,0.9209229390681004,1938,2232,0.8682795698924731,264
server_global,wide,direction_matches,1,derived_period,2020s,6376,6672,0.9556354916067147,3082,3336,0.9238609112709832,337
server_global,wide,direction_matches,3,overall,Overall,12956,15048,0.8609782030834663,5758,7524,0.76528442317916,401
server_global,wide,direction_matches,3,surface,Hard,8487,9646,0.8798465685258138,3833,4823,0.794733568318474,367
server_global,wide,direction_matches,3,surface,Clay,3056,3744,0.8162393162393162,1312,1872,0.7008547008547008,302
server_global,wide,direction_matches,3,surface,Grass,1413,1658,0.8522316043425814,613,829,0.7394451145958987,238
server_global,wide,direction_matches,3,derived_period,to_2009,3210,3912,0.8205521472392638,1317,1956,0.6733128834355828,126
server_global,wide,direction_matches,3,derived_period,2010s,3717,4464,0.8326612903225806,1626,2232,0.728494623655914,181
server_global,wide,direction_matches,3,derived_period,2020s,6029,6672,0.9036270983213429,2815,3336,0.8438249400479616,243
server_global,wide,direction_matches,5,overall,Overall,12191,15048,0.8101408825093036,5172,7524,0.6874003189792663,327
server_global,wide,direction_matches,5,surface,Hard,8043,9646,0.8338171262699564,3475,4823,0.7205059091851544,310
server_global,wide,direction_matches,5,surface,Clay,2819,3744,0.7529380341880342,1147,1872,0.6127136752136753,253
server_global,wide,direction_matches,5,surface,Grass,1329,1658,0.8015681544028951,550,829,0.6634499396863691,206
server_global,wide,direction_matches,5,derived_period,to_2009,2973,3912,0.7599693251533742,1132,1956,0.5787321063394683,102
server_global,wide,direction_matches,5,derived_period,2010s,3439,4464,0.7703853046594982,1424,2232,0.6379928315412187,148
server_global,wide,direction_matches,5,derived_period,2020s,5779,6672,0.8661570743405276,2616,3336,0.7841726618705036,212
server_global,wide,direction_matches,10,overall,Overall,10736,15048,0.7134502923976608,4050,7524,0.5382775119617225,236
server_global,wide,direction_matches,10,surface,Hard,7100,9646,0.736056396433755,2726,4823,0.5652083765291313,224
server_global,wide,direction_matches,10,surface,Clay,2445,3744,0.6530448717948718,887,1872,0.4738247863247863,190
server_global,wide,direction_matches,10,surface,Grass,1191,1658,0.718335343787696,437,829,0.5271411338962606,159
server_global,wide,direction_matches,10,derived_period,to_2009,2540,3912,0.6492842535787321,806,1956,0.4120654396728016,64
server_global,wide,direction_matches,10,derived_period,2010s,2954,4464,0.6617383512544803,1070,2232,0.47939068100358423,96
server_global,wide,direction_matches,10,derived_period,2020s,5242,6672,0.7856714628297362,2174,3336,0.6516786570743405,164
server_global,wide,direction_matches,20,overall,Overall,8829,15048,0.5867224880382775,2778,7524,0.36921850079744817,154
server_global,wide,direction_matches,20,surface,Hard,5880,9646,0.6095791001451378,1900,4823,0.3939456769645449,149
server_global,wide,direction_matches,20,surface,Clay,1969,3744,0.5259081196581197,593,1872,0.31677350427350426,141
server_global,wide,direction_matches,20,surface,Grass,980,1658,0.5910735826296744,285,829,0.34378769601930037,113
server_global,wide,direction_matches,20,derived_period,to_2009,2042,3912,0.5219836400817995,503,1956,0.25715746421267893,41
server_global,wide,direction_matches,20,derived_period,2010s,2371,4464,0.5311379928315412,706,2232,0.3163082437275986,57
server_global,wide,direction_matches,20,derived_period,2020s,4416,6672,0.6618705035971223,1569,3336,0.47032374100719426,109
server_global,body,direction_points,0,overall,Overall,15048,15048,1.0,7524,7524,1.0,1002
server_global,body,direction_points,0,surface,Hard,9646,9646,1.0,4823,4823,1.0,753
server_global,body,direction_points,0,surface,Clay,3744,3744,1.0,1872,1872,1.0,587
server_global,body,direction_points,0,surface,Grass,1658,1658,1.0,829,829,1.0,359
server_global,body,direction_points,0,derived_period,to_2009,3912,3912,1.0,1956,1956,1.0,357
server_global,body,direction_points,0,derived_period,2010s,4464,4464,1.0,2232,2232,1.0,412
server_global,body,direction_points,0,derived_period,2020s,6672,6672,1.0,3336,3336,1.0,470
server_global,body,direction_points,10,overall,Overall,13727,15048,0.9122142477405635,6382,7524,0.8482190324295588,540
server_global,body,direction_points,10,surface,Hard,8928,9646,0.9255650010366991,4200,4823,0.8708272859216255,472
server_global,body,direction_points,10,surface,Clay,3294,3744,0.8798076923076923,1491,1872,0.7964743589743589,371
server_global,body,direction_points,10,surface,Grass,1505,1658,0.9077201447527141,691,829,0.8335343787696019,273
server_global,body,direction_points,10,derived_period,to_2009,3466,3912,0.8859918200408998,1538,1956,0.7862985685071575,173
server_global,body,direction_points,10,derived_period,2010s,3983,4464,0.8922491039426523,1835,2232,0.8221326164874552,229
server_global,body,direction_points,10,derived_period,2020s,6278,6672,0.940947242206235,3009,3336,0.9019784172661871,312
server_global,body,direction_points,25,overall,Overall,13060,15048,0.8678894205209995,5846,7524,0.7769803296119085,426
server_global,body,direction_points,25,surface,Hard,8544,9646,0.885755753680282,3879,4823,0.8042712004976156,389
server_global,body,direction_points,25,surface,Clay,3082,3744,0.8231837606837606,1334,1872,0.7126068376068376,308
server_global,body,direction_points,25,surface,Grass,1434,1658,0.864897466827503,633,829,0.7635705669481303,247
server_global,body,direction_points,25,derived_period,to_2009,3271,3912,0.8361451942740287,1372,1956,0.7014314928425358,135
server_global,body,direction_points,25,derived_period,2010s,3713,4464,0.8317652329749103,1621,2232,0.7262544802867383,183
server_global,body,direction_points,25,derived_period,2020s,6076,6672,0.9106714628297362,2853,3336,0.8552158273381295,260
server_global,body,direction_points,50,overall,Overall,12168,15048,0.8086124401913876,5143,7524,0.6835459861775651,333
server_global,body,direction_points,50,surface,Hard,8017,9646,0.8311217084801991,3447,4823,0.714700393945677,316
server_global,body,direction_points,50,surface,Clay,2816,3744,0.7521367521367521,1143,1872,0.6105769230769231,256
server_global,body,direction_points,50,surface,Grass,1335,1658,0.8051869722557298,553,829,0.6670687575392038,207
server_global,body,direction_points,50,derived_period,to_2009,2988,3912,0.7638036809815951,1146,1956,0.5858895705521472,99
server_global,body,direction_points,50,derived_period,2010s,3405,4464,0.7627688172043011,1383,2232,0.6196236559139785,140
server_global,body,direction_points,50,derived_period,2020s,5775,6672,0.8655575539568345,2614,3336,0.7835731414868106,219
server_global,body,direction_points,100,overall,Overall,10860,15048,0.7216905901116427,4145,7524,0.5509037745879851,245
server_global,body,direction_points,100,surface,Hard,7206,9646,0.7470454074227659,2808,4823,0.5822102425876011,235
server_global,body,direction_points,100,surface,Clay,2437,3744,0.6509081196581197,881,1872,0.4706196581196581,201
server_global,body,direction_points,100,surface,Grass,1217,1658,0.7340168878166465,456,829,0.5500603136308806,170
server_global,body,direction_points,100,derived_period,to_2009,2633,3912,0.6730572597137015,869,1956,0.4442740286298569,71
server_global,body,direction_points,100,derived_period,2010s,2999,4464,0.6718189964157706,1101,2232,0.4932795698924731,100
server_global,body,direction_points,100,derived_period,2020s,5228,6672,0.7835731414868106,2175,3336,0.6519784172661871,165
server_global,body,direction_points,250,overall,Overall,8425,15048,0.5598750664540139,2484,7524,0.33014354066985646,133
server_global,body,direction_points,250,surface,Hard,5643,9646,0.5850093302923491,1720,4823,0.3566245075679038,129
server_global,body,direction_points,250,surface,Clay,1824,3744,0.48717948717948717,495,1872,0.2644230769230769,121
server_global,body,direction_points,250,surface,Grass,958,1658,0.5778045838359469,269,829,0.32448733413751507,105
server_global,body,direction_points,250,derived_period,to_2009,2045,3912,0.5227505112474438,493,1956,0.25204498977505113,37
server_global,body,direction_points,250,derived_period,2010s,2245,4464,0.5029121863799283,636,2232,0.2849462365591398,53
server_global,body,direction_points,250,derived_period,2020s,4135,6672,0.6197541966426858,1355,3336,0.40617505995203834,94
server_global,body,direction_matches,0,overall,Overall,15048,15048,1.0,7524,7524,1.0,1002
server_global,body,direction_matches,0,surface,Hard,9646,9646,1.0,4823,4823,1.0,753
server_global,body,direction_matches,0,surface,Clay,3744,3744,1.0,1872,1872,1.0,587
server_global,body,direction_matches,0,surface,Grass,1658,1658,1.0,829,829,1.0,359
server_global,body,direction_matches,0,derived_period,to_2009,3912,3912,1.0,1956,1956,1.0,357
server_global,body,direction_matches,0,derived_period,2010s,4464,4464,1.0,2232,2232,1.0,412
server_global,body,direction_matches,0,derived_period,2020s,6672,6672,1.0,3336,3336,1.0,470
server_global,body,direction_matches,1,overall,Overall,14040,15048,0.9330143540669856,6635,7524,0.8818447634237108,604
server_global,body,direction_matches,1,surface,Hard,9104,9646,0.943810906075057,4346,4823,0.9010989010989011,512
server_global,body,direction_matches,1,surface,Clay,3394,3744,0.906517094017094,1567,1872,0.8370726495726496,406
server_global,body,direction_matches,1,surface,Grass,1542,1658,0.9300361881785284,722,829,0.8709288299155609,290
server_global,body,direction_matches,1,derived_period,to_2009,3553,3912,0.9082310838445807,1615,1956,0.8256646216768916,193
server_global,body,direction_matches,1,derived_period,2010s,4110,4464,0.9206989247311828,1937,2232,0.867831541218638,263
server_global,body,direction_matches,1,derived_period,2020s,6377,6672,0.9557853717026379,3083,3336,0.9241606714628298,338
server_global,body,direction_matches,3,overall,Overall,12955,15048,0.8609117490696439,5758,7524,0.76528442317916,402
server_global,body,direction_matches,3,surface,Hard,8487,9646,0.8798465685258138,3833,4823,0.794733568318474,368
server_global,body,direction_matches,3,surface,Clay,3054,3744,0.8157051282051282,1311,1872,0.7003205128205128,301
server_global,body,direction_matches,3,surface,Grass,1414,1658,0.8528347406513872,614,829,0.7406513872135102,238
server_global,body,direction_matches,3,derived_period,to_2009,3207,3912,0.8197852760736196,1314,1956,0.6717791411042945,126
server_global,body,direction_matches,3,derived_period,2010s,3716,4464,0.8324372759856631,1627,2232,0.7289426523297491,181
server_global,body,direction_matches,3,derived_period,2020s,6032,6672,0.9040767386091128,2817,3336,0.8444244604316546,243
server_global,body,direction_matches,5,overall,Overall,12182,15048,0.8095427963849017,5163,7524,0.6862041467304625,327
server_global,body,direction_matches,5,surface,Hard,8041,9646,0.8336097864399751,3473,4823,0.7200912295251918,312
server_global,body,direction_matches,5,surface,Clay,2813,3744,0.7513354700854701,1141,1872,0.6095085470085471,252
server_global,body,direction_matches,5,surface,Grass,1328,1658,0.8009650180940893,549,829,0.6622436670687576,206
server_global,body,direction_matches,5,derived_period,to_2009,2966,3912,0.7581799591002045,1126,1956,0.5756646216768916,102
server_global,body,direction_matches,5,derived_period,2010s,3437,4464,0.7699372759856631,1421,2232,0.6366487455197133,148
server_global,body,direction_matches,5,derived_period,2020s,5779,6672,0.8661570743405276,2616,3336,0.7841726618705036,212
server_global,body,direction_matches,10,overall,Overall,10715,15048,0.7120547581073897,4036,7524,0.5364167995746943,234
server_global,body,direction_matches,10,surface,Hard,7085,9646,0.7345013477088949,2717,4823,0.5633423180592992,223
server_global,body,direction_matches,10,surface,Clay,2439,3744,0.6514423076923077,882,1872,0.47115384615384615,191
server_global,body,direction_matches,10,surface,Grass,1191,1658,0.718335343787696,437,829,0.5271411338962606,158
server_global,body,direction_matches,10,derived_period,to_2009,2535,3912,0.6480061349693251,802,1956,0.4100204498977505,63
server_global,body,direction_matches,10,derived_period,2010s,2944,4464,0.6594982078853047,1062,2232,0.47580645161290325,95
server_global,body,direction_matches,10,derived_period,2020s,5236,6672,0.7847721822541966,2172,3336,0.6510791366906474,163
server_global,body,direction_matches,20,overall,Overall,8787,15048,0.5839314194577353,2750,7524,0.3654970760233918,151
server_global,body,direction_matches,20,surface,Hard,5854,9646,0.6068836823553805,1879,4823,0.3895915405349368,146
server_global,body,direction_matches,20,surface,Clay,1957,3744,0.5227029914529915,590,1872,0.31517094017094016,139
server_global,body,direction_matches,20,surface,Grass,976,1658,0.5886610373944512,281,829,0.33896260554885405,110
server_global,body,direction_matches,20,derived_period,to_2009,2038,3912,0.5209611451942741,499,1956,0.2551124744376278,40
server_global,body,direction_matches,20,derived_period,2010s,2358,4464,0.5282258064516129,699,2232,0.3131720430107527,56
server_global,body,direction_matches,20,derived_period,2020s,4391,6672,0.6581235011990407,1552,3336,0.46522781774580335,107
server_global,T,direction_points,0,overall,Overall,15048,15048,1.0,7524,7524,1.0,1002
server_global,T,direction_points,0,surface,Hard,9646,9646,1.0,4823,4823,1.0,753
server_global,T,direction_points,0,surface,Clay,3744,3744,1.0,1872,1872,1.0,587
server_global,T,direction_points,0,surface,Grass,1658,1658,1.0,829,829,1.0,359
server_global,T,direction_points,0,derived_period,to_2009,3912,3912,1.0,1956,1956,1.0,357
server_global,T,direction_points,0,derived_period,2010s,4464,4464,1.0,2232,2232,1.0,412
server_global,T,direction_points,0,derived_period,2020s,6672,6672,1.0,3336,3336,1.0,470
server_global,T,direction_points,10,overall,Overall,13557,15048,0.9009170653907496,6259,7524,0.8318713450292398,504
server_global,T,direction_points,10,surface,Hard,8842,9646,0.9166493883475015,4136,4823,0.8575575368028199,439
server_global,T,direction_points,10,surface,Clay,3218,3744,0.8595085470085471,1440,1872,0.7692307692307693,353
server_global,T,direction_points,10,surface,Grass,1497,1658,0.9028950542822678,683,829,0.8238841978287093,272
server_global,T,direction_points,10,derived_period,to_2009,3434,3912,0.8778118609406953,1514,1956,0.7740286298568507,171
server_global,T,direction_points,10,derived_period,2010s,3914,4464,0.8767921146953405,1784,2232,0.7992831541218638,212
server_global,T,direction_points,10,derived_period,2020s,6209,6672,0.93060551558753,2961,3336,0.887589928057554,290
server_global,T,direction_points,25,overall,Overall,12752,15048,0.8474215842636895,5597,7524,0.743886230728336,396
server_global,T,direction_points,25,surface,Hard,8373,9646,0.8680281982168775,3739,4823,0.7752436243002281,357
server_global,T,direction_points,25,surface,Clay,2974,3744,0.7943376068376068,1253,1872,0.6693376068376068,295
server_global,T,direction_points,25,surface,Grass,1405,1658,0.8474065138721351,605,829,0.729794933655006,235
server_global,T,direction_points,25,derived_period,to_2009,3215,3912,0.8218302658486708,1318,1956,0.6738241308793456,131
server_global,T,direction_points,25,derived_period,2010s,3600,4464,0.8064516129032258,1537,2232,0.6886200716845878,167
server_global,T,direction_points,25,derived_period,2020s,5937,6672,0.8898381294964028,2742,3336,0.8219424460431655,242
server_global,T,direction_points,50,overall,Overall,11738,15048,0.7800372142477405,4816,7524,0.6400850611376927,305
server_global,T,direction_points,50,surface,Hard,7771,9646,0.8056189093924943,3258,4823,0.6755131660792039,290
server_global,T,direction_points,50,surface,Clay,2658,3744,0.7099358974358975,1029,1872,0.5496794871794872,231
server_global,T,direction_points,50,surface,Grass,1309,1658,0.7895054282267793,529,829,0.638118214716526,195
server_global,T,direction_points,50,derived_period,to_2009,2915,3912,0.7451431492842536,1083,1956,0.553680981595092,103
server_global,T,direction_points,50,derived_period,2010s,3262,4464,0.7307347670250897,1288,2232,0.5770609318996416,130
server_global,T,direction_points,50,derived_period,2020s,5561,6672,0.8334832134292566,2445,3336,0.7329136690647482,194
server_global,T,direction_points,100,overall,Overall,10291,15048,0.6838782562466773,3743,7524,0.49747474747474746,211
server_global,T,direction_points,100,surface,Hard,6801,9646,0.7050590918515447,2522,4823,0.522911051212938,200
server_global,T,direction_points,100,surface,Clay,2326,3744,0.6212606837606838,801,1872,0.42788461538461536,173
server_global,T,direction_points,100,surface,Grass,1164,1658,0.7020506634499397,420,829,0.5066344993968637,155
server_global,T,direction_points,100,derived_period,to_2009,2533,3912,0.6474948875255624,808,1956,0.4130879345603272,61
server_global,T,direction_points,100,derived_period,2010s,2788,4464,0.6245519713261649,968,2232,0.4336917562724014,86
server_global,T,direction_points,100,derived_period,2020s,4970,6672,0.7449040767386091,1967,3336,0.5896282973621103,145
server_global,T,direction_points,250,overall,Overall,7768,15048,0.5162147793726741,2129,7524,0.2829611908559277,127
server_global,T,direction_points,250,surface,Hard,5195,9646,0.5385652083765291,1460,4823,0.30271615177275557,126
server_global,T,direction_points,250,surface,Clay,1680,3744,0.44871794871794873,435,1872,0.23237179487179488,112
server_global,T,direction_points,250,surface,Grass,893,1658,0.5386007237635706,234,829,0.2822677925211098,95
server_global,T,direction_points,250,derived_period,to_2009,1890,3912,0.4831288343558282,420,1956,0.2147239263803681,35
server_global,T,direction_points,250,derived_period,2010s,2044,4464,0.4578853046594982,538,2232,0.2410394265232975,49
server_global,T,direction_points,250,derived_period,2020s,3834,6672,0.5746402877697842,1171,3336,0.35101918465227816,89
server_global,T,direction_matches,0,overall,Overall,15048,15048,1.0,7524,7524,1.0,1002
server_global,T,direction_matches,0,surface,Hard,9646,9646,1.0,4823,4823,1.0,753
server_global,T,direction_matches,0,surface,Clay,3744,3744,1.0,1872,1872,1.0,587
server_global,T,direction_matches,0,surface,Grass,1658,1658,1.0,829,829,1.0,359
server_global,T,direction_matches,0,derived_period,to_2009,3912,3912,1.0,1956,1956,1.0,357
server_global,T,direction_matches,0,derived_period,2010s,4464,4464,1.0,2232,2232,1.0,412
server_global,T,direction_matches,0,derived_period,2020s,6672,6672,1.0,3336,3336,1.0,470
server_global,T,direction_matches,1,overall,Overall,14025,15048,0.9320175438596491,6626,7524,0.880648591174907,599
server_global,T,direction_matches,1,surface,Hard,9096,9646,0.9429815467551317,4341,4823,0.9000622019489944,507
server_global,T,direction_matches,1,surface,Clay,3388,3744,0.9049145299145299,1564,1872,0.8354700854700855,407
server_global,T,direction_matches,1,surface,Grass,1541,1658,0.9294330518697226,721,829,0.8697225572979493,289
server_global,T,direction_matches,1,derived_period,to_2009,3548,3912,0.9069529652351738,1612,1956,0.8241308793456033,192
server_global,T,direction_matches,1,derived_period,2010s,4107,4464,0.9200268817204301,1936,2232,0.8673835125448028,263
server_global,T,direction_matches,1,derived_period,2020s,6370,6672,0.954736211031175,3078,3336,0.9226618705035972,334
server_global,T,direction_matches,3,overall,Overall,12933,15048,0.8594497607655502,5744,7524,0.7634237107921319,397
server_global,T,direction_matches,3,surface,Hard,8483,9646,0.8794318888658511,3830,4823,0.79411154882853,367
server_global,T,direction_matches,3,surface,Clay,3039,3744,0.811698717948718,1303,1872,0.6960470085470085,297
server_global,T,direction_matches,3,surface,Grass,1411,1658,0.8510253317249699,611,829,0.7370325693606755,237
server_global,T,direction_matches,3,derived_period,to_2009,3200,3912,0.8179959100204499,1311,1956,0.6702453987730062,123
server_global,T,direction_matches,3,derived_period,2010s,3710,4464,0.8310931899641577,1622,2232,0.7267025089605734,181
server_global,T,direction_matches,3,derived_period,2020s,6023,6672,0.9027278177458034,2811,3336,0.8426258992805755,242
server_global,T,direction_matches,5,overall,Overall,12172,15048,0.8088782562466773,5159,7524,0.685672514619883,325
server_global,T,direction_matches,5,surface,Hard,8033,9646,0.8327804271200497,3466,4823,0.7186398507153224,310
server_global,T,direction_matches,5,surface,Clay,2811,3744,0.750801282051282,1144,1872,0.6111111111111112,252
server_global,T,direction_matches,5,surface,Grass,1328,1658,0.8009650180940893,549,829,0.6622436670687576,205
server_global,T,direction_matches,5,derived_period,to_2009,2965,3912,0.7579243353783232,1124,1956,0.5746421267893661,100
server_global,T,direction_matches,5,derived_period,2010s,3434,4464,0.7692652329749103,1423,2232,0.6375448028673835,146
server_global,T,direction_matches,5,derived_period,2020s,5773,6672,0.865257793764988,2612,3336,0.7829736211031175,213
server_global,T,direction_matches,10,overall,Overall,10721,15048,0.7124534821903243,4043,7524,0.5373471557682084,235
server_global,T,direction_matches,10,surface,Hard,7093,9646,0.7353307070288202,2723,4823,0.5645863570391872,223
server_global,T,direction_matches,10,surface,Clay,2437,3744,0.6509081196581197,883,1872,0.4716880341880342,190
server_global,T,direction_matches,10,surface,Grass,1191,1658,0.718335343787696,437,829,0.5271411338962606,159
server_global,T,direction_matches,10,derived_period,to_2009,2531,3912,0.6469836400817995,800,1956,0.40899795501022496,64
server_global,T,direction_matches,10,derived_period,2010s,2952,4464,0.6612903225806451,1070,2232,0.47939068100358423,96
server_global,T,direction_matches,10,derived_period,2020s,5238,6672,0.7850719424460432,2173,3336,0.651378896882494,163
server_global,T,direction_matches,20,overall,Overall,8803,15048,0.5849946836788942,2764,7524,0.36735778841042,154
server_global,T,direction_matches,20,surface,Hard,5865,9646,0.6080240514202778,1888,4823,0.39145759900476884,149
server_global,T,direction_matches,20,surface,Clay,1959,3744,0.5232371794871795,592,1872,0.3162393162393162,141
server_global,T,direction_matches,20,surface,Grass,979,1658,0.5904704463208685,284,829,0.3425814234016888,113
server_global,T,direction_matches,20,derived_period,to_2009,2035,3912,0.5201942740286298,499,1956,0.2551124744376278,41
server_global,T,direction_matches,20,derived_period,2010s,2362,4464,0.5291218637992832,701,2232,0.3140681003584229,57
server_global,T,direction_matches,20,derived_period,2020s,4406,6672,0.6603717026378897,1564,3336,0.46882494004796166,109
server_surface,wide,direction_points,0,overall,Overall,15048,15048,1.0,7524,7524,1.0,1002
server_surface,wide,direction_points,0,surface,Hard,9646,9646,1.0,4823,4823,1.0,753
server_surface,wide,direction_points,0,surface,Clay,3744,3744,1.0,1872,1872,1.0,587
server_surface,wide,direction_points,0,surface,Grass,1658,1658,1.0,829,829,1.0,359
server_surface,wide,direction_points,0,derived_period,to_2009,3912,3912,1.0,1956,1956,1.0,357
server_surface,wide,direction_points,0,derived_period,2010s,4464,4464,1.0,2232,2232,1.0,412
server_surface,wide,direction_points,0,derived_period,2020s,6672,6672,1.0,3336,3336,1.0,470
server_surface,wide,direction_points,10,overall,Overall,12831,15048,0.8526714513556619,5632,7524,0.7485380116959064,492
server_surface,wide,direction_points,10,surface,Hard,8625,9646,0.8941530167945262,3947,4823,0.8183703089363467,413
server_surface,wide,direction_points,10,surface,Clay,3013,3744,0.8047542735042735,1253,1872,0.6693376068376068,309
server_surface,wide,direction_points,10,surface,Grass,1193,1658,0.7195416164053076,432,829,0.5211097708082026,174
server_surface,wide,direction_points,10,derived_period,to_2009,3242,3912,0.8287321063394683,1347,1956,0.6886503067484663,157
server_surface,wide,direction_points,10,derived_period,2010s,3666,4464,0.821236559139785,1576,2232,0.7060931899641577,212
server_surface,wide,direction_points,10,derived_period,2020s,5923,6672,0.8877398081534772,2709,3336,0.8120503597122302,282
server_surface,wide,direction_points,25,overall,Overall,11773,15048,0.7823631047315258,4820,7524,0.6406166932482722,369
server_surface,wide,direction_points,25,surface,Hard,8108,9646,0.84055567074435,3527,4823,0.7312875803441841,310
server_surface,wide,direction_points,25,surface,Clay,2647,3744,0.7069978632478633,979,1872,0.5229700854700855,224
server_surface,wide,direction_points,25,surface,Grass,1018,1658,0.6139927623642943,314,829,0.37876960193003617,121
server_surface,wide,direction_points,25,derived_period,to_2009,2990,3912,0.7643149284253579,1138,1956,0.581799591002045,129
server_surface,wide,direction_points,25,derived_period,2010s,3290,4464,0.7370071684587813,1301,2232,0.5828853046594982,159
server_surface,wide,direction_points,25,derived_period,2020s,5493,6672,0.8232913669064749,2381,3336,0.7137290167865707,221
server_surface,wide,direction_points,50,overall,Overall,10497,15048,0.6975677830940988,3918,7524,0.5207336523125997,280
server_surface,wide,direction_points,50,surface,Hard,7457,9646,0.773066556085424,3013,4823,0.6247149077337757,252
server_surface,wide,direction_points,50,surface,Clay,2233,3744,0.5964209401709402,720,1872,0.38461538461538464,164
server_surface,wide,direction_points,50,surface,Grass,807,1658,0.4867310012062726,185,829,0.22316043425814233,79
server_surface,wide,direction_points,50,derived_period,to_2009,2673,3912,0.683282208588957,901,1956,0.4606339468302659,93
server_surface,wide,direction_points,50,derived_period,2010s,2830,4464,0.6339605734767025,1001,2232,0.4484767025089606,113
server_surface,wide,direction_points,50,derived_period,2020s,4994,6672,0.7485011990407674,2016,3336,0.60431654676259,179
server_surface,wide,direction_points,100,overall,Overall,8778,15048,0.5833333333333334,2815,7524,0.3741360978203083,196
server_surface,wide,direction_points,100,surface,Hard,6496,9646,0.6734397677793904,2302,4823,0.4772962886170433,173
server_surface,wide,direction_points,100,surface,Clay,1712,3744,0.45726495726495725,427,1872,0.2280982905982906,107
server_surface,wide,direction_points,100,surface,Grass,570,1658,0.34378769601930037,86,829,0.1037394451145959,45
server_surface,wide,direction_points,100,derived_period,to_2009,2233,3912,0.5708077709611452,631,1956,0.3225971370143149,60
server_surface,wide,direction_points,100,derived_period,2010s,2348,4464,0.5259856630824373,710,2232,0.31810035842293904,72
server_surface,wide,direction_points,100,derived_period,2020s,4197,6672,0.6290467625899281,1474,3336,0.44184652278177455,132
server_surface,wide,direction_points,250,overall,Overall,5955,15048,0.39573365231259966,1379,7524,0.18328017012227538,107
server_surface,wide,direction_points,250,surface,Hard,4783,9646,0.4958532034003732,1242,4823,0.25751606883682354,102
server_surface,wide,direction_points,250,surface,Clay,903,3744,0.24118589743589744,123,1872,0.06570512820512821,39
server_surface,wide,direction_points,250,surface,Grass,269,1658,0.16224366706875754,14,829,0.016887816646562123,19
server_surface,wide,direction_points,250,derived_period,to_2009,1507,3912,0.3852249488752556,294,1956,0.15030674846625766,33
server_surface,wide,direction_points,250,derived_period,2010s,1628,4464,0.36469534050179214,371,2232,0.16621863799283154,38
server_surface,wide,direction_points,250,derived_period,2020s,2820,6672,0.4226618705035971,714,3336,0.21402877697841727,71
server_surface,wide,direction_matches,0,overall,Overall,15048,15048,1.0,7524,7524,1.0,1002
server_surface,wide,direction_matches,0,surface,Hard,9646,9646,1.0,4823,4823,1.0,753
server_surface,wide,direction_matches,0,surface,Clay,3744,3744,1.0,1872,1872,1.0,587
server_surface,wide,direction_matches,0,surface,Grass,1658,1658,1.0,829,829,1.0,359
server_surface,wide,direction_matches,0,derived_period,to_2009,3912,3912,1.0,1956,1956,1.0,357
server_surface,wide,direction_matches,0,derived_period,2010s,4464,4464,1.0,2232,2232,1.0,412
server_surface,wide,direction_matches,0,derived_period,2020s,6672,6672,1.0,3336,3336,1.0,470
server_surface,wide,direction_matches,1,overall,Overall,13337,15048,0.8862971823498139,6030,7524,0.8014354066985646,549
server_surface,wide,direction_matches,1,surface,Hard,8887,9646,0.9213145345220817,4159,4823,0.8623263528923907,462
server_surface,wide,direction_matches,1,surface,Clay,3155,3744,0.8426816239316239,1362,1872,0.7275641025641025,339
server_surface,wide,direction_matches,1,surface,Grass,1295,1658,0.7810615199034981,509,829,0.6139927623642943,201
server_surface,wide,direction_matches,1,derived_period,to_2009,3342,3912,0.8542944785276073,1429,1956,0.7305725971370143,177
server_surface,wide,direction_matches,1,derived_period,2010s,3878,4464,0.8687275985663082,1741,2232,0.7800179211469535,238
server_surface,wide,direction_matches,1,derived_period,2020s,6117,6672,0.91681654676259,2860,3336,0.8573141486810552,306
server_surface,wide,direction_matches,3,overall,Overall,11569,15048,0.768806485911749,4678,7524,0.6217437533227007,348
server_surface,wide,direction_matches,3,surface,Hard,8056,9646,0.8351648351648352,3477,4823,0.7209205888451171,312
server_surface,wide,direction_matches,3,surface,Clay,2562,3744,0.6842948717948718,929,1872,0.4962606837606838,207
server_surface,wide,direction_matches,3,surface,Grass,951,1658,0.5735826296743064,272,829,0.3281061519903498,105
server_surface,wide,direction_matches,3,derived_period,to_2009,2822,3912,0.7213701431492843,1022,1956,0.5224948875255624,110
server_surface,wide,direction_matches,3,derived_period,2010s,3256,4464,0.7293906810035843,1276,2232,0.5716845878136201,158
server_surface,wide,direction_matches,3,derived_period,2020s,5491,6672,0.8229916067146283,2380,3336,0.7134292565947242,216
server_surface,wide,direction_matches,5,overall,Overall,10397,15048,0.6909223817118554,3849,7524,0.5115629984051037,278
server_surface,wide,direction_matches,5,surface,Hard,7465,9646,0.7738959154053494,3002,4823,0.6224341696039809,250
server_surface,wide,direction_matches,5,surface,Clay,2168,3744,0.5790598290598291,681,1872,0.36378205128205127,152
server_surface,wide,direction_matches,5,surface,Grass,764,1658,0.46079613992762364,166,829,0.20024125452352232,65
server_surface,wide,direction_matches,5,derived_period,to_2009,2480,3912,0.6339468302658486,787,1956,0.4023517382413088,82
server_surface,wide,direction_matches,5,derived_period,2010s,2859,4464,0.6404569892473119,1013,2232,0.4538530465949821,122
server_surface,wide,direction_matches,5,derived_period,2020s,5058,6672,0.7580935251798561,2049,3336,0.6142086330935251,185
server_surface,wide,direction_matches,10,overall,Overall,8445,15048,0.5612041467304625,2652,7524,0.3524720893141946,179
server_surface,wide,direction_matches,10,surface,Hard,6391,9646,0.6625544267053701,2220,4823,0.4602944225585735,167
server_surface,wide,direction_matches,10,surface,Clay,1555,3744,0.4153311965811966,368,1872,0.19658119658119658,92
server_surface,wide,direction_matches,10,surface,Grass,499,1658,0.30096501809408926,64,829,0.07720144752714113,37
server_surface,wide,direction_matches,10,derived_period,to_2009,1948,3912,0.49795501022494887,493,1956,0.25204498977505113,49
server_surface,wide,direction_matches,10,derived_period,2010s,2282,4464,0.5112007168458781,669,2232,0.29973118279569894,71
server_surface,wide,direction_matches,10,derived_period,2020s,4215,6672,0.6317446043165468,1490,3336,0.44664268585131894,123
server_surface,wide,direction_matches,20,overall,Overall,6181,15048,0.41075225943647,1505,7524,0.20002658160552897,112
server_surface,wide,direction_matches,20,surface,Hard,4992,9646,0.5175202156334232,1356,4823,0.28115280945469623,106
server_surface,wide,direction_matches,20,surface,Clay,923,3744,0.2465277777777778,132,1872,0.07051282051282051,39
server_surface,wide,direction_matches,20,surface,Grass,266,1658,0.16043425814234016,17,829,0.020506634499396863,13
server_surface,wide,direction_matches,20,derived_period,to_2009,1361,3912,0.3479038854805726,253,1956,0.12934560327198363,29
server_surface,wide,direction_matches,20,derived_period,2010s,1689,4464,0.37836021505376344,392,2232,0.17562724014336917,44
server_surface,wide,direction_matches,20,derived_period,2020s,3131,6672,0.46927458033573144,860,3336,0.2577937649880096,82
server_surface,body,direction_points,0,overall,Overall,15048,15048,1.0,7524,7524,1.0,1002
server_surface,body,direction_points,0,surface,Hard,9646,9646,1.0,4823,4823,1.0,753
server_surface,body,direction_points,0,surface,Clay,3744,3744,1.0,1872,1872,1.0,587
server_surface,body,direction_points,0,surface,Grass,1658,1658,1.0,829,829,1.0,359
server_surface,body,direction_points,0,derived_period,to_2009,3912,3912,1.0,1956,1956,1.0,357
server_surface,body,direction_points,0,derived_period,2010s,4464,4464,1.0,2232,2232,1.0,412
server_surface,body,direction_points,0,derived_period,2020s,6672,6672,1.0,3336,3336,1.0,470
server_surface,body,direction_points,10,overall,Overall,12795,15048,0.8502791068580542,5600,7524,0.7442849548112705,489
server_surface,body,direction_points,10,surface,Hard,8658,9646,0.8975741239892183,3971,4823,0.8233464648558988,422
server_surface,body,direction_points,10,surface,Clay,2932,3744,0.7831196581196581,1189,1872,0.6351495726495726,283
server_surface,body,direction_points,10,surface,Grass,1205,1658,0.726779252110977,440,829,0.5307599517490953,185
server_surface,body,direction_points,10,derived_period,to_2009,3204,3912,0.8190184049079755,1311,1956,0.6702453987730062,154
server_surface,body,direction_points,10,derived_period,2010s,3674,4464,0.8230286738351255,1583,2232,0.7092293906810035,208
server_surface,body,direction_points,10,derived_period,2020s,5917,6672,0.8868405275779376,2706,3336,0.8111510791366906,284
server_surface,body,direction_points,25,overall,Overall,11700,15048,0.777511961722488,4775,7524,0.6346358320042531,375
server_surface,body,direction_points,25,surface,Hard,8155,9646,0.8454281567489115,3557,4823,0.7375077752436243,328
server_surface,body,direction_points,25,surface,Clay,2526,3744,0.6746794871794872,903,1872,0.4823717948717949,201
server_surface,body,direction_points,25,surface,Grass,1019,1658,0.6145958986731002,315,829,0.37997587454764775,131
server_surface,body,direction_points,25,derived_period,to_2009,2903,3912,0.7420756646216768,1092,1956,0.558282208588957,115
server_surface,body,direction_points,25,derived_period,2010s,3263,4464,0.7309587813620072,1279,2232,0.5730286738351255,161
server_surface,body,direction_points,25,derived_period,2020s,5534,6672,0.8294364508393285,2404,3336,0.7206235011990407,232
server_surface,body,direction_points,50,overall,Overall,10392,15048,0.6905901116427432,3847,7524,0.5112971823498139,285
server_surface,body,direction_points,50,surface,Hard,7497,9646,0.7772133526850508,3027,4823,0.6276176653535144,257
server_surface,body,direction_points,50,surface,Clay,2060,3744,0.5502136752136753,616,1872,0.32905982905982906,146
server_surface,body,direction_points,50,surface,Grass,835,1658,0.5036188178528347,204,829,0.24607961399276237,82
server_surface,body,direction_points,50,derived_period,to_2009,2530,3912,0.6467280163599182,823,1956,0.4207566462167689,86
server_surface,body,direction_points,50,derived_period,2010s,2848,4464,0.6379928315412187,1003,2232,0.44937275985663083,120
server_surface,body,direction_points,50,derived_period,2020s,5014,6672,0.7514988009592326,2021,3336,0.6058153477218226,186
server_surface,body,direction_points,100,overall,Overall,8616,15048,0.5725677830940988,2741,7524,0.36430090377458796,197
server_surface,body,direction_points,100,surface,Hard,6579,9646,0.682044370723616,2341,4823,0.4853825419863156,187
server_surface,body,direction_points,100,surface,Clay,1451,3744,0.3875534188034188,302,1872,0.16132478632478633,83
server_surface,body,direction_points,100,surface,Grass,586,1658,0.353437876960193,98,829,0.11821471652593486,44
server_surface,body,direction_points,100,derived_period,to_2009,2067,3912,0.5283742331288344,552,1956,0.2822085889570552,55
server_surface,body,direction_points,100,derived_period,2010s,2347,4464,0.5257616487455197,710,2232,0.31810035842293904,79
server_surface,body,direction_points,100,derived_period,2020s,4202,6672,0.6297961630695443,1479,3336,0.4433453237410072,133
server_surface,body,direction_points,250,overall,Overall,5813,15048,0.3862971823498139,1339,7524,0.1779638490164806,100
server_surface,body,direction_points,250,surface,Hard,4831,9646,0.5008293593199253,1252,4823,0.25958946713663694,97
server_surface,body,direction_points,250,surface,Clay,703,3744,0.18776709401709402,68,1872,0.03632478632478633,26
server_surface,body,direction_points,250,surface,Grass,279,1658,0.16827503015681544,19,829,0.022919179734620022,15
server_surface,body,direction_points,250,derived_period,to_2009,1338,3912,0.34202453987730064,247,1956,0.12627811860940696,29
server_surface,body,direction_points,250,derived_period,2010s,1593,4464,0.35685483870967744,343,2232,0.15367383512544802,41
server_surface,body,direction_points,250,derived_period,2020s,2882,6672,0.4319544364508393,749,3336,0.22452038369304556,71
server_surface,body,direction_matches,0,overall,Overall,15048,15048,1.0,7524,7524,1.0,1002
server_surface,body,direction_matches,0,surface,Hard,9646,9646,1.0,4823,4823,1.0,753
server_surface,body,direction_matches,0,surface,Clay,3744,3744,1.0,1872,1872,1.0,587
server_surface,body,direction_matches,0,surface,Grass,1658,1658,1.0,829,829,1.0,359
server_surface,body,direction_matches,0,derived_period,to_2009,3912,3912,1.0,1956,1956,1.0,357
server_surface,body,direction_matches,0,derived_period,2010s,4464,4464,1.0,2232,2232,1.0,412
server_surface,body,direction_matches,0,derived_period,2020s,6672,6672,1.0,3336,3336,1.0,470
server_surface,body,direction_matches,1,overall,Overall,13335,15048,0.886164274322169,6030,7524,0.8014354066985646,548
server_surface,body,direction_matches,1,surface,Hard,8891,9646,0.9217292141820443,4164,4823,0.8633630520422974,463
server_surface,body,direction_matches,1,surface,Clay,3147,3744,0.8405448717948718,1355,1872,0.7238247863247863,337
server_surface,body,direction_matches,1,surface,Grass,1297,1658,0.7822677925211098,511,829,0.6164053075995175,201
server_surface,body,direction_matches,1,derived_period,to_2009,3340,3912,0.8537832310838446,1428,1956,0.7300613496932515,177
server_surface,body,direction_matches,1,derived_period,2010s,3878,4464,0.8687275985663082,1741,2232,0.7800179211469535,237
server_surface,body,direction_matches,1,derived_period,2020s,6117,6672,0.91681654676259,2861,3336,0.8576139088729017,306
server_surface,body,direction_matches,3,overall,Overall,11559,15048,0.7681419457735247,4672,7524,0.6209463051568315,348
server_surface,body,direction_matches,3,surface,Hard,8057,9646,0.8352685050798259,3480,4823,0.7215426083350611,311
server_surface,body,direction_matches,3,surface,Clay,2548,3744,0.6805555555555556,918,1872,0.49038461538461536,205
server_surface,body,direction_matches,3,surface,Grass,954,1658,0.5753920386007237,274,829,0.330518697225573,106
server_surface,body,direction_matches,3,derived_period,to_2009,2816,3912,0.7198364008179959,1018,1956,0.5204498977505112,110
server_surface,body,direction_matches,3,derived_period,2010s,3253,4464,0.7287186379928315,1275,2232,0.571236559139785,159
server_surface,body,direction_matches,3,derived_period,2020s,5490,6672,0.822841726618705,2379,3336,0.7131294964028777,215
server_surface,body,direction_matches,5,overall,Overall,10376,15048,0.6895268474215842,3831,7524,0.509170653907496,279
server_surface,body,direction_matches,5,surface,Hard,7459,9646,0.7732738959154053,2996,4823,0.6211901306240929,251
server_surface,body,direction_matches,5,surface,Clay,2153,3744,0.5750534188034188,670,1872,0.3579059829059829,151
server_surface,body,direction_matches,5,surface,Grass,764,1658,0.46079613992762364,165,829,0.19903498190591074,64
server_surface,body,direction_matches,5,derived_period,to_2009,2474,3912,0.6324130879345603,783,1956,0.4003067484662577,80
server_surface,body,direction_matches,5,derived_period,2010s,2844,4464,0.6370967741935484,1001,2232,0.4484767025089606,122
server_surface,body,direction_matches,5,derived_period,2020s,5058,6672,0.7580935251798561,2047,3336,0.6136091127098321,187
server_surface,body,direction_matches,10,overall,Overall,8413,15048,0.5590776182881446,2634,7524,0.35007974481658694,180
server_surface,body,direction_matches,10,surface,Hard,6374,9646,0.6607920381505287,2209,4823,0.45801368442877877,168
server_surface,body,direction_matches,10,surface,Clay,1538,3744,0.4107905982905983,358,1872,0.19123931623931623,92
server_surface,body,direction_matches,10,surface,Grass,501,1658,0.30217129071170085,67,829,0.08082026537997587,37
server_surface,body,direction_matches,10,derived_period,to_2009,1947,3912,0.4976993865030675,492,1956,0.25153374233128833,50
server_surface,body,direction_matches,10,derived_period,2010s,2269,4464,0.5082885304659498,664,2232,0.2974910394265233,70
server_surface,body,direction_matches,10,derived_period,2020s,4197,6672,0.6290467625899281,1478,3336,0.4430455635491607,123
server_surface,body,direction_matches,20,overall,Overall,6153,15048,0.4088915470494418,1495,7524,0.1986975013290803,111
server_surface,body,direction_matches,20,surface,Hard,4983,9646,0.5165871863985072,1354,4823,0.28073812979473356,106
server_surface,body,direction_matches,20,surface,Clay,902,3744,0.24091880341880342,126,1872,0.0673076923076923,37
server_surface,body,direction_matches,20,surface,Grass,268,1658,0.16164053075995174,15,829,0.018094089264173704,13
server_surface,body,direction_matches,20,derived_period,to_2009,1359,3912,0.3473926380368098,252,1956,0.12883435582822086,29
server_surface,body,direction_matches,20,derived_period,2010s,1684,4464,0.3772401433691756,390,2232,0.17473118279569894,44
server_surface,body,direction_matches,20,derived_period,2020s,3110,6672,0.4661270983213429,853,3336,0.25569544364508395,81
server_surface,T,direction_points,0,overall,Overall,15048,15048,1.0,7524,7524,1.0,1002
server_surface,T,direction_points,0,surface,Hard,9646,9646,1.0,4823,4823,1.0,753
server_surface,T,direction_points,0,surface,Clay,3744,3744,1.0,1872,1872,1.0,587
server_surface,T,direction_points,0,surface,Grass,1658,1658,1.0,829,829,1.0,359
server_surface,T,direction_points,0,derived_period,to_2009,3912,3912,1.0,1956,1956,1.0,357
server_surface,T,direction_points,0,derived_period,2010s,4464,4464,1.0,2232,2232,1.0,412
server_surface,T,direction_points,0,derived_period,2020s,6672,6672,1.0,3336,3336,1.0,470
server_surface,T,direction_points,10,overall,Overall,12558,15048,0.8345295055821371,5425,7524,0.7210260499734183,443
server_surface,T,direction_points,10,surface,Hard,8512,9646,0.8824383164005806,3855,4823,0.7992950445780634,383
server_surface,T,direction_points,10,surface,Clay,2868,3744,0.7660256410256411,1149,1872,0.6137820512820513,275
server_surface,T,direction_points,10,surface,Grass,1178,1658,0.7104945717732207,421,829,0.5078407720144753,167
server_surface,T,direction_points,10,derived_period,to_2009,3156,3912,0.8067484662576687,1281,1956,0.6549079754601227,148
server_surface,T,direction_points,10,derived_period,2010s,3581,4464,0.8021953405017921,1514,2232,0.6783154121863799,194
server_surface,T,direction_points,10,derived_period,2020s,5821,6672,0.8724520383693045,2630,3336,0.7883693045563549,258
server_surface,T,direction_points,25,overall,Overall,11291,15048,0.7503322700691122,4472,7524,0.5943646996278575,341
server_surface,T,direction_points,25,surface,Hard,7906,9646,0.8196143479162347,3352,4823,0.6950031100974497,299
server_surface,T,direction_points,25,surface,Clay,2437,3744,0.6509081196581197,846,1872,0.4519230769230769,196
server_surface,T,direction_points,25,surface,Grass,948,1658,0.571773220747889,274,829,0.330518697225573,108
server_surface,T,direction_points,25,derived_period,to_2009,2828,3912,0.7229038854805726,1019,1956,0.5209611451942741,115
server_surface,T,direction_points,25,derived_period,2010s,3116,4464,0.6980286738351255,1186,2232,0.5313620071684588,144
server_surface,T,direction_points,25,derived_period,2020s,5347,6672,0.8014088729016786,2267,3336,0.6795563549160671,210
server_surface,T,direction_points,50,overall,Overall,9844,15048,0.654173312068049,3488,7524,0.4635832004253057,249
server_surface,T,direction_points,50,surface,Hard,7151,9646,0.7413435620982791,2772,4823,0.5747460087082729,229
server_surface,T,direction_points,50,surface,Clay,1947,3744,0.5200320512820513,556,1872,0.297008547008547,128
server_surface,T,direction_points,50,surface,Grass,746,1658,0.4499396863691194,160,829,0.19300361881785283,68
server_surface,T,direction_points,50,derived_period,to_2009,2431,3912,0.6214212678936605,753,1956,0.38496932515337423,74
server_surface,T,direction_points,50,derived_period,2010s,2667,4464,0.5974462365591398,900,2232,0.4032258064516129,101
server_surface,T,direction_points,50,derived_period,2020s,4746,6672,0.7113309352517986,1835,3336,0.5500599520383693,164
server_surface,T,direction_points,100,overall,Overall,8013,15048,0.5324960127591707,2374,7524,0.31552365762892076,162
server_surface,T,direction_points,100,surface,Hard,6100,9646,0.6323864814430852,2019,4823,0.41861911673232427,153
server_surface,T,direction_points,100,surface,Clay,1410,3744,0.3766025641025641,290,1872,0.15491452991452992,76
server_surface,T,direction_points,100,surface,Grass,503,1658,0.3033775633293124,65,829,0.07840772014475271,38
server_surface,T,direction_points,100,derived_period,to_2009,1968,3912,0.5030674846625767,488,1956,0.24948875255623723,50
server_surface,T,direction_points,100,derived_period,2010s,2144,4464,0.48028673835125446,594,2232,0.2661290322580645,65
server_surface,T,direction_points,100,derived_period,2020s,3901,6672,0.5846822541966427,1292,3336,0.3872901678657074,110
server_surface,T,direction_points,250,overall,Overall,5116,15048,0.3399787347155768,1038,7524,0.1379585326953748,85
server_surface,T,direction_points,250,surface,Hard,4227,9646,0.4382127306655609,961,4823,0.1992535766120672,85
server_surface,T,direction_points,250,surface,Clay,675,3744,0.18028846153846154,70,1872,0.03739316239316239,22
server_surface,T,direction_points,250,surface,Grass,214,1658,0.12907117008443908,7,829,0.008443908323281062,10
server_surface,T,direction_points,250,derived_period,to_2009,1178,3912,0.3011247443762781,179,1956,0.09151329243353783,28
server_surface,T,direction_points,250,derived_period,2010s,1418,4464,0.31765232974910396,270,2232,0.12096774193548387,33
server_surface,T,direction_points,250,derived_period,2020s,2520,6672,0.3776978417266187,589,3336,0.17655875299760193,57
server_surface,T,direction_matches,0,overall,Overall,15048,15048,1.0,7524,7524,1.0,1002
server_surface,T,direction_matches,0,surface,Hard,9646,9646,1.0,4823,4823,1.0,753
server_surface,T,direction_matches,0,surface,Clay,3744,3744,1.0,1872,1872,1.0,587
server_surface,T,direction_matches,0,surface,Grass,1658,1658,1.0,829,829,1.0,359
server_surface,T,direction_matches,0,derived_period,to_2009,3912,3912,1.0,1956,1956,1.0,357
server_surface,T,direction_matches,0,derived_period,2010s,4464,4464,1.0,2232,2232,1.0,412
server_surface,T,direction_matches,0,derived_period,2020s,6672,6672,1.0,3336,3336,1.0,470
server_surface,T,direction_matches,1,overall,Overall,13319,15048,0.88510101010101,6019,7524,0.799973418394471,546
server_surface,T,direction_matches,1,surface,Hard,8880,9646,0.920588845117147,4155,4823,0.8614969935724652,459
server_surface,T,direction_matches,1,surface,Clay,3145,3744,0.8400106837606838,1355,1872,0.7238247863247863,338
server_surface,T,direction_matches,1,surface,Grass,1294,1658,0.7804583835946924,509,829,0.6139927623642943,201
server_surface,T,direction_matches,1,derived_period,to_2009,3333,3912,0.8519938650306749,1422,1956,0.7269938650306749,176
server_surface,T,direction_matches,1,derived_period,2010s,3870,4464,0.8669354838709677,1736,2232,0.7777777777777778,237
server_surface,T,direction_matches,1,derived_period,2020s,6116,6672,0.9166666666666666,2861,3336,0.8576139088729017,305
server_surface,T,direction_matches,3,overall,Overall,11547,15048,0.7673444976076556,4666,7524,0.6201488569909622,346
server_surface,T,direction_matches,3,surface,Hard,8056,9646,0.8351648351648352,3477,4823,0.7209205888451171,312
server_surface,T,direction_matches,3,surface,Clay,2541,3744,0.6786858974358975,918,1872,0.49038461538461536,202
server_surface,T,direction_matches,3,surface,Grass,950,1658,0.5729794933655006,271,829,0.32689987937273823,106
server_surface,T,direction_matches,3,derived_period,to_2009,2811,3912,0.718558282208589,1013,1956,0.5178936605316974,108
server_surface,T,direction_matches,3,derived_period,2010s,3248,4464,0.7275985663082437,1273,2232,0.5703405017921147,158
server_surface,T,direction_matches,3,derived_period,2020s,5488,6672,0.8225419664268585,2380,3336,0.7134292565947242,216
server_surface,T,direction_matches,5,overall,Overall,10376,15048,0.6895268474215842,3844,7524,0.5108984582668793,278
server_surface,T,direction_matches,5,surface,Hard,7462,9646,0.7735849056603774,3001,4823,0.6222268297739996,252
server_surface,T,direction_matches,5,surface,Clay,2153,3744,0.5750534188034188,678,1872,0.36217948717948717,151
server_surface,T,direction_matches,5,surface,Grass,761,1658,0.4589867310012063,165,829,0.19903498190591074,64
server_surface,T,direction_matches,5,derived_period,to_2009,2475,3912,0.6326687116564417,786,1956,0.401840490797546,81
server_surface,T,direction_matches,5,derived_period,2010s,2852,4464,0.6388888888888888,1010,2232,0.4525089605734767,123
server_surface,T,direction_matches,5,derived_period,2020s,5049,6672,0.7567446043165468,2048,3336,0.6139088729016786,186
server_surface,T,direction_matches,10,overall,Overall,8430,15048,0.560207336523126,2645,7524,0.3515417331206805,180
server_surface,T,direction_matches,10,surface,Hard,6389,9646,0.6623470868753888,2218,4823,0.45987974289861083,168
server_surface,T,direction_matches,10,surface,Clay,1540,3744,0.4113247863247863,360,1872,0.19230769230769232,92
server_surface,T,direction_matches,10,surface,Grass,501,1658,0.30217129071170085,67,829,0.08082026537997587,37
server_surface,T,direction_matches,10,derived_period,to_2009,1942,3912,0.49642126789366053,492,1956,0.25153374233128833,50
server_surface,T,direction_matches,10,derived_period,2010s,2281,4464,0.5109767025089605,670,2232,0.300179211469534,71
server_surface,T,direction_matches,10,derived_period,2020s,4207,6672,0.6305455635491607,1483,3336,0.4445443645083933,123
server_surface,T,direction_matches,20,overall,Overall,6167,15048,0.40982190324295587,1499,7524,0.19922913343965976,112
server_surface,T,direction_matches,20,surface,Hard,4984,9646,0.5166908563134979,1351,4823,0.28011611030478956,106
server_surface,T,direction_matches,20,surface,Clay,915,3744,0.24439102564102563,131,1872,0.06997863247863248,40
server_surface,T,direction_matches,20,surface,Grass,268,1658,0.16164053075995174,17,829,0.020506634499396863,13
server_surface,T,direction_matches,20,derived_period,to_2009,1354,3912,0.34611451942740284,251,1956,0.12832310838445807,29
server_surface,T,direction_matches,20,derived_period,2010s,1686,4464,0.37768817204301075,389,2232,0.1742831541218638,44
server_surface,T,direction_matches,20,derived_period,2020s,3127,6672,0.46867505995203834,859,3336,0.2574940047961631,82
opponent_global,wide,direction_points,0,overall,Overall,15048,15048,1.0,7524,7524,1.0,1002
opponent_global,wide,direction_points,0,surface,Hard,9646,9646,1.0,4823,4823,1.0,753
opponent_global,wide,direction_points,0,surface,Clay,3744,3744,1.0,1872,1872,1.0,587
opponent_global,wide,direction_points,0,surface,Grass,1658,1658,1.0,829,829,1.0,359
opponent_global,wide,direction_points,0,derived_period,to_2009,3912,3912,1.0,1956,1956,1.0,357
opponent_global,wide,direction_points,0,derived_period,2010s,4464,4464,1.0,2232,2232,1.0,412
opponent_global,wide,direction_points,0,derived_period,2020s,6672,6672,1.0,3336,3336,1.0,470
opponent_global,wide,direction_points,10,overall,Overall,13680,15048,0.9090909090909091,6347,7524,0.8435672514619883,849
opponent_global,wide,direction_points,10,surface,Hard,8892,9646,0.921832884097035,4176,4823,0.8658511300020734,648
opponent_global,wide,direction_points,10,surface,Clay,3284,3744,0.8771367521367521,1485,1872,0.7932692307692307,508
opponent_global,wide,direction_points,10,surface,Grass,1504,1658,0.9071170084439083,686,829,0.827503015681544,336
opponent_global,wide,direction_points,10,derived_period,to_2009,3484,3912,0.8905930470347648,1551,1956,0.7929447852760736,340
opponent_global,wide,direction_points,10,derived_period,2010s,3950,4464,0.8848566308243727,1809,2232,0.8104838709677419,327
opponent_global,wide,direction_points,10,derived_period,2020s,6246,6672,0.9361510791366906,2987,3336,0.8953836930455635,404
opponent_global,wide,direction_points,25,overall,Overall,13053,15048,0.8674242424242424,5838,7524,0.7759170653907496,803
opponent_global,wide,direction_points,25,surface,Hard,8523,9646,0.8835786854654779,3867,4823,0.8017831225378396,621
opponent_global,wide,direction_points,25,surface,Clay,3092,3744,0.8258547008547008,1335,1872,0.7131410256410257,481
opponent_global,wide,direction_points,25,surface,Grass,1438,1658,0.8673100120627262,636,829,0.767189384800965,325
opponent_global,wide,direction_points,25,derived_period,to_2009,3332,3912,0.8517382413087935,1416,1956,0.7239263803680982,333
opponent_global,wide,direction_points,25,derived_period,2010s,3690,4464,0.8266129032258065,1607,2232,0.7199820788530465,299
opponent_global,wide,direction_points,25,derived_period,2020s,6031,6672,0.9039268585131894,2815,3336,0.8438249400479616,380
opponent_global,wide,direction_points,50,overall,Overall,12196,15048,0.8104731525784158,5176,7524,0.6879319510898458,761
opponent_global,wide,direction_points,50,surface,Hard,8035,9646,0.8329877669500311,3482,4823,0.7219572879950238,592
opponent_global,wide,direction_points,50,surface,Clay,2819,3744,0.7529380341880342,1140,1872,0.6089743589743589,449
opponent_global,wide,direction_points,50,surface,Grass,1342,1658,0.8094089264173703,554,829,0.6682750301568154,311
opponent_global,wide,direction_points,50,derived_period,to_2009,3101,3912,0.7926891615541922,1221,1956,0.6242331288343558,321
opponent_global,wide,direction_points,50,derived_period,2010s,3371,4464,0.755152329749104,1377,2232,0.6169354838709677,283
opponent_global,wide,direction_points,50,derived_period,2020s,5724,6672,0.8579136690647482,2578,3336,0.7727817745803357,354
opponent_global,wide,direction_points,100,overall,Overall,10942,15048,0.7271398192450824,4211,7524,0.5596757044125465,712
opponent_global,wide,direction_points,100,surface,Hard,7202,9646,0.7466307277628033,2814,4823,0.5834542815674891,569
opponent_global,wide,direction_points,100,surface,Clay,2522,3744,0.6736111111111112,939,1872,0.5016025641025641,409
opponent_global,wide,direction_points,100,surface,Grass,1218,1658,0.7346200241254524,458,829,0.5524728588661038,299
opponent_global,wide,direction_points,100,derived_period,to_2009,2764,3912,0.7065439672801636,970,1956,0.49591002044989774,301
opponent_global,wide,direction_points,100,derived_period,2010s,2936,4464,0.6577060931899642,1056,2232,0.4731182795698925,261
opponent_global,wide,direction_points,100,derived_period,2020s,5242,6672,0.7856714628297362,2185,3336,0.6549760191846523,331
opponent_global,wide,direction_points,250,overall,Overall,8580,15048,0.5701754385964912,2593,7524,0.3446305156831473,653
opponent_global,wide,direction_points,250,surface,Hard,5708,9646,0.5917478747667427,1774,4823,0.3678208583868961,518
opponent_global,wide,direction_points,250,surface,Clay,1906,3744,0.5090811965811965,548,1872,0.29273504273504275,369
opponent_global,wide,direction_points,250,surface,Grass,966,1658,0.5826296743063932,271,829,0.32689987937273823,281
opponent_global,wide,direction_points,250,derived_period,to_2009,2227,3912,0.5692740286298569,597,1956,0.3052147239263804,281
opponent_global,wide,direction_points,250,derived_period,2010s,2218,4464,0.4968637992831541,621,2232,0.2782258064516129,230
opponent_global,wide,direction_points,250,derived_period,2020s,4135,6672,0.6197541966426858,1375,3336,0.4121702637889688,302
opponent_global,wide,direction_matches,0,overall,Overall,15048,15048,1.0,7524,7524,1.0,1002
opponent_global,wide,direction_matches,0,surface,Hard,9646,9646,1.0,4823,4823,1.0,753
opponent_global,wide,direction_matches,0,surface,Clay,3744,3744,1.0,1872,1872,1.0,587
opponent_global,wide,direction_matches,0,surface,Grass,1658,1658,1.0,829,829,1.0,359
opponent_global,wide,direction_matches,0,derived_period,to_2009,3912,3912,1.0,1956,1956,1.0,357
opponent_global,wide,direction_matches,0,derived_period,2010s,4464,4464,1.0,2232,2232,1.0,412
opponent_global,wide,direction_matches,0,derived_period,2020s,6672,6672,1.0,3336,3336,1.0,470
opponent_global,wide,direction_matches,1,overall,Overall,14043,15048,0.9332137161084529,6639,7524,0.8823763955342903,880
opponent_global,wide,direction_matches,1,surface,Hard,9106,9646,0.9440182459050384,4349,4823,0.9017209205888451,671
opponent_global,wide,direction_matches,1,surface,Clay,3396,3744,0.907051282051282,1569,1872,0.8381410256410257,525
opponent_global,wide,direction_matches,1,surface,Grass,1541,1658,0.9294330518697226,721,829,0.8697225572979493,344
opponent_global,wide,direction_matches,1,derived_period,to_2009,3555,3912,0.9087423312883436,1617,1956,0.8266871165644172,341
opponent_global,wide,direction_matches,1,derived_period,2010s,4111,4464,0.9209229390681004,1938,2232,0.8682795698924731,344
opponent_global,wide,direction_matches,1,derived_period,2020s,6377,6672,0.9557853717026379,3084,3336,0.9244604316546763,420
opponent_global,wide,direction_matches,3,overall,Overall,12962,15048,0.8613769271664008,5764,7524,0.7660818713450293,791
opponent_global,wide,direction_matches,3,surface,Hard,8494,9646,0.8805722579307484,3840,4823,0.7961849471283433,617
opponent_global,wide,direction_matches,3,surface,Clay,3054,3744,0.8157051282051282,1310,1872,0.6997863247863247,475
opponent_global,wide,direction_matches,3,surface,Grass,1414,1658,0.8528347406513872,614,829,0.7406513872135102,323
opponent_global,wide,direction_matches,3,derived_period,to_2009,3211,3912,0.8208077709611452,1318,1956,0.6738241308793456,319
opponent_global,wide,direction_matches,3,derived_period,2010s,3719,4464,0.8331093189964157,1629,2232,0.7298387096774194,305
opponent_global,wide,direction_matches,3,derived_period,2020s,6032,6672,0.9040767386091128,2817,3336,0.8444244604316546,378
opponent_global,wide,direction_matches,5,overall,Overall,12197,15048,0.8105396065922382,5175,7524,0.687799043062201,751
opponent_global,wide,direction_matches,5,surface,Hard,8049,9646,0.8344391457599005,3478,4823,0.7211279286750985,597
opponent_global,wide,direction_matches,5,surface,Clay,2819,3744,0.7529380341880342,1147,1872,0.6127136752136753,444
opponent_global,wide,direction_matches,5,surface,Grass,1329,1658,0.8015681544028951,550,829,0.6634499396863691,309
opponent_global,wide,direction_matches,5,derived_period,to_2009,2974,3912,0.7602249488752556,1132,1956,0.5787321063394683,312
opponent_global,wide,direction_matches,5,derived_period,2010s,3440,4464,0.7706093189964157,1423,2232,0.6375448028673835,283
opponent_global,wide,direction_matches,5,derived_period,2020s,5783,6672,0.8667565947242206,2620,3336,0.7853717026378897,357
opponent_global,wide,direction_matches,10,overall,Overall,10744,15048,0.7139819245082403,4057,7524,0.5392078681552366,707
opponent_global,wide,direction_matches,10,surface,Hard,7104,9646,0.7364710760937176,2730,4823,0.5660377358490566,569
opponent_global,wide,direction_matches,10,surface,Clay,2448,3744,0.6538461538461539,889,1872,0.47489316239316237,406
opponent_global,wide,direction_matches,10,surface,Grass,1192,1658,0.7189384800965019,438,829,0.5283474065138721,296
opponent_global,wide,direction_matches,10,derived_period,to_2009,2540,3912,0.6492842535787321,807,1956,0.4125766871165644,292
opponent_global,wide,direction_matches,10,derived_period,2010s,2955,4464,0.6619623655913979,1069,2232,0.4789426523297491,265
opponent_global,wide,direction_matches,10,derived_period,2020s,5249,6672,0.7867206235011991,2181,3336,0.6537769784172662,335
opponent_global,wide,direction_matches,20,overall,Overall,8830,15048,0.5867889420521,2781,7524,0.3696172248803828,654
opponent_global,wide,direction_matches,20,surface,Hard,5879,9646,0.6094754302301472,1902,4823,0.3943603566245076,522
opponent_global,wide,direction_matches,20,surface,Clay,1969,3744,0.5259081196581197,594,1872,0.3173076923076923,370
opponent_global,wide,direction_matches,20,surface,Grass,982,1658,0.5922798552472859,285,829,0.34378769601930037,280
opponent_global,wide,direction_matches,20,derived_period,to_2009,2038,3912,0.5209611451942741,501,1956,0.2561349693251534,270
opponent_global,wide,direction_matches,20,derived_period,2010s,2370,4464,0.5309139784946236,707,2232,0.31675627240143367,238
opponent_global,wide,direction_matches,20,derived_period,2020s,4422,6672,0.6627697841726619,1573,3336,0.47152278177458035,309
opponent_global,body,direction_points,0,overall,Overall,15048,15048,1.0,7524,7524,1.0,1002
opponent_global,body,direction_points,0,surface,Hard,9646,9646,1.0,4823,4823,1.0,753
opponent_global,body,direction_points,0,surface,Clay,3744,3744,1.0,1872,1872,1.0,587
opponent_global,body,direction_points,0,surface,Grass,1658,1658,1.0,829,829,1.0,359
opponent_global,body,direction_points,0,derived_period,to_2009,3912,3912,1.0,1956,1956,1.0,357
opponent_global,body,direction_points,0,derived_period,2010s,4464,4464,1.0,2232,2232,1.0,412
opponent_global,body,direction_points,0,derived_period,2020s,6672,6672,1.0,3336,3336,1.0,470
opponent_global,body,direction_points,10,overall,Overall,13694,15048,0.9100212652844232,6354,7524,0.8444976076555024,844
opponent_global,body,direction_points,10,surface,Hard,8918,9646,0.9245283018867925,4190,4823,0.8687538876218122,650
opponent_global,body,direction_points,10,surface,Clay,3271,3744,0.8736645299145299,1470,1872,0.7852564102564102,507
opponent_global,body,direction_points,10,surface,Grass,1505,1658,0.9077201447527141,694,829,0.8371531966224367,334
opponent_global,body,direction_points,10,derived_period,to_2009,3450,3912,0.8819018404907976,1527,1956,0.7806748466257669,332
opponent_global,body,direction_points,10,derived_period,2010s,3957,4464,0.8864247311827957,1811,2232,0.8113799283154122,327
opponent_global,body,direction_points,10,derived_period,2020s,6287,6672,0.9422961630695443,3016,3336,0.9040767386091128,407
opponent_global,body,direction_points,25,overall,Overall,13002,15048,0.8640350877192983,5792,7524,0.7698032961190856,803
opponent_global,body,direction_points,25,surface,Hard,8533,9646,0.8846153846153846,3869,4823,0.8021978021978022,623
opponent_global,body,direction_points,25,surface,Clay,3038,3744,0.8114316239316239,1296,1872,0.6923076923076923,478
opponent_global,body,direction_points,25,surface,Grass,1431,1658,0.8630880579010857,627,829,0.7563329312424608,327
opponent_global,body,direction_points,25,derived_period,to_2009,3246,3912,0.8297546012269938,1350,1956,0.6901840490797546,325
opponent_global,body,direction_points,25,derived_period,2010s,3684,4464,0.8252688172043011,1594,2232,0.71415770609319,308
opponent_global,body,direction_points,25,derived_period,2020s,6072,6672,0.9100719424460432,2848,3336,0.8537170263788969,384
opponent_global,body,direction_points,50,overall,Overall,12129,15048,0.8060207336523126,5111,7524,0.6792929292929293,758
opponent_global,body,direction_points,50,surface,Hard,7998,9646,0.8291519800953763,3434,4823,0.7120049761559195,598
opponent_global,body,direction_points,50,surface,Clay,2787,3744,0.7443910256410257,1118,1872,0.5972222222222222,447
opponent_global,body,direction_points,50,surface,Grass,1344,1658,0.8106151990349819,559,829,0.6743063932448733,312
opponent_global,body,direction_points,50,derived_period,to_2009,2973,3912,0.7599693251533742,1130,1956,0.5777096114519428,312
opponent_global,body,direction_points,50,derived_period,2010s,3370,4464,0.7549283154121864,1361,2232,0.6097670250896058,283
opponent_global,body,direction_points,50,derived_period,2020s,5786,6672,0.8672062350119905,2620,3336,0.7853717026378897,362
opponent_global,body,direction_points,100,overall,Overall,10784,15048,0.7166400850611377,4091,7524,0.5437267410951622,714
opponent_global,body,direction_points,100,surface,Hard,7175,9646,0.7438316400580551,2781,4823,0.5766120671781049,571
opponent_global,body,direction_points,100,surface,Clay,2406,3744,0.6426282051282052,862,1872,0.46047008547008544,409
opponent_global,body,direction_points,100,surface,Grass,1203,1658,0.7255729794933655,448,829,0.5404101326899879,298
opponent_global,body,direction_points,100,derived_period,to_2009,2622,3912,0.6702453987730062,866,1956,0.4427402862985685,296
opponent_global,body,direction_points,100,derived_period,2010s,2943,4464,0.6592741935483871,1067,2232,0.47804659498207885,267
opponent_global,body,direction_points,100,derived_period,2020s,5219,6672,0.7822242206235012,2158,3336,0.6468824940047961,335
opponent_global,body,direction_points,250,overall,Overall,8377,15048,0.5566852737905369,2470,7524,0.3282828282828283,649
opponent_global,body,direction_points,250,surface,Hard,5611,9646,0.5816918930126477,1708,4823,0.35413642960812775,519
opponent_global,body,direction_points,250,surface,Clay,1817,3744,0.48530982905982906,498,1872,0.266025641025641,361
opponent_global,body,direction_points,250,surface,Grass,949,1658,0.5723763570566948,264,829,0.31845597104945716,278
opponent_global,body,direction_points,250,derived_period,to_2009,1990,3912,0.5086912065439673,470,1956,0.24028629856850717,268
opponent_global,body,direction_points,250,derived_period,2010s,2221,4464,0.4975358422939068,622,2232,0.278673835125448,233
opponent_global,body,direction_points,250,derived_period,2020s,4166,6672,0.624400479616307,1378,3336,0.4130695443645084,308
opponent_global,body,direction_matches,0,overall,Overall,15048,15048,1.0,7524,7524,1.0,1002
opponent_global,body,direction_matches,0,surface,Hard,9646,9646,1.0,4823,4823,1.0,753
opponent_global,body,direction_matches,0,surface,Clay,3744,3744,1.0,1872,1872,1.0,587
opponent_global,body,direction_matches,0,surface,Grass,1658,1658,1.0,829,829,1.0,359
opponent_global,body,direction_matches,0,derived_period,to_2009,3912,3912,1.0,1956,1956,1.0,357
opponent_global,body,direction_matches,0,derived_period,2010s,4464,4464,1.0,2232,2232,1.0,412
opponent_global,body,direction_matches,0,derived_period,2020s,6672,6672,1.0,3336,3336,1.0,470
opponent_global,body,direction_matches,1,overall,Overall,14040,15048,0.9330143540669856,6636,7524,0.8819776714513556,879
opponent_global,body,direction_matches,1,surface,Hard,9102,9646,0.9436035662450757,4345,4823,0.9008915612689198,670
opponent_global,body,direction_matches,1,surface,Clay,3397,3744,0.9073183760683761,1570,1872,0.8386752136752137,525
opponent_global,body,direction_matches,1,surface,Grass,1541,1658,0.9294330518697226,721,829,0.8697225572979493,344
opponent_global,body,direction_matches,1,derived_period,to_2009,3551,3912,0.907719836400818,1613,1956,0.8246421267893661,341
opponent_global,body,direction_matches,1,derived_period,2010s,4111,4464,0.9209229390681004,1939,2232,0.8687275985663082,343
opponent_global,body,direction_matches,1,derived_period,2020s,6378,6672,0.9559352517985612,3084,3336,0.9244604316546763,420
opponent_global,body,direction_matches,3,overall,Overall,12952,15048,0.8607123870281765,5757,7524,0.7651515151515151,791
opponent_global,body,direction_matches,3,surface,Hard,8488,9646,0.8799502384408044,3834,4823,0.7949409081484553,617
opponent_global,body,direction_matches,3,surface,Clay,3051,3744,0.8149038461538461,1310,1872,0.6997863247863247,475
opponent_global,body,direction_matches,3,surface,Grass,1413,1658,0.8522316043425814,613,829,0.7394451145958987,323
opponent_global,body,direction_matches,3,derived_period,to_2009,3201,3912,0.8182515337423313,1311,1956,0.6702453987730062,319
opponent_global,body,direction_matches,3,derived_period,2010s,3719,4464,0.8331093189964157,1628,2232,0.7293906810035843,305
opponent_global,body,direction_matches,3,derived_period,2020s,6032,6672,0.9040767386091128,2818,3336,0.8447242206235012,378
opponent_global,body,direction_matches,5,overall,Overall,12182,15048,0.8095427963849017,5163,7524,0.6862041467304625,750
opponent_global,body,direction_matches,5,surface,Hard,8039,9646,0.8334024466099937,3471,4823,0.7196765498652291,597
opponent_global,body,direction_matches,5,surface,Clay,2816,3744,0.7521367521367521,1145,1872,0.6116452991452992,443
opponent_global,body,direction_matches,5,surface,Grass,1327,1658,0.8003618817852834,547,829,0.6598311218335344,309
opponent_global,body,direction_matches,5,derived_period,to_2009,2964,3912,0.7576687116564417,1126,1956,0.5756646216768916,311
opponent_global,body,direction_matches,5,derived_period,2010s,3442,4464,0.7710573476702509,1425,2232,0.6384408602150538,283
opponent_global,body,direction_matches,5,derived_period,2020s,5776,6672,0.8657074340527577,2612,3336,0.7829736211031175,357
opponent_global,body,direction_matches,10,overall,Overall,10717,15048,0.7121876661350346,4035,7524,0.5362838915470495,705
opponent_global,body,direction_matches,10,surface,Hard,7087,9646,0.7347086875388762,2715,4823,0.5629276383993365,568
opponent_global,body,direction_matches,10,surface,Clay,2440,3744,0.6517094017094017,883,1872,0.4716880341880342,405
opponent_global,body,direction_matches,10,surface,Grass,1190,1658,0.7177322074788902,437,829,0.5271411338962606,296
opponent_global,body,direction_matches,10,derived_period,to_2009,2532,3912,0.647239263803681,800,1956,0.40899795501022496,291
opponent_global,body,direction_matches,10,derived_period,2010s,2953,4464,0.6615143369175627,1068,2232,0.478494623655914,264
opponent_global,body,direction_matches,10,derived_period,2020s,5232,6672,0.7841726618705036,2167,3336,0.6495803357314148,335
opponent_global,body,direction_matches,20,overall,Overall,8803,15048,0.5849946836788942,2765,7524,0.36749069643806487,653
opponent_global,body,direction_matches,20,surface,Hard,5864,9646,0.6079203815052872,1889,4823,0.3916649388347502,522
opponent_global,body,direction_matches,20,surface,Clay,1959,3744,0.5232371794871795,592,1872,0.3162393162393162,368
opponent_global,body,direction_matches,20,surface,Grass,980,1658,0.5910735826296744,284,829,0.3425814234016888,280
opponent_global,body,direction_matches,20,derived_period,to_2009,2034,3912,0.5199386503067485,499,1956,0.2551124744376278,270
opponent_global,body,direction_matches,20,derived_period,2010s,2371,4464,0.5311379928315412,707,2232,0.31675627240143367,239
opponent_global,body,direction_matches,20,derived_period,2020s,4398,6672,0.6591726618705036,1559,3336,0.467326139088729,308
opponent_global,T,direction_points,0,overall,Overall,15048,15048,1.0,7524,7524,1.0,1002
opponent_global,T,direction_points,0,surface,Hard,9646,9646,1.0,4823,4823,1.0,753
opponent_global,T,direction_points,0,surface,Clay,3744,3744,1.0,1872,1872,1.0,587
opponent_global,T,direction_points,0,surface,Grass,1658,1658,1.0,829,829,1.0,359
opponent_global,T,direction_points,0,derived_period,to_2009,3912,3912,1.0,1956,1956,1.0,357
opponent_global,T,direction_points,0,derived_period,2010s,4464,4464,1.0,2232,2232,1.0,412
opponent_global,T,direction_points,0,derived_period,2020s,6672,6672,1.0,3336,3336,1.0,470
opponent_global,T,direction_points,10,overall,Overall,13560,15048,0.9011164274322169,6250,7524,0.8306751727804359,835
opponent_global,T,direction_points,10,surface,Hard,8827,9646,0.9150943396226415,4122,4823,0.8546547791830811,643
opponent_global,T,direction_points,10,surface,Clay,3240,3744,0.8653846153846154,1449,1872,0.7740384615384616,498
opponent_global,T,direction_points,10,surface,Grass,1493,1658,0.9004825090470446,679,829,0.8190591073582629,333
opponent_global,T,direction_points,10,derived_period,to_2009,3442,3912,0.8798568507157464,1519,1956,0.7765848670756647,331
opponent_global,T,direction_points,10,derived_period,2010s,3909,4464,0.8756720430107527,1773,2232,0.7943548387096774,324
opponent_global,T,direction_points,10,derived_period,2020s,6209,6672,0.93060551558753,2958,3336,0.8866906474820144,402
opponent_global,T,direction_points,25,overall,Overall,12786,15048,0.8496810207336523,5625,7524,0.7476076555023924,778
opponent_global,T,direction_points,25,surface,Hard,8392,9646,0.8699979266017002,3752,4823,0.7779390420899854,612
opponent_global,T,direction_points,25,surface,Clay,2981,3744,0.7962072649572649,1260,1872,0.6730769230769231,461
opponent_global,T,direction_points,25,surface,Grass,1413,1658,0.8522316043425814,613,829,0.7394451145958987,323
opponent_global,T,direction_points,25,derived_period,to_2009,3232,3912,0.8261758691206544,1334,1956,0.6820040899795501,321
opponent_global,T,direction_points,25,derived_period,2010s,3610,4464,0.8086917562724014,1545,2232,0.6922043010752689,297
opponent_global,T,direction_points,25,derived_period,2020s,5944,6672,0.8908872901678657,2746,3336,0.8231414868105515,369
opponent_global,T,direction_points,50,overall,Overall,11785,15048,0.7831605528973951,4863,7524,0.6463317384370016,733
opponent_global,T,direction_points,50,surface,Hard,7777,9646,0.8062409288824384,3269,4823,0.6777939042089985,583
opponent_global,T,direction_points,50,surface,Clay,2700,3744,0.7211538461538461,1062,1872,0.5673076923076923,432
opponent_global,T,direction_points,50,surface,Grass,1308,1658,0.7889022919179735,532,829,0.6417370325693607,308
opponent_global,T,direction_points,50,derived_period,to_2009,2934,3912,0.75,1098,1956,0.5613496932515337,307
opponent_global,T,direction_points,50,derived_period,2010s,3255,4464,0.7291666666666666,1288,2232,0.5770609318996416,275
opponent_global,T,direction_points,50,derived_period,2020s,5596,6672,0.8387290167865707,2477,3336,0.742505995203837,344
opponent_global,T,direction_points,100,overall,Overall,10349,15048,0.6877325890483785,3792,7524,0.5039872408293461,694
opponent_global,T,direction_points,100,surface,Hard,6844,9646,0.7095168981961435,2555,4823,0.5297532656023222,554
opponent_global,T,direction_points,100,surface,Clay,2349,3744,0.6274038461538461,823,1872,0.43963675213675213,398
opponent_global,T,direction_points,100,surface,Grass,1156,1658,0.6972255729794934,414,829,0.49939686369119424,293
opponent_global,T,direction_points,100,derived_period,to_2009,2526,3912,0.6457055214723927,798,1956,0.40797546012269936,293
opponent_global,T,direction_points,100,derived_period,2010s,2808,4464,0.6290322580645161,991,2232,0.44399641577060933,248
opponent_global,T,direction_points,100,derived_period,2020s,5015,6672,0.7516486810551559,2003,3336,0.6004196642685852,328
opponent_global,T,direction_points,250,overall,Overall,7821,15048,0.5197368421052632,2167,7524,0.2880116959064328,613
opponent_global,T,direction_points,250,surface,Hard,5264,9646,0.5457184325108854,1507,4823,0.3124611237818785,502
opponent_global,T,direction_points,250,surface,Clay,1671,3744,0.4463141025641026,429,1872,0.22916666666666666,339
opponent_global,T,direction_points,250,surface,Grass,886,1658,0.53437876960193,231,829,0.27864897466827504,272
opponent_global,T,direction_points,250,derived_period,to_2009,1906,3912,0.48721881390593047,431,1956,0.22034764826175868,262
opponent_global,T,direction_points,250,derived_period,2010s,2020,4464,0.4525089605734767,530,2232,0.23745519713261648,203
opponent_global,T,direction_points,250,derived_period,2020s,3895,6672,0.5837829736211031,1206,3336,0.36151079136690645,297
opponent_global,T,direction_matches,0,overall,Overall,15048,15048,1.0,7524,7524,1.0,1002
opponent_global,T,direction_matches,0,surface,Hard,9646,9646,1.0,4823,4823,1.0,753
opponent_global,T,direction_matches,0,surface,Clay,3744,3744,1.0,1872,1872,1.0,587
opponent_global,T,direction_matches,0,surface,Grass,1658,1658,1.0,829,829,1.0,359
opponent_global,T,direction_matches,0,derived_period,to_2009,3912,3912,1.0,1956,1956,1.0,357
opponent_global,T,direction_matches,0,derived_period,2010s,4464,4464,1.0,2232,2232,1.0,412
opponent_global,T,direction_matches,0,derived_period,2020s,6672,6672,1.0,3336,3336,1.0,470
opponent_global,T,direction_matches,1,overall,Overall,14028,15048,0.9322169059011164,6629,7524,0.8810473152578415,875
opponent_global,T,direction_matches,1,surface,Hard,9098,9646,0.943188886585113,4343,4823,0.9004768816089571,668
opponent_global,T,direction_matches,1,surface,Clay,3391,3744,0.905715811965812,1567,1872,0.8370726495726496,523
opponent_global,T,direction_matches,1,surface,Grass,1539,1658,0.928226779252111,719,829,0.8673100120627262,344
opponent_global,T,direction_matches,1,derived_period,to_2009,3550,3912,0.9074642126789366,1614,1956,0.8251533742331288,339
opponent_global,T,direction_matches,1,derived_period,2010s,4108,4464,0.9202508960573477,1937,2232,0.867831541218638,343
opponent_global,T,direction_matches,1,derived_period,2020s,6370,6672,0.954736211031175,3078,3336,0.9226618705035972,418
opponent_global,T,direction_matches,3,overall,Overall,12932,15048,0.8593833067517278,5743,7524,0.763290802764487,789
opponent_global,T,direction_matches,3,surface,Hard,8477,9646,0.8788098693759071,3826,4823,0.7932821895086046,616
opponent_global,T,direction_matches,3,surface,Clay,3042,3744,0.8125,1303,1872,0.6960470085470085,474
opponent_global,T,direction_matches,3,surface,Grass,1413,1658,0.8522316043425814,614,829,0.7406513872135102,323
opponent_global,T,direction_matches,3,derived_period,to_2009,3201,3912,0.8182515337423313,1310,1956,0.6697341513292433,318
opponent_global,T,direction_matches,3,derived_period,2010s,3714,4464,0.831989247311828,1626,2232,0.728494623655914,305
opponent_global,T,direction_matches,3,derived_period,2020s,6017,6672,0.9018285371702638,2807,3336,0.8414268585131894,376
opponent_global,T,direction_matches,5,overall,Overall,12168,15048,0.8086124401913876,5155,7524,0.6851408825093036,750
opponent_global,T,direction_matches,5,surface,Hard,8036,9646,0.8330914368650217,3469,4823,0.7192618702052664,597
opponent_global,T,direction_matches,5,surface,Clay,2806,3744,0.749465811965812,1140,1872,0.6089743589743589,443
opponent_global,T,direction_matches,5,surface,Grass,1326,1658,0.7997587454764777,546,829,0.6586248492159228,309
opponent_global,T,direction_matches,5,derived_period,to_2009,2965,3912,0.7579243353783232,1125,1956,0.5751533742331288,311
opponent_global,T,direction_matches,5,derived_period,2010s,3437,4464,0.7699372759856631,1423,2232,0.6375448028673835,283
opponent_global,T,direction_matches,5,derived_period,2020s,5766,6672,0.8642086330935251,2607,3336,0.7814748201438849,356
opponent_global,T,direction_matches,10,overall,Overall,10718,15048,0.712254120148857,4038,7524,0.5366826156299841,707
opponent_global,T,direction_matches,10,surface,Hard,7088,9646,0.7348123574538669,2719,4823,0.5637569977192619,569
opponent_global,T,direction_matches,10,surface,Clay,2441,3744,0.6519764957264957,884,1872,0.4722222222222222,406
opponent_global,T,direction_matches,10,surface,Grass,1189,1658,0.7171290711700844,435,829,0.5247285886610374,296
opponent_global,T,direction_matches,10,derived_period,to_2009,2534,3912,0.6477505112474438,802,1956,0.4100204498977505,292
opponent_global,T,direction_matches,10,derived_period,2010s,2950,4464,0.66084229390681,1068,2232,0.478494623655914,265
opponent_global,T,direction_matches,10,derived_period,2020s,5234,6672,0.7844724220623501,2168,3336,0.6498800959232613,335
opponent_global,T,direction_matches,20,overall,Overall,8805,15048,0.585127591706539,2762,7524,0.36709197235513025,654
opponent_global,T,direction_matches,20,surface,Hard,5863,9646,0.6078167115902965,1885,4823,0.3908355795148248,523
opponent_global,T,direction_matches,20,surface,Clay,1961,3744,0.5237713675213675,592,1872,0.3162393162393162,367
opponent_global,T,direction_matches,20,surface,Grass,981,1658,0.5916767189384801,285,829,0.34378769601930037,280
opponent_global,T,direction_matches,20,derived_period,to_2009,2035,3912,0.5201942740286298,499,1956,0.2551124744376278,270
opponent_global,T,direction_matches,20,derived_period,2010s,2362,4464,0.5291218637992832,699,2232,0.3131720430107527,237
opponent_global,T,direction_matches,20,derived_period,2020s,4408,6672,0.6606714628297362,1564,3336,0.46882494004796166,308
opponent_surface,wide,direction_points,0,overall,Overall,15048,15048,1.0,7524,7524,1.0,1002
opponent_surface,wide,direction_points,0,surface,Hard,9646,9646,1.0,4823,4823,1.0,753
opponent_surface,wide,direction_points,0,surface,Clay,3744,3744,1.0,1872,1872,1.0,587
opponent_surface,wide,direction_points,0,surface,Grass,1658,1658,1.0,829,829,1.0,359
opponent_surface,wide,direction_points,0,derived_period,to_2009,3912,3912,1.0,1956,1956,1.0,357
opponent_surface,wide,direction_points,0,derived_period,2010s,4464,4464,1.0,2232,2232,1.0,412
opponent_surface,wide,direction_points,0,derived_period,2020s,6672,6672,1.0,3336,3336,1.0,470
opponent_surface,wide,direction_points,10,overall,Overall,12792,15048,0.8500797448165869,5604,7524,0.74481658692185,804
opponent_surface,wide,direction_points,10,surface,Hard,8606,9646,0.8921832884097035,3930,4823,0.8148455318266639,629
opponent_surface,wide,direction_points,10,surface,Clay,2989,3744,0.7983440170940171,1237,1872,0.6607905982905983,477
opponent_surface,wide,direction_points,10,surface,Grass,1197,1658,0.7219541616405307,437,829,0.5271411338962606,306
opponent_surface,wide,direction_points,10,derived_period,to_2009,3245,3912,0.8294989775051125,1347,1956,0.6886503067484663,327
opponent_surface,wide,direction_points,10,derived_period,2010s,3639,4464,0.8151881720430108,1553,2232,0.6957885304659498,309
opponent_surface,wide,direction_points,10,derived_period,2020s,5908,6672,0.8854916067146283,2704,3336,0.8105515587529976,381
opponent_surface,wide,direction_points,25,overall,Overall,11768,15048,0.7820308346624136,4821,7524,0.6407496012759171,755
opponent_surface,wide,direction_points,25,surface,Hard,8104,9646,0.8401409910843873,3527,4823,0.7312875803441841,595
opponent_surface,wide,direction_points,25,surface,Clay,2655,3744,0.7091346153846154,990,1872,0.5288461538461539,446
opponent_surface,wide,direction_points,25,surface,Grass,1009,1658,0.6085645355850422,304,829,0.36670687575392036,288
opponent_surface,wide,direction_points,25,derived_period,to_2009,3004,3912,0.7678936605316974,1153,1956,0.5894683026584867,316
opponent_surface,wide,direction_points,25,derived_period,2010s,3260,4464,0.7302867383512545,1283,2232,0.5748207885304659,279
opponent_surface,wide,direction_points,25,derived_period,2020s,5504,6672,0.8249400479616307,2385,3336,0.7149280575539568,356
opponent_surface,wide,direction_points,50,overall,Overall,10489,15048,0.6970361509835195,3901,7524,0.5184742158426369,715
opponent_surface,wide,direction_points,50,surface,Hard,7450,9646,0.7723408666804893,3003,4823,0.6226415094339622,572
opponent_surface,wide,direction_points,50,surface,Clay,2219,3744,0.5926816239316239,705,1872,0.3766025641025641,404
opponent_surface,wide,direction_points,50,surface,Grass,820,1658,0.4945717732207479,193,829,0.23281061519903498,265
opponent_surface,wide,direction_points,50,derived_period,to_2009,2679,3912,0.6848159509202454,908,1956,0.46421267893660534,297
opponent_surface,wide,direction_points,50,derived_period,2010s,2807,4464,0.6288082437275986,976,2232,0.43727598566308246,262
opponent_surface,wide,direction_points,50,derived_period,2020s,5003,6672,0.7498501199040767,2017,3336,0.6046163069544365,339
opponent_surface,wide,direction_points,100,overall,Overall,8780,15048,0.5834662413609782,2826,7524,0.37559808612440193,659
opponent_surface,wide,direction_points,100,surface,Hard,6495,9646,0.6733360978643997,2304,4823,0.477710968277006,544
opponent_surface,wide,direction_points,100,surface,Clay,1702,3744,0.4545940170940171,429,1872,0.22916666666666666,357
opponent_surface,wide,direction_points,100,surface,Grass,583,1658,0.3516284680337756,93,829,0.11218335343787696,229
opponent_surface,wide,direction_points,100,derived_period,to_2009,2255,3912,0.5764314928425358,649,1956,0.331799591002045,270
opponent_surface,wide,direction_points,100,derived_period,2010s,2300,4464,0.5152329749103942,678,2232,0.30376344086021506,238
opponent_surface,wide,direction_points,100,derived_period,2020s,4225,6672,0.6332434052757794,1499,3336,0.44934052757793763,314
opponent_surface,wide,direction_points,250,overall,Overall,5964,15048,0.3963317384370016,1356,7524,0.18022328548644337,548
opponent_surface,wide,direction_points,250,surface,Hard,4790,9646,0.4965788928053079,1225,4823,0.2539912917271408,486
opponent_surface,wide,direction_points,250,surface,Clay,885,3744,0.23637820512820512,114,1872,0.060897435897435896,256
opponent_surface,wide,direction_points,250,surface,Grass,289,1658,0.17430639324487335,17,829,0.020506634499396863,144
opponent_surface,wide,direction_points,250,derived_period,to_2009,1538,3912,0.39314928425357876,303,1956,0.1549079754601227,231
opponent_surface,wide,direction_points,250,derived_period,2010s,1596,4464,0.3575268817204301,341,2232,0.1527777777777778,196
opponent_surface,wide,direction_points,250,derived_period,2020s,2830,6672,0.42416067146282976,712,3336,0.21342925659472423,260
opponent_surface,wide,direction_matches,0,overall,Overall,15048,15048,1.0,7524,7524,1.0,1002
opponent_surface,wide,direction_matches,0,surface,Hard,9646,9646,1.0,4823,4823,1.0,753
opponent_surface,wide,direction_matches,0,surface,Clay,3744,3744,1.0,1872,1872,1.0,587
opponent_surface,wide,direction_matches,0,surface,Grass,1658,1658,1.0,829,829,1.0,359
opponent_surface,wide,direction_matches,0,derived_period,to_2009,3912,3912,1.0,1956,1956,1.0,357
opponent_surface,wide,direction_matches,0,derived_period,2010s,4464,4464,1.0,2232,2232,1.0,412
opponent_surface,wide,direction_matches,0,derived_period,2020s,6672,6672,1.0,3336,3336,1.0,470
opponent_surface,wide,direction_matches,1,overall,Overall,13343,15048,0.8866959064327485,6037,7524,0.8023657628920787,837
opponent_surface,wide,direction_matches,1,surface,Hard,8892,9646,0.921832884097035,4165,4823,0.8635703918722787,650
opponent_surface,wide,direction_matches,1,surface,Clay,3155,3744,0.8426816239316239,1362,1872,0.7275641025641025,497
opponent_surface,wide,direction_matches,1,surface,Grass,1296,1658,0.781664656212304,510,829,0.6151990349819059,314
opponent_surface,wide,direction_matches,1,derived_period,to_2009,3344,3912,0.8548057259713702,1431,1956,0.7315950920245399,329
opponent_surface,wide,direction_matches,1,derived_period,2010s,3879,4464,0.8689516129032258,1742,2232,0.7804659498207885,327
opponent_surface,wide,direction_matches,1,derived_period,2020s,6120,6672,0.9172661870503597,2864,3336,0.8585131894484412,397
opponent_surface,wide,direction_matches,3,overall,Overall,11572,15048,0.7690058479532164,4681,7524,0.6221424774056353,744
opponent_surface,wide,direction_matches,3,surface,Hard,8060,9646,0.8355795148247979,3481,4823,0.7217499481650425,601
opponent_surface,wide,direction_matches,3,surface,Clay,2561,3744,0.6840277777777778,929,1872,0.4962606837606838,432
opponent_surface,wide,direction_matches,3,surface,Grass,951,1658,0.5735826296743064,271,829,0.32689987937273823,283
opponent_surface,wide,direction_matches,3,derived_period,to_2009,2821,3912,0.7211145194274029,1022,1956,0.5224948875255624,301
opponent_surface,wide,direction_matches,3,derived_period,2010s,3256,4464,0.7293906810035843,1277,2232,0.5721326164874552,285
opponent_surface,wide,direction_matches,3,derived_period,2020s,5495,6672,0.8235911270983214,2382,3336,0.7140287769784173,356
opponent_surface,wide,direction_matches,5,overall,Overall,10395,15048,0.6907894736842105,3847,7524,0.5112971823498139,699
opponent_surface,wide,direction_matches,5,surface,Hard,7466,9646,0.7739995853203401,3002,4823,0.6224341696039809,574
opponent_surface,wide,direction_matches,5,surface,Clay,2166,3744,0.5785256410256411,680,1872,0.36324786324786323,398
opponent_surface,wide,direction_matches,5,surface,Grass,763,1658,0.4601930036188179,165,829,0.19903498190591074,254
opponent_surface,wide,direction_matches,5,derived_period,to_2009,2479,3912,0.6336912065439673,787,1956,0.4023517382413088,284
opponent_surface,wide,direction_matches,5,derived_period,2010s,2854,4464,0.639336917562724,1009,2232,0.4520609318996416,258
opponent_surface,wide,direction_matches,5,derived_period,2020s,5062,6672,0.7586930455635491,2051,3336,0.6148081534772182,340
opponent_surface,wide,direction_matches,10,overall,Overall,8449,15048,0.5614699627857522,2659,7524,0.35340244550770866,639
opponent_surface,wide,direction_matches,10,surface,Hard,6398,9646,0.6632801161103048,2227,4823,0.4617458013684429,539
opponent_surface,wide,direction_matches,10,surface,Clay,1551,3744,0.41426282051282054,367,1872,0.19604700854700854,339
opponent_surface,wide,direction_matches,10,surface,Grass,500,1658,0.30156815440289503,65,829,0.07840772014475271,216
opponent_surface,wide,direction_matches,10,derived_period,to_2009,1949,3912,0.49821063394683024,495,1956,0.25306748466257667,253
opponent_surface,wide,direction_matches,10,derived_period,2010s,2280,4464,0.510752688172043,670,2232,0.300179211469534,236
opponent_surface,wide,direction_matches,10,derived_period,2020s,4220,6672,0.632494004796163,1494,3336,0.447841726618705,317
opponent_surface,wide,direction_matches,20,overall,Overall,6185,15048,0.4110180754917597,1509,7524,0.20055821371610846,543
opponent_surface,wide,direction_matches,20,surface,Hard,4996,9646,0.5179348952933859,1361,4823,0.28218950860460296,488
opponent_surface,wide,direction_matches,20,surface,Clay,921,3744,0.24599358974358973,132,1872,0.07051282051282051,245
opponent_surface,wide,direction_matches,20,surface,Grass,268,1658,0.16164053075995174,16,829,0.019300361881785282,138
opponent_surface,wide,direction_matches,20,derived_period,to_2009,1361,3912,0.3479038854805726,252,1956,0.12883435582822086,217
opponent_surface,wide,direction_matches,20,derived_period,2010s,1687,4464,0.3779121863799283,392,2232,0.17562724014336917,198
opponent_surface,wide,direction_matches,20,derived_period,2020s,3137,6672,0.470173860911271,865,3336,0.2592925659472422,267
opponent_surface,body,direction_points,0,overall,Overall,15048,15048,1.0,7524,7524,1.0,1002
opponent_surface,body,direction_points,0,surface,Hard,9646,9646,1.0,4823,4823,1.0,753
opponent_surface,body,direction_points,0,surface,Clay,3744,3744,1.0,1872,1872,1.0,587
opponent_surface,body,direction_points,0,surface,Grass,1658,1658,1.0,829,829,1.0,359
opponent_surface,body,direction_points,0,derived_period,to_2009,3912,3912,1.0,1956,1956,1.0,357
opponent_surface,body,direction_points,0,derived_period,2010s,4464,4464,1.0,2232,2232,1.0,412
opponent_surface,body,direction_points,0,derived_period,2020s,6672,6672,1.0,3336,3336,1.0,470
opponent_surface,body,direction_points,10,overall,Overall,12733,15048,0.8461589580010632,5537,7524,0.7359117490696439,805
opponent_surface,body,direction_points,10,surface,Hard,8626,9646,0.8942566867095169,3941,4823,0.8171262699564587,631
opponent_surface,body,direction_points,10,surface,Clay,2917,3744,0.7791132478632479,1168,1872,0.6239316239316239,476
opponent_surface,body,direction_points,10,surface,Grass,1190,1658,0.7177322074788902,428,829,0.5162846803377563,305
opponent_surface,body,direction_points,10,derived_period,to_2009,3179,3912,0.8126278118609407,1293,1956,0.661042944785276,323
opponent_surface,body,direction_points,10,derived_period,2010s,3636,4464,0.8145161290322581,1542,2232,0.6908602150537635,313
opponent_surface,body,direction_points,10,derived_period,2020s,5918,6672,0.886990407673861,2702,3336,0.8099520383693045,383
opponent_surface,body,direction_points,25,overall,Overall,11622,15048,0.7723285486443381,4714,7524,0.626528442317916,756
opponent_surface,body,direction_points,25,surface,Hard,8117,9646,0.841488699979266,3524,4823,0.7306655608542401,607
opponent_surface,body,direction_points,25,surface,Clay,2481,3744,0.6626602564102564,869,1872,0.4642094017094017,433
opponent_surface,body,direction_points,25,surface,Grass,1024,1658,0.617611580217129,321,829,0.38721351025331724,290
opponent_surface,body,direction_points,25,derived_period,to_2009,2866,3912,0.7326175869120655,1060,1956,0.5419222903885481,308
opponent_surface,body,direction_points,25,derived_period,2010s,3232,4464,0.7240143369175627,1258,2232,0.5636200716845878,286
opponent_surface,body,direction_points,25,derived_period,2020s,5524,6672,0.8279376498800959,2396,3336,0.7182254196642686,362
opponent_surface,body,direction_points,50,overall,Overall,10328,15048,0.6863370547581074,3794,7524,0.5042530568846358,704
opponent_surface,body,direction_points,50,surface,Hard,7456,9646,0.7729628861704333,2989,4823,0.6197387518142236,575
opponent_surface,body,direction_points,50,surface,Clay,2038,3744,0.5443376068376068,602,1872,0.3215811965811966,388
opponent_surface,body,direction_points,50,surface,Grass,834,1658,0.503015681544029,203,829,0.2448733413751508,268
opponent_surface,body,direction_points,50,derived_period,to_2009,2518,3912,0.6436605316973415,813,1956,0.4156441717791411,289
opponent_surface,body,direction_points,50,derived_period,2010s,2812,4464,0.6299283154121864,973,2232,0.4359318996415771,258
opponent_surface,body,direction_points,50,derived_period,2020s,4998,6672,0.7491007194244604,2008,3336,0.6019184652278178,340
opponent_surface,body,direction_points,100,overall,Overall,8551,15048,0.5682482721956407,2691,7524,0.3576555023923445,649
opponent_surface,body,direction_points,100,surface,Hard,6487,9646,0.6725067385444744,2286,4823,0.4739788513373419,541
opponent_surface,body,direction_points,100,surface,Clay,1472,3744,0.39316239316239315,313,1872,0.1672008547008547,344
opponent_surface,body,direction_points,100,surface,Grass,592,1658,0.35705669481302776,92,829,0.11097708082026538,236
opponent_surface,body,direction_points,100,derived_period,to_2009,2054,3912,0.5250511247443763,547,1956,0.2796523517382413,260
opponent_surface,body,direction_points,100,derived_period,2010s,2297,4464,0.5145609318996416,682,2232,0.3055555555555556,238
opponent_surface,body,direction_points,100,derived_period,2020s,4200,6672,0.6294964028776978,1462,3336,0.4382494004796163,316
opponent_surface,body,direction_points,250,overall,Overall,5788,15048,0.38463583200425305,1335,7524,0.1774322169059011,533
opponent_surface,body,direction_points,250,surface,Hard,4783,9646,0.4958532034003732,1239,4823,0.25689404934687954,484
opponent_surface,body,direction_points,250,surface,Clay,705,3744,0.18830128205128205,72,1872,0.038461538461538464,215
opponent_surface,body,direction_points,250,surface,Grass,300,1658,0.18094089264173704,24,829,0.028950542822677925,152
opponent_surface,body,direction_points,250,derived_period,to_2009,1292,3912,0.33026584867075665,237,1956,0.12116564417177914,216
opponent_surface,body,direction_points,250,derived_period,2010s,1575,4464,0.3528225806451613,332,2232,0.14874551971326164,188
opponent_surface,body,direction_points,250,derived_period,2020s,2921,6672,0.4377997601918465,766,3336,0.22961630695443644,262
opponent_surface,body,direction_matches,0,overall,Overall,15048,15048,1.0,7524,7524,1.0,1002
opponent_surface,body,direction_matches,0,surface,Hard,9646,9646,1.0,4823,4823,1.0,753
opponent_surface,body,direction_matches,0,surface,Clay,3744,3744,1.0,1872,1872,1.0,587
opponent_surface,body,direction_matches,0,surface,Grass,1658,1658,1.0,829,829,1.0,359
opponent_surface,body,direction_matches,0,derived_period,to_2009,3912,3912,1.0,1956,1956,1.0,357
opponent_surface,body,direction_matches,0,derived_period,2010s,4464,4464,1.0,2232,2232,1.0,412
opponent_surface,body,direction_matches,0,derived_period,2020s,6672,6672,1.0,3336,3336,1.0,470
opponent_surface,body,direction_matches,1,overall,Overall,13339,15048,0.8864300903774588,6032,7524,0.8017012227538544,838
opponent_surface,body,direction_matches,1,surface,Hard,8890,9646,0.9216255442670537,4162,4823,0.8629483723823347,651
opponent_surface,body,direction_matches,1,surface,Clay,3153,3744,0.8421474358974359,1360,1872,0.7264957264957265,497
opponent_surface,body,direction_matches,1,surface,Grass,1296,1658,0.781664656212304,510,829,0.6151990349819059,314
opponent_surface,body,direction_matches,1,derived_period,to_2009,3339,3912,0.8535276073619632,1426,1956,0.7290388548057259,329
opponent_surface,body,direction_matches,1,derived_period,2010s,3879,4464,0.8689516129032258,1742,2232,0.7804659498207885,327
opponent_surface,body,direction_matches,1,derived_period,2020s,6121,6672,0.917416067146283,2864,3336,0.8585131894484412,398
opponent_surface,body,direction_matches,3,overall,Overall,11569,15048,0.768806485911749,4679,7524,0.6218766613503456,744
opponent_surface,body,direction_matches,3,surface,Hard,8058,9646,0.8353721749948165,3481,4823,0.7217499481650425,600
opponent_surface,body,direction_matches,3,surface,Clay,2557,3744,0.6829594017094017,924,1872,0.4935897435897436,431
opponent_surface,body,direction_matches,3,surface,Grass,954,1658,0.5753920386007237,274,829,0.330518697225573,283
opponent_surface,body,direction_matches,3,derived_period,to_2009,2817,3912,0.7200920245398773,1019,1956,0.5209611451942741,301
opponent_surface,body,direction_matches,3,derived_period,2010s,3258,4464,0.7298387096774194,1278,2232,0.5725806451612904,285
opponent_surface,body,direction_matches,3,derived_period,2020s,5494,6672,0.8234412470023981,2382,3336,0.7140287769784173,356
opponent_surface,body,direction_matches,5,overall,Overall,10380,15048,0.689792663476874,3835,7524,0.5097022860180755,700
opponent_surface,body,direction_matches,5,surface,Hard,7455,9646,0.7728592162554426,2994,4823,0.6207754509641302,574
opponent_surface,body,direction_matches,5,surface,Clay,2163,3744,0.5777243589743589,675,1872,0.3605769230769231,399
opponent_surface,body,direction_matches,5,surface,Grass,762,1658,0.45958986731001206,166,829,0.20024125452352232,254
opponent_surface,body,direction_matches,5,derived_period,to_2009,2472,3912,0.6319018404907976,782,1956,0.3997955010224949,285
opponent_surface,body,direction_matches,5,derived_period,2010s,2858,4464,0.6402329749103942,1010,2232,0.4525089605734767,259
opponent_surface,body,direction_matches,5,derived_period,2020s,5050,6672,0.75689448441247,2043,3336,0.612410071942446,340
opponent_surface,body,direction_matches,10,overall,Overall,8424,15048,0.5598086124401914,2643,7524,0.35127591706539074,638
opponent_surface,body,direction_matches,10,surface,Hard,6379,9646,0.6613103877254821,2212,4823,0.45863570391872277,539
opponent_surface,body,direction_matches,10,surface,Clay,1542,3744,0.41185897435897434,363,1872,0.19391025641025642,338
opponent_surface,body,direction_matches,10,surface,Grass,503,1658,0.3033775633293124,68,829,0.08202653799758745,216
opponent_surface,body,direction_matches,10,derived_period,to_2009,1942,3912,0.49642126789366053,492,1956,0.25153374233128833,252
opponent_surface,body,direction_matches,10,derived_period,2010s,2283,4464,0.5114247311827957,671,2232,0.30062724014336917,236
opponent_surface,body,direction_matches,10,derived_period,2020s,4199,6672,0.6293465227817746,1480,3336,0.44364508393285373,317
opponent_surface,body,direction_matches,20,overall,Overall,6145,15048,0.4083599149388623,1488,7524,0.19776714513556617,543
opponent_surface,body,direction_matches,20,surface,Hard,4976,9646,0.5158614969935724,1347,4823,0.2792867509848642,489
opponent_surface,body,direction_matches,20,surface,Clay,901,3744,0.2406517094017094,124,1872,0.06623931623931624,242
opponent_surface,body,direction_matches,20,surface,Grass,268,1658,0.16164053075995174,17,829,0.020506634499396863,138
opponent_surface,body,direction_matches,20,derived_period,to_2009,1351,3912,0.3453476482617587,248,1956,0.12678936605316973,216
opponent_surface,body,direction_matches,20,derived_period,2010s,1686,4464,0.37768817204301075,391,2232,0.17517921146953405,197
opponent_surface,body,direction_matches,20,derived_period,2020s,3108,6672,0.4658273381294964,849,3336,0.25449640287769787,268
opponent_surface,T,direction_points,0,overall,Overall,15048,15048,1.0,7524,7524,1.0,1002
opponent_surface,T,direction_points,0,surface,Hard,9646,9646,1.0,4823,4823,1.0,753
opponent_surface,T,direction_points,0,surface,Clay,3744,3744,1.0,1872,1872,1.0,587
opponent_surface,T,direction_points,0,surface,Grass,1658,1658,1.0,829,829,1.0,359
opponent_surface,T,direction_points,0,derived_period,to_2009,3912,3912,1.0,1956,1956,1.0,357
opponent_surface,T,direction_points,0,derived_period,2010s,4464,4464,1.0,2232,2232,1.0,412
opponent_surface,T,direction_points,0,derived_period,2020s,6672,6672,1.0,3336,3336,1.0,470
opponent_surface,T,direction_points,10,overall,Overall,12597,15048,0.8371212121212122,5453,7524,0.7247474747474747,789
opponent_surface,T,direction_points,10,surface,Hard,8524,9646,0.8836823553804686,3865,4823,0.8013684428778768,622
opponent_surface,T,direction_points,10,surface,Clay,2895,3744,0.7732371794871795,1167,1872,0.6233974358974359,466
opponent_surface,T,direction_points,10,surface,Grass,1178,1658,0.7104945717732207,421,829,0.5078407720144753,306
opponent_surface,T,direction_points,10,derived_period,to_2009,3179,3912,0.8126278118609407,1299,1956,0.6641104294478528,321
opponent_surface,T,direction_points,10,derived_period,2010s,3581,4464,0.8021953405017921,1511,2232,0.6769713261648745,306
opponent_surface,T,direction_points,10,derived_period,2020s,5837,6672,0.8748501199040767,2643,3336,0.7922661870503597,373
opponent_surface,T,direction_points,25,overall,Overall,11377,15048,0.7560473152578415,4526,7524,0.6015417331206805,731
opponent_surface,T,direction_points,25,surface,Hard,7943,9646,0.8234501347708895,3390,4823,0.7028820236367406,591
opponent_surface,T,direction_points,25,surface,Clay,2465,3744,0.6583867521367521,864,1872,0.46153846153846156,420
opponent_surface,T,direction_points,25,surface,Grass,969,1658,0.5844390832328106,272,829,0.3281061519903498,287
opponent_surface,T,direction_points,25,derived_period,to_2009,2858,3912,0.7305725971370143,1043,1956,0.5332310838445807,304
opponent_surface,T,direction_points,25,derived_period,2010s,3141,4464,0.7036290322580645,1198,2232,0.5367383512544803,274
opponent_surface,T,direction_points,25,derived_period,2020s,5378,6672,0.8060551558752997,2285,3336,0.6849520383693045,347
opponent_surface,T,direction_points,50,overall,Overall,9897,15048,0.657695374800638,3539,7524,0.47036150983519404,686
opponent_surface,T,direction_points,50,surface,Hard,7168,9646,0.7431059506531205,2787,4823,0.577856106157993,562
opponent_surface,T,direction_points,50,surface,Clay,1980,3744,0.5288461538461539,589,1872,0.31463675213675213,377
opponent_surface,T,direction_points,50,surface,Grass,749,1658,0.4517490952955368,163,829,0.19662243667068757,254
opponent_surface,T,direction_points,50,derived_period,to_2009,2433,3912,0.6219325153374233,758,1956,0.38752556237218816,283
opponent_surface,T,direction_points,50,derived_period,2010s,2652,4464,0.5940860215053764,900,2232,0.4032258064516129,244
opponent_surface,T,direction_points,50,derived_period,2020s,4812,6672,0.7212230215827338,1881,3336,0.5638489208633094,331
opponent_surface,T,direction_points,100,overall,Overall,8023,15048,0.5331605528973951,2415,7524,0.32097288676236047,610
opponent_surface,T,direction_points,100,surface,Hard,6118,9646,0.6342525399129173,2046,4823,0.42421729214182047,525
opponent_surface,T,direction_points,100,surface,Clay,1406,3744,0.37553418803418803,300,1872,0.16025641025641027,318
opponent_surface,T,direction_points,100,surface,Grass,499,1658,0.30096501809408926,69,829,0.08323281061519903,207
opponent_surface,T,direction_points,100,derived_period,to_2009,1961,3912,0.501278118609407,497,1956,0.25408997955010226,250
opponent_surface,T,direction_points,100,derived_period,2010s,2127,4464,0.47647849462365593,599,2232,0.26836917562724016,217
opponent_surface,T,direction_points,100,derived_period,2020s,3935,6672,0.5897781774580336,1319,3336,0.39538369304556353,297
opponent_surface,T,direction_points,250,overall,Overall,5232,15048,0.34768740031897927,1067,7524,0.14181286549707603,507
opponent_surface,T,direction_points,250,surface,Hard,4303,9646,0.44609164420485176,986,4823,0.20443707236160066,467
opponent_surface,T,direction_points,250,surface,Clay,702,3744,0.1875,71,1872,0.037927350427350424,213
opponent_surface,T,direction_points,250,surface,Grass,227,1658,0.13691194209891436,10,829,0.012062726176115802,125
opponent_surface,T,direction_points,250,derived_period,to_2009,1212,3912,0.3098159509202454,186,1956,0.0950920245398773,204
opponent_surface,T,direction_points,250,derived_period,2010s,1421,4464,0.31832437275985664,267,2232,0.1196236559139785,182
opponent_surface,T,direction_points,250,derived_period,2020s,2599,6672,0.3895383693045564,614,3336,0.18405275779376498,249
opponent_surface,T,direction_matches,0,overall,Overall,15048,15048,1.0,7524,7524,1.0,1002
opponent_surface,T,direction_matches,0,surface,Hard,9646,9646,1.0,4823,4823,1.0,753
opponent_surface,T,direction_matches,0,surface,Clay,3744,3744,1.0,1872,1872,1.0,587
opponent_surface,T,direction_matches,0,surface,Grass,1658,1658,1.0,829,829,1.0,359
opponent_surface,T,direction_matches,0,derived_period,to_2009,3912,3912,1.0,1956,1956,1.0,357
opponent_surface,T,direction_matches,0,derived_period,2010s,4464,4464,1.0,2232,2232,1.0,412
opponent_surface,T,direction_matches,0,derived_period,2020s,6672,6672,1.0,3336,3336,1.0,470
opponent_surface,T,direction_matches,1,overall,Overall,13325,15048,0.8854997341839447,6022,7524,0.8003721424774056,835
opponent_surface,T,direction_matches,1,surface,Hard,8885,9646,0.9211071946921003,4158,4823,0.8621190130624092,650
opponent_surface,T,direction_matches,1,surface,Clay,3146,3744,0.8402777777777778,1355,1872,0.7238247863247863,495
opponent_surface,T,direction_matches,1,surface,Grass,1294,1658,0.7804583835946924,509,829,0.6139927623642943,314
opponent_surface,T,direction_matches,1,derived_period,to_2009,3338,3912,0.8532719836400818,1426,1956,0.7290388548057259,328
opponent_surface,T,direction_matches,1,derived_period,2010s,3872,4464,0.8673835125448028,1737,2232,0.7782258064516129,326
opponent_surface,T,direction_matches,1,derived_period,2020s,6115,6672,0.9165167865707434,2859,3336,0.8570143884892086,397
opponent_surface,T,direction_matches,3,overall,Overall,11548,15048,0.767410951621478,4665,7524,0.6200159489633174,743
opponent_surface,T,direction_matches,3,surface,Hard,8055,9646,0.8350611652498445,3478,4823,0.7211279286750985,601
opponent_surface,T,direction_matches,3,surface,Clay,2546,3744,0.6800213675213675,919,1872,0.4909188034188034,431
opponent_surface,T,direction_matches,3,surface,Grass,947,1658,0.5711700844390832,268,829,0.3232810615199035,283
opponent_surface,T,direction_matches,3,derived_period,to_2009,2818,3912,0.7203476482617587,1019,1956,0.5209611451942741,300
opponent_surface,T,direction_matches,3,derived_period,2010s,3249,4464,0.7278225806451613,1272,2232,0.5698924731182796,285
opponent_surface,T,direction_matches,3,derived_period,2020s,5481,6672,0.8214928057553957,2374,3336,0.7116306954436451,355
opponent_surface,T,direction_matches,5,overall,Overall,10374,15048,0.6893939393939394,3835,7524,0.5097022860180755,698
opponent_surface,T,direction_matches,5,surface,Hard,7460,9646,0.7733775658303961,2996,4823,0.6211901306240929,574
opponent_surface,T,direction_matches,5,surface,Clay,2154,3744,0.5753205128205128,674,1872,0.36004273504273504,396
opponent_surface,T,direction_matches,5,surface,Grass,760,1658,0.4583835946924005,165,829,0.19903498190591074,253
opponent_surface,T,direction_matches,5,derived_period,to_2009,2474,3912,0.6324130879345603,787,1956,0.4023517382413088,283
opponent_surface,T,direction_matches,5,derived_period,2010s,2855,4464,0.6395609318996416,1006,2232,0.4507168458781362,259
opponent_surface,T,direction_matches,5,derived_period,2020s,5045,6672,0.7561450839328537,2042,3336,0.6121103117505995,339
opponent_surface,T,direction_matches,10,overall,Overall,8427,15048,0.5600079744816587,2642,7524,0.35114300903774587,639
opponent_surface,T,direction_matches,10,surface,Hard,6381,9646,0.6615177275554635,2211,4823,0.45842836408874144,539
opponent_surface,T,direction_matches,10,surface,Clay,1546,3744,0.4129273504273504,366,1872,0.1955128205128205,336
opponent_surface,T,direction_matches,10,surface,Grass,500,1658,0.30156815440289503,65,829,0.07840772014475271,216
opponent_surface,T,direction_matches,10,derived_period,to_2009,1946,3912,0.49744376278118607,494,1956,0.25255623721881393,253
opponent_surface,T,direction_matches,10,derived_period,2010s,2277,4464,0.5100806451612904,668,2232,0.2992831541218638,236
opponent_surface,T,direction_matches,10,derived_period,2020s,4204,6672,0.6300959232613909,1480,3336,0.44364508393285373,317
opponent_surface,T,direction_matches,20,overall,Overall,6165,15048,0.409688995215311,1499,7524,0.19922913343965976,542
opponent_surface,T,direction_matches,20,surface,Hard,4982,9646,0.5164835164835165,1351,4823,0.28011611030478956,488
opponent_surface,T,direction_matches,20,surface,Clay,915,3744,0.24439102564102563,131,1872,0.06997863247863248,243
opponent_surface,T,direction_matches,20,surface,Grass,268,1658,0.16164053075995174,17,829,0.020506634499396863,136
opponent_surface,T,direction_matches,20,derived_period,to_2009,1357,3912,0.346881390593047,252,1956,0.12883435582822086,216
opponent_surface,T,direction_matches,20,derived_period,2010s,1691,4464,0.3788082437275986,392,2232,0.17562724014336917,198
opponent_surface,T,direction_matches,20,derived_period,2020s,3117,6672,0.46717625899280574,855,3336,0.256294964028777,267
both_global,wide,direction_points,0,overall,Overall,15048,15048,1.0,7524,7524,1.0,1002
both_global,wide,direction_points,0,surface,Hard,9646,9646,1.0,4823,4823,1.0,753
both_global,wide,direction_points,0,surface,Clay,3744,3744,1.0,1872,1872,1.0,587
both_global,wide,direction_points,0,surface,Grass,1658,1658,1.0,829,829,1.0,359
both_global,wide,direction_points,0,derived_period,to_2009,3912,3912,1.0,1956,1956,1.0,357
both_global,wide,direction_points,0,derived_period,2010s,4464,4464,1.0,2232,2232,1.0,412
both_global,wide,direction_points,0,derived_period,2020s,6672,6672,1.0,3336,3336,1.0,470
both_global,wide,direction_points,10,overall,Overall,12719,15048,0.8452286018075492,6241,7524,0.8294790005316321,522
both_global,wide,direction_points,10,surface,Hard,8378,9646,0.8685465477918308,4120,4823,0.8542400995231184,456
both_global,wide,direction_points,10,surface,Clay,2967,3744,0.7924679487179487,1449,1872,0.7740384615384616,351
both_global,wide,direction_points,10,surface,Grass,1374,1658,0.8287092882991556,672,829,0.8106151990349819,263
both_global,wide,direction_points,10,derived_period,to_2009,3102,3912,0.7929447852760736,1518,1956,0.7760736196319018,173
both_global,wide,direction_points,10,derived_period,2010s,3630,4464,0.8131720430107527,1769,2232,0.7925627240143369,222
both_global,wide,direction_points,10,derived_period,2020s,5987,6672,0.897332134292566,2954,3336,0.8854916067146283,294
both_global,wide,direction_points,25,overall,Overall,11674,15048,0.7757841573631047,5696,7524,0.7570441254651781,407
both_global,wide,direction_points,25,surface,Hard,7744,9646,0.8028198216877462,3790,4823,0.7858179556292764,370
both_global,wide,direction_points,25,surface,Clay,2658,3744,0.7099358974358975,1284,1872,0.6858974358974359,291
both_global,wide,direction_points,25,surface,Grass,1272,1658,0.767189384800965,622,829,0.7503015681544029,236
both_global,wide,direction_points,25,derived_period,to_2009,2824,3912,0.721881390593047,1366,1956,0.6983640081799591,140
both_global,wide,direction_points,25,derived_period,2010s,3232,4464,0.7240143369175627,1573,2232,0.7047491039426523,173
both_global,wide,direction_points,25,derived_period,2020s,5618,6672,0.8420263788968825,2757,3336,0.8264388489208633,236
both_global,wide,direction_points,50,overall,Overall,10360,15048,0.6884635832004253,5021,7524,0.667331206804891,312
both_global,wide,direction_points,50,surface,Hard,6974,9646,0.7229939871449306,3384,4823,0.7016379846568526,297
both_global,wide,direction_points,50,surface,Clay,2272,3744,0.6068376068376068,1098,1872,0.5865384615384616,237
both_global,wide,direction_points,50,surface,Grass,1114,1658,0.6718938480096501,539,829,0.6501809408926418,198
both_global,wide,direction_points,50,derived_period,to_2009,2449,3912,0.6260224948875256,1178,1956,0.6022494887525562,107
both_global,wide,direction_points,50,derived_period,2010s,2758,4464,0.617831541218638,1326,2232,0.5940860215053764,141
both_global,wide,direction_points,50,derived_period,2020s,5153,6672,0.772332134292566,2517,3336,0.7544964028776978,189
both_global,wide,direction_points,100,overall,Overall,8457,15048,0.5620015948963317,4030,7524,0.5356193514088251,243
both_global,wide,direction_points,100,surface,Hard,5678,9646,0.5886377773170226,2713,4823,0.5625129587393738,232
both_global,wide,direction_points,100,surface,Clay,1853,3744,0.4949252136752137,877,1872,0.468482905982906,189
both_global,wide,direction_points,100,surface,Grass,926,1658,0.5585042219541616,440,829,0.5307599517490953,160
both_global,wide,direction_points,100,derived_period,to_2009,1930,3912,0.49335378323108386,918,1956,0.46932515337423314,77
both_global,wide,direction_points,100,derived_period,2010s,2143,4464,0.4800627240143369,1021,2232,0.4574372759856631,91
both_global,wide,direction_points,100,derived_period,2020s,4384,6672,0.657074340527578,2091,3336,0.6267985611510791,157
both_global,wide,direction_points,250,overall,Overall,5201,15048,0.3456273258904838,2402,7524,0.31924508240297716,139
both_global,wide,direction_points,250,surface,Hard,3556,9646,0.3686502177068215,1648,4823,0.34169603980924734,135
both_global,wide,direction_points,250,surface,Clay,1089,3744,0.29086538461538464,498,1872,0.266025641025641,118
both_global,wide,direction_points,250,surface,Grass,556,1658,0.3353437876960193,256,829,0.3088057901085645,104
both_global,wide,direction_points,250,derived_period,to_2009,1167,3912,0.2983128834355828,538,1956,0.27505112474437626,42
both_global,wide,direction_points,250,derived_period,2010s,1293,4464,0.2896505376344086,595,2232,0.26657706093189965,51
both_global,wide,direction_points,250,derived_period,2020s,2741,6672,0.41082134292565947,1269,3336,0.38039568345323743,92
both_global,wide,direction_matches,0,overall,Overall,15048,15048,1.0,7524,7524,1.0,1002
both_global,wide,direction_matches,0,surface,Hard,9646,9646,1.0,4823,4823,1.0,753
both_global,wide,direction_matches,0,surface,Clay,3744,3744,1.0,1872,1872,1.0,587
both_global,wide,direction_matches,0,surface,Grass,1658,1658,1.0,829,829,1.0,359
both_global,wide,direction_matches,0,derived_period,to_2009,3912,3912,1.0,1956,1956,1.0,357
both_global,wide,direction_matches,0,derived_period,2010s,4464,4464,1.0,2232,2232,1.0,412
both_global,wide,direction_matches,0,derived_period,2020s,6672,6672,1.0,3336,3336,1.0,470
both_global,wide,direction_matches,1,overall,Overall,13276,15048,0.8822434875066454,6635,7524,0.8818447634237108,576
both_global,wide,direction_matches,1,surface,Hard,8697,9646,0.9016172506738545,4348,4823,0.9015135807588638,493
both_global,wide,direction_matches,1,surface,Clay,3138,3744,0.8381410256410257,1568,1872,0.8376068376068376,386
both_global,wide,direction_matches,1,surface,Grass,1441,1658,0.8691194209891435,719,829,0.8673100120627262,283
both_global,wide,direction_matches,1,derived_period,to_2009,3234,3912,0.8266871165644172,1617,1956,0.8266871165644172,188
both_global,wide,direction_matches,1,derived_period,2010s,3876,4464,0.8682795698924731,1937,2232,0.867831541218638,250
both_global,wide,direction_matches,1,derived_period,2020s,6166,6672,0.9241606714628298,3081,3336,0.9235611510791367,321
both_global,wide,direction_matches,3,overall,Overall,11522,15048,0.7656831472620946,5755,7524,0.7648856990962254,379
both_global,wide,direction_matches,3,surface,Hard,7673,9646,0.7954592577234086,3833,4823,0.794733568318474,356
both_global,wide,direction_matches,3,surface,Clay,2622,3744,0.7003205128205128,1309,1872,0.6992521367521367,278
both_global,wide,direction_matches,3,surface,Grass,1227,1658,0.7400482509047045,613,829,0.7394451145958987,227
both_global,wide,direction_matches,3,derived_period,to_2009,2635,3912,0.6735685071574642,1317,1956,0.6733128834355828,118
both_global,wide,direction_matches,3,derived_period,2010s,3255,4464,0.7291666666666666,1625,2232,0.7280465949820788,170
both_global,wide,direction_matches,3,derived_period,2020s,5632,6672,0.8441247002398081,2813,3336,0.8432254196642686,231
both_global,wide,direction_matches,5,overall,Overall,10347,15048,0.6875996810207337,5166,7524,0.6866028708133971,318
both_global,wide,direction_matches,5,surface,Hard,6953,9646,0.7208169189301264,3470,4823,0.7194692100352478,302
both_global,wide,direction_matches,5,surface,Clay,2294,3744,0.6127136752136753,1146,1872,0.6121794871794872,242
both_global,wide,direction_matches,5,surface,Grass,1100,1658,0.6634499396863691,550,829,0.6634499396863691,198
both_global,wide,direction_matches,5,derived_period,to_2009,2264,3912,0.5787321063394683,1132,1956,0.5787321063394683,101
both_global,wide,direction_matches,5,derived_period,2010s,2847,4464,0.6377688172043011,1419,2232,0.635752688172043,143
both_global,wide,direction_matches,5,derived_period,2020s,5236,6672,0.7847721822541966,2615,3336,0.7838729016786571,199
both_global,wide,direction_matches,10,overall,Overall,8107,15048,0.5387426900584795,4043,7524,0.5373471557682084,229
both_global,wide,direction_matches,10,surface,Hard,5456,9646,0.5656230561890939,2722,4823,0.5643790172092059,219
both_global,wide,direction_matches,10,surface,Clay,1776,3744,0.47435897435897434,885,1872,0.47275641025641024,179
both_global,wide,direction_matches,10,surface,Grass,875,1658,0.5277442702050663,436,829,0.525934861278649,152
both_global,wide,direction_matches,10,derived_period,to_2009,1613,3912,0.41232106339468305,806,1956,0.4120654396728016,61
both_global,wide,direction_matches,10,derived_period,2010s,2139,4464,0.4791666666666667,1065,2232,0.4771505376344086,93
both_global,wide,direction_matches,10,derived_period,2020s,4355,6672,0.6527278177458034,2172,3336,0.6510791366906474,156
both_global,wide,direction_matches,20,overall,Overall,5559,15048,0.3694178628389155,2769,7524,0.36802232854864436,149
both_global,wide,direction_matches,20,surface,Hard,3802,9646,0.39415301679452625,1896,4823,0.3931163176446195,146
both_global,wide,direction_matches,20,surface,Clay,1187,3744,0.3170405982905983,590,1872,0.31517094017094016,123
both_global,wide,direction_matches,20,surface,Grass,570,1658,0.34378769601930037,283,829,0.3413751507840772,103
both_global,wide,direction_matches,20,derived_period,to_2009,1004,3912,0.25664621676891614,500,1956,0.2556237218813906,37
both_global,wide,direction_matches,20,derived_period,2010s,1413,4464,0.3165322580645161,704,2232,0.3154121863799283,55
both_global,wide,direction_matches,20,derived_period,2020s,3142,6672,0.4709232613908873,1565,3336,0.4691247002398082,104
both_global,body,direction_points,0,overall,Overall,15048,15048,1.0,7524,7524,1.0,1002
both_global,body,direction_points,0,surface,Hard,9646,9646,1.0,4823,4823,1.0,753
both_global,body,direction_points,0,surface,Clay,3744,3744,1.0,1872,1872,1.0,587
both_global,body,direction_points,0,surface,Grass,1658,1658,1.0,829,829,1.0,359
both_global,body,direction_points,0,derived_period,to_2009,3912,3912,1.0,1956,1956,1.0,357
both_global,body,direction_points,0,derived_period,2010s,4464,4464,1.0,2232,2232,1.0,412
both_global,body,direction_points,0,derived_period,2020s,6672,6672,1.0,3336,3336,1.0,470
both_global,body,direction_points,10,overall,Overall,12736,15048,0.8463583200425305,6238,7524,0.8290802764486975,518
both_global,body,direction_points,10,surface,Hard,8389,9646,0.8696869168567282,4119,4823,0.8540327596931371,456
both_global,body,direction_points,10,surface,Clay,2962,3744,0.7911324786324786,1436,1872,0.7670940170940171,353
both_global,body,direction_points,10,surface,Grass,1385,1658,0.8353437876960192,683,829,0.8238841978287093,263
both_global,body,direction_points,10,derived_period,to_2009,3065,3912,0.7834867075664622,1492,1956,0.7627811860940695,167
both_global,body,direction_points,10,derived_period,2010s,3648,4464,0.8172043010752689,1776,2232,0.7956989247311828,218
both_global,body,direction_points,10,derived_period,2020s,6023,6672,0.9027278177458034,2970,3336,0.8902877697841727,299
both_global,body,direction_points,25,overall,Overall,11640,15048,0.773524720893142,5654,7524,0.7514619883040936,406
both_global,body,direction_points,25,surface,Hard,7748,9646,0.8032345013477089,3778,4823,0.7833298776695004,374
both_global,body,direction_points,25,surface,Clay,2631,3744,0.7027243589743589,1269,1872,0.6778846153846154,291
both_global,body,direction_points,25,surface,Grass,1261,1658,0.7605548854041013,607,829,0.7322074788902292,238
both_global,body,direction_points,25,derived_period,to_2009,2723,3912,0.6960633946830266,1308,1956,0.6687116564417178,132
both_global,body,direction_points,25,derived_period,2010s,3216,4464,0.7204301075268817,1548,2232,0.6935483870967742,173
both_global,body,direction_points,25,derived_period,2020s,5701,6672,0.8544664268585132,2798,3336,0.8387290167865707,246
both_global,body,direction_points,50,overall,Overall,10246,15048,0.6808878256246678,4923,7524,0.6543062200956937,324
both_global,body,direction_points,50,surface,Hard,6876,9646,0.712834335475845,3308,4823,0.6858801575782708,308
both_global,body,direction_points,50,surface,Clay,2259,3744,0.6033653846153846,1078,1872,0.5758547008547008,240
both_global,body,direction_points,50,surface,Grass,1111,1658,0.6700844390832328,537,829,0.6477683956574186,199
both_global,body,direction_points,50,derived_period,to_2009,2272,3912,0.5807770961145194,1071,1956,0.5475460122699386,98
both_global,body,direction_points,50,derived_period,2010s,2742,4464,0.614247311827957,1309,2232,0.5864695340501792,134
both_global,body,direction_points,50,derived_period,2020s,5232,6672,0.7841726618705036,2543,3336,0.7622901678657075,208
both_global,body,direction_points,100,overall,Overall,8231,15048,0.5469829877724615,3872,7524,0.5146198830409356,240
both_global,body,direction_points,100,surface,Hard,5586,9646,0.579100145137881,2641,4823,0.5475844909807174,230
both_global,body,direction_points,100,surface,Clay,1741,3744,0.4650106837606838,810,1872,0.4326923076923077,184
both_global,body,direction_points,100,surface,Grass,904,1658,0.5452352231604343,421,829,0.5078407720144753,160
both_global,body,direction_points,100,derived_period,to_2009,1736,3912,0.4437627811860941,803,1956,0.4105316973415133,70
both_global,body,direction_points,100,derived_period,2010s,2166,4464,0.4852150537634409,1009,2232,0.4520609318996416,95
both_global,body,direction_points,100,derived_period,2020s,4329,6672,0.6488309352517986,2060,3336,0.617505995203837,159
both_global,body,direction_points,250,overall,Overall,4955,15048,0.3292796384901648,2281,7524,0.3031632110579479,127
both_global,body,direction_points,250,surface,Hard,3428,9646,0.35538046858801575,1581,4823,0.3278042712004976,122
both_global,body,direction_points,250,surface,Clay,994,3744,0.265491452991453,453,1872,0.2419871794871795,105
both_global,body,direction_points,250,surface,Grass,533,1658,0.32147165259348615,247,829,0.29794933655006034,94
both_global,body,direction_points,250,derived_period,to_2009,961,3912,0.24565439672801637,438,1956,0.22392638036809817,36
both_global,body,direction_points,250,derived_period,2010s,1260,4464,0.28225806451612906,574,2232,0.257168458781362,49
both_global,body,direction_points,250,derived_period,2020s,2734,6672,0.40977218225419665,1269,3336,0.38039568345323743,88
both_global,body,direction_matches,0,overall,Overall,15048,15048,1.0,7524,7524,1.0,1002
both_global,body,direction_matches,0,surface,Hard,9646,9646,1.0,4823,4823,1.0,753
both_global,body,direction_matches,0,surface,Clay,3744,3744,1.0,1872,1872,1.0,587
both_global,body,direction_matches,0,surface,Grass,1658,1658,1.0,829,829,1.0,359
both_global,body,direction_matches,0,derived_period,to_2009,3912,3912,1.0,1956,1956,1.0,357
both_global,body,direction_matches,0,derived_period,2010s,4464,4464,1.0,2232,2232,1.0,412
both_global,body,direction_matches,0,derived_period,2020s,6672,6672,1.0,3336,3336,1.0,470
both_global,body,direction_matches,1,overall,Overall,13271,15048,0.8819112174375332,6630,7524,0.8811802232854864,574
both_global,body,direction_matches,1,surface,Hard,8691,9646,0.9009952311839104,4342,4823,0.9002695417789758,493
both_global,body,direction_matches,1,surface,Clay,3137,3744,0.8378739316239316,1567,1872,0.8370726495726496,384
both_global,body,direction_matches,1,surface,Grass,1443,1658,0.8703256936067552,721,829,0.8697225572979493,283
both_global,body,direction_matches,1,derived_period,to_2009,3228,3912,0.8251533742331288,1611,1956,0.8236196319018405,188
both_global,body,direction_matches,1,derived_period,2010s,3876,4464,0.8682795698924731,1937,2232,0.867831541218638,248
both_global,body,direction_matches,1,derived_period,2020s,6167,6672,0.924310551558753,3082,3336,0.9238609112709832,321
both_global,body,direction_matches,3,overall,Overall,11515,15048,0.7652179691653376,5748,7524,0.7639553429027113,380
both_global,body,direction_matches,3,surface,Hard,7667,9646,0.7948372382334646,3827,4823,0.793489529338586,357
both_global,body,direction_matches,3,surface,Clay,2621,3744,0.7000534188034188,1308,1872,0.6987179487179487,277
both_global,body,direction_matches,3,surface,Grass,1227,1658,0.7400482509047045,613,829,0.7394451145958987,227
both_global,body,direction_matches,3,derived_period,to_2009,2625,3912,0.6710122699386503,1307,1956,0.668200408997955,118
both_global,body,direction_matches,3,derived_period,2010s,3255,4464,0.7291666666666666,1625,2232,0.7280465949820788,170
both_global,body,direction_matches,3,derived_period,2020s,5635,6672,0.844574340527578,2816,3336,0.8441247002398081,231
both_global,body,direction_matches,5,overall,Overall,10326,15048,0.6862041467304625,5147,7524,0.6840776182881446,320
both_global,body,direction_matches,5,surface,Hard,6944,9646,0.7198838896952104,3461,4823,0.7176031515654158,305
both_global,body,direction_matches,5,surface,Clay,2286,3744,0.6105769230769231,1140,1872,0.6089743589743589,241
both_global,body,direction_matches,5,surface,Grass,1096,1658,0.661037394451146,546,829,0.6586248492159228,198
both_global,body,direction_matches,5,derived_period,to_2009,2252,3912,0.5756646216768916,1120,1956,0.5725971370143149,101
both_global,body,direction_matches,5,derived_period,2010s,2846,4464,0.6375448028673835,1419,2232,0.635752688172043,143
both_global,body,direction_matches,5,derived_period,2020s,5228,6672,0.7835731414868106,2608,3336,0.7817745803357314,201
both_global,body,direction_matches,10,overall,Overall,8071,15048,0.5363503455608719,4013,7524,0.5333599149388623,226
both_global,body,direction_matches,10,surface,Hard,5432,9646,0.5631349782293179,2702,4823,0.5602322206095791,217
both_global,body,direction_matches,10,surface,Clay,1765,3744,0.47142094017094016,875,1872,0.4674145299145299,178
both_global,body,direction_matches,10,surface,Grass,874,1658,0.5271411338962606,436,829,0.525934861278649,151
both_global,body,direction_matches,10,derived_period,to_2009,1602,3912,0.40950920245398775,796,1956,0.4069529652351738,60
both_global,body,direction_matches,10,derived_period,2010s,2130,4464,0.4771505376344086,1058,2232,0.47401433691756273,90
both_global,body,direction_matches,10,derived_period,2020s,4339,6672,0.6503297362110312,2159,3336,0.6471822541966427,155
both_global,body,direction_matches,20,overall,Overall,5515,15048,0.3664938862307283,2733,7524,0.363237639553429,146
both_global,body,direction_matches,20,surface,Hard,3768,9646,0.39062823968484345,1869,4823,0.3875181422351234,143
both_global,body,direction_matches,20,surface,Clay,1182,3744,0.3157051282051282,585,1872,0.3125,122
both_global,body,direction_matches,20,surface,Grass,565,1658,0.3407720144752714,279,829,0.3365500603136309,100
both_global,body,direction_matches,20,derived_period,to_2009,998,3912,0.2551124744376278,495,1956,0.25306748466257667,36
both_global,body,direction_matches,20,derived_period,2010s,1406,4464,0.3149641577060932,698,2232,0.31272401433691754,55
both_global,body,direction_matches,20,derived_period,2020s,3111,6672,0.4662769784172662,1540,3336,0.4616306954436451,102
both_global,T,direction_points,0,overall,Overall,15048,15048,1.0,7524,7524,1.0,1002
both_global,T,direction_points,0,surface,Hard,9646,9646,1.0,4823,4823,1.0,753
both_global,T,direction_points,0,surface,Clay,3744,3744,1.0,1872,1872,1.0,587
both_global,T,direction_points,0,surface,Grass,1658,1658,1.0,829,829,1.0,359
both_global,T,direction_points,0,derived_period,to_2009,3912,3912,1.0,1956,1956,1.0,357
both_global,T,direction_points,0,derived_period,2010s,4464,4464,1.0,2232,2232,1.0,412
both_global,T,direction_points,0,derived_period,2020s,6672,6672,1.0,3336,3336,1.0,470
both_global,T,direction_points,10,overall,Overall,12507,15048,0.831140350877193,6126,7524,0.8141945773524721,482
both_global,T,direction_points,10,surface,Hard,8256,9646,0.8558988181629691,4054,4823,0.84055567074435,427
both_global,T,direction_points,10,surface,Clay,2889,3744,0.7716346153846154,1404,1872,0.75,334
both_global,T,direction_points,10,surface,Grass,1362,1658,0.8214716525934861,668,829,0.8057901085645356,260
both_global,T,direction_points,10,derived_period,to_2009,3032,3912,0.7750511247443763,1476,1956,0.754601226993865,166
both_global,T,direction_points,10,derived_period,2010s,3558,4464,0.7970430107526881,1733,2232,0.7764336917562724,201
both_global,T,direction_points,10,derived_period,2020s,5917,6672,0.8868405275779376,2917,3336,0.874400479616307,278
both_global,T,direction_points,25,overall,Overall,11219,15048,0.7455475810738968,5453,7524,0.7247474747474747,378
both_global,T,direction_points,25,surface,Hard,7494,9646,0.7769023429400788,3656,4823,0.7580344184117769,347
both_global,T,direction_points,25,surface,Clay,2507,3744,0.6696047008547008,1208,1872,0.6452991452991453,271
both_global,T,direction_points,25,surface,Grass,1218,1658,0.7346200241254524,589,829,0.7104945717732207,223
both_global,T,direction_points,25,derived_period,to_2009,2652,3912,0.6779141104294478,1280,1956,0.65439672801636,127
both_global,T,direction_points,25,derived_period,2010s,3079,4464,0.6897401433691757,1482,2232,0.6639784946236559,159
both_global,T,direction_points,25,derived_period,2020s,5488,6672,0.8225419664268585,2691,3336,0.8066546762589928,228
both_global,T,direction_points,50,overall,Overall,9681,15048,0.643341307814992,4655,7524,0.6186868686868687,297
both_global,T,direction_points,50,surface,Hard,6528,9646,0.6767572050590919,3146,4823,0.6522911051212938,281
both_global,T,direction_points,50,surface,Clay,2092,3744,0.5587606837606838,997,1872,0.5325854700854701,216
both_global,T,direction_points,50,surface,Grass,1061,1658,0.6399276236429433,512,829,0.617611580217129,188
both_global,T,direction_points,50,derived_period,to_2009,2182,3912,0.5577709611451943,1038,1956,0.5306748466257669,98
both_global,T,direction_points,50,derived_period,2010s,2577,4464,0.5772849462365591,1231,2232,0.5515232974910395,127
both_global,T,direction_points,50,derived_period,2020s,4922,6672,0.7377098321342925,2386,3336,0.7152278177458034,186
both_global,T,direction_points,100,overall,Overall,7538,15048,0.5009303561935141,3578,7524,0.475544922913344,207
both_global,T,direction_points,100,surface,Hard,5081,9646,0.5267468380675928,2407,4823,0.499066970765084,196
both_global,T,direction_points,100,surface,Clay,1623,3744,0.43349358974358976,776,1872,0.41452991452991456,159
both_global,T,direction_points,100,surface,Grass,834,1658,0.503015681544029,395,829,0.4764776839565742,149
both_global,T,direction_points,100,derived_period,to_2009,1606,3912,0.4105316973415133,753,1956,0.38496932515337423,60
both_global,T,direction_points,100,derived_period,2010s,1959,4464,0.4388440860215054,922,2232,0.41308243727598565,81
both_global,T,direction_points,100,derived_period,2020s,3973,6672,0.5954736211031175,1903,3336,0.5704436450839329,139
both_global,T,direction_points,250,overall,Overall,4296,15048,0.28548644338118023,1957,7524,0.2601010101010101,122
both_global,T,direction_points,250,surface,Hard,2968,9646,0.3076923076923077,1348,4823,0.27949409081484555,120
both_global,T,direction_points,250,surface,Clay,864,3744,0.23076923076923078,395,1872,0.2110042735042735,97
both_global,T,direction_points,250,surface,Grass,464,1658,0.2798552472858866,214,829,0.25814234016887816,89
both_global,T,direction_points,250,derived_period,to_2009,850,3912,0.217280163599182,379,1956,0.19376278118609408,34
both_global,T,direction_points,250,derived_period,2010s,1069,4464,0.23947132616487454,492,2232,0.22043010752688172,43
both_global,T,direction_points,250,derived_period,2020s,2377,6672,0.35626498800959233,1086,3336,0.3255395683453237,85
both_global,T,direction_matches,0,overall,Overall,15048,15048,1.0,7524,7524,1.0,1002
both_global,T,direction_matches,0,surface,Hard,9646,9646,1.0,4823,4823,1.0,753
both_global,T,direction_matches,0,surface,Clay,3744,3744,1.0,1872,1872,1.0,587
both_global,T,direction_matches,0,surface,Grass,1658,1658,1.0,829,829,1.0,359
both_global,T,direction_matches,0,derived_period,to_2009,3912,3912,1.0,1956,1956,1.0,357
both_global,T,direction_matches,0,derived_period,2010s,4464,4464,1.0,2232,2232,1.0,412
both_global,T,direction_matches,0,derived_period,2020s,6672,6672,1.0,3336,3336,1.0,470
both_global,T,direction_matches,1,overall,Overall,13255,15048,0.8808479532163743,6618,7524,0.879585326953748,573
both_global,T,direction_matches,1,surface,Hard,8684,9646,0.9002695417789758,4337,4823,0.899232842629069,490
both_global,T,direction_matches,1,surface,Clay,3131,3744,0.8362713675213675,1562,1872,0.8344017094017094,386
both_global,T,direction_matches,1,surface,Grass,1440,1658,0.8685162846803377,719,829,0.8673100120627262,282
both_global,T,direction_matches,1,derived_period,to_2009,3226,3912,0.8246421267893661,1610,1956,0.8231083844580777,187
both_global,T,direction_matches,1,derived_period,2010s,3873,4464,0.8676075268817204,1934,2232,0.8664874551971327,249
both_global,T,direction_matches,1,derived_period,2020s,6156,6672,0.9226618705035972,3074,3336,0.9214628297362111,320
both_global,T,direction_matches,3,overall,Overall,11487,15048,0.7633572567783095,5724,7524,0.7607655502392344,378
both_global,T,direction_matches,3,surface,Hard,7656,9646,0.7936968691685673,3817,4823,0.7914161310387725,356
both_global,T,direction_matches,3,surface,Clay,2606,3744,0.6960470085470085,1296,1872,0.6923076923076923,274
both_global,T,direction_matches,3,surface,Grass,1225,1658,0.7388419782870929,611,829,0.7370325693606755,226
both_global,T,direction_matches,3,derived_period,to_2009,2621,3912,0.6699897750511248,1304,1956,0.6666666666666666,117
both_global,T,direction_matches,3,derived_period,2010s,3248,4464,0.7275985663082437,1618,2232,0.724910394265233,170
both_global,T,direction_matches,3,derived_period,2020s,5618,6672,0.8420263788968825,2802,3336,0.8399280575539568,229
both_global,T,direction_matches,5,overall,Overall,10314,15048,0.6854066985645934,5139,7524,0.6830143540669856,319
both_global,T,direction_matches,5,surface,Hard,6935,9646,0.7189508604602944,3457,4823,0.7167737922454903,302
both_global,T,direction_matches,5,surface,Clay,2284,3744,0.6100427350427351,1137,1872,0.6073717948717948,241
both_global,T,direction_matches,5,surface,Grass,1095,1658,0.6604342581423401,545,829,0.6574185765983113,197
both_global,T,direction_matches,5,derived_period,to_2009,2249,3912,0.5748977505112475,1119,1956,0.5720858895705522,100
both_global,T,direction_matches,5,derived_period,2010s,2846,4464,0.6375448028673835,1418,2232,0.6353046594982079,143
both_global,T,direction_matches,5,derived_period,2020s,5219,6672,0.7822242206235012,2602,3336,0.7799760191846523,200
both_global,T,direction_matches,10,overall,Overall,8081,15048,0.5370148856990963,4021,7524,0.5344231791600212,229
both_global,T,direction_matches,10,surface,Hard,5442,9646,0.5641716773792246,2709,4823,0.5616835994194485,219
both_global,T,direction_matches,10,surface,Clay,1767,3744,0.4719551282051282,879,1872,0.46955128205128205,179
both_global,T,direction_matches,10,surface,Grass,872,1658,0.525934861278649,433,829,0.5223160434258143,152
both_global,T,direction_matches,10,derived_period,to_2009,1602,3912,0.40950920245398775,796,1956,0.4069529652351738,61
both_global,T,direction_matches,10,derived_period,2010s,2138,4464,0.4789426523297491,1064,2232,0.4767025089605735,93
both_global,T,direction_matches,10,derived_period,2020s,4341,6672,0.6506294964028777,2161,3336,0.6477817745803357,156
both_global,T,direction_matches,20,overall,Overall,5526,15048,0.3672248803827751,2744,7524,0.3646996278575226,149
both_global,T,direction_matches,20,surface,Hard,3773,9646,0.3911465892597968,1875,4823,0.3887621812150114,146
both_global,T,direction_matches,20,surface,Clay,1184,3744,0.3162393162393162,587,1872,0.31356837606837606,123
both_global,T,direction_matches,20,surface,Grass,569,1658,0.34318455971049455,282,829,0.3401688781664656,102
both_global,T,direction_matches,20,derived_period,to_2009,998,3912,0.2551124744376278,495,1956,0.25306748466257667,37
both_global,T,direction_matches,20,derived_period,2010s,1400,4464,0.31362007168458783,695,2232,0.31137992831541217,55
both_global,T,direction_matches,20,derived_period,2020s,3128,6672,0.46882494004796166,1554,3336,0.4658273381294964,104
both_surface,wide,direction_points,0,overall,Overall,15048,15048,1.0,7524,7524,1.0,1002
both_surface,wide,direction_points,0,surface,Hard,9646,9646,1.0,4823,4823,1.0,753
both_surface,wide,direction_points,0,surface,Clay,3744,3744,1.0,1872,1872,1.0,587
both_surface,wide,direction_points,0,surface,Grass,1658,1658,1.0,829,829,1.0,359
both_surface,wide,direction_points,0,derived_period,to_2009,3912,3912,1.0,1956,1956,1.0,357
both_surface,wide,direction_points,0,derived_period,2010s,4464,4464,1.0,2232,2232,1.0,412
both_surface,wide,direction_points,0,derived_period,2020s,6672,6672,1.0,3336,3336,1.0,470
both_surface,wide,direction_points,10,overall,Overall,11232,15048,0.7464114832535885,5444,7524,0.723551302498671,466
both_surface,wide,direction_points,10,surface,Hard,7874,9646,0.8162969106365333,3846,4823,0.7974289861082314,395
both_surface,wide,direction_points,10,surface,Clay,2489,3744,0.6647970085470085,1193,1872,0.6372863247863247,291
both_surface,wide,direction_points,10,surface,Grass,869,1658,0.5241254523522316,405,829,0.48854041013269,164
both_surface,wide,direction_points,10,derived_period,to_2009,2695,3912,0.6889059304703476,1308,1956,0.6687116564417178,152
both_surface,wide,direction_points,10,derived_period,2010s,3127,4464,0.7004928315412187,1502,2232,0.6729390681003584,201
both_surface,wide,direction_points,10,derived_period,2020s,5410,6672,0.8108513189448441,2634,3336,0.789568345323741,264
both_surface,wide,direction_points,25,overall,Overall,9641,15048,0.6406831472620946,4613,7524,0.6131047315257842,348
both_surface,wide,direction_points,25,surface,Hard,7055,9646,0.7313912502591748,3420,4823,0.7091022185361808,303
both_surface,wide,direction_points,25,surface,Clay,1969,3744,0.5259081196581197,914,1872,0.48824786324786323,207
both_surface,wide,direction_points,25,surface,Grass,617,1658,0.3721351025331725,279,829,0.3365500603136309,110
both_surface,wide,direction_points,25,derived_period,to_2009,2292,3912,0.5858895705521472,1084,1956,0.5541922290388548,123
both_surface,wide,direction_points,25,derived_period,2010s,2584,4464,0.578853046594982,1229,2232,0.5506272401433692,152
both_surface,wide,direction_points,25,derived_period,2020s,4765,6672,0.7141786570743405,2300,3336,0.6894484412470024,204
both_surface,wide,direction_points,50,overall,Overall,7825,15048,0.5200026581605529,3702,7524,0.4920255183413078,264
both_surface,wide,direction_points,50,surface,Hard,6019,9646,0.623989218328841,2892,4823,0.5996267883060336,245
both_surface,wide,direction_points,50,surface,Clay,1427,3744,0.38114316239316237,645,1872,0.34455128205128205,149
both_surface,wide,direction_points,50,surface,Grass,379,1658,0.22858866103739445,165,829,0.19903498190591074,71
both_surface,wide,direction_points,50,derived_period,to_2009,1813,3912,0.46344580777096117,843,1956,0.43098159509202455,89
both_surface,wide,direction_points,50,derived_period,2010s,1978,4464,0.44310035842293904,930,2232,0.4166666666666667,105
both_surface,wide,direction_points,50,derived_period,2020s,4034,6672,0.6046163069544365,1929,3336,0.5782374100719424,168
both_surface,wide,direction_points,100,overall,Overall,5648,15048,0.3753322700691122,2620,7524,0.34821903242955876,187
both_surface,wide,direction_points,100,surface,Hard,4608,9646,0.477710968277006,2178,4823,0.45158614969935723,171
both_surface,wide,direction_points,100,surface,Clay,858,3744,0.22916666666666666,366,1872,0.1955128205128205,97
both_surface,wide,direction_points,100,surface,Grass,182,1658,0.1097708082026538,76,829,0.09167671893848009,36
both_surface,wide,direction_points,100,derived_period,to_2009,1285,3912,0.3284764826175869,592,1956,0.30265848670756645,55
both_surface,wide,direction_points,100,derived_period,2010s,1391,4464,0.31160394265232977,647,2232,0.28987455197132617,69
both_surface,wide,direction_points,100,derived_period,2020s,2972,6672,0.44544364508393286,1381,3336,0.41396882494004794,126
both_surface,wide,direction_points,250,overall,Overall,2743,15048,0.18228335991493885,1229,7524,0.16334396597554493,104
both_surface,wide,direction_points,250,surface,Hard,2473,9646,0.2563756997719262,1121,4823,0.23242794940908149,100
both_surface,wide,direction_points,250,surface,Clay,237,3744,0.06330128205128205,98,1872,0.05235042735042735,29
both_surface,wide,direction_points,250,surface,Grass,33,1658,0.019903498190591073,10,829,0.012062726176115802,13
both_surface,wide,direction_points,250,derived_period,to_2009,600,3912,0.15337423312883436,264,1956,0.13496932515337423,32
both_surface,wide,direction_points,250,derived_period,2010s,711,4464,0.1592741935483871,316,2232,0.14157706093189965,38
both_surface,wide,direction_points,250,derived_period,2020s,1432,6672,0.2146282973621103,649,3336,0.1945443645083933,68
both_surface,wide,direction_matches,0,overall,Overall,15048,15048,1.0,7524,7524,1.0,1002
both_surface,wide,direction_matches,0,surface,Hard,9646,9646,1.0,4823,4823,1.0,753
both_surface,wide,direction_matches,0,surface,Clay,3744,3744,1.0,1872,1872,1.0,587
both_surface,wide,direction_matches,0,surface,Grass,1658,1658,1.0,829,829,1.0,359
both_surface,wide,direction_matches,0,derived_period,to_2009,3912,3912,1.0,1956,1956,1.0,357
both_surface,wide,direction_matches,0,derived_period,2010s,4464,4464,1.0,2232,2232,1.0,412
both_surface,wide,direction_matches,0,derived_period,2020s,6672,6672,1.0,3336,3336,1.0,470
both_surface,wide,direction_matches,1,overall,Overall,12067,15048,0.8019005847953217,6027,7524,0.80103668261563,523
both_surface,wide,direction_matches,1,surface,Hard,8324,9646,0.8629483723823347,4159,4823,0.8623263528923907,446
both_surface,wide,direction_matches,1,surface,Clay,2724,3744,0.7275641025641025,1360,1872,0.7264957264957265,315
both_surface,wide,direction_matches,1,surface,Grass,1019,1658,0.6145958986731002,508,829,0.6127864897466827,192
both_surface,wide,direction_matches,1,derived_period,to_2009,2860,3912,0.7310838445807771,1429,1956,0.7305725971370143,172
both_surface,wide,direction_matches,1,derived_period,2010s,3483,4464,0.780241935483871,1740,2232,0.7795698924731183,231
both_surface,wide,direction_matches,1,derived_period,2020s,5724,6672,0.8579136690647482,2858,3336,0.8567146282973621,285
both_surface,wide,direction_matches,3,overall,Overall,9359,15048,0.621943115364168,4668,7524,0.620414673046252,332
both_surface,wide,direction_matches,3,surface,Hard,6958,9646,0.7213352685050798,3472,4823,0.7198838896952104,303
both_surface,wide,direction_matches,3,surface,Clay,1858,3744,0.4962606837606838,927,1872,0.4951923076923077,194
both_surface,wide,direction_matches,3,surface,Grass,543,1658,0.32750301568154405,269,829,0.32448733413751507,95
both_surface,wide,direction_matches,3,derived_period,to_2009,2044,3912,0.5224948875255624,1020,1956,0.5214723926380368,106
both_surface,wide,direction_matches,3,derived_period,2010s,2553,4464,0.5719086021505376,1272,2232,0.5698924731182796,151
both_surface,wide,direction_matches,3,derived_period,2020s,4762,6672,0.7137290167865707,2376,3336,0.7122302158273381,202
both_surface,wide,direction_matches,5,overall,Overall,7695,15048,0.5113636363636364,3839,7524,0.5102339181286549,262
both_surface,wide,direction_matches,5,surface,Hard,6004,9646,0.6224341696039809,2996,4823,0.6211901306240929,244
both_surface,wide,direction_matches,5,surface,Clay,1360,3744,0.36324786324786323,679,1872,0.3627136752136752,137
both_surface,wide,direction_matches,5,surface,Grass,331,1658,0.19963811821471653,164,829,0.19782870928829915,57
both_surface,wide,direction_matches,5,derived_period,to_2009,1574,3912,0.4023517382413088,785,1956,0.4013292433537832,79
both_surface,wide,direction_matches,5,derived_period,2010s,2021,4464,0.45273297491039427,1009,2232,0.4520609318996416,112
both_surface,wide,direction_matches,5,derived_period,2020s,4100,6672,0.6145083932853717,2045,3336,0.613009592326139,172
both_surface,wide,direction_matches,10,overall,Overall,5311,15048,0.3529372674109516,2645,7524,0.3515417331206805,175
both_surface,wide,direction_matches,10,surface,Hard,4447,9646,0.4610201119635082,2218,4823,0.45987974289861083,165
both_surface,wide,direction_matches,10,surface,Clay,735,3744,0.19631410256410256,365,1872,0.19497863247863248,80
both_surface,wide,direction_matches,10,surface,Grass,129,1658,0.07780458383594692,62,829,0.07478890229191798,31
both_surface,wide,direction_matches,10,derived_period,to_2009,988,3912,0.25255623721881393,491,1956,0.25102249488752554,46
both_surface,wide,direction_matches,10,derived_period,2010s,1339,4464,0.2999551971326165,666,2232,0.29838709677419356,66
both_surface,wide,direction_matches,10,derived_period,2020s,2984,6672,0.447242206235012,1488,3336,0.4460431654676259,121
both_surface,wide,direction_matches,20,overall,Overall,3014,15048,0.20029239766081872,1500,7524,0.19936204146730463,108
both_surface,wide,direction_matches,20,surface,Hard,2717,9646,0.2816711590296496,1352,4823,0.2803234501347709,103
both_surface,wide,direction_matches,20,surface,Clay,264,3744,0.07051282051282051,132,1872,0.07051282051282051,30
both_surface,wide,direction_matches,20,surface,Grass,33,1658,0.019903498190591073,16,829,0.019300361881785282,13
both_surface,wide,direction_matches,20,derived_period,to_2009,505,3912,0.12908997955010226,252,1956,0.12883435582822086,28
both_surface,wide,direction_matches,20,derived_period,2010s,784,4464,0.17562724014336917,388,2232,0.17383512544802868,40
both_surface,wide,direction_matches,20,derived_period,2020s,1725,6672,0.2585431654676259,860,3336,0.2577937649880096,80
both_surface,body,direction_points,0,overall,Overall,15048,15048,1.0,7524,7524,1.0,1002
both_surface,body,direction_points,0,surface,Hard,9646,9646,1.0,4823,4823,1.0,753
both_surface,body,direction_points,0,surface,Clay,3744,3744,1.0,1872,1872,1.0,587
both_surface,body,direction_points,0,surface,Grass,1658,1658,1.0,829,829,1.0,359
both_surface,body,direction_points,0,derived_period,to_2009,3912,3912,1.0,1956,1956,1.0,357
both_surface,body,direction_points,0,derived_period,2010s,4464,4464,1.0,2232,2232,1.0,412
both_surface,body,direction_points,0,derived_period,2020s,6672,6672,1.0,3336,3336,1.0,470
both_surface,body,direction_points,10,overall,Overall,11140,15048,0.7402977139819245,5367,7524,0.7133173843700159,462
both_surface,body,direction_points,10,surface,Hard,7909,9646,0.8199253576612067,3862,4823,0.8007464233879328,405
both_surface,body,direction_points,10,surface,Clay,2364,3744,0.6314102564102564,1106,1872,0.5908119658119658,270
both_surface,body,direction_points,10,surface,Grass,867,1658,0.52291917973462,399,829,0.4813027744270205,171
both_surface,body,direction_points,10,derived_period,to_2009,2606,3912,0.6661554192229039,1241,1956,0.6344580777096115,149
both_surface,body,direction_points,10,derived_period,2010s,3127,4464,0.7004928315412187,1496,2232,0.6702508960573477,199
both_surface,body,direction_points,10,derived_period,2020s,5407,6672,0.8104016786570744,2630,3336,0.7883693045563549,264
both_surface,body,direction_points,25,overall,Overall,9482,15048,0.6301169590643275,4505,7524,0.5987506645401383,348
both_surface,body,direction_points,25,surface,Hard,7079,9646,0.7338793282189509,3402,4823,0.7053701015965167,315
both_surface,body,direction_points,25,surface,Clay,1768,3744,0.4722222222222222,816,1872,0.4358974358974359,184
both_surface,body,direction_points,25,surface,Grass,635,1658,0.38299155609167673,287,829,0.34620024125452353,117
both_surface,body,direction_points,25,derived_period,to_2009,2147,3912,0.5488241308793456,1009,1956,0.5158486707566462,110
both_surface,body,direction_points,25,derived_period,2010s,2538,4464,0.5685483870967742,1189,2232,0.5327060931899642,148
both_surface,body,direction_points,25,derived_period,2020s,4797,6672,0.7189748201438849,2307,3336,0.6915467625899281,214
both_surface,body,direction_points,50,overall,Overall,7631,15048,0.5071105794790005,3576,7524,0.47527910685805425,272
both_surface,body,direction_points,50,surface,Hard,6011,9646,0.6231598590089156,2860,4823,0.5929919137466307,251
both_surface,body,direction_points,50,surface,Clay,1214,3744,0.32425213675213677,539,1872,0.2879273504273504,131
both_surface,body,direction_points,50,surface,Grass,406,1658,0.2448733413751508,177,829,0.2135102533172497,74
both_surface,body,direction_points,50,derived_period,to_2009,1629,3912,0.41641104294478526,743,1956,0.37985685071574643,82
both_surface,body,direction_points,50,derived_period,2010s,1976,4464,0.44265232974910396,919,2232,0.4117383512544803,111
both_surface,body,direction_points,50,derived_period,2020s,4026,6672,0.6034172661870504,1914,3336,0.5737410071942446,178
both_surface,body,direction_points,100,overall,Overall,5433,15048,0.36104465709728867,2497,7524,0.33187134502923976,189
both_surface,body,direction_points,100,surface,Hard,4627,9646,0.4796806966618287,2158,4823,0.4474393530997305,180
both_surface,body,direction_points,100,surface,Clay,614,3744,0.1639957264957265,259,1872,0.13835470085470086,73
both_surface,body,direction_points,100,surface,Grass,192,1658,0.1158021712907117,80,829,0.09650180940892641,39
both_surface,body,direction_points,100,derived_period,to_2009,1096,3912,0.28016359918200406,492,1956,0.25153374233128833,51
both_surface,body,direction_points,100,derived_period,2010s,1394,4464,0.31227598566308246,633,2232,0.28360215053763443,72
both_surface,body,direction_points,100,derived_period,2020s,2943,6672,0.44109712230215825,1372,3336,0.41127098321342925,128
both_surface,body,direction_points,250,overall,Overall,2669,15048,0.17736576289207867,1206,7524,0.16028708133971292,95
both_surface,body,direction_points,250,surface,Hard,2484,9646,0.25751606883682354,1135,4823,0.23533070702882022,94
both_surface,body,direction_points,250,surface,Clay,143,3744,0.03819444444444445,55,1872,0.02938034188034188,18
both_surface,body,direction_points,250,surface,Grass,42,1658,0.025331724969843185,16,829,0.019300361881785282,14
both_surface,body,direction_points,250,derived_period,to_2009,481,3912,0.12295501022494887,210,1956,0.10736196319018405,29
both_surface,body,direction_points,250,derived_period,2010s,673,4464,0.1507616487455197,306,2232,0.13709677419354838,34
both_surface,body,direction_points,250,derived_period,2020s,1515,6672,0.227068345323741,690,3336,0.2068345323741007,68
both_surface,body,direction_matches,0,overall,Overall,15048,15048,1.0,7524,7524,1.0,1002
both_surface,body,direction_matches,0,surface,Hard,9646,9646,1.0,4823,4823,1.0,753
both_surface,body,direction_matches,0,surface,Clay,3744,3744,1.0,1872,1872,1.0,587
both_surface,body,direction_matches,0,surface,Grass,1658,1658,1.0,829,829,1.0,359
both_surface,body,direction_matches,0,derived_period,to_2009,3912,3912,1.0,1956,1956,1.0,357
both_surface,body,direction_matches,0,derived_period,2010s,4464,4464,1.0,2232,2232,1.0,412
both_surface,body,direction_matches,0,derived_period,2020s,6672,6672,1.0,3336,3336,1.0,470
both_surface,body,direction_matches,1,overall,Overall,12062,15048,0.8015683147262095,6022,7524,0.8003721424774056,522
both_surface,body,direction_matches,1,surface,Hard,8326,9646,0.863155712212316,4161,4823,0.8627410325523533,447
both_surface,body,direction_matches,1,surface,Clay,2715,3744,0.7251602564102564,1351,1872,0.7216880341880342,313
both_surface,body,direction_matches,1,surface,Grass,1021,1658,0.6158021712907117,510,829,0.6151990349819059,192
both_surface,body,direction_matches,1,derived_period,to_2009,2854,3912,0.7295501022494888,1423,1956,0.7275051124744376,172
both_surface,body,direction_matches,1,derived_period,2010s,3483,4464,0.780241935483871,1740,2232,0.7795698924731183,229
both_surface,body,direction_matches,1,derived_period,2020s,5725,6672,0.8580635491606715,2859,3336,0.8570143884892086,286
both_surface,body,direction_matches,3,overall,Overall,9351,15048,0.6214114832535885,4660,7524,0.619351408825093,332
both_surface,body,direction_matches,3,surface,Hard,6961,9646,0.7216462782500518,3474,4823,0.7202985693551731,303
both_surface,body,direction_matches,3,surface,Clay,1842,3744,0.49198717948717946,912,1872,0.48717948717948717,190
both_surface,body,direction_matches,3,surface,Grass,548,1658,0.330518697225573,274,829,0.330518697225573,96
both_surface,body,direction_matches,3,derived_period,to_2009,2037,3912,0.5207055214723927,1013,1956,0.5178936605316974,105
both_surface,body,direction_matches,3,derived_period,2010s,2553,4464,0.5719086021505376,1272,2232,0.5698924731182796,152
both_surface,body,direction_matches,3,derived_period,2020s,4761,6672,0.7135791366906474,2375,3336,0.7119304556354916,202
both_surface,body,direction_matches,5,overall,Overall,7666,15048,0.5094364699627858,3810,7524,0.5063795853269537,263
both_surface,body,direction_matches,5,surface,Hard,5990,9646,0.6209827907941116,2982,4823,0.6182873730043541,244
both_surface,body,direction_matches,5,surface,Clay,1345,3744,0.359241452991453,663,1872,0.3541666666666667,134
both_surface,body,direction_matches,5,surface,Grass,331,1658,0.19963811821471653,165,829,0.19903498190591074,56
both_surface,body,direction_matches,5,derived_period,to_2009,1565,3912,0.40005112474437626,776,1956,0.3967280163599182,78
both_surface,body,direction_matches,5,derived_period,2010s,2011,4464,0.45049283154121866,997,2232,0.4466845878136201,112
both_surface,body,direction_matches,5,derived_period,2020s,4090,6672,0.613009592326139,2037,3336,0.6106115107913669,173
both_surface,body,direction_matches,10,overall,Overall,5277,15048,0.3506778309409888,2614,7524,0.3474215842636895,176
both_surface,body,direction_matches,10,surface,Hard,4421,9646,0.45832469417375077,2194,4823,0.4549035869790587,166
both_surface,body,direction_matches,10,surface,Clay,721,3744,0.19257478632478633,353,1872,0.18856837606837606,81
both_surface,body,direction_matches,10,surface,Grass,135,1658,0.08142340168878166,67,829,0.08082026537997587,31
both_surface,body,direction_matches,10,derived_period,to_2009,984,3912,0.25153374233128833,487,1956,0.24897750511247443,47
both_surface,body,direction_matches,10,derived_period,2010s,1335,4464,0.29905913978494625,661,2232,0.2961469534050179,66
both_surface,body,direction_matches,10,derived_period,2020s,2958,6672,0.4433453237410072,1466,3336,0.4394484412470024,121
both_surface,body,direction_matches,20,overall,Overall,2983,15048,0.19823232323232323,1477,7524,0.19630515683147262,107
both_surface,body,direction_matches,20,surface,Hard,2701,9646,0.2800124403897989,1339,4823,0.2776280323450135,103
both_surface,body,direction_matches,20,surface,Clay,250,3744,0.06677350427350427,123,1872,0.06570512820512821,28
both_surface,body,direction_matches,20,surface,Grass,32,1658,0.019300361881785282,15,829,0.018094089264173704,12
both_surface,body,direction_matches,20,derived_period,to_2009,500,3912,0.1278118609406953,247,1956,0.12627811860940696,28
both_surface,body,direction_matches,20,derived_period,2010s,781,4464,0.17495519713261648,388,2232,0.17383512544802868,39
both_surface,body,direction_matches,20,derived_period,2020s,1702,6672,0.2550959232613909,842,3336,0.25239808153477217,79
both_surface,T,direction_points,0,overall,Overall,15048,15048,1.0,7524,7524,1.0,1002
both_surface,T,direction_points,0,surface,Hard,9646,9646,1.0,4823,4823,1.0,753
both_surface,T,direction_points,0,surface,Clay,3744,3744,1.0,1872,1872,1.0,587
both_surface,T,direction_points,0,surface,Grass,1658,1658,1.0,829,829,1.0,359
both_surface,T,direction_points,0,derived_period,to_2009,3912,3912,1.0,1956,1956,1.0,357
both_surface,T,direction_points,0,derived_period,2010s,4464,4464,1.0,2232,2232,1.0,412
both_surface,T,direction_points,0,derived_period,2020s,6672,6672,1.0,3336,3336,1.0,470
both_surface,T,direction_points,10,overall,Overall,10880,15048,0.7230196703880915,5243,7524,0.6968367889420521,425
both_surface,T,direction_points,10,surface,Hard,7717,9646,0.8000207339829981,3759,4823,0.7793904208998549,371
both_surface,T,direction_points,10,surface,Clay,2320,3744,0.6196581196581197,1092,1872,0.5833333333333334,261
both_surface,T,direction_points,10,surface,Grass,843,1658,0.508443908323281,392,829,0.47285886610373945,156
both_surface,T,direction_points,10,derived_period,to_2009,2580,3912,0.6595092024539877,1231,1956,0.6293456032719836,144
both_surface,T,direction_points,10,derived_period,2010s,3026,4464,0.6778673835125448,1450,2232,0.649641577060932,185
both_surface,T,direction_points,10,derived_period,2020s,5274,6672,0.7904676258992805,2562,3336,0.7679856115107914,245
both_surface,T,direction_points,25,overall,Overall,9000,15048,0.5980861244019139,4276,7524,0.5683147262094631,320
both_surface,T,direction_points,25,surface,Hard,6745,9646,0.6992535766120672,3245,4823,0.6728177482894464,291
both_surface,T,direction_points,25,surface,Clay,1712,3744,0.45726495726495725,792,1872,0.4230769230769231,180
both_surface,T,direction_points,25,surface,Grass,543,1658,0.32750301568154405,239,829,0.2882991556091677,95
both_surface,T,direction_points,25,derived_period,to_2009,2062,3912,0.5270961145194274,959,1956,0.49028629856850714,108
both_surface,T,direction_points,25,derived_period,2010s,2386,4464,0.5344982078853047,1116,2232,0.5,135
both_surface,T,direction_points,25,derived_period,2020s,4552,6672,0.6822541966426858,2201,3336,0.6597721822541966,196
both_surface,T,direction_points,50,overall,Overall,7032,15048,0.46730462519936206,3309,7524,0.439792663476874,235
both_surface,T,direction_points,50,surface,Hard,5560,9646,0.5764047273481235,2657,4823,0.5509019282604188,223
both_surface,T,direction_points,50,surface,Clay,1149,3744,0.30689102564102566,513,1872,0.27403846153846156,118
both_surface,T,direction_points,50,surface,Grass,323,1658,0.1948130277442702,139,829,0.16767189384800965,60
both_surface,T,direction_points,50,derived_period,to_2009,1512,3912,0.38650306748466257,701,1956,0.35838445807770963,68
both_surface,T,direction_points,50,derived_period,2010s,1801,4464,0.4034498207885305,843,2232,0.37768817204301075,93
both_surface,T,direction_points,50,derived_period,2020s,3719,6672,0.5574040767386091,1765,3336,0.5290767386091128,158
both_surface,T,direction_points,100,overall,Overall,4788,15048,0.3181818181818182,2216,7524,0.29452418926103135,154
both_surface,T,direction_points,100,surface,Hard,4066,9646,0.421521874352063,1900,4823,0.3939456769645449,147
both_surface,T,direction_points,100,surface,Clay,587,3744,0.15678418803418803,256,1872,0.13675213675213677,63
both_surface,T,direction_points,100,surface,Grass,135,1658,0.08142340168878166,60,829,0.07237635705669482,32
both_surface,T,direction_points,100,derived_period,to_2009,984,3912,0.25153374233128833,442,1956,0.22597137014314927,46
both_surface,T,direction_points,100,derived_period,2010s,1192,4464,0.2670250896057348,557,2232,0.24955197132616488,60
both_surface,T,direction_points,100,derived_period,2020s,2612,6672,0.39148681055155876,1217,3336,0.36480815347721823,103
both_surface,T,direction_points,250,overall,Overall,2110,15048,0.14021796916533757,923,7524,0.12267410951621478,82
both_surface,T,direction_points,250,surface,Hard,1952,9646,0.20236367406178726,855,4823,0.1772755546340452,82
both_surface,T,direction_points,250,surface,Clay,142,3744,0.037927350427350424,63,1872,0.03365384615384615,19
both_surface,T,direction_points,250,surface,Grass,16,1658,0.009650180940892641,5,829,0.006031363088057901,7
both_surface,T,direction_points,250,derived_period,to_2009,362,3912,0.09253578732106339,153,1956,0.07822085889570553,27
both_surface,T,direction_points,250,derived_period,2010s,541,4464,0.12119175627240143,243,2232,0.10887096774193548,31
both_surface,T,direction_points,250,derived_period,2020s,1207,6672,0.1809052757793765,527,3336,0.1579736211031175,53
both_surface,T,direction_matches,0,overall,Overall,15048,15048,1.0,7524,7524,1.0,1002
both_surface,T,direction_matches,0,surface,Hard,9646,9646,1.0,4823,4823,1.0,753
both_surface,T,direction_matches,0,surface,Clay,3744,3744,1.0,1872,1872,1.0,587
both_surface,T,direction_matches,0,surface,Grass,1658,1658,1.0,829,829,1.0,359
both_surface,T,direction_matches,0,derived_period,to_2009,3912,3912,1.0,1956,1956,1.0,357
both_surface,T,direction_matches,0,derived_period,2010s,4464,4464,1.0,2232,2232,1.0,412
both_surface,T,direction_matches,0,derived_period,2020s,6672,6672,1.0,3336,3336,1.0,470
both_surface,T,direction_matches,1,overall,Overall,12041,15048,0.8001727804359383,6004,7524,0.797979797979798,522
both_surface,T,direction_matches,1,surface,Hard,8313,9646,0.8618080033174372,4148,4823,0.8600456147625959,445
both_surface,T,direction_matches,1,surface,Clay,2710,3744,0.7238247863247863,1349,1872,0.7206196581196581,314
both_surface,T,direction_matches,1,surface,Grass,1018,1658,0.6139927623642943,507,829,0.6115802171290712,192
both_surface,T,direction_matches,1,derived_period,to_2009,2848,3912,0.7280163599182005,1418,1956,0.7249488752556237,171
both_surface,T,direction_matches,1,derived_period,2010s,3473,4464,0.7780017921146953,1730,2232,0.775089605734767,230
both_surface,T,direction_matches,1,derived_period,2020s,5720,6672,0.8573141486810552,2856,3336,0.8561151079136691,286
both_surface,T,direction_matches,3,overall,Overall,9331,15048,0.6200824029771398,4641,7524,0.6168261562998405,331
both_surface,T,direction_matches,3,surface,Hard,6955,9646,0.7210242587601078,3468,4823,0.7190545303752851,303
both_surface,T,direction_matches,3,surface,Clay,1837,3744,0.4906517094017094,908,1872,0.48504273504273504,191
both_surface,T,direction_matches,3,surface,Grass,539,1658,0.3250904704463209,265,829,0.31966224366706875,95
both_surface,T,direction_matches,3,derived_period,to_2009,2032,3912,0.5194274028629857,1009,1956,0.5158486707566462,104
both_surface,T,direction_matches,3,derived_period,2010s,2545,4464,0.5701164874551972,1264,2232,0.5663082437275986,152
both_surface,T,direction_matches,3,derived_period,2020s,4754,6672,0.7125299760191847,2368,3336,0.709832134292566,202
both_surface,T,direction_matches,5,overall,Overall,7679,15048,0.5103003721424774,3822,7524,0.5079744816586922,261
both_surface,T,direction_matches,5,surface,Hard,5997,9646,0.6217084801990462,2988,4823,0.6195314119842422,245
both_surface,T,direction_matches,5,surface,Clay,1352,3744,0.3611111111111111,671,1872,0.35844017094017094,135
both_surface,T,direction_matches,5,surface,Grass,330,1658,0.19903498190591074,163,829,0.19662243667068757,57
both_surface,T,direction_matches,5,derived_period,to_2009,1573,3912,0.4020961145194274,784,1956,0.40081799591002043,78
both_surface,T,direction_matches,5,derived_period,2010s,2016,4464,0.45161290322580644,1002,2232,0.4489247311827957,113
both_surface,T,direction_matches,5,derived_period,2020s,4090,6672,0.613009592326139,2036,3336,0.6103117505995204,172
both_surface,T,direction_matches,10,overall,Overall,5287,15048,0.3513423710792132,2625,7524,0.3488835725677831,176
both_surface,T,direction_matches,10,surface,Hard,4429,9646,0.45915405349367616,2202,4823,0.45656230561890937,166
both_surface,T,direction_matches,10,surface,Clay,726,3744,0.19391025641025642,359,1872,0.19177350427350429,78
both_surface,T,direction_matches,10,surface,Grass,132,1658,0.07961399276236429,64,829,0.07720144752714113,30
both_surface,T,direction_matches,10,derived_period,to_2009,986,3912,0.25204498977505113,490,1956,0.2505112474437628,47
both_surface,T,direction_matches,10,derived_period,2010s,1338,4464,0.29973118279569894,665,2232,0.2979390681003584,66
both_surface,T,direction_matches,10,derived_period,2020s,2963,6672,0.4440947242206235,1470,3336,0.44064748201438847,121
both_surface,T,direction_matches,20,overall,Overall,2998,15048,0.19922913343965976,1488,7524,0.19776714513556617,107
both_surface,T,direction_matches,20,surface,Hard,2702,9646,0.28011611030478956,1340,4823,0.2778353721749948,102
both_surface,T,direction_matches,20,surface,Clay,262,3744,0.06997863247863248,131,1872,0.06997863247863248,30
both_surface,T,direction_matches,20,surface,Grass,34,1658,0.020506634499396863,17,829,0.020506634499396863,13
both_surface,T,direction_matches,20,derived_period,to_2009,503,3912,0.12857873210633947,250,1956,0.1278118609406953,28
both_surface,T,direction_matches,20,derived_period,2010s,781,4464,0.17495519713261648,386,2232,0.17293906810035842,39
both_surface,T,direction_matches,20,derived_period,2020s,1714,6672,0.25689448441247004,852,3336,0.25539568345323743,79
