aggregation_level,group_type,group_value,serve_number,surface,period,validation_fold,profile_id,return_shot_type_code,return_lateral_direction_code,return_depth_code,trials,returner_wins,server_wins,returner_win_rate,wilson_95_lower,wilson_95_upper
profile_outcome,total,ALL,0,ALL,ALL,ALL,f|1|7,f,1,7,13189,6199,6990,0.4700128895291531,0.4615050125680149,0.4785382296350408
profile_outcome,total,ALL,0,ALL,ALL,ALL,f|1|8,f,1,8,25028,13581,11447,0.5426322518778968,0.5364542552845734,0.5487971635337582
profile_outcome,total,ALL,0,ALL,ALL,ALL,f|1|9,f,1,9,11858,7083,4775,0.597318266149435,0.5884608564692676,0.606112642764591
profile_outcome,total,ALL,0,ALL,ALL,ALL,f|2|7,f,2,7,27468,11163,16305,0.4064001747487986,0.40060522928014763,0.4122212968299541
profile_outcome,total,ALL,0,ALL,ALL,ALL,f|2|8,f,2,8,57862,26664,31198,0.4608205730876914,0.45676183140602955,0.4648845166691721
profile_outcome,total,ALL,0,ALL,ALL,ALL,f|2|9,f,2,9,32960,17835,15125,0.5411104368932039,0.5357263381999976,0.5464849539330933
profile_outcome,total,ALL,0,ALL,ALL,ALL,f|3|7,f,3,7,13090,6264,6826,0.47853323147440796,0.4699832680648166,0.4870957906844853
profile_outcome,total,ALL,0,ALL,ALL,ALL,f|3|8,f,3,8,26860,14191,12669,0.5283320923306031,0.522358570654963,0.5342975111765597
profile_outcome,total,ALL,0,ALL,ALL,ALL,f|3|9,f,3,9,13420,7851,5569,0.5850223546944858,0.5766629375217233,0.5933331107033931
profile_outcome,total,ALL,0,ALL,ALL,ALL,b|1|7,b,1,7,9871,4544,5327,0.46033836490730423,0.45052312839245207,0.47018445934298586
profile_outcome,total,ALL,0,ALL,ALL,ALL,b|1|8,b,1,8,19575,10559,9016,0.5394125159642401,0.5324229181891593,0.5463866479052044
profile_outcome,total,ALL,0,ALL,ALL,ALL,b|1|9,b,1,9,10234,5958,4276,0.5821770568692594,0.5725925610162413,0.5916998835156894
profile_outcome,total,ALL,0,ALL,ALL,ALL,b|2|7,b,2,7,31607,13252,18355,0.4192742114088651,0.41384444108202467,0.42472360188995195
profile_outcome,total,ALL,0,ALL,ALL,ALL,b|2|8,b,2,8,67281,30686,36595,0.45608715684963064,0.45232628328073976,0.4598530446052239
profile_outcome,total,ALL,0,ALL,ALL,ALL,b|2|9,b,2,9,37515,19527,17988,0.5205117952818873,0.5154546193492295,0.5255647709133711
profile_outcome,total,ALL,0,ALL,ALL,ALL,b|3|7,b,3,7,28520,13797,14723,0.483765778401122,0.4779685378068938,0.48956739169485836
profile_outcome,total,ALL,0,ALL,ALL,ALL,b|3|8,b,3,8,48381,24467,23914,0.5057150534300655,0.5012597293853363,0.5101694699946109
profile_outcome,total,ALL,0,ALL,ALL,ALL,b|3|9,b,3,9,18835,10416,8419,0.5530130076984338,0.5459025530372811,0.5601018424222374
profile_outcome,total,ALL,0,ALL,ALL,ALL,r|1|7,r,1,7,1388,491,897,0.3537463976945245,0.32902790673232196,0.3792722035805268
profile_outcome,total,ALL,0,ALL,ALL,ALL,r|1|8,r,1,8,1896,737,1159,0.38871308016877637,0.36701765324732616,0.4108585489795944
profile_outcome,total,ALL,0,ALL,ALL,ALL,r|1|9,r,1,9,965,409,556,0.42383419689119173,0.39301803353337394,0.4552543554507502
profile_outcome,total,ALL,0,ALL,ALL,ALL,r|2|7,r,2,7,4714,1440,3274,0.3054730589732711,0.2924871054587886,0.3187757960168282
profile_outcome,total,ALL,0,ALL,ALL,ALL,r|2|8,r,2,8,6663,2457,4206,0.36875281404772625,0.35724694252505435,0.3804099358028454
profile_outcome,total,ALL,0,ALL,ALL,ALL,r|2|9,r,2,9,4051,1754,2297,0.4329795112317946,0.41779201734311006,0.4482939923037564
profile_outcome,total,ALL,0,ALL,ALL,ALL,r|3|7,r,3,7,1471,506,965,0.34398368456832085,0.32014279408855534,0.368637313593647
profile_outcome,total,ALL,0,ALL,ALL,ALL,r|3|8,r,3,8,2196,873,1323,0.3975409836065574,0.3772684697395603,0.4181713342537515
profile_outcome,total,ALL,0,ALL,ALL,ALL,r|3|9,r,3,9,1249,526,723,0.4211369095276221,0.39403758042636655,0.4487198581840726
profile_outcome,total,ALL,0,ALL,ALL,ALL,s|1|7,s,1,7,3322,1063,2259,0.31998795906080674,0.3043411148403558,0.3360506432129316
profile_outcome,total,ALL,0,ALL,ALL,ALL,s|1|8,s,1,8,3755,1491,2264,0.3970705725699068,0.3815335584070367,0.4128179702571912
profile_outcome,total,ALL,0,ALL,ALL,ALL,s|1|9,s,1,9,1801,763,1038,0.42365352581898946,0.4010185439419548,0.4466135022657558
profile_outcome,total,ALL,0,ALL,ALL,ALL,s|2|7,s,2,7,13879,4372,9507,0.3150082858995605,0.3073322753189872,0.3227866729358463
profile_outcome,total,ALL,0,ALL,ALL,ALL,s|2|8,s,2,8,17932,6823,11109,0.3804929734552755,0.37341320294368563,0.38762393546767226
profile_outcome,total,ALL,0,ALL,ALL,ALL,s|2|9,s,2,9,9171,4025,5146,0.4388834369207284,0.4287546948835467,0.4490633573376969
profile_outcome,total,ALL,0,ALL,ALL,ALL,s|3|7,s,3,7,9840,4087,5753,0.41534552845528455,0.40564386126945295,0.425113266730901
profile_outcome,total,ALL,0,ALL,ALL,ALL,s|3|8,s,3,8,15383,6857,8526,0.44575180393941366,0.43791167661885316,0.45361901832807977
profile_outcome,total,ALL,0,ALL,ALL,ALL,s|3|9,s,3,9,5808,2687,3121,0.462637741046832,0.44984367314249196,0.47548119969255176
profile_outcome,total,ALL,0,ALL,ALL,ALL,v|1|7,v,1,7,0,0,0,,,
profile_outcome,total,ALL,0,ALL,ALL,ALL,v|1|8,v,1,8,1,1,0,1.0,0.20654931437723745,1.0
profile_outcome,total,ALL,0,ALL,ALL,ALL,v|1|9,v,1,9,0,0,0,,,
profile_outcome,total,ALL,0,ALL,ALL,ALL,v|2|7,v,2,7,3,1,2,0.3333333333333333,0.06149194472039621,0.7923403991979522
profile_outcome,total,ALL,0,ALL,ALL,ALL,v|2|8,v,2,8,5,2,3,0.4,0.11762077423264783,0.769275718723987
profile_outcome,total,ALL,0,ALL,ALL,ALL,v|2|9,v,2,9,4,0,4,0.0,0.0,0.4898908364545973
profile_outcome,total,ALL,0,ALL,ALL,ALL,v|3|7,v,3,7,0,0,0,,,
profile_outcome,total,ALL,0,ALL,ALL,ALL,v|3|8,v,3,8,1,0,1,0.0,0.0,0.7934506856227626
profile_outcome,total,ALL,0,ALL,ALL,ALL,v|3|9,v,3,9,0,0,0,,,
profile_outcome,total,ALL,0,ALL,ALL,ALL,z|1|7,z,1,7,0,0,0,,,
profile_outcome,total,ALL,0,ALL,ALL,ALL,z|1|8,z,1,8,0,0,0,,,
profile_outcome,total,ALL,0,ALL,ALL,ALL,z|1|9,z,1,9,0,0,0,,,
profile_outcome,total,ALL,0,ALL,ALL,ALL,z|2|7,z,2,7,1,0,1,0.0,0.0,0.7934506856227626
profile_outcome,total,ALL,0,ALL,ALL,ALL,z|2|8,z,2,8,0,0,0,,,
profile_outcome,total,ALL,0,ALL,ALL,ALL,z|2|9,z,2,9,0,0,0,,,
profile_outcome,total,ALL,0,ALL,ALL,ALL,z|3|7,z,3,7,0,0,0,,,
profile_outcome,total,ALL,0,ALL,ALL,ALL,z|3|8,z,3,8,0,0,0,,,
profile_outcome,total,ALL,0,ALL,ALL,ALL,z|3|9,z,3,9,1,1,0,1.0,0.20654931437723745,1.0
profile_outcome,total,ALL,0,ALL,ALL,ALL,o|1|7,o,1,7,0,0,0,,,
profile_outcome,total,ALL,0,ALL,ALL,ALL,o|1|8,o,1,8,1,0,1,0.0,0.0,0.7934506856227626
profile_outcome,total,ALL,0,ALL,ALL,ALL,o|1|9,o,1,9,0,0,0,,,
profile_outcome,total,ALL,0,ALL,ALL,ALL,o|2|7,o,2,7,1,0,1,0.0,0.0,0.7934506856227626
profile_outcome,total,ALL,0,ALL,ALL,ALL,o|2|8,o,2,8,1,1,0,1.0,0.20654931437723745,1.0
profile_outcome,total,ALL,0,ALL,ALL,ALL,o|2|9,o,2,9,0,0,0,,,
profile_outcome,total,ALL,0,ALL,ALL,ALL,o|3|7,o,3,7,0,0,0,,,
profile_outcome,total,ALL,0,ALL,ALL,ALL,o|3|8,o,3,8,0,0,0,,,
profile_outcome,total,ALL,0,ALL,ALL,ALL,o|3|9,o,3,9,1,1,0,1.0,0.20654931437723745,1.0
profile_outcome,total,ALL,0,ALL,ALL,ALL,p|1|7,p,1,7,0,0,0,,,
profile_outcome,total,ALL,0,ALL,ALL,ALL,p|1|8,p,1,8,0,0,0,,,
profile_outcome,total,ALL,0,ALL,ALL,ALL,p|1|9,p,1,9,0,0,0,,,
profile_outcome,total,ALL,0,ALL,ALL,ALL,p|2|7,p,2,7,0,0,0,,,
profile_outcome,total,ALL,0,ALL,ALL,ALL,p|2|8,p,2,8,0,0,0,,,
profile_outcome,total,ALL,0,ALL,ALL,ALL,p|2|9,p,2,9,0,0,0,,,
profile_outcome,total,ALL,0,ALL,ALL,ALL,p|3|7,p,3,7,0,0,0,,,
profile_outcome,total,ALL,0,ALL,ALL,ALL,p|3|8,p,3,8,0,0,0,,,
profile_outcome,total,ALL,0,ALL,ALL,ALL,p|3|9,p,3,9,0,0,0,,,
profile_outcome,total,ALL,0,ALL,ALL,ALL,u|1|7,u,1,7,35,19,16,0.5428571428571428,0.3818972506848375,0.6953398071159278
profile_outcome,total,ALL,0,ALL,ALL,ALL,u|1|8,u,1,8,0,0,0,,,
profile_outcome,total,ALL,0,ALL,ALL,ALL,u|1|9,u,1,9,0,0,0,,,
profile_outcome,total,ALL,0,ALL,ALL,ALL,u|2|7,u,2,7,17,10,7,0.5882352941176471,0.3600544264299978,0.7838894320978518
profile_outcome,total,ALL,0,ALL,ALL,ALL,u|2|8,u,2,8,0,0,0,,,
profile_outcome,total,ALL,0,ALL,ALL,ALL,u|2|9,u,2,9,1,0,1,0.0,0.0,0.7934506856227626
profile_outcome,total,ALL,0,ALL,ALL,ALL,u|3|7,u,3,7,13,5,8,0.38461538461538464,0.17709707797762575,0.6447710848733431
profile_outcome,total,ALL,0,ALL,ALL,ALL,u|3|8,u,3,8,0,0,0,,,
profile_outcome,total,ALL,0,ALL,ALL,ALL,u|3|9,u,3,9,0,0,0,,,
profile_outcome,total,ALL,0,ALL,ALL,ALL,y|1|7,y,1,7,125,64,61,0.512,0.4253306690009912,0.5979537615500091
profile_outcome,total,ALL,0,ALL,ALL,ALL,y|1|8,y,1,8,0,0,0,,,
profile_outcome,total,ALL,0,ALL,ALL,ALL,y|1|9,y,1,9,0,0,0,,,
profile_outcome,total,ALL,0,ALL,ALL,ALL,y|2|7,y,2,7,85,37,48,0.43529411764705883,0.33495777427196094,0.5412261589275046
profile_outcome,total,ALL,0,ALL,ALL,ALL,y|2|8,y,2,8,2,0,2,0.0,0.0,0.6576197724933469
profile_outcome,total,ALL,0,ALL,ALL,ALL,y|2|9,y,2,9,0,0,0,,,
profile_outcome,total,ALL,0,ALL,ALL,ALL,y|3|7,y,3,7,104,49,55,0.47115384615384615,0.37796485864865453,0.5663979117959099
profile_outcome,total,ALL,0,ALL,ALL,ALL,y|3|8,y,3,8,0,0,0,,,
profile_outcome,total,ALL,0,ALL,ALL,ALL,y|3|9,y,3,9,0,0,0,,,
profile_outcome,total,ALL,0,ALL,ALL,ALL,l|1|7,l,1,7,62,5,57,0.08064516129032258,0.03493834698599271,0.17528571348612612
profile_outcome,total,ALL,0,ALL,ALL,ALL,l|1|8,l,1,8,48,19,29,0.3958333333333333,0.2702082786059137,0.5368959150745274
profile_outcome,total,ALL,0,ALL,ALL,ALL,l|1|9,l,1,9,41,22,19,0.5365853658536586,0.38746471267669474,0.6794376602366394
profile_outcome,total,ALL,0,ALL,ALL,ALL,l|2|7,l,2,7,100,9,91,0.09,0.04807254000256516,0.1622621285271631
profile_outcome,total,ALL,0,ALL,ALL,ALL,l|2|8,l,2,8,77,20,57,0.2597402597402597,0.17489197371641613,0.3674220747959223
profile_outcome,total,ALL,0,ALL,ALL,ALL,l|2|9,l,2,9,72,30,42,0.4166666666666667,0.3098521747473985,0.5319230206853446
profile_outcome,total,ALL,0,ALL,ALL,ALL,l|3|7,l,3,7,52,6,46,0.11538461538461539,0.05396969203087296,0.22971664344902112
profile_outcome,total,ALL,0,ALL,ALL,ALL,l|3|8,l,3,8,30,8,22,0.26666666666666666,0.14182663319596317,0.4444796169518888
profile_outcome,total,ALL,0,ALL,ALL,ALL,l|3|9,l,3,9,31,14,17,0.45161290322580644,0.29161735980520015,0.6222783236264549
profile_outcome,total,ALL,0,ALL,ALL,ALL,m|1|7,m,1,7,149,9,140,0.06040268456375839,0.032100224500152576,0.11080248651307728
profile_outcome,total,ALL,0,ALL,ALL,ALL,m|1|8,m,1,8,88,21,67,0.23863636363636365,0.16171042608327632,0.3374264496733719
profile_outcome,total,ALL,0,ALL,ALL,ALL,m|1|9,m,1,9,93,38,55,0.40860215053763443,0.31425494945885146,0.5102004004809282
profile_outcome,total,ALL,0,ALL,ALL,ALL,m|2|7,m,2,7,235,14,221,0.059574468085106386,0.03581541011450673,0.09750088672070278
profile_outcome,total,ALL,0,ALL,ALL,ALL,m|2|8,m,2,8,217,50,167,0.2304147465437788,0.1793683317909061,0.29083984096439713
profile_outcome,total,ALL,0,ALL,ALL,ALL,m|2|9,m,2,9,155,67,88,0.432258064516129,0.3568394795794219,0.5109532229309124
profile_outcome,total,ALL,0,ALL,ALL,ALL,m|3|7,m,3,7,139,16,123,0.11510791366906475,0.07210694794796893,0.17881081161989684
profile_outcome,total,ALL,0,ALL,ALL,ALL,m|3|8,m,3,8,113,36,77,0.3185840707964602,0.23985559431776715,0.4092415633707641
profile_outcome,total,ALL,0,ALL,ALL,ALL,m|3|9,m,3,9,96,53,43,0.5520833333333334,0.4525163859774741,0.6476424069540183
profile_outcome,total,ALL,0,ALL,ALL,ALL,h|1|7,h,1,7,0,0,0,,,
profile_outcome,total,ALL,0,ALL,ALL,ALL,h|1|8,h,1,8,0,0,0,,,
profile_outcome,total,ALL,0,ALL,ALL,ALL,h|1|9,h,1,9,0,0,0,,,
profile_outcome,total,ALL,0,ALL,ALL,ALL,h|2|7,h,2,7,0,0,0,,,
profile_outcome,total,ALL,0,ALL,ALL,ALL,h|2|8,h,2,8,0,0,0,,,
profile_outcome,total,ALL,0,ALL,ALL,ALL,h|2|9,h,2,9,1,1,0,1.0,0.20654931437723745,1.0
profile_outcome,total,ALL,0,ALL,ALL,ALL,h|3|7,h,3,7,0,0,0,,,
profile_outcome,total,ALL,0,ALL,ALL,ALL,h|3|8,h,3,8,0,0,0,,,
profile_outcome,total,ALL,0,ALL,ALL,ALL,h|3|9,h,3,9,0,0,0,,,
profile_outcome,total,ALL,0,ALL,ALL,ALL,i|1|7,i,1,7,0,0,0,,,
profile_outcome,total,ALL,0,ALL,ALL,ALL,i|1|8,i,1,8,0,0,0,,,
profile_outcome,total,ALL,0,ALL,ALL,ALL,i|1|9,i,1,9,0,0,0,,,
profile_outcome,total,ALL,0,ALL,ALL,ALL,i|2|7,i,2,7,0,0,0,,,
profile_outcome,total,ALL,0,ALL,ALL,ALL,i|2|8,i,2,8,0,0,0,,,
profile_outcome,total,ALL,0,ALL,ALL,ALL,i|2|9,i,2,9,0,0,0,,,
profile_outcome,total,ALL,0,ALL,ALL,ALL,i|3|7,i,3,7,0,0,0,,,
profile_outcome,total,ALL,0,ALL,ALL,ALL,i|3|8,i,3,8,0,0,0,,,
profile_outcome,total,ALL,0,ALL,ALL,ALL,i|3|9,i,3,9,0,0,0,,,
profile_outcome,total,ALL,0,ALL,ALL,ALL,j|1|7,j,1,7,0,0,0,,,
profile_outcome,total,ALL,0,ALL,ALL,ALL,j|1|8,j,1,8,0,0,0,,,
profile_outcome,total,ALL,0,ALL,ALL,ALL,j|1|9,j,1,9,0,0,0,,,
profile_outcome,total,ALL,0,ALL,ALL,ALL,j|2|7,j,2,7,0,0,0,,,
profile_outcome,total,ALL,0,ALL,ALL,ALL,j|2|8,j,2,8,0,0,0,,,
profile_outcome,total,ALL,0,ALL,ALL,ALL,j|2|9,j,2,9,0,0,0,,,
profile_outcome,total,ALL,0,ALL,ALL,ALL,j|3|7,j,3,7,0,0,0,,,
profile_outcome,total,ALL,0,ALL,ALL,ALL,j|3|8,j,3,8,0,0,0,,,
profile_outcome,total,ALL,0,ALL,ALL,ALL,j|3|9,j,3,9,0,0,0,,,
profile_outcome,total,ALL,0,ALL,ALL,ALL,k|1|7,k,1,7,0,0,0,,,
profile_outcome,total,ALL,0,ALL,ALL,ALL,k|1|8,k,1,8,0,0,0,,,
profile_outcome,total,ALL,0,ALL,ALL,ALL,k|1|9,k,1,9,0,0,0,,,
profile_outcome,total,ALL,0,ALL,ALL,ALL,k|2|7,k,2,7,0,0,0,,,
profile_outcome,total,ALL,0,ALL,ALL,ALL,k|2|8,k,2,8,0,0,0,,,
profile_outcome,total,ALL,0,ALL,ALL,ALL,k|2|9,k,2,9,0,0,0,,,
profile_outcome,total,ALL,0,ALL,ALL,ALL,k|3|7,k,3,7,0,0,0,,,
profile_outcome,total,ALL,0,ALL,ALL,ALL,k|3|8,k,3,8,0,0,0,,,
profile_outcome,total,ALL,0,ALL,ALL,ALL,k|3|9,k,3,9,0,0,0,,,
profile_outcome,total,ALL,0,ALL,ALL,ALL,t|1|7,t,1,7,0,0,0,,,
profile_outcome,total,ALL,0,ALL,ALL,ALL,t|1|8,t,1,8,2,0,2,0.0,0.0,0.6576197724933469
profile_outcome,total,ALL,0,ALL,ALL,ALL,t|1|9,t,1,9,0,0,0,,,
profile_outcome,total,ALL,0,ALL,ALL,ALL,t|2|7,t,2,7,1,0,1,0.0,0.0,0.7934506856227626
profile_outcome,total,ALL,0,ALL,ALL,ALL,t|2|8,t,2,8,2,1,1,0.5,0.09453120573423074,0.9054687942657693
profile_outcome,total,ALL,0,ALL,ALL,ALL,t|2|9,t,2,9,1,0,1,0.0,0.0,0.7934506856227626
profile_outcome,total,ALL,0,ALL,ALL,ALL,t|3|7,t,3,7,1,0,1,0.0,0.0,0.7934506856227626
profile_outcome,total,ALL,0,ALL,ALL,ALL,t|3|8,t,3,8,0,0,0,,,
profile_outcome,total,ALL,0,ALL,ALL,ALL,t|3|9,t,3,9,0,0,0,,,
profile_outcome,serve_number,1,1,ALL,ALL,ALL,f|1|7,f,1,7,8451,3580,4871,0.42361850668559936,0.41312049908273407,0.4341859221804185
profile_outcome,serve_number,1,1,ALL,ALL,ALL,f|1|8,f,1,8,13638,6900,6738,0.5059392872855257,0.49754782727505703,0.5143274023623065
profile_outcome,serve_number,1,1,ALL,ALL,ALL,f|1|9,f,1,9,6592,3734,2858,0.5664441747572816,0.5544458861748958,0.5783650683438057
profile_outcome,serve_number,1,1,ALL,ALL,ALL,f|2|7,f,2,7,18717,7135,11582,0.3812042528182935,0.3742713313868805,0.3881859272902016
profile_outcome,serve_number,1,1,ALL,ALL,ALL,f|2|8,f,2,8,35241,15484,19757,0.43937459209443547,0.434199711576839,0.44456268816348954
profile_outcome,serve_number,1,1,ALL,ALL,ALL,f|2|9,f,2,9,20547,10916,9631,0.5312697717428335,0.5244412862770794,0.53808656702639
profile_outcome,serve_number,1,1,ALL,ALL,ALL,f|3|7,f,3,7,7957,3479,4478,0.43722508483096645,0.4263587972397992,0.4481519557795193
profile_outcome,serve_number,1,1,ALL,ALL,ALL,f|3|8,f,3,8,14211,7067,7144,0.4972908310463725,0.489072151905676,0.5055109744539769
profile_outcome,serve_number,1,1,ALL,ALL,ALL,f|3|9,f,3,9,7626,4263,3363,0.559008654602675,0.5478381501730724,0.5701197398902301
profile_outcome,serve_number,1,1,ALL,ALL,ALL,b|1|7,b,1,7,5753,2363,3390,0.4107422214496784,0.39809317162440744,0.4235103921794177
profile_outcome,serve_number,1,1,ALL,ALL,ALL,b|1|8,b,1,8,9043,4489,4554,0.496406059935862,0.48610471193404514,0.5067104600465996
profile_outcome,serve_number,1,1,ALL,ALL,ALL,b|1|9,b,1,9,4888,2674,2214,0.5470540098199672,0.5330677809580607,0.5609663376601036
profile_outcome,serve_number,1,1,ALL,ALL,ALL,b|2|7,b,2,7,18560,7172,11388,0.38642241379310344,0.37944133007949987,0.393450503254018
profile_outcome,serve_number,1,1,ALL,ALL,ALL,b|2|8,b,2,8,32583,14139,18444,0.4339379430991621,0.42856460367203225,0.43932685781127406
profile_outcome,serve_number,1,1,ALL,ALL,ALL,b|2|9,b,2,9,17946,8984,8962,0.5006129499609941,0.4932982713497495,0.5079273662164916
profile_outcome,serve_number,1,1,ALL,ALL,ALL,b|3|7,b,3,7,14268,6268,8000,0.43930473787496493,0.4311786202271542,0.44746352942133855
profile_outcome,serve_number,1,1,ALL,ALL,ALL,b|3|8,b,3,8,19458,9111,10347,0.4682392846130126,0.4612350640919275,0.4752560432570222
profile_outcome,serve_number,1,1,ALL,ALL,ALL,b|3|9,b,3,9,7820,4161,3659,0.5320971867007672,0.521025076086525,0.5431377782660564
profile_outcome,serve_number,1,1,ALL,ALL,ALL,r|1|7,r,1,7,1261,438,823,0.3473433782712133,0.3215636359536212,0.3740503895709974
profile_outcome,serve_number,1,1,ALL,ALL,ALL,r|1|8,r,1,8,1687,653,1034,0.3870776526378186,0.36411619628955383,0.41055221037127254
profile_outcome,serve_number,1,1,ALL,ALL,ALL,r|1|9,r,1,9,868,363,505,0.4182027649769585,0.38581893512654797,0.4513074155839608
profile_outcome,serve_number,1,1,ALL,ALL,ALL,r|2|7,r,2,7,4253,1285,2968,0.30213966611803433,0.2885229918615057,0.316113446615051
profile_outcome,serve_number,1,1,ALL,ALL,ALL,r|2|8,r,2,8,5945,2183,3762,0.36719932716568543,0.35503534111324947,0.37953482503923314
profile_outcome,serve_number,1,1,ALL,ALL,ALL,r|2|9,r,2,9,3639,1572,2067,0.4319868095630668,0.4159725805806496,0.4481444814448146
profile_outcome,serve_number,1,1,ALL,ALL,ALL,r|3|7,r,3,7,1311,427,884,0.32570556826849734,0.3008788790518756,0.35155069948461815
profile_outcome,serve_number,1,1,ALL,ALL,ALL,r|3|8,r,3,8,1869,731,1138,0.3911182450508293,0.36923913400227204,0.41344401940448605
profile_outcome,serve_number,1,1,ALL,ALL,ALL,r|3|9,r,3,9,1081,450,631,0.4162812210915819,0.3872429231588148,0.4459124208517645
profile_outcome,serve_number,1,1,ALL,ALL,ALL,s|1|7,s,1,7,2761,792,1969,0.2868525896414343,0.2702871268803908,0.3040103445912524
profile_outcome,serve_number,1,1,ALL,ALL,ALL,s|1|8,s,1,8,2852,1036,1816,0.3632538569424965,0.34579802666526266,0.38107756805976906
profile_outcome,serve_number,1,1,ALL,ALL,ALL,s|1|9,s,1,9,1448,593,855,0.4095303867403315,0.3844738828351872,0.43506564167128475
profile_outcome,serve_number,1,1,ALL,ALL,ALL,s|2|7,s,2,7,11905,3539,8366,0.29727005459890804,0.2891263235128174,0.3055445756933588
profile_outcome,serve_number,1,1,ALL,ALL,ALL,s|2|8,s,2,8,13501,4834,8667,0.3580475520331827,0.3500019899076322,0.36617387104655363
profile_outcome,serve_number,1,1,ALL,ALL,ALL,s|2|9,s,2,9,7144,3075,4069,0.43043113101903696,0.4189899464186179,0.44194709230467827
profile_outcome,serve_number,1,1,ALL,ALL,ALL,s|3|7,s,3,7,7330,2829,4501,0.3859481582537517,0.37486609278921124,0.3971497041995522
profile_outcome,serve_number,1,1,ALL,ALL,ALL,s|3|8,s,3,8,9081,3733,5348,0.411078075101861,0.4009979370172445,0.4212334131587173
profile_outcome,serve_number,1,1,ALL,ALL,ALL,s|3|9,s,3,9,3704,1630,2074,0.4400647948164147,0.42414905263169556,0.45610472711291705
profile_outcome,serve_number,1,1,ALL,ALL,ALL,v|1|7,v,1,7,0,0,0,,,
profile_outcome,serve_number,1,1,ALL,ALL,ALL,v|1|8,v,1,8,1,1,0,1.0,0.20654931437723745,1.0
profile_outcome,serve_number,1,1,ALL,ALL,ALL,v|1|9,v,1,9,0,0,0,,,
profile_outcome,serve_number,1,1,ALL,ALL,ALL,v|2|7,v,2,7,1,0,1,0.0,0.0,0.7934506856227626
profile_outcome,serve_number,1,1,ALL,ALL,ALL,v|2|8,v,2,8,2,1,1,0.5,0.09453120573423074,0.9054687942657693
profile_outcome,serve_number,1,1,ALL,ALL,ALL,v|2|9,v,2,9,4,0,4,0.0,0.0,0.4898908364545973
profile_outcome,serve_number,1,1,ALL,ALL,ALL,v|3|7,v,3,7,0,0,0,,,
profile_outcome,serve_number,1,1,ALL,ALL,ALL,v|3|8,v,3,8,1,0,1,0.0,0.0,0.7934506856227626
profile_outcome,serve_number,1,1,ALL,ALL,ALL,v|3|9,v,3,9,0,0,0,,,
profile_outcome,serve_number,1,1,ALL,ALL,ALL,z|1|7,z,1,7,0,0,0,,,
profile_outcome,serve_number,1,1,ALL,ALL,ALL,z|1|8,z,1,8,0,0,0,,,
profile_outcome,serve_number,1,1,ALL,ALL,ALL,z|1|9,z,1,9,0,0,0,,,
profile_outcome,serve_number,1,1,ALL,ALL,ALL,z|2|7,z,2,7,1,0,1,0.0,0.0,0.7934506856227626
profile_outcome,serve_number,1,1,ALL,ALL,ALL,z|2|8,z,2,8,0,0,0,,,
profile_outcome,serve_number,1,1,ALL,ALL,ALL,z|2|9,z,2,9,0,0,0,,,
profile_outcome,serve_number,1,1,ALL,ALL,ALL,z|3|7,z,3,7,0,0,0,,,
profile_outcome,serve_number,1,1,ALL,ALL,ALL,z|3|8,z,3,8,0,0,0,,,
profile_outcome,serve_number,1,1,ALL,ALL,ALL,z|3|9,z,3,9,1,1,0,1.0,0.20654931437723745,1.0
profile_outcome,serve_number,1,1,ALL,ALL,ALL,o|1|7,o,1,7,0,0,0,,,
profile_outcome,serve_number,1,1,ALL,ALL,ALL,o|1|8,o,1,8,1,0,1,0.0,0.0,0.7934506856227626
profile_outcome,serve_number,1,1,ALL,ALL,ALL,o|1|9,o,1,9,0,0,0,,,
profile_outcome,serve_number,1,1,ALL,ALL,ALL,o|2|7,o,2,7,1,0,1,0.0,0.0,0.7934506856227626
profile_outcome,serve_number,1,1,ALL,ALL,ALL,o|2|8,o,2,8,0,0,0,,,
profile_outcome,serve_number,1,1,ALL,ALL,ALL,o|2|9,o,2,9,0,0,0,,,
profile_outcome,serve_number,1,1,ALL,ALL,ALL,o|3|7,o,3,7,0,0,0,,,
profile_outcome,serve_number,1,1,ALL,ALL,ALL,o|3|8,o,3,8,0,0,0,,,
profile_outcome,serve_number,1,1,ALL,ALL,ALL,o|3|9,o,3,9,1,1,0,1.0,0.20654931437723745,1.0
profile_outcome,serve_number,1,1,ALL,ALL,ALL,p|1|7,p,1,7,0,0,0,,,
profile_outcome,serve_number,1,1,ALL,ALL,ALL,p|1|8,p,1,8,0,0,0,,,
profile_outcome,serve_number,1,1,ALL,ALL,ALL,p|1|9,p,1,9,0,0,0,,,
profile_outcome,serve_number,1,1,ALL,ALL,ALL,p|2|7,p,2,7,0,0,0,,,
profile_outcome,serve_number,1,1,ALL,ALL,ALL,p|2|8,p,2,8,0,0,0,,,
profile_outcome,serve_number,1,1,ALL,ALL,ALL,p|2|9,p,2,9,0,0,0,,,
profile_outcome,serve_number,1,1,ALL,ALL,ALL,p|3|7,p,3,7,0,0,0,,,
profile_outcome,serve_number,1,1,ALL,ALL,ALL,p|3|8,p,3,8,0,0,0,,,
profile_outcome,serve_number,1,1,ALL,ALL,ALL,p|3|9,p,3,9,0,0,0,,,
profile_outcome,serve_number,1,1,ALL,ALL,ALL,u|1|7,u,1,7,7,5,2,0.7142857142857143,0.35893445183261935,0.9177810759959433
profile_outcome,serve_number,1,1,ALL,ALL,ALL,u|1|8,u,1,8,0,0,0,,,
profile_outcome,serve_number,1,1,ALL,ALL,ALL,u|1|9,u,1,9,0,0,0,,,
profile_outcome,serve_number,1,1,ALL,ALL,ALL,u|2|7,u,2,7,8,4,4,0.5,0.21521606221387757,0.7847839377861224
profile_outcome,serve_number,1,1,ALL,ALL,ALL,u|2|8,u,2,8,0,0,0,,,
profile_outcome,serve_number,1,1,ALL,ALL,ALL,u|2|9,u,2,9,0,0,0,,,
profile_outcome,serve_number,1,1,ALL,ALL,ALL,u|3|7,u,3,7,7,2,5,0.2857142857142857,0.08221892400405678,0.6410655481673808
profile_outcome,serve_number,1,1,ALL,ALL,ALL,u|3|8,u,3,8,0,0,0,,,
profile_outcome,serve_number,1,1,ALL,ALL,ALL,u|3|9,u,3,9,0,0,0,,,
profile_outcome,serve_number,1,1,ALL,ALL,ALL,y|1|7,y,1,7,38,13,25,0.34210526315789475,0.21212415179959412,0.5010789644821693
profile_outcome,serve_number,1,1,ALL,ALL,ALL,y|1|8,y,1,8,0,0,0,,,
profile_outcome,serve_number,1,1,ALL,ALL,ALL,y|1|9,y,1,9,0,0,0,,,
profile_outcome,serve_number,1,1,ALL,ALL,ALL,y|2|7,y,2,7,46,20,26,0.43478260869565216,0.3020926277801995,0.5775256630570501
profile_outcome,serve_number,1,1,ALL,ALL,ALL,y|2|8,y,2,8,1,0,1,0.0,0.0,0.7934506856227626
profile_outcome,serve_number,1,1,ALL,ALL,ALL,y|2|9,y,2,9,0,0,0,,,
profile_outcome,serve_number,1,1,ALL,ALL,ALL,y|3|7,y,3,7,42,18,24,0.42857142857142855,0.2911765117618606,0.5779376012189541
profile_outcome,serve_number,1,1,ALL,ALL,ALL,y|3|8,y,3,8,0,0,0,,,
profile_outcome,serve_number,1,1,ALL,ALL,ALL,y|3|9,y,3,9,0,0,0,,,
profile_outcome,serve_number,1,1,ALL,ALL,ALL,l|1|7,l,1,7,58,4,54,0.06896551724137931,0.027144247017578338,0.1643366631438035
profile_outcome,serve_number,1,1,ALL,ALL,ALL,l|1|8,l,1,8,43,15,28,0.3488372093023256,0.22418589997352706,0.49828218007147956
profile_outcome,serve_number,1,1,ALL,ALL,ALL,l|1|9,l,1,9,34,19,15,0.5588235294117647,0.3945389925620307,0.7111651775375785
profile_outcome,serve_number,1,1,ALL,ALL,ALL,l|2|7,l,2,7,92,7,85,0.07608695652173914,0.0373435597096154,0.14881240077167257
profile_outcome,serve_number,1,1,ALL,ALL,ALL,l|2|8,l,2,8,62,16,46,0.25806451612903225,0.1655487614162807,0.37881127347148014
profile_outcome,serve_number,1,1,ALL,ALL,ALL,l|2|9,l,2,9,60,27,33,0.45,0.3309365440675524,0.5750806411466566
profile_outcome,serve_number,1,1,ALL,ALL,ALL,l|3|7,l,3,7,52,6,46,0.11538461538461539,0.05396969203087296,0.22971664344902112
profile_outcome,serve_number,1,1,ALL,ALL,ALL,l|3|8,l,3,8,28,8,20,0.2857142857142857,0.1525399605666909,0.47059288433295715
profile_outcome,serve_number,1,1,ALL,ALL,ALL,l|3|9,l,3,9,27,12,15,0.4444444444444444,0.27585858177023004,0.6268697548677552
profile_outcome,serve_number,1,1,ALL,ALL,ALL,m|1|7,m,1,7,143,9,134,0.06293706293706294,0.03346148829563163,0.11528028392664248
profile_outcome,serve_number,1,1,ALL,ALL,ALL,m|1|8,m,1,8,81,19,62,0.2345679012345679,0.15562502050560217,0.33754729645234655
profile_outcome,serve_number,1,1,ALL,ALL,ALL,m|1|9,m,1,9,86,34,52,0.3953488372093023,0.2986242725154595,0.501022792032719
profile_outcome,serve_number,1,1,ALL,ALL,ALL,m|2|7,m,2,7,218,13,205,0.05963302752293578,0.0351775419218425,0.09933950903576874
profile_outcome,serve_number,1,1,ALL,ALL,ALL,m|2|8,m,2,8,198,45,153,0.22727272727272727,0.1744171935172888,0.29050938484270117
profile_outcome,serve_number,1,1,ALL,ALL,ALL,m|2|9,m,2,9,137,61,76,0.44525547445255476,0.3646556905722106,0.5288415784450284
profile_outcome,serve_number,1,1,ALL,ALL,ALL,m|3|7,m,3,7,132,15,117,0.11363636363636363,0.07008550377598652,0.17903916784112006
profile_outcome,serve_number,1,1,ALL,ALL,ALL,m|3|8,m,3,8,106,34,72,0.32075471698113206,0.23950855737983967,0.4145382805993295
profile_outcome,serve_number,1,1,ALL,ALL,ALL,m|3|9,m,3,9,89,47,42,0.5280898876404494,0.4253754742950576,0.6284797759725685
profile_outcome,serve_number,1,1,ALL,ALL,ALL,h|1|7,h,1,7,0,0,0,,,
profile_outcome,serve_number,1,1,ALL,ALL,ALL,h|1|8,h,1,8,0,0,0,,,
profile_outcome,serve_number,1,1,ALL,ALL,ALL,h|1|9,h,1,9,0,0,0,,,
profile_outcome,serve_number,1,1,ALL,ALL,ALL,h|2|7,h,2,7,0,0,0,,,
profile_outcome,serve_number,1,1,ALL,ALL,ALL,h|2|8,h,2,8,0,0,0,,,
profile_outcome,serve_number,1,1,ALL,ALL,ALL,h|2|9,h,2,9,1,1,0,1.0,0.20654931437723745,1.0
profile_outcome,serve_number,1,1,ALL,ALL,ALL,h|3|7,h,3,7,0,0,0,,,
profile_outcome,serve_number,1,1,ALL,ALL,ALL,h|3|8,h,3,8,0,0,0,,,
profile_outcome,serve_number,1,1,ALL,ALL,ALL,h|3|9,h,3,9,0,0,0,,,
profile_outcome,serve_number,1,1,ALL,ALL,ALL,i|1|7,i,1,7,0,0,0,,,
profile_outcome,serve_number,1,1,ALL,ALL,ALL,i|1|8,i,1,8,0,0,0,,,
profile_outcome,serve_number,1,1,ALL,ALL,ALL,i|1|9,i,1,9,0,0,0,,,
profile_outcome,serve_number,1,1,ALL,ALL,ALL,i|2|7,i,2,7,0,0,0,,,
profile_outcome,serve_number,1,1,ALL,ALL,ALL,i|2|8,i,2,8,0,0,0,,,
profile_outcome,serve_number,1,1,ALL,ALL,ALL,i|2|9,i,2,9,0,0,0,,,
profile_outcome,serve_number,1,1,ALL,ALL,ALL,i|3|7,i,3,7,0,0,0,,,
profile_outcome,serve_number,1,1,ALL,ALL,ALL,i|3|8,i,3,8,0,0,0,,,
profile_outcome,serve_number,1,1,ALL,ALL,ALL,i|3|9,i,3,9,0,0,0,,,
profile_outcome,serve_number,1,1,ALL,ALL,ALL,j|1|7,j,1,7,0,0,0,,,
profile_outcome,serve_number,1,1,ALL,ALL,ALL,j|1|8,j,1,8,0,0,0,,,
profile_outcome,serve_number,1,1,ALL,ALL,ALL,j|1|9,j,1,9,0,0,0,,,
profile_outcome,serve_number,1,1,ALL,ALL,ALL,j|2|7,j,2,7,0,0,0,,,
profile_outcome,serve_number,1,1,ALL,ALL,ALL,j|2|8,j,2,8,0,0,0,,,
profile_outcome,serve_number,1,1,ALL,ALL,ALL,j|2|9,j,2,9,0,0,0,,,
profile_outcome,serve_number,1,1,ALL,ALL,ALL,j|3|7,j,3,7,0,0,0,,,
profile_outcome,serve_number,1,1,ALL,ALL,ALL,j|3|8,j,3,8,0,0,0,,,
profile_outcome,serve_number,1,1,ALL,ALL,ALL,j|3|9,j,3,9,0,0,0,,,
profile_outcome,serve_number,1,1,ALL,ALL,ALL,k|1|7,k,1,7,0,0,0,,,
profile_outcome,serve_number,1,1,ALL,ALL,ALL,k|1|8,k,1,8,0,0,0,,,
profile_outcome,serve_number,1,1,ALL,ALL,ALL,k|1|9,k,1,9,0,0,0,,,
profile_outcome,serve_number,1,1,ALL,ALL,ALL,k|2|7,k,2,7,0,0,0,,,
profile_outcome,serve_number,1,1,ALL,ALL,ALL,k|2|8,k,2,8,0,0,0,,,
profile_outcome,serve_number,1,1,ALL,ALL,ALL,k|2|9,k,2,9,0,0,0,,,
profile_outcome,serve_number,1,1,ALL,ALL,ALL,k|3|7,k,3,7,0,0,0,,,
profile_outcome,serve_number,1,1,ALL,ALL,ALL,k|3|8,k,3,8,0,0,0,,,
profile_outcome,serve_number,1,1,ALL,ALL,ALL,k|3|9,k,3,9,0,0,0,,,
profile_outcome,serve_number,1,1,ALL,ALL,ALL,t|1|7,t,1,7,0,0,0,,,
profile_outcome,serve_number,1,1,ALL,ALL,ALL,t|1|8,t,1,8,2,0,2,0.0,0.0,0.6576197724933469
profile_outcome,serve_number,1,1,ALL,ALL,ALL,t|1|9,t,1,9,0,0,0,,,
profile_outcome,serve_number,1,1,ALL,ALL,ALL,t|2|7,t,2,7,1,0,1,0.0,0.0,0.7934506856227626
profile_outcome,serve_number,1,1,ALL,ALL,ALL,t|2|8,t,2,8,1,0,1,0.0,0.0,0.7934506856227626
profile_outcome,serve_number,1,1,ALL,ALL,ALL,t|2|9,t,2,9,0,0,0,,,
profile_outcome,serve_number,1,1,ALL,ALL,ALL,t|3|7,t,3,7,1,0,1,0.0,0.0,0.7934506856227626
profile_outcome,serve_number,1,1,ALL,ALL,ALL,t|3|8,t,3,8,0,0,0,,,
profile_outcome,serve_number,1,1,ALL,ALL,ALL,t|3|9,t,3,9,0,0,0,,,
profile_outcome,serve_number,2,2,ALL,ALL,ALL,f|1|7,f,1,7,4738,2619,2119,0.5527648796960742,0.5385702345645539,0.5668740330985725
profile_outcome,serve_number,2,2,ALL,ALL,ALL,f|1|8,f,1,8,11390,6681,4709,0.5865671641791045,0.5774957254925854,0.5955802302443052
profile_outcome,serve_number,2,2,ALL,ALL,ALL,f|1|9,f,1,9,5266,3349,1917,0.6359665780478542,0.6228762511806586,0.6488586788338125
profile_outcome,serve_number,2,2,ALL,ALL,ALL,f|2|7,f,2,7,8751,4028,4723,0.46029025254256656,0.4498671938564055,0.47074815900075295
profile_outcome,serve_number,2,2,ALL,ALL,ALL,f|2|8,f,2,8,22621,11180,11441,0.4942310242694841,0.48771727382304364,0.5007467337380682
profile_outcome,serve_number,2,2,ALL,ALL,ALL,f|2|9,f,2,9,12413,6919,5494,0.5573995005236446,0.5486453395935208,0.5661181455267396
profile_outcome,serve_number,2,2,ALL,ALL,ALL,f|3|7,f,3,7,5133,2785,2348,0.5425676992012468,0.5289122756247884,0.5561594563924823
profile_outcome,serve_number,2,2,ALL,ALL,ALL,f|3|8,f,3,8,12649,7124,5525,0.5632065775950668,0.5545451336741025,0.5718296419210889
profile_outcome,serve_number,2,2,ALL,ALL,ALL,f|3|9,f,3,9,5794,3588,2206,0.619261304798067,0.6066833202983872,0.6316812520714659
profile_outcome,serve_number,2,2,ALL,ALL,ALL,b|1|7,b,1,7,4118,2181,1937,0.5296260320543953,0.5143610705931396,0.5448357719923127
profile_outcome,serve_number,2,2,ALL,ALL,ALL,b|1|8,b,1,8,10532,6070,4462,0.5763387770603874,0.5668754709544885,0.5857464156109902
profile_outcome,serve_number,2,2,ALL,ALL,ALL,b|1|9,b,1,9,5346,3284,2062,0.6142910587355032,0.6011652204622737,0.627252763398761
profile_outcome,serve_number,2,2,ALL,ALL,ALL,b|2|7,b,2,7,13047,6080,6967,0.4660075113052809,0.4574591053621212,0.4745759283329283
profile_outcome,serve_number,2,2,ALL,ALL,ALL,b|2|8,b,2,8,34698,16547,18151,0.47688627586604415,0.4716337785006035,0.48214389056334506
profile_outcome,serve_number,2,2,ALL,ALL,ALL,b|2|9,b,2,9,19569,10543,9026,0.5387602841228474,0.5317690255837912,0.5457363281070164
profile_outcome,serve_number,2,2,ALL,ALL,ALL,b|3|7,b,3,7,14252,7529,6723,0.5282767330900926,0.5200745421358719,0.5364636848308213
profile_outcome,serve_number,2,2,ALL,ALL,ALL,b|3|8,b,3,8,28923,15356,13567,0.5309269439546381,0.525171943440729,0.5366737303272403
profile_outcome,serve_number,2,2,ALL,ALL,ALL,b|3|9,b,3,9,11015,6255,4760,0.5678620063549705,0.5585889347705956,0.5770877609679784
profile_outcome,serve_number,2,2,ALL,ALL,ALL,r|1|7,r,1,7,127,53,74,0.41732283464566927,0.3352214236149853,0.5042789901737472
profile_outcome,serve_number,2,2,ALL,ALL,ALL,r|1|8,r,1,8,209,84,125,0.4019138755980861,0.33779332305833176,0.46957503352420793
profile_outcome,serve_number,2,2,ALL,ALL,ALL,r|1|9,r,1,9,97,46,51,0.4742268041237113,0.3777449221838968,0.5726722965030077
profile_outcome,serve_number,2,2,ALL,ALL,ALL,r|2|7,r,2,7,461,155,306,0.3362255965292842,0.29461185035134263,0.38054621239312947
profile_outcome,serve_number,2,2,ALL,ALL,ALL,r|2|8,r,2,8,718,274,444,0.3816155988857939,0.3468019868758765,0.41768923495317034
profile_outcome,serve_number,2,2,ALL,ALL,ALL,r|2|9,r,2,9,412,182,230,0.441747572815534,0.39455319540736716,0.490018198373028
profile_outcome,serve_number,2,2,ALL,ALL,ALL,r|3|7,r,3,7,160,79,81,0.49375,0.4173416277116193,0.5704514497280245
profile_outcome,serve_number,2,2,ALL,ALL,ALL,r|3|8,r,3,8,327,142,185,0.43425076452599387,0.3815990011903411,0.48842937991619767
profile_outcome,serve_number,2,2,ALL,ALL,ALL,r|3|9,r,3,9,168,76,92,0.4523809523809524,0.37902026703643743,0.5278706537587882
profile_outcome,serve_number,2,2,ALL,ALL,ALL,s|1|7,s,1,7,561,271,290,0.483065953654189,0.44197067788936345,0.5243915646420734
profile_outcome,serve_number,2,2,ALL,ALL,ALL,s|1|8,s,1,8,903,455,448,0.5038759689922481,0.4713179114325412,0.5364011886724576
profile_outcome,serve_number,2,2,ALL,ALL,ALL,s|1|9,s,1,9,353,170,183,0.48158640226628896,0.42994177246522264,0.5336274830720599
profile_outcome,serve_number,2,2,ALL,ALL,ALL,s|2|7,s,2,7,1974,833,1141,0.4219858156028369,0.4003712169101306,0.44390346009879017
profile_outcome,serve_number,2,2,ALL,ALL,ALL,s|2|8,s,2,8,4431,1989,2442,0.44888287068381855,0.43428854982259163,0.4635657468402566
profile_outcome,serve_number,2,2,ALL,ALL,ALL,s|2|9,s,2,9,2027,950,1077,0.4686729156388752,0.44702878118302136,0.4904355642249414
profile_outcome,serve_number,2,2,ALL,ALL,ALL,s|3|7,s,3,7,2510,1258,1252,0.501195219123506,0.48164784184985837,0.5207389435136125
profile_outcome,serve_number,2,2,ALL,ALL,ALL,s|3|8,s,3,8,6302,3124,3178,0.4957156458267217,0.4833778160315888,0.5080586955977252
profile_outcome,serve_number,2,2,ALL,ALL,ALL,s|3|9,s,3,9,2104,1057,1047,0.5023764258555133,0.4810271898344715,0.5237169999897455
profile_outcome,serve_number,2,2,ALL,ALL,ALL,v|1|7,v,1,7,0,0,0,,,
profile_outcome,serve_number,2,2,ALL,ALL,ALL,v|1|8,v,1,8,0,0,0,,,
profile_outcome,serve_number,2,2,ALL,ALL,ALL,v|1|9,v,1,9,0,0,0,,,
profile_outcome,serve_number,2,2,ALL,ALL,ALL,v|2|7,v,2,7,2,1,1,0.5,0.09453120573423074,0.9054687942657693
profile_outcome,serve_number,2,2,ALL,ALL,ALL,v|2|8,v,2,8,3,1,2,0.3333333333333333,0.06149194472039621,0.7923403991979522
profile_outcome,serve_number,2,2,ALL,ALL,ALL,v|2|9,v,2,9,0,0,0,,,
profile_outcome,serve_number,2,2,ALL,ALL,ALL,v|3|7,v,3,7,0,0,0,,,
profile_outcome,serve_number,2,2,ALL,ALL,ALL,v|3|8,v,3,8,0,0,0,,,
profile_outcome,serve_number,2,2,ALL,ALL,ALL,v|3|9,v,3,9,0,0,0,,,
profile_outcome,serve_number,2,2,ALL,ALL,ALL,z|1|7,z,1,7,0,0,0,,,
profile_outcome,serve_number,2,2,ALL,ALL,ALL,z|1|8,z,1,8,0,0,0,,,
profile_outcome,serve_number,2,2,ALL,ALL,ALL,z|1|9,z,1,9,0,0,0,,,
profile_outcome,serve_number,2,2,ALL,ALL,ALL,z|2|7,z,2,7,0,0,0,,,
profile_outcome,serve_number,2,2,ALL,ALL,ALL,z|2|8,z,2,8,0,0,0,,,
profile_outcome,serve_number,2,2,ALL,ALL,ALL,z|2|9,z,2,9,0,0,0,,,
profile_outcome,serve_number,2,2,ALL,ALL,ALL,z|3|7,z,3,7,0,0,0,,,
profile_outcome,serve_number,2,2,ALL,ALL,ALL,z|3|8,z,3,8,0,0,0,,,
profile_outcome,serve_number,2,2,ALL,ALL,ALL,z|3|9,z,3,9,0,0,0,,,
profile_outcome,serve_number,2,2,ALL,ALL,ALL,o|1|7,o,1,7,0,0,0,,,
profile_outcome,serve_number,2,2,ALL,ALL,ALL,o|1|8,o,1,8,0,0,0,,,
profile_outcome,serve_number,2,2,ALL,ALL,ALL,o|1|9,o,1,9,0,0,0,,,
profile_outcome,serve_number,2,2,ALL,ALL,ALL,o|2|7,o,2,7,0,0,0,,,
profile_outcome,serve_number,2,2,ALL,ALL,ALL,o|2|8,o,2,8,1,1,0,1.0,0.20654931437723745,1.0
profile_outcome,serve_number,2,2,ALL,ALL,ALL,o|2|9,o,2,9,0,0,0,,,
profile_outcome,serve_number,2,2,ALL,ALL,ALL,o|3|7,o,3,7,0,0,0,,,
profile_outcome,serve_number,2,2,ALL,ALL,ALL,o|3|8,o,3,8,0,0,0,,,
profile_outcome,serve_number,2,2,ALL,ALL,ALL,o|3|9,o,3,9,0,0,0,,,
profile_outcome,serve_number,2,2,ALL,ALL,ALL,p|1|7,p,1,7,0,0,0,,,
profile_outcome,serve_number,2,2,ALL,ALL,ALL,p|1|8,p,1,8,0,0,0,,,
profile_outcome,serve_number,2,2,ALL,ALL,ALL,p|1|9,p,1,9,0,0,0,,,
profile_outcome,serve_number,2,2,ALL,ALL,ALL,p|2|7,p,2,7,0,0,0,,,
profile_outcome,serve_number,2,2,ALL,ALL,ALL,p|2|8,p,2,8,0,0,0,,,
profile_outcome,serve_number,2,2,ALL,ALL,ALL,p|2|9,p,2,9,0,0,0,,,
profile_outcome,serve_number,2,2,ALL,ALL,ALL,p|3|7,p,3,7,0,0,0,,,
profile_outcome,serve_number,2,2,ALL,ALL,ALL,p|3|8,p,3,8,0,0,0,,,
profile_outcome,serve_number,2,2,ALL,ALL,ALL,p|3|9,p,3,9,0,0,0,,,
profile_outcome,serve_number,2,2,ALL,ALL,ALL,u|1|7,u,1,7,28,14,14,0.5,0.32633127457293465,0.6736687254270654
profile_outcome,serve_number,2,2,ALL,ALL,ALL,u|1|8,u,1,8,0,0,0,,,
profile_outcome,serve_number,2,2,ALL,ALL,ALL,u|1|9,u,1,9,0,0,0,,,
profile_outcome,serve_number,2,2,ALL,ALL,ALL,u|2|7,u,2,7,9,6,3,0.6666666666666666,0.3542021355803963,0.879416181613089
profile_outcome,serve_number,2,2,ALL,ALL,ALL,u|2|8,u,2,8,0,0,0,,,
profile_outcome,serve_number,2,2,ALL,ALL,ALL,u|2|9,u,2,9,1,0,1,0.0,0.0,0.7934506856227626
profile_outcome,serve_number,2,2,ALL,ALL,ALL,u|3|7,u,3,7,6,3,3,0.5,0.1876163064826506,0.8123836935173494
profile_outcome,serve_number,2,2,ALL,ALL,ALL,u|3|8,u,3,8,0,0,0,,,
profile_outcome,serve_number,2,2,ALL,ALL,ALL,u|3|9,u,3,9,0,0,0,,,
profile_outcome,serve_number,2,2,ALL,ALL,ALL,y|1|7,y,1,7,87,51,36,0.5862068965517241,0.4812159672619939,0.6839068763683301
profile_outcome,serve_number,2,2,ALL,ALL,ALL,y|1|8,y,1,8,0,0,0,,,
profile_outcome,serve_number,2,2,ALL,ALL,ALL,y|1|9,y,1,9,0,0,0,,,
profile_outcome,serve_number,2,2,ALL,ALL,ALL,y|2|7,y,2,7,39,17,22,0.4358974358974359,0.2930475387568963,0.5902430835133052
profile_outcome,serve_number,2,2,ALL,ALL,ALL,y|2|8,y,2,8,1,0,1,0.0,0.0,0.7934506856227626
profile_outcome,serve_number,2,2,ALL,ALL,ALL,y|2|9,y,2,9,0,0,0,,,
profile_outcome,serve_number,2,2,ALL,ALL,ALL,y|3|7,y,3,7,62,31,31,0.5,0.3792274119456608,0.6207725880543392
profile_outcome,serve_number,2,2,ALL,ALL,ALL,y|3|8,y,3,8,0,0,0,,,
profile_outcome,serve_number,2,2,ALL,ALL,ALL,y|3|9,y,3,9,0,0,0,,,
profile_outcome,serve_number,2,2,ALL,ALL,ALL,l|1|7,l,1,7,4,1,3,0.25,0.04558726080970055,0.6993581574175981
profile_outcome,serve_number,2,2,ALL,ALL,ALL,l|1|8,l,1,8,5,4,1,0.8,0.37553462976252533,0.9637758913675698
profile_outcome,serve_number,2,2,ALL,ALL,ALL,l|1|9,l,1,9,7,3,4,0.42857142857142855,0.15821985525146975,0.7495416354723428
profile_outcome,serve_number,2,2,ALL,ALL,ALL,l|2|7,l,2,7,8,2,6,0.25,0.071479212752109,0.5907245696898311
profile_outcome,serve_number,2,2,ALL,ALL,ALL,l|2|8,l,2,8,15,4,11,0.26666666666666666,0.10897453325692374,0.5195043405598057
profile_outcome,serve_number,2,2,ALL,ALL,ALL,l|2|9,l,2,9,12,3,9,0.25,0.08894166839405471,0.5323053349335657
profile_outcome,serve_number,2,2,ALL,ALL,ALL,l|3|7,l,3,7,0,0,0,,,
profile_outcome,serve_number,2,2,ALL,ALL,ALL,l|3|8,l,3,8,2,0,2,0.0,0.0,0.6576197724933469
profile_outcome,serve_number,2,2,ALL,ALL,ALL,l|3|9,l,3,9,4,2,2,0.5,0.15003898915214947,0.8499610108478506
profile_outcome,serve_number,2,2,ALL,ALL,ALL,m|1|7,m,1,7,6,0,6,0.0,0.0,0.3903342879021653
profile_outcome,serve_number,2,2,ALL,ALL,ALL,m|1|8,m,1,8,7,2,5,0.2857142857142857,0.08221892400405678,0.6410655481673808
profile_outcome,serve_number,2,2,ALL,ALL,ALL,m|1|9,m,1,9,7,4,3,0.5714285714285714,0.2504583645276572,0.8417801447485302
profile_outcome,serve_number,2,2,ALL,ALL,ALL,m|2|7,m,2,7,17,1,16,0.058823529411764705,0.010460400984997592,0.26982030637575405
profile_outcome,serve_number,2,2,ALL,ALL,ALL,m|2|8,m,2,8,19,5,14,0.2631578947368421,0.11806412346782508,0.487915508978151
profile_outcome,serve_number,2,2,ALL,ALL,ALL,m|2|9,m,2,9,18,6,12,0.3333333333333333,0.1627877475083369,0.5625053270405489
profile_outcome,serve_number,2,2,ALL,ALL,ALL,m|3|7,m,3,7,7,1,6,0.14285714285714285,0.02567962434474355,0.5131278292743189
profile_outcome,serve_number,2,2,ALL,ALL,ALL,m|3|8,m,3,8,7,2,5,0.2857142857142857,0.08221892400405678,0.6410655481673808
profile_outcome,serve_number,2,2,ALL,ALL,ALL,m|3|9,m,3,9,7,6,1,0.8571428571428571,0.4868721707256811,0.9743203756552565
profile_outcome,serve_number,2,2,ALL,ALL,ALL,h|1|7,h,1,7,0,0,0,,,
profile_outcome,serve_number,2,2,ALL,ALL,ALL,h|1|8,h,1,8,0,0,0,,,
profile_outcome,serve_number,2,2,ALL,ALL,ALL,h|1|9,h,1,9,0,0,0,,,
profile_outcome,serve_number,2,2,ALL,ALL,ALL,h|2|7,h,2,7,0,0,0,,,
profile_outcome,serve_number,2,2,ALL,ALL,ALL,h|2|8,h,2,8,0,0,0,,,
profile_outcome,serve_number,2,2,ALL,ALL,ALL,h|2|9,h,2,9,0,0,0,,,
profile_outcome,serve_number,2,2,ALL,ALL,ALL,h|3|7,h,3,7,0,0,0,,,
profile_outcome,serve_number,2,2,ALL,ALL,ALL,h|3|8,h,3,8,0,0,0,,,
profile_outcome,serve_number,2,2,ALL,ALL,ALL,h|3|9,h,3,9,0,0,0,,,
profile_outcome,serve_number,2,2,ALL,ALL,ALL,i|1|7,i,1,7,0,0,0,,,
profile_outcome,serve_number,2,2,ALL,ALL,ALL,i|1|8,i,1,8,0,0,0,,,
profile_outcome,serve_number,2,2,ALL,ALL,ALL,i|1|9,i,1,9,0,0,0,,,
profile_outcome,serve_number,2,2,ALL,ALL,ALL,i|2|7,i,2,7,0,0,0,,,
profile_outcome,serve_number,2,2,ALL,ALL,ALL,i|2|8,i,2,8,0,0,0,,,
profile_outcome,serve_number,2,2,ALL,ALL,ALL,i|2|9,i,2,9,0,0,0,,,
profile_outcome,serve_number,2,2,ALL,ALL,ALL,i|3|7,i,3,7,0,0,0,,,
profile_outcome,serve_number,2,2,ALL,ALL,ALL,i|3|8,i,3,8,0,0,0,,,
profile_outcome,serve_number,2,2,ALL,ALL,ALL,i|3|9,i,3,9,0,0,0,,,
profile_outcome,serve_number,2,2,ALL,ALL,ALL,j|1|7,j,1,7,0,0,0,,,
profile_outcome,serve_number,2,2,ALL,ALL,ALL,j|1|8,j,1,8,0,0,0,,,
profile_outcome,serve_number,2,2,ALL,ALL,ALL,j|1|9,j,1,9,0,0,0,,,
profile_outcome,serve_number,2,2,ALL,ALL,ALL,j|2|7,j,2,7,0,0,0,,,
profile_outcome,serve_number,2,2,ALL,ALL,ALL,j|2|8,j,2,8,0,0,0,,,
profile_outcome,serve_number,2,2,ALL,ALL,ALL,j|2|9,j,2,9,0,0,0,,,
profile_outcome,serve_number,2,2,ALL,ALL,ALL,j|3|7,j,3,7,0,0,0,,,
profile_outcome,serve_number,2,2,ALL,ALL,ALL,j|3|8,j,3,8,0,0,0,,,
profile_outcome,serve_number,2,2,ALL,ALL,ALL,j|3|9,j,3,9,0,0,0,,,
profile_outcome,serve_number,2,2,ALL,ALL,ALL,k|1|7,k,1,7,0,0,0,,,
profile_outcome,serve_number,2,2,ALL,ALL,ALL,k|1|8,k,1,8,0,0,0,,,
profile_outcome,serve_number,2,2,ALL,ALL,ALL,k|1|9,k,1,9,0,0,0,,,
profile_outcome,serve_number,2,2,ALL,ALL,ALL,k|2|7,k,2,7,0,0,0,,,
profile_outcome,serve_number,2,2,ALL,ALL,ALL,k|2|8,k,2,8,0,0,0,,,
profile_outcome,serve_number,2,2,ALL,ALL,ALL,k|2|9,k,2,9,0,0,0,,,
profile_outcome,serve_number,2,2,ALL,ALL,ALL,k|3|7,k,3,7,0,0,0,,,
profile_outcome,serve_number,2,2,ALL,ALL,ALL,k|3|8,k,3,8,0,0,0,,,
profile_outcome,serve_number,2,2,ALL,ALL,ALL,k|3|9,k,3,9,0,0,0,,,
profile_outcome,serve_number,2,2,ALL,ALL,ALL,t|1|7,t,1,7,0,0,0,,,
profile_outcome,serve_number,2,2,ALL,ALL,ALL,t|1|8,t,1,8,0,0,0,,,
profile_outcome,serve_number,2,2,ALL,ALL,ALL,t|1|9,t,1,9,0,0,0,,,
profile_outcome,serve_number,2,2,ALL,ALL,ALL,t|2|7,t,2,7,0,0,0,,,
profile_outcome,serve_number,2,2,ALL,ALL,ALL,t|2|8,t,2,8,1,1,0,1.0,0.20654931437723745,1.0
profile_outcome,serve_number,2,2,ALL,ALL,ALL,t|2|9,t,2,9,1,0,1,0.0,0.0,0.7934506856227626
profile_outcome,serve_number,2,2,ALL,ALL,ALL,t|3|7,t,3,7,0,0,0,,,
profile_outcome,serve_number,2,2,ALL,ALL,ALL,t|3|8,t,3,8,0,0,0,,,
profile_outcome,serve_number,2,2,ALL,ALL,ALL,t|3|9,t,3,9,0,0,0,,,
profile_outcome,surface,Hard,0,Hard,ALL,ALL,f|1|7,f,1,7,8055,3766,4289,0.4675356921166977,0.45665773175525154,0.4784446024112114
profile_outcome,surface,Hard,0,Hard,ALL,ALL,f|1|8,f,1,8,15366,8324,7042,0.5417154757256281,0.5338279380398677,0.5495821611101314
profile_outcome,surface,Hard,0,Hard,ALL,ALL,f|1|9,f,1,9,7399,4384,3015,0.5925125016894175,0.5812711793946469,0.6036578114010155
profile_outcome,surface,Hard,0,Hard,ALL,ALL,f|2|7,f,2,7,16879,6859,10020,0.4063629361929024,0.3989754967208331,0.4137929873219708
profile_outcome,surface,Hard,0,Hard,ALL,ALL,f|2|8,f,2,8,36150,16657,19493,0.46077455048409405,0.4556406432802703,0.46591679334150016
profile_outcome,surface,Hard,0,Hard,ALL,ALL,f|2|9,f,2,9,21194,11335,9859,0.534821175804473,0.5281003183734667,0.5415294126945434
profile_outcome,surface,Hard,0,Hard,ALL,ALL,f|3|7,f,3,7,7518,3569,3949,0.47472732109603616,0.46345524769471214,0.48602520837706764
profile_outcome,surface,Hard,0,Hard,ALL,ALL,f|3|8,f,3,8,16063,8502,7561,0.5292909170142563,0.5215658826548498,0.5370019449055193
profile_outcome,surface,Hard,0,Hard,ALL,ALL,f|3|9,f,3,9,8387,4921,3466,0.5867413854775247,0.5761655046990293,0.5972378431225962
profile_outcome,surface,Hard,0,Hard,ALL,ALL,b|1|7,b,1,7,5738,2649,3089,0.4616591146741025,0.44879002134108725,0.47457951034041435
profile_outcome,surface,Hard,0,Hard,ALL,ALL,b|1|8,b,1,8,11624,6276,5348,0.5399174122505161,0.5308452184562165,0.548963231227799
profile_outcome,surface,Hard,0,Hard,ALL,ALL,b|1|9,b,1,9,6196,3604,2592,0.5816655907036798,0.5693360759409479,0.5938939044902772
profile_outcome,surface,Hard,0,Hard,ALL,ALL,b|2|7,b,2,7,18936,7968,10968,0.4207858048162231,0.413770966956269,0.4278327757929695
profile_outcome,surface,Hard,0,Hard,ALL,ALL,b|2|8,b,2,8,40772,18789,21983,0.4608309624251938,0.455996494486873,0.46567281052978476
profile_outcome,surface,Hard,0,Hard,ALL,ALL,b|2|9,b,2,9,23715,12457,11258,0.5252793590554501,0.5189202631672056,0.5316302665490806
profile_outcome,surface,Hard,0,Hard,ALL,ALL,b|3|7,b,3,7,17075,8345,8730,0.48872620790629573,0.48123189934421745,0.4962255879842828
profile_outcome,surface,Hard,0,Hard,ALL,ALL,b|3|8,b,3,8,28712,14717,13995,0.5125731401504597,0.5067902316502411,0.5183526847095448
profile_outcome,surface,Hard,0,Hard,ALL,ALL,b|3|9,b,3,9,11382,6332,5050,0.556316991741346,0.5471723363980975,0.5654236456060983
profile_outcome,surface,Hard,0,Hard,ALL,ALL,r|1|7,r,1,7,916,309,607,0.3373362445414847,0.30745389782223326,0.3685772299961862
profile_outcome,surface,Hard,0,Hard,ALL,ALL,r|1|8,r,1,8,1267,479,788,0.3780584056827151,0.3517646730691869,0.40508934058036505
profile_outcome,surface,Hard,0,Hard,ALL,ALL,r|1|9,r,1,9,642,266,376,0.4143302180685358,0.3768450037231369,0.4528345585012209
profile_outcome,surface,Hard,0,Hard,ALL,ALL,r|2|7,r,2,7,3250,983,2267,0.30246153846153845,0.2869107728356837,0.3184787286966477
profile_outcome,surface,Hard,0,Hard,ALL,ALL,r|2|8,r,2,8,4429,1614,2815,0.3644163468051479,0.3503658859574589,0.3787017986965481
profile_outcome,surface,Hard,0,Hard,ALL,ALL,r|2|9,r,2,9,2844,1232,1612,0.43319268635724334,0.4150835402603834,0.4514820654818127
profile_outcome,surface,Hard,0,Hard,ALL,ALL,r|3|7,r,3,7,952,320,632,0.33613445378151263,0.3068388865611997,0.36674714894625576
profile_outcome,surface,Hard,0,Hard,ALL,ALL,r|3|8,r,3,8,1458,573,885,0.39300411522633744,0.3682462941147146,0.41832426857017563
profile_outcome,surface,Hard,0,Hard,ALL,ALL,r|3|9,r,3,9,831,352,479,0.42358604091456076,0.39041734238491305,0.45745796536585254
profile_outcome,surface,Hard,0,Hard,ALL,ALL,s|1|7,s,1,7,2036,630,1406,0.3094302554027505,0.28972573892772896,0.32985253925442265
profile_outcome,surface,Hard,0,Hard,ALL,ALL,s|1|8,s,1,8,2365,937,1428,0.3961945031712474,0.37666590296455643,0.41605977811819544
profile_outcome,surface,Hard,0,Hard,ALL,ALL,s|1|9,s,1,9,1167,506,661,0.43359040274207367,0.4054214537295858,0.462195123363507
profile_outcome,surface,Hard,0,Hard,ALL,ALL,s|2|7,s,2,7,9028,2869,6159,0.3177891005759858,0.3082636881652218,0.32746951031924515
profile_outcome,surface,Hard,0,Hard,ALL,ALL,s|2|8,s,2,8,11846,4599,7247,0.3882323147053858,0.3794937997881914,0.3970432948892314
profile_outcome,surface,Hard,0,Hard,ALL,ALL,s|2|9,s,2,9,6037,2639,3398,0.43713765115123404,0.4246689371904117,0.44968631527334463
profile_outcome,surface,Hard,0,Hard,ALL,ALL,s|3|7,s,3,7,6510,2672,3838,0.41044546850998465,0.3985522558982669,0.4224443085144167
profile_outcome,surface,Hard,0,Hard,ALL,ALL,s|3|8,s,3,8,10440,4719,5721,0.45201149425287357,0.4424840744288701,0.4615742163877022
profile_outcome,surface,Hard,0,Hard,ALL,ALL,s|3|9,s,3,9,3914,1822,2092,0.46550843127235564,0.44992301085262504,0.48116148992723223
profile_outcome,surface,Hard,0,Hard,ALL,ALL,v|1|7,v,1,7,0,0,0,,,
profile_outcome,surface,Hard,0,Hard,ALL,ALL,v|1|8,v,1,8,0,0,0,,,
profile_outcome,surface,Hard,0,Hard,ALL,ALL,v|1|9,v,1,9,0,0,0,,,
profile_outcome,surface,Hard,0,Hard,ALL,ALL,v|2|7,v,2,7,2,1,1,0.5,0.09453120573423074,0.9054687942657693
profile_outcome,surface,Hard,0,Hard,ALL,ALL,v|2|8,v,2,8,4,2,2,0.5,0.15003898915214947,0.8499610108478506
profile_outcome,surface,Hard,0,Hard,ALL,ALL,v|2|9,v,2,9,3,0,3,0.0,0.0,0.5614970317550454
profile_outcome,surface,Hard,0,Hard,ALL,ALL,v|3|7,v,3,7,0,0,0,,,
profile_outcome,surface,Hard,0,Hard,ALL,ALL,v|3|8,v,3,8,1,0,1,0.0,0.0,0.7934506856227626
profile_outcome,surface,Hard,0,Hard,ALL,ALL,v|3|9,v,3,9,0,0,0,,,
profile_outcome,surface,Hard,0,Hard,ALL,ALL,z|1|7,z,1,7,0,0,0,,,
profile_outcome,surface,Hard,0,Hard,ALL,ALL,z|1|8,z,1,8,0,0,0,,,
profile_outcome,surface,Hard,0,Hard,ALL,ALL,z|1|9,z,1,9,0,0,0,,,
profile_outcome,surface,Hard,0,Hard,ALL,ALL,z|2|7,z,2,7,0,0,0,,,
profile_outcome,surface,Hard,0,Hard,ALL,ALL,z|2|8,z,2,8,0,0,0,,,
profile_outcome,surface,Hard,0,Hard,ALL,ALL,z|2|9,z,2,9,0,0,0,,,
profile_outcome,surface,Hard,0,Hard,ALL,ALL,z|3|7,z,3,7,0,0,0,,,
profile_outcome,surface,Hard,0,Hard,ALL,ALL,z|3|8,z,3,8,0,0,0,,,
profile_outcome,surface,Hard,0,Hard,ALL,ALL,z|3|9,z,3,9,0,0,0,,,
profile_outcome,surface,Hard,0,Hard,ALL,ALL,o|1|7,o,1,7,0,0,0,,,
profile_outcome,surface,Hard,0,Hard,ALL,ALL,o|1|8,o,1,8,0,0,0,,,
profile_outcome,surface,Hard,0,Hard,ALL,ALL,o|1|9,o,1,9,0,0,0,,,
profile_outcome,surface,Hard,0,Hard,ALL,ALL,o|2|7,o,2,7,1,0,1,0.0,0.0,0.7934506856227626
profile_outcome,surface,Hard,0,Hard,ALL,ALL,o|2|8,o,2,8,1,1,0,1.0,0.20654931437723745,1.0
profile_outcome,surface,Hard,0,Hard,ALL,ALL,o|2|9,o,2,9,0,0,0,,,
profile_outcome,surface,Hard,0,Hard,ALL,ALL,o|3|7,o,3,7,0,0,0,,,
profile_outcome,surface,Hard,0,Hard,ALL,ALL,o|3|8,o,3,8,0,0,0,,,
profile_outcome,surface,Hard,0,Hard,ALL,ALL,o|3|9,o,3,9,1,1,0,1.0,0.20654931437723745,1.0
profile_outcome,surface,Hard,0,Hard,ALL,ALL,p|1|7,p,1,7,0,0,0,,,
profile_outcome,surface,Hard,0,Hard,ALL,ALL,p|1|8,p,1,8,0,0,0,,,
profile_outcome,surface,Hard,0,Hard,ALL,ALL,p|1|9,p,1,9,0,0,0,,,
profile_outcome,surface,Hard,0,Hard,ALL,ALL,p|2|7,p,2,7,0,0,0,,,
profile_outcome,surface,Hard,0,Hard,ALL,ALL,p|2|8,p,2,8,0,0,0,,,
profile_outcome,surface,Hard,0,Hard,ALL,ALL,p|2|9,p,2,9,0,0,0,,,
profile_outcome,surface,Hard,0,Hard,ALL,ALL,p|3|7,p,3,7,0,0,0,,,
profile_outcome,surface,Hard,0,Hard,ALL,ALL,p|3|8,p,3,8,0,0,0,,,
profile_outcome,surface,Hard,0,Hard,ALL,ALL,p|3|9,p,3,9,0,0,0,,,
profile_outcome,surface,Hard,0,Hard,ALL,ALL,u|1|7,u,1,7,13,10,3,0.7692307692307693,0.49743624053272495,0.9182047128150143
profile_outcome,surface,Hard,0,Hard,ALL,ALL,u|1|8,u,1,8,0,0,0,,,
profile_outcome,surface,Hard,0,Hard,ALL,ALL,u|1|9,u,1,9,0,0,0,,,
profile_outcome,surface,Hard,0,Hard,ALL,ALL,u|2|7,u,2,7,9,5,4,0.5555555555555556,0.26665129349549305,0.8112214789023355
profile_outcome,surface,Hard,0,Hard,ALL,ALL,u|2|8,u,2,8,0,0,0,,,
profile_outcome,surface,Hard,0,Hard,ALL,ALL,u|2|9,u,2,9,1,0,1,0.0,0.0,0.7934506856227626
profile_outcome,surface,Hard,0,Hard,ALL,ALL,u|3|7,u,3,7,5,1,4,0.2,0.03622410863243014,0.6244653702374747
profile_outcome,surface,Hard,0,Hard,ALL,ALL,u|3|8,u,3,8,0,0,0,,,
profile_outcome,surface,Hard,0,Hard,ALL,ALL,u|3|9,u,3,9,0,0,0,,,
profile_outcome,surface,Hard,0,Hard,ALL,ALL,y|1|7,y,1,7,66,34,32,0.5151515151515151,0.39710591285717234,0.6315303732939324
profile_outcome,surface,Hard,0,Hard,ALL,ALL,y|1|8,y,1,8,0,0,0,,,
profile_outcome,surface,Hard,0,Hard,ALL,ALL,y|1|9,y,1,9,0,0,0,,,
profile_outcome,surface,Hard,0,Hard,ALL,ALL,y|2|7,y,2,7,41,17,24,0.4146341463414634,0.27756549454252133,0.5663289686596986
profile_outcome,surface,Hard,0,Hard,ALL,ALL,y|2|8,y,2,8,1,0,1,0.0,0.0,0.7934506856227626
profile_outcome,surface,Hard,0,Hard,ALL,ALL,y|2|9,y,2,9,0,0,0,,,
profile_outcome,surface,Hard,0,Hard,ALL,ALL,y|3|7,y,3,7,53,21,32,0.39622641509433965,0.27589406738001676,0.5305852132679447
profile_outcome,surface,Hard,0,Hard,ALL,ALL,y|3|8,y,3,8,0,0,0,,,
profile_outcome,surface,Hard,0,Hard,ALL,ALL,y|3|9,y,3,9,0,0,0,,,
profile_outcome,surface,Hard,0,Hard,ALL,ALL,l|1|7,l,1,7,35,2,33,0.05714285714285714,0.015813161857108654,0.1860705742016492
profile_outcome,surface,Hard,0,Hard,ALL,ALL,l|1|8,l,1,8,26,11,15,0.4230769230769231,0.2554444331365656,0.6105138625340828
profile_outcome,surface,Hard,0,Hard,ALL,ALL,l|1|9,l,1,9,17,10,7,0.5882352941176471,0.3600544264299978,0.7838894320978518
profile_outcome,surface,Hard,0,Hard,ALL,ALL,l|2|7,l,2,7,58,3,55,0.05172413793103448,0.017746134659410502,0.14139401190842663
profile_outcome,surface,Hard,0,Hard,ALL,ALL,l|2|8,l,2,8,46,13,33,0.2826086956521739,0.17324202381870632,0.425485612305459
profile_outcome,surface,Hard,0,Hard,ALL,ALL,l|2|9,l,2,9,34,14,20,0.4117647058823529,0.2636596836387115,0.5777840612118749
profile_outcome,surface,Hard,0,Hard,ALL,ALL,l|3|7,l,3,7,29,3,26,0.10344827586206896,0.03581489135067707,0.26385081090773804
profile_outcome,surface,Hard,0,Hard,ALL,ALL,l|3|8,l,3,8,19,5,14,0.2631578947368421,0.11806412346782508,0.487915508978151
profile_outcome,surface,Hard,0,Hard,ALL,ALL,l|3|9,l,3,9,10,6,4,0.6,0.31267376973365824,0.8318196702937638
profile_outcome,surface,Hard,0,Hard,ALL,ALL,m|1|7,m,1,7,84,5,79,0.05952380952380952,0.025690561091495437,0.13188262822618113
profile_outcome,surface,Hard,0,Hard,ALL,ALL,m|1|8,m,1,8,47,13,34,0.2765957446808511,0.16936563369682642,0.41758563624878886
profile_outcome,surface,Hard,0,Hard,ALL,ALL,m|1|9,m,1,9,49,18,31,0.3673469387755102,0.24665172968683138,0.5073293243920758
profile_outcome,surface,Hard,0,Hard,ALL,ALL,m|2|7,m,2,7,147,11,136,0.07482993197278912,0.04229500478273306,0.1290203552166155
profile_outcome,surface,Hard,0,Hard,ALL,ALL,m|2|8,m,2,8,128,26,102,0.203125,0.1425573819359227,0.2809926858514729
profile_outcome,surface,Hard,0,Hard,ALL,ALL,m|2|9,m,2,9,95,41,54,0.43157894736842106,0.3365583329880693,0.5319179101278586
profile_outcome,surface,Hard,0,Hard,ALL,ALL,m|3|7,m,3,7,81,7,74,0.08641975308641975,0.04249258333995924,0.16779916633870517
profile_outcome,surface,Hard,0,Hard,ALL,ALL,m|3|8,m,3,8,70,21,49,0.3,0.2053660525763799,0.4154431723877268
profile_outcome,surface,Hard,0,Hard,ALL,ALL,m|3|9,m,3,9,52,27,25,0.5192307692307693,0.38685682768056057,0.6489588555454449
profile_outcome,surface,Hard,0,Hard,ALL,ALL,h|1|7,h,1,7,0,0,0,,,
profile_outcome,surface,Hard,0,Hard,ALL,ALL,h|1|8,h,1,8,0,0,0,,,
profile_outcome,surface,Hard,0,Hard,ALL,ALL,h|1|9,h,1,9,0,0,0,,,
profile_outcome,surface,Hard,0,Hard,ALL,ALL,h|2|7,h,2,7,0,0,0,,,
profile_outcome,surface,Hard,0,Hard,ALL,ALL,h|2|8,h,2,8,0,0,0,,,
profile_outcome,surface,Hard,0,Hard,ALL,ALL,h|2|9,h,2,9,0,0,0,,,
profile_outcome,surface,Hard,0,Hard,ALL,ALL,h|3|7,h,3,7,0,0,0,,,
profile_outcome,surface,Hard,0,Hard,ALL,ALL,h|3|8,h,3,8,0,0,0,,,
profile_outcome,surface,Hard,0,Hard,ALL,ALL,h|3|9,h,3,9,0,0,0,,,
profile_outcome,surface,Hard,0,Hard,ALL,ALL,i|1|7,i,1,7,0,0,0,,,
profile_outcome,surface,Hard,0,Hard,ALL,ALL,i|1|8,i,1,8,0,0,0,,,
profile_outcome,surface,Hard,0,Hard,ALL,ALL,i|1|9,i,1,9,0,0,0,,,
profile_outcome,surface,Hard,0,Hard,ALL,ALL,i|2|7,i,2,7,0,0,0,,,
profile_outcome,surface,Hard,0,Hard,ALL,ALL,i|2|8,i,2,8,0,0,0,,,
profile_outcome,surface,Hard,0,Hard,ALL,ALL,i|2|9,i,2,9,0,0,0,,,
profile_outcome,surface,Hard,0,Hard,ALL,ALL,i|3|7,i,3,7,0,0,0,,,
profile_outcome,surface,Hard,0,Hard,ALL,ALL,i|3|8,i,3,8,0,0,0,,,
profile_outcome,surface,Hard,0,Hard,ALL,ALL,i|3|9,i,3,9,0,0,0,,,
profile_outcome,surface,Hard,0,Hard,ALL,ALL,j|1|7,j,1,7,0,0,0,,,
profile_outcome,surface,Hard,0,Hard,ALL,ALL,j|1|8,j,1,8,0,0,0,,,
profile_outcome,surface,Hard,0,Hard,ALL,ALL,j|1|9,j,1,9,0,0,0,,,
profile_outcome,surface,Hard,0,Hard,ALL,ALL,j|2|7,j,2,7,0,0,0,,,
profile_outcome,surface,Hard,0,Hard,ALL,ALL,j|2|8,j,2,8,0,0,0,,,
profile_outcome,surface,Hard,0,Hard,ALL,ALL,j|2|9,j,2,9,0,0,0,,,
profile_outcome,surface,Hard,0,Hard,ALL,ALL,j|3|7,j,3,7,0,0,0,,,
profile_outcome,surface,Hard,0,Hard,ALL,ALL,j|3|8,j,3,8,0,0,0,,,
profile_outcome,surface,Hard,0,Hard,ALL,ALL,j|3|9,j,3,9,0,0,0,,,
profile_outcome,surface,Hard,0,Hard,ALL,ALL,k|1|7,k,1,7,0,0,0,,,
profile_outcome,surface,Hard,0,Hard,ALL,ALL,k|1|8,k,1,8,0,0,0,,,
profile_outcome,surface,Hard,0,Hard,ALL,ALL,k|1|9,k,1,9,0,0,0,,,
profile_outcome,surface,Hard,0,Hard,ALL,ALL,k|2|7,k,2,7,0,0,0,,,
profile_outcome,surface,Hard,0,Hard,ALL,ALL,k|2|8,k,2,8,0,0,0,,,
profile_outcome,surface,Hard,0,Hard,ALL,ALL,k|2|9,k,2,9,0,0,0,,,
profile_outcome,surface,Hard,0,Hard,ALL,ALL,k|3|7,k,3,7,0,0,0,,,
profile_outcome,surface,Hard,0,Hard,ALL,ALL,k|3|8,k,3,8,0,0,0,,,
profile_outcome,surface,Hard,0,Hard,ALL,ALL,k|3|9,k,3,9,0,0,0,,,
profile_outcome,surface,Hard,0,Hard,ALL,ALL,t|1|7,t,1,7,0,0,0,,,
profile_outcome,surface,Hard,0,Hard,ALL,ALL,t|1|8,t,1,8,2,0,2,0.0,0.0,0.6576197724933469
profile_outcome,surface,Hard,0,Hard,ALL,ALL,t|1|9,t,1,9,0,0,0,,,
profile_outcome,surface,Hard,0,Hard,ALL,ALL,t|2|7,t,2,7,0,0,0,,,
profile_outcome,surface,Hard,0,Hard,ALL,ALL,t|2|8,t,2,8,2,1,1,0.5,0.09453120573423074,0.9054687942657693
profile_outcome,surface,Hard,0,Hard,ALL,ALL,t|2|9,t,2,9,0,0,0,,,
profile_outcome,surface,Hard,0,Hard,ALL,ALL,t|3|7,t,3,7,0,0,0,,,
profile_outcome,surface,Hard,0,Hard,ALL,ALL,t|3|8,t,3,8,0,0,0,,,
profile_outcome,surface,Hard,0,Hard,ALL,ALL,t|3|9,t,3,9,0,0,0,,,
profile_outcome,surface,Clay,0,Clay,ALL,ALL,f|1|7,f,1,7,3360,1582,1778,0.4708333333333333,0.45399874120606676,0.48773454129271243
profile_outcome,surface,Clay,0,Clay,ALL,ALL,f|1|8,f,1,8,6863,3678,3185,0.5359172373597552,0.5241016325939823,0.5476926563751804
profile_outcome,surface,Clay,0,Clay,ALL,ALL,f|1|9,f,1,9,3245,1961,1284,0.6043143297380585,0.5873757842266474,0.6210061908807947
profile_outcome,surface,Clay,0,Clay,ALL,ALL,f|2|7,f,2,7,6840,2799,4041,0.40921052631578947,0.39761239528383757,0.4209105778923972
profile_outcome,surface,Clay,0,Clay,ALL,ALL,f|2|8,f,2,8,15404,7164,8240,0.46507400675149313,0.4572070837961065,0.472958345094388
profile_outcome,surface,Clay,0,Clay,ALL,ALL,f|2|9,f,2,9,8470,4608,3862,0.5440377804014168,0.5334133787942161,0.554622254587084
profile_outcome,surface,Clay,0,Clay,ALL,ALL,f|3|7,f,3,7,3573,1746,1827,0.48866498740554154,0.47229554494316994,0.5050587770382392
profile_outcome,surface,Clay,0,Clay,ALL,ALL,f|3|8,f,3,8,7475,3900,3575,0.5217391304347826,0.5104068214707711,0.5330491070696968
profile_outcome,surface,Clay,0,Clay,ALL,ALL,f|3|9,f,3,9,3568,2082,1486,0.5835201793721974,0.567263198744796,0.5995975107439113
profile_outcome,surface,Clay,0,Clay,ALL,ALL,b|1|7,b,1,7,2421,1089,1332,0.44981412639405205,0.43009290234863606,0.4696943603954685
profile_outcome,surface,Clay,0,Clay,ALL,ALL,b|1|8,b,1,8,5223,2738,2485,0.524219797051503,0.5106629310614689,0.5377410624388589
profile_outcome,surface,Clay,0,Clay,ALL,ALL,b|1|9,b,1,9,2858,1639,1219,0.5734779566130161,0.555259216313685,0.5914994375263057
profile_outcome,surface,Clay,0,Clay,ALL,ALL,b|2|7,b,2,7,8034,3259,4775,0.4056509833208862,0.3949616384026081,0.416430511123264
profile_outcome,surface,Clay,0,Clay,ALL,ALL,b|2|8,b,2,8,19248,8622,10626,0.4479426433915212,0.44092852566383134,0.4549775358790856
profile_outcome,surface,Clay,0,Clay,ALL,ALL,b|2|9,b,2,9,10429,5285,5144,0.5067599961645411,0.49716400641071234,0.5163510077449747
profile_outcome,surface,Clay,0,Clay,ALL,ALL,b|3|7,b,3,7,8185,3796,4389,0.4637751985339035,0.45299117600761823,0.47459320781736786
profile_outcome,surface,Clay,0,Clay,ALL,ALL,b|3|8,b,3,8,14848,7194,7654,0.48450969827586204,0.4764762327529791,0.49255117699446316
profile_outcome,surface,Clay,0,Clay,ALL,ALL,b|3|9,b,3,9,5771,3117,2654,0.5401143649280887,0.527233429493551,0.5529419317352491
profile_outcome,surface,Clay,0,Clay,ALL,ALL,r|1|7,r,1,7,230,86,144,0.3739130434782609,0.3139357380539631,0.438032966330175
profile_outcome,surface,Clay,0,Clay,ALL,ALL,r|1|8,r,1,8,357,137,220,0.38375350140056025,0.33480010140353994,0.4351819836061443
profile_outcome,surface,Clay,0,Clay,ALL,ALL,r|1|9,r,1,9,167,66,101,0.39520958083832336,0.32421724536537216,0.4709144501750289
profile_outcome,surface,Clay,0,Clay,ALL,ALL,r|2|7,r,2,7,733,227,506,0.3096862210095498,0.27727913401204934,0.34407767665583017
profile_outcome,surface,Clay,0,Clay,ALL,ALL,r|2|8,r,2,8,1199,427,772,0.3561301084236864,0.32952446303274907,0.3836546949767782
profile_outcome,surface,Clay,0,Clay,ALL,ALL,r|2|9,r,2,9,595,229,366,0.38487394957983195,0.3466351893927165,0.4245897350308601
profile_outcome,surface,Clay,0,Clay,ALL,ALL,r|3|7,r,3,7,238,86,152,0.36134453781512604,0.30296213383346643,0.4241318048078247
profile_outcome,surface,Clay,0,Clay,ALL,ALL,r|3|8,r,3,8,340,120,220,0.35294117647058826,0.30404572756577514,0.4051225607989279
profile_outcome,surface,Clay,0,Clay,ALL,ALL,r|3|9,r,3,9,191,68,123,0.35602094240837695,0.2915669308212265,0.4261522839039383
profile_outcome,surface,Clay,0,Clay,ALL,ALL,s|1|7,s,1,7,445,127,318,0.2853932584269663,0.24541073722733253,0.32904925026615384
profile_outcome,surface,Clay,0,Clay,ALL,ALL,s|1|8,s,1,8,695,265,430,0.381294964028777,0.3459308988017208,0.41796404773101625
profile_outcome,surface,Clay,0,Clay,ALL,ALL,s|1|9,s,1,9,334,137,197,0.4101796407185629,0.3587418475791398,0.4636600559366619
profile_outcome,surface,Clay,0,Clay,ALL,ALL,s|2|7,s,2,7,2251,655,1596,0.2909817858729454,0.27258663887091,0.3100891202965869
profile_outcome,surface,Clay,0,Clay,ALL,ALL,s|2|8,s,2,8,3640,1278,2362,0.3510989010989011,0.33575720080085625,0.36675455437555315
profile_outcome,surface,Clay,0,Clay,ALL,ALL,s|2|9,s,2,9,1783,752,1031,0.4217610768367919,0.39903095494953766,0.4448276041729161
profile_outcome,surface,Clay,0,Clay,ALL,ALL,s|3|7,s,3,7,1659,694,965,0.41832429174201324,0.39480287484980303,0.4422230793910803
profile_outcome,surface,Clay,0,Clay,ALL,ALL,s|3|8,s,3,8,3012,1274,1738,0.42297476759628155,0.40544073245476764,0.44070502608870654
profile_outcome,surface,Clay,0,Clay,ALL,ALL,s|3|9,s,3,9,1079,486,593,0.45041705282669137,0.42095846991949665,0.4802274339555433
profile_outcome,surface,Clay,0,Clay,ALL,ALL,v|1|7,v,1,7,0,0,0,,,
profile_outcome,surface,Clay,0,Clay,ALL,ALL,v|1|8,v,1,8,1,1,0,1.0,0.20654931437723745,1.0
profile_outcome,surface,Clay,0,Clay,ALL,ALL,v|1|9,v,1,9,0,0,0,,,
profile_outcome,surface,Clay,0,Clay,ALL,ALL,v|2|7,v,2,7,1,0,1,0.0,0.0,0.7934506856227626
profile_outcome,surface,Clay,0,Clay,ALL,ALL,v|2|8,v,2,8,1,0,1,0.0,0.0,0.7934506856227626
profile_outcome,surface,Clay,0,Clay,ALL,ALL,v|2|9,v,2,9,1,0,1,0.0,0.0,0.7934506856227626
profile_outcome,surface,Clay,0,Clay,ALL,ALL,v|3|7,v,3,7,0,0,0,,,
profile_outcome,surface,Clay,0,Clay,ALL,ALL,v|3|8,v,3,8,0,0,0,,,
profile_outcome,surface,Clay,0,Clay,ALL,ALL,v|3|9,v,3,9,0,0,0,,,
profile_outcome,surface,Clay,0,Clay,ALL,ALL,z|1|7,z,1,7,0,0,0,,,
profile_outcome,surface,Clay,0,Clay,ALL,ALL,z|1|8,z,1,8,0,0,0,,,
profile_outcome,surface,Clay,0,Clay,ALL,ALL,z|1|9,z,1,9,0,0,0,,,
profile_outcome,surface,Clay,0,Clay,ALL,ALL,z|2|7,z,2,7,0,0,0,,,
profile_outcome,surface,Clay,0,Clay,ALL,ALL,z|2|8,z,2,8,0,0,0,,,
profile_outcome,surface,Clay,0,Clay,ALL,ALL,z|2|9,z,2,9,0,0,0,,,
profile_outcome,surface,Clay,0,Clay,ALL,ALL,z|3|7,z,3,7,0,0,0,,,
profile_outcome,surface,Clay,0,Clay,ALL,ALL,z|3|8,z,3,8,0,0,0,,,
profile_outcome,surface,Clay,0,Clay,ALL,ALL,z|3|9,z,3,9,1,1,0,1.0,0.20654931437723745,1.0
profile_outcome,surface,Clay,0,Clay,ALL,ALL,o|1|7,o,1,7,0,0,0,,,
profile_outcome,surface,Clay,0,Clay,ALL,ALL,o|1|8,o,1,8,0,0,0,,,
profile_outcome,surface,Clay,0,Clay,ALL,ALL,o|1|9,o,1,9,0,0,0,,,
profile_outcome,surface,Clay,0,Clay,ALL,ALL,o|2|7,o,2,7,0,0,0,,,
profile_outcome,surface,Clay,0,Clay,ALL,ALL,o|2|8,o,2,8,0,0,0,,,
profile_outcome,surface,Clay,0,Clay,ALL,ALL,o|2|9,o,2,9,0,0,0,,,
profile_outcome,surface,Clay,0,Clay,ALL,ALL,o|3|7,o,3,7,0,0,0,,,
profile_outcome,surface,Clay,0,Clay,ALL,ALL,o|3|8,o,3,8,0,0,0,,,
profile_outcome,surface,Clay,0,Clay,ALL,ALL,o|3|9,o,3,9,0,0,0,,,
profile_outcome,surface,Clay,0,Clay,ALL,ALL,p|1|7,p,1,7,0,0,0,,,
profile_outcome,surface,Clay,0,Clay,ALL,ALL,p|1|8,p,1,8,0,0,0,,,
profile_outcome,surface,Clay,0,Clay,ALL,ALL,p|1|9,p,1,9,0,0,0,,,
profile_outcome,surface,Clay,0,Clay,ALL,ALL,p|2|7,p,2,7,0,0,0,,,
profile_outcome,surface,Clay,0,Clay,ALL,ALL,p|2|8,p,2,8,0,0,0,,,
profile_outcome,surface,Clay,0,Clay,ALL,ALL,p|2|9,p,2,9,0,0,0,,,
profile_outcome,surface,Clay,0,Clay,ALL,ALL,p|3|7,p,3,7,0,0,0,,,
profile_outcome,surface,Clay,0,Clay,ALL,ALL,p|3|8,p,3,8,0,0,0,,,
profile_outcome,surface,Clay,0,Clay,ALL,ALL,p|3|9,p,3,9,0,0,0,,,
profile_outcome,surface,Clay,0,Clay,ALL,ALL,u|1|7,u,1,7,19,8,11,0.42105263157894735,0.23141891282454238,0.6372409646574496
profile_outcome,surface,Clay,0,Clay,ALL,ALL,u|1|8,u,1,8,0,0,0,,,
profile_outcome,surface,Clay,0,Clay,ALL,ALL,u|1|9,u,1,9,0,0,0,,,
profile_outcome,surface,Clay,0,Clay,ALL,ALL,u|2|7,u,2,7,6,4,2,0.6666666666666666,0.299993315138392,0.9032285888942195
profile_outcome,surface,Clay,0,Clay,ALL,ALL,u|2|8,u,2,8,0,0,0,,,
profile_outcome,surface,Clay,0,Clay,ALL,ALL,u|2|9,u,2,9,0,0,0,,,
profile_outcome,surface,Clay,0,Clay,ALL,ALL,u|3|7,u,3,7,5,3,2,0.6,0.2307242812760128,0.882379225767352
profile_outcome,surface,Clay,0,Clay,ALL,ALL,u|3|8,u,3,8,0,0,0,,,
profile_outcome,surface,Clay,0,Clay,ALL,ALL,u|3|9,u,3,9,0,0,0,,,
profile_outcome,surface,Clay,0,Clay,ALL,ALL,y|1|7,y,1,7,46,22,24,0.4782608695652174,0.34124689434045685,0.6186258692719597
profile_outcome,surface,Clay,0,Clay,ALL,ALL,y|1|8,y,1,8,0,0,0,,,
profile_outcome,surface,Clay,0,Clay,ALL,ALL,y|1|9,y,1,9,0,0,0,,,
profile_outcome,surface,Clay,0,Clay,ALL,ALL,y|2|7,y,2,7,30,10,20,0.3333333333333333,0.19230498083676134,0.5121994835545616
profile_outcome,surface,Clay,0,Clay,ALL,ALL,y|2|8,y,2,8,1,0,1,0.0,0.0,0.7934506856227626
profile_outcome,surface,Clay,0,Clay,ALL,ALL,y|2|9,y,2,9,0,0,0,,,
profile_outcome,surface,Clay,0,Clay,ALL,ALL,y|3|7,y,3,7,40,23,17,0.575,0.42195068541991065,0.7149060744004962
profile_outcome,surface,Clay,0,Clay,ALL,ALL,y|3|8,y,3,8,0,0,0,,,
profile_outcome,surface,Clay,0,Clay,ALL,ALL,y|3|9,y,3,9,0,0,0,,,
profile_outcome,surface,Clay,0,Clay,ALL,ALL,l|1|7,l,1,7,18,3,15,0.16666666666666666,0.05836576805861446,0.39222038103915724
profile_outcome,surface,Clay,0,Clay,ALL,ALL,l|1|8,l,1,8,17,7,10,0.4117647058823529,0.2161105679021481,0.6399455735700021
profile_outcome,surface,Clay,0,Clay,ALL,ALL,l|1|9,l,1,9,19,9,10,0.47368421052631576,0.2732980516117956,0.6829219075488682
profile_outcome,surface,Clay,0,Clay,ALL,ALL,l|2|7,l,2,7,26,5,21,0.19230769230769232,0.0850706114894241,0.3787625711931699
profile_outcome,surface,Clay,0,Clay,ALL,ALL,l|2|8,l,2,8,20,5,15,0.25,0.11186170140766569,0.468700877618744
profile_outcome,surface,Clay,0,Clay,ALL,ALL,l|2|9,l,2,9,27,13,14,0.48148148148148145,0.3074322697621846,0.6601438424504771
profile_outcome,surface,Clay,0,Clay,ALL,ALL,l|3|7,l,3,7,11,3,8,0.2727272727272727,0.09746059290024889,0.5656453011761291
profile_outcome,surface,Clay,0,Clay,ALL,ALL,l|3|8,l,3,8,9,3,6,0.3333333333333333,0.1205838183869109,0.6457978644196036
profile_outcome,surface,Clay,0,Clay,ALL,ALL,l|3|9,l,3,9,18,6,12,0.3333333333333333,0.1627877475083369,0.5625053270405489
profile_outcome,surface,Clay,0,Clay,ALL,ALL,m|1|7,m,1,7,41,2,39,0.04878048780487805,0.013480945365169042,0.16138978870370846
profile_outcome,surface,Clay,0,Clay,ALL,ALL,m|1|8,m,1,8,26,6,20,0.23076923076923078,0.11033849405783291,0.42051554078943687
profile_outcome,surface,Clay,0,Clay,ALL,ALL,m|1|9,m,1,9,33,15,18,0.45454545454545453,0.29842938513876116,0.6201406146378254
profile_outcome,surface,Clay,0,Clay,ALL,ALL,m|2|7,m,2,7,49,1,48,0.02040816326530612,0.0036116725898252405,0.10693521523391616
profile_outcome,surface,Clay,0,Clay,ALL,ALL,m|2|8,m,2,8,50,16,34,0.32,0.20758216260656845,0.45810297308144077
profile_outcome,surface,Clay,0,Clay,ALL,ALL,m|2|9,m,2,9,44,19,25,0.4318181818181818,0.2968272340851781,0.5777585300637057
profile_outcome,surface,Clay,0,Clay,ALL,ALL,m|3|7,m,3,7,44,5,39,0.11363636363636363,0.04952780601092492,0.23979152416608285
profile_outcome,surface,Clay,0,Clay,ALL,ALL,m|3|8,m,3,8,35,12,23,0.34285714285714286,0.20831694987048957,0.5084805048600374
profile_outcome,surface,Clay,0,Clay,ALL,ALL,m|3|9,m,3,9,34,19,15,0.5588235294117647,0.3945389925620307,0.7111651775375785
profile_outcome,surface,Clay,0,Clay,ALL,ALL,h|1|7,h,1,7,0,0,0,,,
profile_outcome,surface,Clay,0,Clay,ALL,ALL,h|1|8,h,1,8,0,0,0,,,
profile_outcome,surface,Clay,0,Clay,ALL,ALL,h|1|9,h,1,9,0,0,0,,,
profile_outcome,surface,Clay,0,Clay,ALL,ALL,h|2|7,h,2,7,0,0,0,,,
profile_outcome,surface,Clay,0,Clay,ALL,ALL,h|2|8,h,2,8,0,0,0,,,
profile_outcome,surface,Clay,0,Clay,ALL,ALL,h|2|9,h,2,9,0,0,0,,,
profile_outcome,surface,Clay,0,Clay,ALL,ALL,h|3|7,h,3,7,0,0,0,,,
profile_outcome,surface,Clay,0,Clay,ALL,ALL,h|3|8,h,3,8,0,0,0,,,
profile_outcome,surface,Clay,0,Clay,ALL,ALL,h|3|9,h,3,9,0,0,0,,,
profile_outcome,surface,Clay,0,Clay,ALL,ALL,i|1|7,i,1,7,0,0,0,,,
profile_outcome,surface,Clay,0,Clay,ALL,ALL,i|1|8,i,1,8,0,0,0,,,
profile_outcome,surface,Clay,0,Clay,ALL,ALL,i|1|9,i,1,9,0,0,0,,,
profile_outcome,surface,Clay,0,Clay,ALL,ALL,i|2|7,i,2,7,0,0,0,,,
profile_outcome,surface,Clay,0,Clay,ALL,ALL,i|2|8,i,2,8,0,0,0,,,
profile_outcome,surface,Clay,0,Clay,ALL,ALL,i|2|9,i,2,9,0,0,0,,,
profile_outcome,surface,Clay,0,Clay,ALL,ALL,i|3|7,i,3,7,0,0,0,,,
profile_outcome,surface,Clay,0,Clay,ALL,ALL,i|3|8,i,3,8,0,0,0,,,
profile_outcome,surface,Clay,0,Clay,ALL,ALL,i|3|9,i,3,9,0,0,0,,,
profile_outcome,surface,Clay,0,Clay,ALL,ALL,j|1|7,j,1,7,0,0,0,,,
profile_outcome,surface,Clay,0,Clay,ALL,ALL,j|1|8,j,1,8,0,0,0,,,
profile_outcome,surface,Clay,0,Clay,ALL,ALL,j|1|9,j,1,9,0,0,0,,,
profile_outcome,surface,Clay,0,Clay,ALL,ALL,j|2|7,j,2,7,0,0,0,,,
profile_outcome,surface,Clay,0,Clay,ALL,ALL,j|2|8,j,2,8,0,0,0,,,
profile_outcome,surface,Clay,0,Clay,ALL,ALL,j|2|9,j,2,9,0,0,0,,,
profile_outcome,surface,Clay,0,Clay,ALL,ALL,j|3|7,j,3,7,0,0,0,,,
profile_outcome,surface,Clay,0,Clay,ALL,ALL,j|3|8,j,3,8,0,0,0,,,
profile_outcome,surface,Clay,0,Clay,ALL,ALL,j|3|9,j,3,9,0,0,0,,,
profile_outcome,surface,Clay,0,Clay,ALL,ALL,k|1|7,k,1,7,0,0,0,,,
profile_outcome,surface,Clay,0,Clay,ALL,ALL,k|1|8,k,1,8,0,0,0,,,
profile_outcome,surface,Clay,0,Clay,ALL,ALL,k|1|9,k,1,9,0,0,0,,,
profile_outcome,surface,Clay,0,Clay,ALL,ALL,k|2|7,k,2,7,0,0,0,,,
profile_outcome,surface,Clay,0,Clay,ALL,ALL,k|2|8,k,2,8,0,0,0,,,
profile_outcome,surface,Clay,0,Clay,ALL,ALL,k|2|9,k,2,9,0,0,0,,,
profile_outcome,surface,Clay,0,Clay,ALL,ALL,k|3|7,k,3,7,0,0,0,,,
profile_outcome,surface,Clay,0,Clay,ALL,ALL,k|3|8,k,3,8,0,0,0,,,
profile_outcome,surface,Clay,0,Clay,ALL,ALL,k|3|9,k,3,9,0,0,0,,,
profile_outcome,surface,Clay,0,Clay,ALL,ALL,t|1|7,t,1,7,0,0,0,,,
profile_outcome,surface,Clay,0,Clay,ALL,ALL,t|1|8,t,1,8,0,0,0,,,
profile_outcome,surface,Clay,0,Clay,ALL,ALL,t|1|9,t,1,9,0,0,0,,,
profile_outcome,surface,Clay,0,Clay,ALL,ALL,t|2|7,t,2,7,0,0,0,,,
profile_outcome,surface,Clay,0,Clay,ALL,ALL,t|2|8,t,2,8,0,0,0,,,
profile_outcome,surface,Clay,0,Clay,ALL,ALL,t|2|9,t,2,9,0,0,0,,,
profile_outcome,surface,Clay,0,Clay,ALL,ALL,t|3|7,t,3,7,1,0,1,0.0,0.0,0.7934506856227626
profile_outcome,surface,Clay,0,Clay,ALL,ALL,t|3|8,t,3,8,0,0,0,,,
profile_outcome,surface,Clay,0,Clay,ALL,ALL,t|3|9,t,3,9,0,0,0,,,
profile_outcome,surface,Grass,0,Grass,ALL,ALL,f|1|7,f,1,7,1774,851,923,0.47970687711386695,0.4565279369188425,0.502973513762952
profile_outcome,surface,Grass,0,Grass,ALL,ALL,f|1|8,f,1,8,2799,1579,1220,0.564130046445159,0.545684299606453,0.5824000052942782
profile_outcome,surface,Grass,0,Grass,ALL,ALL,f|1|9,f,1,9,1214,738,476,0.6079077429983526,0.5801453666774097,0.6349893687205048
profile_outcome,surface,Grass,0,Grass,ALL,ALL,f|2|7,f,2,7,3749,1505,2244,0.40144038410242733,0.38585783549301556,0.41722470659970956
profile_outcome,surface,Grass,0,Grass,ALL,ALL,f|2|8,f,2,8,6308,2843,3465,0.4506975269499049,0.43845258354552086,0.4630024824509855
profile_outcome,surface,Grass,0,Grass,ALL,ALL,f|2|9,f,2,9,3296,1892,1404,0.5740291262135923,0.5570710407898154,0.5908148519386198
profile_outcome,surface,Grass,0,Grass,ALL,ALL,f|3|7,f,3,7,1999,949,1050,0.4747373686843422,0.45291622290311684,0.49665542214388037
profile_outcome,surface,Grass,0,Grass,ALL,ALL,f|3|8,f,3,8,3322,1789,1533,0.5385310054184227,0.5215440810463887,0.5554289205743124
profile_outcome,surface,Grass,0,Grass,ALL,ALL,f|3|9,f,3,9,1465,848,617,0.578839590443686,0.5533824356495545,0.6038843671172096
profile_outcome,surface,Grass,0,Grass,ALL,ALL,b|1|7,b,1,7,1712,806,906,0.47079439252336447,0.44724200059128755,0.49447755660560505
profile_outcome,surface,Grass,0,Grass,ALL,ALL,b|1|8,b,1,8,2728,1545,1183,0.5663489736070382,0.5476717234224018,0.5848396266895011
profile_outcome,surface,Grass,0,Grass,ALL,ALL,b|1|9,b,1,9,1180,715,465,0.6059322033898306,0.5777508545867818,0.633426071290643
profile_outcome,surface,Grass,0,Grass,ALL,ALL,b|2|7,b,2,7,4637,2025,2612,0.43670476601250807,0.422487464798307,0.45102685254939967
profile_outcome,surface,Grass,0,Grass,ALL,ALL,b|2|8,b,2,8,7261,3275,3986,0.45103980168020935,0.4396233730483829,0.46250800806569076
profile_outcome,surface,Grass,0,Grass,ALL,ALL,b|2|9,b,2,9,3371,1785,1586,0.5295164639572827,0.5126431716199139,0.5463225612680359
profile_outcome,surface,Grass,0,Grass,ALL,ALL,b|3|7,b,3,7,3260,1656,1604,0.5079754601226993,0.49081472054809316,0.5251174258677406
profile_outcome,surface,Grass,0,Grass,ALL,ALL,b|3|8,b,3,8,4821,2556,2265,0.5301804604853765,0.5160737744851227,0.5442390881205488
profile_outcome,surface,Grass,0,Grass,ALL,ALL,b|3|9,b,3,9,1682,967,715,0.574910820451843,0.5511412462565383,0.5983390021271283
profile_outcome,surface,Grass,0,Grass,ALL,ALL,r|1|7,r,1,7,242,96,146,0.39669421487603307,0.3371342233622907,0.45948266851652053
profile_outcome,surface,Grass,0,Grass,ALL,ALL,r|1|8,r,1,8,272,121,151,0.44485294117647056,0.3869709648216992,0.5042709096656998
profile_outcome,surface,Grass,0,Grass,ALL,ALL,r|1|9,r,1,9,156,77,79,0.4935897435897436,0.41623722662784923,0.5712503750572459
profile_outcome,surface,Grass,0,Grass,ALL,ALL,r|2|7,r,2,7,731,230,501,0.3146374829001368,0.2820174541289522,0.34919551467262755
profile_outcome,surface,Grass,0,Grass,ALL,ALL,r|2|8,r,2,8,1035,416,619,0.40193236714975844,0.37247846646582883,0.4321115426483162
profile_outcome,surface,Grass,0,Grass,ALL,ALL,r|2|9,r,2,9,612,293,319,0.47875816993464054,0.43943641946509804,0.5183449224247632
profile_outcome,surface,Grass,0,Grass,ALL,ALL,r|3|7,r,3,7,281,100,181,0.35587188612099646,0.3021810786841263,0.4134502049943181
profile_outcome,surface,Grass,0,Grass,ALL,ALL,r|3|8,r,3,8,398,180,218,0.45226130653266333,0.40405216508235264,0.5013831772252315
profile_outcome,surface,Grass,0,Grass,ALL,ALL,r|3|9,r,3,9,227,106,121,0.4669603524229075,0.40314857459902054,0.5318717632699616
profile_outcome,surface,Grass,0,Grass,ALL,ALL,s|1|7,s,1,7,841,306,535,0.3638525564803805,0.33202412032017226,0.39691910611705916
profile_outcome,surface,Grass,0,Grass,ALL,ALL,s|1|8,s,1,8,695,289,406,0.4158273381294964,0.3797456374715059,0.4528344155244348
profile_outcome,surface,Grass,0,Grass,ALL,ALL,s|1|9,s,1,9,300,120,180,0.4,0.3461651905860969,0.4563634036588123
profile_outcome,surface,Grass,0,Grass,ALL,ALL,s|2|7,s,2,7,2600,848,1752,0.3261538461538461,0.30840186526339375,0.3444187790436407
profile_outcome,surface,Grass,0,Grass,ALL,ALL,s|2|8,s,2,8,2446,946,1500,0.38675388389206866,0.367645898647635,0.4062170188871655
profile_outcome,surface,Grass,0,Grass,ALL,ALL,s|2|9,s,2,9,1351,634,717,0.4692820133234641,0.44279522530715343,0.49594299423903143
profile_outcome,surface,Grass,0,Grass,ALL,ALL,s|3|7,s,3,7,1671,721,950,0.4314781567923399,0.4079148246914046,0.45535581576596407
profile_outcome,surface,Grass,0,Grass,ALL,ALL,s|3|8,s,3,8,1931,864,1067,0.44743656136716725,0.42538514252516235,0.46969670044726863
profile_outcome,surface,Grass,0,Grass,ALL,ALL,s|3|9,s,3,9,815,379,436,0.46503067484662575,0.43103153674480543,0.4993579185203296
profile_outcome,surface,Grass,0,Grass,ALL,ALL,v|1|7,v,1,7,0,0,0,,,
profile_outcome,surface,Grass,0,Grass,ALL,ALL,v|1|8,v,1,8,0,0,0,,,
profile_outcome,surface,Grass,0,Grass,ALL,ALL,v|1|9,v,1,9,0,0,0,,,
profile_outcome,surface,Grass,0,Grass,ALL,ALL,v|2|7,v,2,7,0,0,0,,,
profile_outcome,surface,Grass,0,Grass,ALL,ALL,v|2|8,v,2,8,0,0,0,,,
profile_outcome,surface,Grass,0,Grass,ALL,ALL,v|2|9,v,2,9,0,0,0,,,
profile_outcome,surface,Grass,0,Grass,ALL,ALL,v|3|7,v,3,7,0,0,0,,,
profile_outcome,surface,Grass,0,Grass,ALL,ALL,v|3|8,v,3,8,0,0,0,,,
profile_outcome,surface,Grass,0,Grass,ALL,ALL,v|3|9,v,3,9,0,0,0,,,
profile_outcome,surface,Grass,0,Grass,ALL,ALL,z|1|7,z,1,7,0,0,0,,,
profile_outcome,surface,Grass,0,Grass,ALL,ALL,z|1|8,z,1,8,0,0,0,,,
profile_outcome,surface,Grass,0,Grass,ALL,ALL,z|1|9,z,1,9,0,0,0,,,
profile_outcome,surface,Grass,0,Grass,ALL,ALL,z|2|7,z,2,7,1,0,1,0.0,0.0,0.7934506856227626
profile_outcome,surface,Grass,0,Grass,ALL,ALL,z|2|8,z,2,8,0,0,0,,,
profile_outcome,surface,Grass,0,Grass,ALL,ALL,z|2|9,z,2,9,0,0,0,,,
profile_outcome,surface,Grass,0,Grass,ALL,ALL,z|3|7,z,3,7,0,0,0,,,
profile_outcome,surface,Grass,0,Grass,ALL,ALL,z|3|8,z,3,8,0,0,0,,,
profile_outcome,surface,Grass,0,Grass,ALL,ALL,z|3|9,z,3,9,0,0,0,,,
profile_outcome,surface,Grass,0,Grass,ALL,ALL,o|1|7,o,1,7,0,0,0,,,
profile_outcome,surface,Grass,0,Grass,ALL,ALL,o|1|8,o,1,8,1,0,1,0.0,0.0,0.7934506856227626
profile_outcome,surface,Grass,0,Grass,ALL,ALL,o|1|9,o,1,9,0,0,0,,,
profile_outcome,surface,Grass,0,Grass,ALL,ALL,o|2|7,o,2,7,0,0,0,,,
profile_outcome,surface,Grass,0,Grass,ALL,ALL,o|2|8,o,2,8,0,0,0,,,
profile_outcome,surface,Grass,0,Grass,ALL,ALL,o|2|9,o,2,9,0,0,0,,,
profile_outcome,surface,Grass,0,Grass,ALL,ALL,o|3|7,o,3,7,0,0,0,,,
profile_outcome,surface,Grass,0,Grass,ALL,ALL,o|3|8,o,3,8,0,0,0,,,
profile_outcome,surface,Grass,0,Grass,ALL,ALL,o|3|9,o,3,9,0,0,0,,,
profile_outcome,surface,Grass,0,Grass,ALL,ALL,p|1|7,p,1,7,0,0,0,,,
profile_outcome,surface,Grass,0,Grass,ALL,ALL,p|1|8,p,1,8,0,0,0,,,
profile_outcome,surface,Grass,0,Grass,ALL,ALL,p|1|9,p,1,9,0,0,0,,,
profile_outcome,surface,Grass,0,Grass,ALL,ALL,p|2|7,p,2,7,0,0,0,,,
profile_outcome,surface,Grass,0,Grass,ALL,ALL,p|2|8,p,2,8,0,0,0,,,
profile_outcome,surface,Grass,0,Grass,ALL,ALL,p|2|9,p,2,9,0,0,0,,,
profile_outcome,surface,Grass,0,Grass,ALL,ALL,p|3|7,p,3,7,0,0,0,,,
profile_outcome,surface,Grass,0,Grass,ALL,ALL,p|3|8,p,3,8,0,0,0,,,
profile_outcome,surface,Grass,0,Grass,ALL,ALL,p|3|9,p,3,9,0,0,0,,,
profile_outcome,surface,Grass,0,Grass,ALL,ALL,u|1|7,u,1,7,3,1,2,0.3333333333333333,0.06149194472039621,0.7923403991979522
profile_outcome,surface,Grass,0,Grass,ALL,ALL,u|1|8,u,1,8,0,0,0,,,
profile_outcome,surface,Grass,0,Grass,ALL,ALL,u|1|9,u,1,9,0,0,0,,,
profile_outcome,surface,Grass,0,Grass,ALL,ALL,u|2|7,u,2,7,2,1,1,0.5,0.09453120573423074,0.9054687942657693
profile_outcome,surface,Grass,0,Grass,ALL,ALL,u|2|8,u,2,8,0,0,0,,,
profile_outcome,surface,Grass,0,Grass,ALL,ALL,u|2|9,u,2,9,0,0,0,,,
profile_outcome,surface,Grass,0,Grass,ALL,ALL,u|3|7,u,3,7,3,1,2,0.3333333333333333,0.06149194472039621,0.7923403991979522
profile_outcome,surface,Grass,0,Grass,ALL,ALL,u|3|8,u,3,8,0,0,0,,,
profile_outcome,surface,Grass,0,Grass,ALL,ALL,u|3|9,u,3,9,0,0,0,,,
profile_outcome,surface,Grass,0,Grass,ALL,ALL,y|1|7,y,1,7,13,8,5,0.6153846153846154,0.355228915126657,0.8229029220223743
profile_outcome,surface,Grass,0,Grass,ALL,ALL,y|1|8,y,1,8,0,0,0,,,
profile_outcome,surface,Grass,0,Grass,ALL,ALL,y|1|9,y,1,9,0,0,0,,,
profile_outcome,surface,Grass,0,Grass,ALL,ALL,y|2|7,y,2,7,14,10,4,0.7142857142857143,0.4535091567010681,0.8827862135542308
profile_outcome,surface,Grass,0,Grass,ALL,ALL,y|2|8,y,2,8,0,0,0,,,
profile_outcome,surface,Grass,0,Grass,ALL,ALL,y|2|9,y,2,9,0,0,0,,,
profile_outcome,surface,Grass,0,Grass,ALL,ALL,y|3|7,y,3,7,11,5,6,0.45454545454545453,0.21271271622459764,0.719908462590678
profile_outcome,surface,Grass,0,Grass,ALL,ALL,y|3|8,y,3,8,0,0,0,,,
profile_outcome,surface,Grass,0,Grass,ALL,ALL,y|3|9,y,3,9,0,0,0,,,
profile_outcome,surface,Grass,0,Grass,ALL,ALL,l|1|7,l,1,7,9,0,9,0.0,0.0,0.2991450484195441
profile_outcome,surface,Grass,0,Grass,ALL,ALL,l|1|8,l,1,8,5,1,4,0.2,0.03622410863243014,0.6244653702374747
profile_outcome,surface,Grass,0,Grass,ALL,ALL,l|1|9,l,1,9,5,3,2,0.6,0.2307242812760128,0.882379225767352
profile_outcome,surface,Grass,0,Grass,ALL,ALL,l|2|7,l,2,7,16,1,15,0.0625,0.01111934476464252,0.28328737570298945
profile_outcome,surface,Grass,0,Grass,ALL,ALL,l|2|8,l,2,8,11,2,9,0.18181818181818182,0.05136768974608513,0.4769805619608442
profile_outcome,surface,Grass,0,Grass,ALL,ALL,l|2|9,l,2,9,11,3,8,0.2727272727272727,0.09746059290024889,0.5656453011761291
profile_outcome,surface,Grass,0,Grass,ALL,ALL,l|3|7,l,3,7,12,0,12,0.0,0.0,0.24249400665524085
profile_outcome,surface,Grass,0,Grass,ALL,ALL,l|3|8,l,3,8,2,0,2,0.0,0.0,0.6576197724933469
profile_outcome,surface,Grass,0,Grass,ALL,ALL,l|3|9,l,3,9,3,2,1,0.6666666666666666,0.2076596008020477,0.9385080552796037
profile_outcome,surface,Grass,0,Grass,ALL,ALL,m|1|7,m,1,7,24,2,22,0.08333333333333333,0.023158815297043306,0.25848802193210685
profile_outcome,surface,Grass,0,Grass,ALL,ALL,m|1|8,m,1,8,15,2,13,0.13333333333333333,0.03736125910306537,0.37881982832322364
profile_outcome,surface,Grass,0,Grass,ALL,ALL,m|1|9,m,1,9,11,5,6,0.45454545454545453,0.21271271622459764,0.719908462590678
profile_outcome,surface,Grass,0,Grass,ALL,ALL,m|2|7,m,2,7,39,2,37,0.05128205128205128,0.014177955415274113,0.16885640047613612
profile_outcome,surface,Grass,0,Grass,ALL,ALL,m|2|8,m,2,8,39,8,31,0.20512820512820512,0.10779718230710382,0.35533968013582296
profile_outcome,surface,Grass,0,Grass,ALL,ALL,m|2|9,m,2,9,16,7,9,0.4375,0.23098652405492354,0.6682144360118811
profile_outcome,surface,Grass,0,Grass,ALL,ALL,m|3|7,m,3,7,14,4,10,0.2857142857142857,0.11721378644576919,0.5464908432989318
profile_outcome,surface,Grass,0,Grass,ALL,ALL,m|3|8,m,3,8,8,3,5,0.375,0.13684428582359742,0.6942576053973727
profile_outcome,surface,Grass,0,Grass,ALL,ALL,m|3|9,m,3,9,10,7,3,0.7,0.39677814746114537,0.8922087325936989
profile_outcome,surface,Grass,0,Grass,ALL,ALL,h|1|7,h,1,7,0,0,0,,,
profile_outcome,surface,Grass,0,Grass,ALL,ALL,h|1|8,h,1,8,0,0,0,,,
profile_outcome,surface,Grass,0,Grass,ALL,ALL,h|1|9,h,1,9,0,0,0,,,
profile_outcome,surface,Grass,0,Grass,ALL,ALL,h|2|7,h,2,7,0,0,0,,,
profile_outcome,surface,Grass,0,Grass,ALL,ALL,h|2|8,h,2,8,0,0,0,,,
profile_outcome,surface,Grass,0,Grass,ALL,ALL,h|2|9,h,2,9,1,1,0,1.0,0.20654931437723745,1.0
profile_outcome,surface,Grass,0,Grass,ALL,ALL,h|3|7,h,3,7,0,0,0,,,
profile_outcome,surface,Grass,0,Grass,ALL,ALL,h|3|8,h,3,8,0,0,0,,,
profile_outcome,surface,Grass,0,Grass,ALL,ALL,h|3|9,h,3,9,0,0,0,,,
profile_outcome,surface,Grass,0,Grass,ALL,ALL,i|1|7,i,1,7,0,0,0,,,
profile_outcome,surface,Grass,0,Grass,ALL,ALL,i|1|8,i,1,8,0,0,0,,,
profile_outcome,surface,Grass,0,Grass,ALL,ALL,i|1|9,i,1,9,0,0,0,,,
profile_outcome,surface,Grass,0,Grass,ALL,ALL,i|2|7,i,2,7,0,0,0,,,
profile_outcome,surface,Grass,0,Grass,ALL,ALL,i|2|8,i,2,8,0,0,0,,,
profile_outcome,surface,Grass,0,Grass,ALL,ALL,i|2|9,i,2,9,0,0,0,,,
profile_outcome,surface,Grass,0,Grass,ALL,ALL,i|3|7,i,3,7,0,0,0,,,
profile_outcome,surface,Grass,0,Grass,ALL,ALL,i|3|8,i,3,8,0,0,0,,,
profile_outcome,surface,Grass,0,Grass,ALL,ALL,i|3|9,i,3,9,0,0,0,,,
profile_outcome,surface,Grass,0,Grass,ALL,ALL,j|1|7,j,1,7,0,0,0,,,
profile_outcome,surface,Grass,0,Grass,ALL,ALL,j|1|8,j,1,8,0,0,0,,,
profile_outcome,surface,Grass,0,Grass,ALL,ALL,j|1|9,j,1,9,0,0,0,,,
profile_outcome,surface,Grass,0,Grass,ALL,ALL,j|2|7,j,2,7,0,0,0,,,
profile_outcome,surface,Grass,0,Grass,ALL,ALL,j|2|8,j,2,8,0,0,0,,,
profile_outcome,surface,Grass,0,Grass,ALL,ALL,j|2|9,j,2,9,0,0,0,,,
profile_outcome,surface,Grass,0,Grass,ALL,ALL,j|3|7,j,3,7,0,0,0,,,
profile_outcome,surface,Grass,0,Grass,ALL,ALL,j|3|8,j,3,8,0,0,0,,,
profile_outcome,surface,Grass,0,Grass,ALL,ALL,j|3|9,j,3,9,0,0,0,,,
profile_outcome,surface,Grass,0,Grass,ALL,ALL,k|1|7,k,1,7,0,0,0,,,
profile_outcome,surface,Grass,0,Grass,ALL,ALL,k|1|8,k,1,8,0,0,0,,,
profile_outcome,surface,Grass,0,Grass,ALL,ALL,k|1|9,k,1,9,0,0,0,,,
profile_outcome,surface,Grass,0,Grass,ALL,ALL,k|2|7,k,2,7,0,0,0,,,
profile_outcome,surface,Grass,0,Grass,ALL,ALL,k|2|8,k,2,8,0,0,0,,,
profile_outcome,surface,Grass,0,Grass,ALL,ALL,k|2|9,k,2,9,0,0,0,,,
profile_outcome,surface,Grass,0,Grass,ALL,ALL,k|3|7,k,3,7,0,0,0,,,
profile_outcome,surface,Grass,0,Grass,ALL,ALL,k|3|8,k,3,8,0,0,0,,,
profile_outcome,surface,Grass,0,Grass,ALL,ALL,k|3|9,k,3,9,0,0,0,,,
profile_outcome,surface,Grass,0,Grass,ALL,ALL,t|1|7,t,1,7,0,0,0,,,
profile_outcome,surface,Grass,0,Grass,ALL,ALL,t|1|8,t,1,8,0,0,0,,,
profile_outcome,surface,Grass,0,Grass,ALL,ALL,t|1|9,t,1,9,0,0,0,,,
profile_outcome,surface,Grass,0,Grass,ALL,ALL,t|2|7,t,2,7,1,0,1,0.0,0.0,0.7934506856227626
profile_outcome,surface,Grass,0,Grass,ALL,ALL,t|2|8,t,2,8,0,0,0,,,
profile_outcome,surface,Grass,0,Grass,ALL,ALL,t|2|9,t,2,9,1,0,1,0.0,0.0,0.7934506856227626
profile_outcome,surface,Grass,0,Grass,ALL,ALL,t|3|7,t,3,7,0,0,0,,,
profile_outcome,surface,Grass,0,Grass,ALL,ALL,t|3|8,t,3,8,0,0,0,,,
profile_outcome,surface,Grass,0,Grass,ALL,ALL,t|3|9,t,3,9,0,0,0,,,
profile_outcome,period,to_2009,0,ALL,to_2009,ALL,f|1|7,f,1,7,5182,2512,2670,0.48475492087996913,0.4711640919113569,0.4983683357082236
profile_outcome,period,to_2009,0,ALL,to_2009,ALL,f|1|8,f,1,8,10230,5763,4467,0.5633431085043988,0.5537101426239354,0.5729285204054747
profile_outcome,period,to_2009,0,ALL,to_2009,ALL,f|1|9,f,1,9,3320,2053,1267,0.6183734939759036,0.601721345529058,0.6347520271446416
profile_outcome,period,to_2009,0,ALL,to_2009,ALL,f|2|7,f,2,7,10594,4373,6221,0.4127808193316972,0.4034389354696592,0.4221859328414355
profile_outcome,period,to_2009,0,ALL,to_2009,ALL,f|2|8,f,2,8,21473,9890,11583,0.4605784007823779,0.45391924059047,0.4672516632760913
profile_outcome,period,to_2009,0,ALL,to_2009,ALL,f|2|9,f,2,9,7681,4166,3515,0.5423772946230959,0.5312173742079962,0.5534948483522726
profile_outcome,period,to_2009,0,ALL,to_2009,ALL,f|3|7,f,3,7,5572,2772,2800,0.49748743718592964,0.48436543456865083,0.5106129018480516
profile_outcome,period,to_2009,0,ALL,to_2009,ALL,f|3|8,f,3,8,11729,6435,5294,0.5486401227726149,0.539619846244012,0.557628548699755
profile_outcome,period,to_2009,0,ALL,to_2009,ALL,f|3|9,f,3,9,3866,2341,1525,0.6055354371443352,0.590031930489699,0.620829420985064
profile_outcome,period,to_2009,0,ALL,to_2009,ALL,b|1|7,b,1,7,4240,2040,2200,0.4811320754716981,0.46611671843095187,0.49618159041198456
profile_outcome,period,to_2009,0,ALL,to_2009,ALL,b|1|8,b,1,8,8311,4685,3626,0.5637107447960534,0.5530217774876054,0.5743408433446384
profile_outcome,period,to_2009,0,ALL,to_2009,ALL,b|1|9,b,1,9,2900,1751,1149,0.6037931034482759,0.5858656444551628,0.6214459490105783
profile_outcome,period,to_2009,0,ALL,to_2009,ALL,b|2|7,b,2,7,12755,5621,7134,0.44068992551940417,0.4320931595317751,0.4493224059109634
profile_outcome,period,to_2009,0,ALL,to_2009,ALL,b|2|8,b,2,8,24772,11224,13548,0.4530922008719522,0.44690100341121386,0.45929794430716486
profile_outcome,period,to_2009,0,ALL,to_2009,ALL,b|2|9,b,2,9,8442,4421,4021,0.5236910684671878,0.513028841385918,0.5343317445249441
profile_outcome,period,to_2009,0,ALL,to_2009,ALL,b|3|7,b,3,7,10367,5356,5011,0.5166393363557442,0.5070154875273274,0.5262508584456476
profile_outcome,period,to_2009,0,ALL,to_2009,ALL,b|3|8,b,3,8,18282,9546,8736,0.5221529373153921,0.5149083591046558,0.5293882078224993
profile_outcome,period,to_2009,0,ALL,to_2009,ALL,b|3|9,b,3,9,4631,2600,2031,0.5614338155905851,0.547097239430737,0.5756685563479127
profile_outcome,period,to_2009,0,ALL,to_2009,ALL,r|1|7,r,1,7,424,155,269,0.36556603773584906,0.3211237226511944,0.41242243644654586
profile_outcome,period,to_2009,0,ALL,to_2009,ALL,r|1|8,r,1,8,579,240,339,0.41450777202072536,0.3750728203384419,0.45506966780865377
profile_outcome,period,to_2009,0,ALL,to_2009,ALL,r|1|9,r,1,9,181,74,107,0.4088397790055249,0.33983652416656934,0.48163209975285287
profile_outcome,period,to_2009,0,ALL,to_2009,ALL,r|2|7,r,2,7,1423,416,1007,0.29234012649332397,0.26929232713681533,0.3165060835089825
profile_outcome,period,to_2009,0,ALL,to_2009,ALL,r|2|8,r,2,8,2003,777,1226,0.3879181228157763,0.3668126117015348,0.40945272404459265
profile_outcome,period,to_2009,0,ALL,to_2009,ALL,r|2|9,r,2,9,802,352,450,0.4389027431421446,0.4049296683760585,0.47345832106367847
profile_outcome,period,to_2009,0,ALL,to_2009,ALL,r|3|7,r,3,7,511,177,334,0.34637964774951074,0.3064090943158086,0.38864265936458203
profile_outcome,period,to_2009,0,ALL,to_2009,ALL,r|3|8,r,3,8,736,299,437,0.40625,0.3713436973817237,0.4421298538031859
profile_outcome,period,to_2009,0,ALL,to_2009,ALL,r|3|9,r,3,9,244,111,133,0.45491803278688525,0.3936175745194757,0.5176160015549924
profile_outcome,period,to_2009,0,ALL,to_2009,ALL,s|1|7,s,1,7,2041,737,1304,0.36109750122488976,0.34053838761724875,0.38217850197134484
profile_outcome,period,to_2009,0,ALL,to_2009,ALL,s|1|8,s,1,8,2070,923,1147,0.4458937198067633,0.42460066698851506,0.4673872190443068
profile_outcome,period,to_2009,0,ALL,to_2009,ALL,s|1|9,s,1,9,674,308,366,0.456973293768546,0.41971558496913836,0.49471868392183777
profile_outcome,period,to_2009,0,ALL,to_2009,ALL,s|2|7,s,2,7,7466,2533,4933,0.3392713635145995,0.32861683524345064,0.3500912051841033
profile_outcome,period,to_2009,0,ALL,to_2009,ALL,s|2|8,s,2,8,9110,3639,5471,0.39945115257958286,0.3894379514089476,0.4095491158691508
profile_outcome,period,to_2009,0,ALL,to_2009,ALL,s|2|9,s,2,9,3272,1499,1773,0.45812958435207823,0.441116668400701,0.4752407000970283
profile_outcome,period,to_2009,0,ALL,to_2009,ALL,s|3|7,s,3,7,5538,2426,3112,0.4380642831347057,0.4250444348542711,0.45116999583678996
profile_outcome,period,to_2009,0,ALL,to_2009,ALL,s|3|8,s,3,8,8774,4057,4717,0.46238887622521085,0.4519751374431645,0.4728355346228276
profile_outcome,period,to_2009,0,ALL,to_2009,ALL,s|3|9,s,3,9,2343,1133,1210,0.4835680751173709,0.463376796950279,0.5038131469163624
profile_outcome,period,to_2009,0,ALL,to_2009,ALL,v|1|7,v,1,7,0,0,0,,,
profile_outcome,period,to_2009,0,ALL,to_2009,ALL,v|1|8,v,1,8,0,0,0,,,
profile_outcome,period,to_2009,0,ALL,to_2009,ALL,v|1|9,v,1,9,0,0,0,,,
profile_outcome,period,to_2009,0,ALL,to_2009,ALL,v|2|7,v,2,7,1,0,1,0.0,0.0,0.7934506856227626
profile_outcome,period,to_2009,0,ALL,to_2009,ALL,v|2|8,v,2,8,3,1,2,0.3333333333333333,0.06149194472039621,0.7923403991979522
profile_outcome,period,to_2009,0,ALL,to_2009,ALL,v|2|9,v,2,9,1,0,1,0.0,0.0,0.7934506856227626
profile_outcome,period,to_2009,0,ALL,to_2009,ALL,v|3|7,v,3,7,0,0,0,,,
profile_outcome,period,to_2009,0,ALL,to_2009,ALL,v|3|8,v,3,8,0,0,0,,,
profile_outcome,period,to_2009,0,ALL,to_2009,ALL,v|3|9,v,3,9,0,0,0,,,
profile_outcome,period,to_2009,0,ALL,to_2009,ALL,z|1|7,z,1,7,0,0,0,,,
profile_outcome,period,to_2009,0,ALL,to_2009,ALL,z|1|8,z,1,8,0,0,0,,,
profile_outcome,period,to_2009,0,ALL,to_2009,ALL,z|1|9,z,1,9,0,0,0,,,
profile_outcome,period,to_2009,0,ALL,to_2009,ALL,z|2|7,z,2,7,1,0,1,0.0,0.0,0.7934506856227626
profile_outcome,period,to_2009,0,ALL,to_2009,ALL,z|2|8,z,2,8,0,0,0,,,
profile_outcome,period,to_2009,0,ALL,to_2009,ALL,z|2|9,z,2,9,0,0,0,,,
profile_outcome,period,to_2009,0,ALL,to_2009,ALL,z|3|7,z,3,7,0,0,0,,,
profile_outcome,period,to_2009,0,ALL,to_2009,ALL,z|3|8,z,3,8,0,0,0,,,
profile_outcome,period,to_2009,0,ALL,to_2009,ALL,z|3|9,z,3,9,1,1,0,1.0,0.20654931437723745,1.0
profile_outcome,period,to_2009,0,ALL,to_2009,ALL,o|1|7,o,1,7,0,0,0,,,
profile_outcome,period,to_2009,0,ALL,to_2009,ALL,o|1|8,o,1,8,0,0,0,,,
profile_outcome,period,to_2009,0,ALL,to_2009,ALL,o|1|9,o,1,9,0,0,0,,,
profile_outcome,period,to_2009,0,ALL,to_2009,ALL,o|2|7,o,2,7,0,0,0,,,
profile_outcome,period,to_2009,0,ALL,to_2009,ALL,o|2|8,o,2,8,1,1,0,1.0,0.20654931437723745,1.0
profile_outcome,period,to_2009,0,ALL,to_2009,ALL,o|2|9,o,2,9,0,0,0,,,
profile_outcome,period,to_2009,0,ALL,to_2009,ALL,o|3|7,o,3,7,0,0,0,,,
profile_outcome,period,to_2009,0,ALL,to_2009,ALL,o|3|8,o,3,8,0,0,0,,,
profile_outcome,period,to_2009,0,ALL,to_2009,ALL,o|3|9,o,3,9,0,0,0,,,
profile_outcome,period,to_2009,0,ALL,to_2009,ALL,p|1|7,p,1,7,0,0,0,,,
profile_outcome,period,to_2009,0,ALL,to_2009,ALL,p|1|8,p,1,8,0,0,0,,,
profile_outcome,period,to_2009,0,ALL,to_2009,ALL,p|1|9,p,1,9,0,0,0,,,
profile_outcome,period,to_2009,0,ALL,to_2009,ALL,p|2|7,p,2,7,0,0,0,,,
profile_outcome,period,to_2009,0,ALL,to_2009,ALL,p|2|8,p,2,8,0,0,0,,,
profile_outcome,period,to_2009,0,ALL,to_2009,ALL,p|2|9,p,2,9,0,0,0,,,
profile_outcome,period,to_2009,0,ALL,to_2009,ALL,p|3|7,p,3,7,0,0,0,,,
profile_outcome,period,to_2009,0,ALL,to_2009,ALL,p|3|8,p,3,8,0,0,0,,,
profile_outcome,period,to_2009,0,ALL,to_2009,ALL,p|3|9,p,3,9,0,0,0,,,
profile_outcome,period,to_2009,0,ALL,to_2009,ALL,u|1|7,u,1,7,20,11,9,0.55,0.34208534245034233,0.7418021417443759
profile_outcome,period,to_2009,0,ALL,to_2009,ALL,u|1|8,u,1,8,0,0,0,,,
profile_outcome,period,to_2009,0,ALL,to_2009,ALL,u|1|9,u,1,9,0,0,0,,,
profile_outcome,period,to_2009,0,ALL,to_2009,ALL,u|2|7,u,2,7,9,7,2,0.7777777777777778,0.45258896910698887,0.9367748928821533
profile_outcome,period,to_2009,0,ALL,to_2009,ALL,u|2|8,u,2,8,0,0,0,,,
profile_outcome,period,to_2009,0,ALL,to_2009,ALL,u|2|9,u,2,9,1,0,1,0.0,0.0,0.7934506856227626
profile_outcome,period,to_2009,0,ALL,to_2009,ALL,u|3|7,u,3,7,4,3,1,0.75,0.30064184258240184,0.9544127391902995
profile_outcome,period,to_2009,0,ALL,to_2009,ALL,u|3|8,u,3,8,0,0,0,,,
profile_outcome,period,to_2009,0,ALL,to_2009,ALL,u|3|9,u,3,9,0,0,0,,,
profile_outcome,period,to_2009,0,ALL,to_2009,ALL,y|1|7,y,1,7,47,25,22,0.5319148936170213,0.39232383220194805,0.6666831292343927
profile_outcome,period,to_2009,0,ALL,to_2009,ALL,y|1|8,y,1,8,0,0,0,,,
profile_outcome,period,to_2009,0,ALL,to_2009,ALL,y|1|9,y,1,9,0,0,0,,,
profile_outcome,period,to_2009,0,ALL,to_2009,ALL,y|2|7,y,2,7,28,11,17,0.39285714285714285,0.2356568654157959,0.5759095570340281
profile_outcome,period,to_2009,0,ALL,to_2009,ALL,y|2|8,y,2,8,0,0,0,,,
profile_outcome,period,to_2009,0,ALL,to_2009,ALL,y|2|9,y,2,9,0,0,0,,,
profile_outcome,period,to_2009,0,ALL,to_2009,ALL,y|3|7,y,3,7,45,22,23,0.4888888888888889,0.349570237528785,0.6299553535541681
profile_outcome,period,to_2009,0,ALL,to_2009,ALL,y|3|8,y,3,8,0,0,0,,,
profile_outcome,period,to_2009,0,ALL,to_2009,ALL,y|3|9,y,3,9,0,0,0,,,
profile_outcome,period,to_2009,0,ALL,to_2009,ALL,l|1|7,l,1,7,19,0,19,0.0,0.0,0.16817922405261626
profile_outcome,period,to_2009,0,ALL,to_2009,ALL,l|1|8,l,1,8,17,5,12,0.29411764705882354,0.1327998961029523,0.5313311006653985
profile_outcome,period,to_2009,0,ALL,to_2009,ALL,l|1|9,l,1,9,12,12,0,1.0,0.7575059933447592,1.0
profile_outcome,period,to_2009,0,ALL,to_2009,ALL,l|2|7,l,2,7,30,1,29,0.03333333333333333,0.005908590381612455,0.16670390991409173
profile_outcome,period,to_2009,0,ALL,to_2009,ALL,l|2|8,l,2,8,26,5,21,0.19230769230769232,0.0850706114894241,0.3787625711931699
profile_outcome,period,to_2009,0,ALL,to_2009,ALL,l|2|9,l,2,9,13,7,6,0.5384615384615384,0.29143795714506004,0.7679393219046169
profile_outcome,period,to_2009,0,ALL,to_2009,ALL,l|3|7,l,3,7,12,2,10,0.16666666666666666,0.04696514218385378,0.4480308622529734
profile_outcome,period,to_2009,0,ALL,to_2009,ALL,l|3|8,l,3,8,3,1,2,0.3333333333333333,0.06149194472039621,0.7923403991979522
profile_outcome,period,to_2009,0,ALL,to_2009,ALL,l|3|9,l,3,9,5,2,3,0.4,0.11762077423264783,0.769275718723987
profile_outcome,period,to_2009,0,ALL,to_2009,ALL,m|1|7,m,1,7,49,5,44,0.10204081632653061,0.04437954674476266,0.21756361549195893
profile_outcome,period,to_2009,0,ALL,to_2009,ALL,m|1|8,m,1,8,35,6,29,0.17142857142857143,0.08102640053701589,0.3268228229904496
profile_outcome,period,to_2009,0,ALL,to_2009,ALL,m|1|9,m,1,9,15,6,9,0.4,0.1982449614134158,0.6425316987937539
profile_outcome,period,to_2009,0,ALL,to_2009,ALL,m|2|7,m,2,7,87,5,82,0.05747126436781609,0.02479563779315351,0.12757376490451622
profile_outcome,period,to_2009,0,ALL,to_2009,ALL,m|2|8,m,2,8,107,18,89,0.16822429906542055,0.10914210865185389,0.250303348351241
profile_outcome,period,to_2009,0,ALL,to_2009,ALL,m|2|9,m,2,9,21,13,8,0.6190476190476191,0.4087865377511576,0.7924898863143551
profile_outcome,period,to_2009,0,ALL,to_2009,ALL,m|3|7,m,3,7,29,6,23,0.20689655172413793,0.09846070197841039,0.38390090403867905
profile_outcome,period,to_2009,0,ALL,to_2009,ALL,m|3|8,m,3,8,34,13,21,0.38235294117647056,0.23900183324508897,0.549589826555693
profile_outcome,period,to_2009,0,ALL,to_2009,ALL,m|3|9,m,3,9,19,13,6,0.6842105263157895,0.46010407675327475,0.8463562091220773
profile_outcome,period,to_2009,0,ALL,to_2009,ALL,h|1|7,h,1,7,0,0,0,,,
profile_outcome,period,to_2009,0,ALL,to_2009,ALL,h|1|8,h,1,8,0,0,0,,,
profile_outcome,period,to_2009,0,ALL,to_2009,ALL,h|1|9,h,1,9,0,0,0,,,
profile_outcome,period,to_2009,0,ALL,to_2009,ALL,h|2|7,h,2,7,0,0,0,,,
profile_outcome,period,to_2009,0,ALL,to_2009,ALL,h|2|8,h,2,8,0,0,0,,,
profile_outcome,period,to_2009,0,ALL,to_2009,ALL,h|2|9,h,2,9,0,0,0,,,
profile_outcome,period,to_2009,0,ALL,to_2009,ALL,h|3|7,h,3,7,0,0,0,,,
profile_outcome,period,to_2009,0,ALL,to_2009,ALL,h|3|8,h,3,8,0,0,0,,,
profile_outcome,period,to_2009,0,ALL,to_2009,ALL,h|3|9,h,3,9,0,0,0,,,
profile_outcome,period,to_2009,0,ALL,to_2009,ALL,i|1|7,i,1,7,0,0,0,,,
profile_outcome,period,to_2009,0,ALL,to_2009,ALL,i|1|8,i,1,8,0,0,0,,,
profile_outcome,period,to_2009,0,ALL,to_2009,ALL,i|1|9,i,1,9,0,0,0,,,
profile_outcome,period,to_2009,0,ALL,to_2009,ALL,i|2|7,i,2,7,0,0,0,,,
profile_outcome,period,to_2009,0,ALL,to_2009,ALL,i|2|8,i,2,8,0,0,0,,,
profile_outcome,period,to_2009,0,ALL,to_2009,ALL,i|2|9,i,2,9,0,0,0,,,
profile_outcome,period,to_2009,0,ALL,to_2009,ALL,i|3|7,i,3,7,0,0,0,,,
profile_outcome,period,to_2009,0,ALL,to_2009,ALL,i|3|8,i,3,8,0,0,0,,,
profile_outcome,period,to_2009,0,ALL,to_2009,ALL,i|3|9,i,3,9,0,0,0,,,
profile_outcome,period,to_2009,0,ALL,to_2009,ALL,j|1|7,j,1,7,0,0,0,,,
profile_outcome,period,to_2009,0,ALL,to_2009,ALL,j|1|8,j,1,8,0,0,0,,,
profile_outcome,period,to_2009,0,ALL,to_2009,ALL,j|1|9,j,1,9,0,0,0,,,
profile_outcome,period,to_2009,0,ALL,to_2009,ALL,j|2|7,j,2,7,0,0,0,,,
profile_outcome,period,to_2009,0,ALL,to_2009,ALL,j|2|8,j,2,8,0,0,0,,,
profile_outcome,period,to_2009,0,ALL,to_2009,ALL,j|2|9,j,2,9,0,0,0,,,
profile_outcome,period,to_2009,0,ALL,to_2009,ALL,j|3|7,j,3,7,0,0,0,,,
profile_outcome,period,to_2009,0,ALL,to_2009,ALL,j|3|8,j,3,8,0,0,0,,,
profile_outcome,period,to_2009,0,ALL,to_2009,ALL,j|3|9,j,3,9,0,0,0,,,
profile_outcome,period,to_2009,0,ALL,to_2009,ALL,k|1|7,k,1,7,0,0,0,,,
profile_outcome,period,to_2009,0,ALL,to_2009,ALL,k|1|8,k,1,8,0,0,0,,,
profile_outcome,period,to_2009,0,ALL,to_2009,ALL,k|1|9,k,1,9,0,0,0,,,
profile_outcome,period,to_2009,0,ALL,to_2009,ALL,k|2|7,k,2,7,0,0,0,,,
profile_outcome,period,to_2009,0,ALL,to_2009,ALL,k|2|8,k,2,8,0,0,0,,,
profile_outcome,period,to_2009,0,ALL,to_2009,ALL,k|2|9,k,2,9,0,0,0,,,
profile_outcome,period,to_2009,0,ALL,to_2009,ALL,k|3|7,k,3,7,0,0,0,,,
profile_outcome,period,to_2009,0,ALL,to_2009,ALL,k|3|8,k,3,8,0,0,0,,,
profile_outcome,period,to_2009,0,ALL,to_2009,ALL,k|3|9,k,3,9,0,0,0,,,
profile_outcome,period,to_2009,0,ALL,to_2009,ALL,t|1|7,t,1,7,0,0,0,,,
profile_outcome,period,to_2009,0,ALL,to_2009,ALL,t|1|8,t,1,8,2,0,2,0.0,0.0,0.6576197724933469
profile_outcome,period,to_2009,0,ALL,to_2009,ALL,t|1|9,t,1,9,0,0,0,,,
profile_outcome,period,to_2009,0,ALL,to_2009,ALL,t|2|7,t,2,7,0,0,0,,,
profile_outcome,period,to_2009,0,ALL,to_2009,ALL,t|2|8,t,2,8,1,1,0,1.0,0.20654931437723745,1.0
profile_outcome,period,to_2009,0,ALL,to_2009,ALL,t|2|9,t,2,9,0,0,0,,,
profile_outcome,period,to_2009,0,ALL,to_2009,ALL,t|3|7,t,3,7,0,0,0,,,
profile_outcome,period,to_2009,0,ALL,to_2009,ALL,t|3|8,t,3,8,0,0,0,,,
profile_outcome,period,to_2009,0,ALL,to_2009,ALL,t|3|9,t,3,9,0,0,0,,,
profile_outcome,period,2010s,0,ALL,2010s,ALL,f|1|7,f,1,7,4130,1937,2193,0.4690072639225182,0.45382337386563554,0.484248755278613
profile_outcome,period,2010s,0,ALL,2010s,ALL,f|1|8,f,1,8,8116,4346,3770,0.535485460818137,0.5246207063477968,0.5463166392791037
profile_outcome,period,2010s,0,ALL,2010s,ALL,f|1|9,f,1,9,4528,2812,1716,0.6210247349823321,0.6067973548014073,0.6350469396115769
profile_outcome,period,2010s,0,ALL,2010s,ALL,f|2|7,f,2,7,9454,3834,5620,0.4055426274592765,0.3956855792108636,0.4154764065576421
profile_outcome,period,2010s,0,ALL,2010s,ALL,f|2|8,f,2,8,20684,9479,11205,0.45827692902726747,0.4514950880521472,0.4650742648484143
profile_outcome,period,2010s,0,ALL,2010s,ALL,f|2|9,f,2,9,13567,7327,6240,0.5400604407754109,0.5316638384320466,0.548434363532687
profile_outcome,period,2010s,0,ALL,2010s,ALL,f|3|7,f,3,7,4443,2100,2343,0.4726536124240378,0.4580034456088658,0.487351026267349
profile_outcome,period,2010s,0,ALL,2010s,ALL,f|3|8,f,3,8,8897,4716,4181,0.5300663144880297,0.5196848298121689,0.5404218468964491
profile_outcome,period,2010s,0,ALL,2010s,ALL,f|3|9,f,3,9,5274,3145,2129,0.5963215775502465,0.5830146386601565,0.6094883017800097
profile_outcome,period,2010s,0,ALL,2010s,ALL,b|1|7,b,1,7,3286,1541,1745,0.4689592209373098,0.45194276988979104,0.48604816293980274
profile_outcome,period,2010s,0,ALL,2010s,ALL,b|1|8,b,1,8,6738,3603,3135,0.5347284060552092,0.5228022495188978,0.5466149865372381
profile_outcome,period,2010s,0,ALL,2010s,ALL,b|1|9,b,1,9,4163,2536,1627,0.6091760749459524,0.5942599139602182,0.6238909345861688
profile_outcome,period,2010s,0,ALL,2010s,ALL,b|2|7,b,2,7,10764,4349,6415,0.40403195837978445,0.39479776742263584,0.41333462309398017
profile_outcome,period,2010s,0,ALL,2010s,ALL,b|2|8,b,2,8,24697,11288,13409,0.4570595618901081,0.45085390360209404,0.463278576316213
profile_outcome,period,2010s,0,ALL,2010s,ALL,b|2|9,b,2,9,15768,8163,7605,0.5176940639269406,0.5098913660519601,0.5254881425144241
profile_outcome,period,2010s,0,ALL,2010s,ALL,b|3|7,b,3,7,9581,4576,5005,0.47761194029850745,0.46762114317243153,0.4876206830128935
profile_outcome,period,2010s,0,ALL,2010s,ALL,b|3|8,b,3,8,16496,8416,8080,0.510184287099903,0.502554312289211,0.5178095197414524
profile_outcome,period,2010s,0,ALL,2010s,ALL,b|3|9,b,3,9,7574,4220,3354,0.5571692632690785,0.5459564860461705,0.568324078505885
profile_outcome,period,2010s,0,ALL,2010s,ALL,r|1|7,r,1,7,543,199,344,0.3664825046040516,0.32702425068794877,0.40781662931280377
profile_outcome,period,2010s,0,ALL,2010s,ALL,r|1|8,r,1,8,730,286,444,0.3917808219178082,0.35702457268399074,0.42767006659966217
profile_outcome,period,2010s,0,ALL,2010s,ALL,r|1|9,r,1,9,414,177,237,0.427536231884058,0.3807623308478371,0.47564253579861165
profile_outcome,period,2010s,0,ALL,2010s,ALL,r|2|7,r,2,7,1779,531,1248,0.2984822934232715,0.27767128888936954,0.32016171165444884
profile_outcome,period,2010s,0,ALL,2010s,ALL,r|2|8,r,2,8,2594,973,1621,0.3750963762528913,0.35666272677796895,0.39389941865250566
profile_outcome,period,2010s,0,ALL,2010s,ALL,r|2|9,r,2,9,1698,742,956,0.4369846878680801,0.41356072258115023,0.4606931340922597
profile_outcome,period,2010s,0,ALL,2010s,ALL,r|3|7,r,3,7,520,181,339,0.34807692307692306,0.3083829611839583,0.38999906387434874
profile_outcome,period,2010s,0,ALL,2010s,ALL,r|3|8,r,3,8,820,328,492,0.4,0.3670102816140742,0.43392229073454086
profile_outcome,period,2010s,0,ALL,2010s,ALL,r|3|9,r,3,9,528,215,313,0.4071969696969697,0.3661063250264919,0.4496282357629109
profile_outcome,period,2010s,0,ALL,2010s,ALL,s|1|7,s,1,7,815,231,584,0.28343558282208586,0.25356723491028554,0.3153358827843227
profile_outcome,period,2010s,0,ALL,2010s,ALL,s|1|8,s,1,8,1087,392,695,0.36062557497700093,0.33261686757755365,0.38961591194333794
profile_outcome,period,2010s,0,ALL,2010s,ALL,s|1|9,s,1,9,713,295,418,0.41374474053295934,0.3781506143224614,0.45026332785890694
profile_outcome,period,2010s,0,ALL,2010s,ALL,s|2|7,s,2,7,4287,1298,2989,0.3027758339164917,0.28920377043552853,0.31670103489727924
profile_outcome,period,2010s,0,ALL,2010s,ALL,s|2|8,s,2,8,6136,2235,3901,0.3642438070404172,0.3522916487009449,0.37636584006750357
profile_outcome,period,2010s,0,ALL,2010s,ALL,s|2|9,s,2,9,3806,1615,2191,0.42433000525486075,0.40871213007735774,0.44010047637207284
profile_outcome,period,2010s,0,ALL,2010s,ALL,s|3|7,s,3,7,2911,1204,1707,0.41360357265544484,0.3958386810501684,0.43159618732737026
profile_outcome,period,2010s,0,ALL,2010s,ALL,s|3|8,s,3,8,4742,2115,2627,0.4460143399409532,0.43191582981036875,0.4602002460335917
profile_outcome,period,2010s,0,ALL,2010s,ALL,s|3|9,s,3,9,2355,1099,1256,0.4666666666666667,0.4465882036493292,0.48685369876725276
profile_outcome,period,2010s,0,ALL,2010s,ALL,v|1|7,v,1,7,0,0,0,,,
profile_outcome,period,2010s,0,ALL,2010s,ALL,v|1|8,v,1,8,1,1,0,1.0,0.20654931437723745,1.0
profile_outcome,period,2010s,0,ALL,2010s,ALL,v|1|9,v,1,9,0,0,0,,,
profile_outcome,period,2010s,0,ALL,2010s,ALL,v|2|7,v,2,7,1,1,0,1.0,0.20654931437723745,1.0
profile_outcome,period,2010s,0,ALL,2010s,ALL,v|2|8,v,2,8,2,1,1,0.5,0.09453120573423074,0.9054687942657693
profile_outcome,period,2010s,0,ALL,2010s,ALL,v|2|9,v,2,9,1,0,1,0.0,0.0,0.7934506856227626
profile_outcome,period,2010s,0,ALL,2010s,ALL,v|3|7,v,3,7,0,0,0,,,
profile_outcome,period,2010s,0,ALL,2010s,ALL,v|3|8,v,3,8,0,0,0,,,
profile_outcome,period,2010s,0,ALL,2010s,ALL,v|3|9,v,3,9,0,0,0,,,
profile_outcome,period,2010s,0,ALL,2010s,ALL,z|1|7,z,1,7,0,0,0,,,
profile_outcome,period,2010s,0,ALL,2010s,ALL,z|1|8,z,1,8,0,0,0,,,
profile_outcome,period,2010s,0,ALL,2010s,ALL,z|1|9,z,1,9,0,0,0,,,
profile_outcome,period,2010s,0,ALL,2010s,ALL,z|2|7,z,2,7,0,0,0,,,
profile_outcome,period,2010s,0,ALL,2010s,ALL,z|2|8,z,2,8,0,0,0,,,
profile_outcome,period,2010s,0,ALL,2010s,ALL,z|2|9,z,2,9,0,0,0,,,
profile_outcome,period,2010s,0,ALL,2010s,ALL,z|3|7,z,3,7,0,0,0,,,
profile_outcome,period,2010s,0,ALL,2010s,ALL,z|3|8,z,3,8,0,0,0,,,
profile_outcome,period,2010s,0,ALL,2010s,ALL,z|3|9,z,3,9,0,0,0,,,
profile_outcome,period,2010s,0,ALL,2010s,ALL,o|1|7,o,1,7,0,0,0,,,
profile_outcome,period,2010s,0,ALL,2010s,ALL,o|1|8,o,1,8,1,0,1,0.0,0.0,0.7934506856227626
profile_outcome,period,2010s,0,ALL,2010s,ALL,o|1|9,o,1,9,0,0,0,,,
profile_outcome,period,2010s,0,ALL,2010s,ALL,o|2|7,o,2,7,1,0,1,0.0,0.0,0.7934506856227626
profile_outcome,period,2010s,0,ALL,2010s,ALL,o|2|8,o,2,8,0,0,0,,,
profile_outcome,period,2010s,0,ALL,2010s,ALL,o|2|9,o,2,9,0,0,0,,,
profile_outcome,period,2010s,0,ALL,2010s,ALL,o|3|7,o,3,7,0,0,0,,,
profile_outcome,period,2010s,0,ALL,2010s,ALL,o|3|8,o,3,8,0,0,0,,,
profile_outcome,period,2010s,0,ALL,2010s,ALL,o|3|9,o,3,9,1,1,0,1.0,0.20654931437723745,1.0
profile_outcome,period,2010s,0,ALL,2010s,ALL,p|1|7,p,1,7,0,0,0,,,
profile_outcome,period,2010s,0,ALL,2010s,ALL,p|1|8,p,1,8,0,0,0,,,
profile_outcome,period,2010s,0,ALL,2010s,ALL,p|1|9,p,1,9,0,0,0,,,
profile_outcome,period,2010s,0,ALL,2010s,ALL,p|2|7,p,2,7,0,0,0,,,
profile_outcome,period,2010s,0,ALL,2010s,ALL,p|2|8,p,2,8,0,0,0,,,
profile_outcome,period,2010s,0,ALL,2010s,ALL,p|2|9,p,2,9,0,0,0,,,
profile_outcome,period,2010s,0,ALL,2010s,ALL,p|3|7,p,3,7,0,0,0,,,
profile_outcome,period,2010s,0,ALL,2010s,ALL,p|3|8,p,3,8,0,0,0,,,
profile_outcome,period,2010s,0,ALL,2010s,ALL,p|3|9,p,3,9,0,0,0,,,
profile_outcome,period,2010s,0,ALL,2010s,ALL,u|1|7,u,1,7,9,4,5,0.4444444444444444,0.18877852109766452,0.733348706504507
profile_outcome,period,2010s,0,ALL,2010s,ALL,u|1|8,u,1,8,0,0,0,,,
profile_outcome,period,2010s,0,ALL,2010s,ALL,u|1|9,u,1,9,0,0,0,,,
profile_outcome,period,2010s,0,ALL,2010s,ALL,u|2|7,u,2,7,5,1,4,0.2,0.03622410863243014,0.6244653702374747
profile_outcome,period,2010s,0,ALL,2010s,ALL,u|2|8,u,2,8,0,0,0,,,
profile_outcome,period,2010s,0,ALL,2010s,ALL,u|2|9,u,2,9,0,0,0,,,
profile_outcome,period,2010s,0,ALL,2010s,ALL,u|3|7,u,3,7,7,2,5,0.2857142857142857,0.08221892400405678,0.6410655481673808
profile_outcome,period,2010s,0,ALL,2010s,ALL,u|3|8,u,3,8,0,0,0,,,
profile_outcome,period,2010s,0,ALL,2010s,ALL,u|3|9,u,3,9,0,0,0,,,
profile_outcome,period,2010s,0,ALL,2010s,ALL,y|1|7,y,1,7,55,29,26,0.5272727272727272,0.3979154435522611,0.6530690163868067
profile_outcome,period,2010s,0,ALL,2010s,ALL,y|1|8,y,1,8,0,0,0,,,
profile_outcome,period,2010s,0,ALL,2010s,ALL,y|1|9,y,1,9,0,0,0,,,
profile_outcome,period,2010s,0,ALL,2010s,ALL,y|2|7,y,2,7,45,21,24,0.4666666666666667,0.32935132065011297,0.6092254525987463
profile_outcome,period,2010s,0,ALL,2010s,ALL,y|2|8,y,2,8,1,0,1,0.0,0.0,0.7934506856227626
profile_outcome,period,2010s,0,ALL,2010s,ALL,y|2|9,y,2,9,0,0,0,,,
profile_outcome,period,2010s,0,ALL,2010s,ALL,y|3|7,y,3,7,42,19,23,0.4523809523809524,0.31223393233454466,0.6005088096526652
profile_outcome,period,2010s,0,ALL,2010s,ALL,y|3|8,y,3,8,0,0,0,,,
profile_outcome,period,2010s,0,ALL,2010s,ALL,y|3|9,y,3,9,0,0,0,,,
profile_outcome,period,2010s,0,ALL,2010s,ALL,l|1|7,l,1,7,7,0,7,0.0,0.0,0.35433043506668743
profile_outcome,period,2010s,0,ALL,2010s,ALL,l|1|8,l,1,8,7,4,3,0.5714285714285714,0.2504583645276572,0.8417801447485302
profile_outcome,period,2010s,0,ALL,2010s,ALL,l|1|9,l,1,9,9,6,3,0.6666666666666666,0.3542021355803963,0.879416181613089
profile_outcome,period,2010s,0,ALL,2010s,ALL,l|2|7,l,2,7,23,3,20,0.13043478260869565,0.04537659093631238,0.32127482270095964
profile_outcome,period,2010s,0,ALL,2010s,ALL,l|2|8,l,2,8,21,6,15,0.2857142857142857,0.1381386295212213,0.49956380716085597
profile_outcome,period,2010s,0,ALL,2010s,ALL,l|2|9,l,2,9,27,10,17,0.37037037037037035,0.21532512960965597,0.5577076558789761
profile_outcome,period,2010s,0,ALL,2010s,ALL,l|3|7,l,3,7,10,1,9,0.1,0.017876213095072896,0.4041500267952385
profile_outcome,period,2010s,0,ALL,2010s,ALL,l|3|8,l,3,8,8,3,5,0.375,0.13684428582359742,0.6942576053973727
profile_outcome,period,2010s,0,ALL,2010s,ALL,l|3|9,l,3,9,10,4,6,0.4,0.16818032970623614,0.6873262302663417
profile_outcome,period,2010s,0,ALL,2010s,ALL,m|1|7,m,1,7,35,2,33,0.05714285714285714,0.015813161857108654,0.1860705742016492
profile_outcome,period,2010s,0,ALL,2010s,ALL,m|1|8,m,1,8,22,5,17,0.22727272727272727,0.10123039985248516,0.4343995317522171
profile_outcome,period,2010s,0,ALL,2010s,ALL,m|1|9,m,1,9,27,13,14,0.48148148148148145,0.3074322697621846,0.6601438424504771
profile_outcome,period,2010s,0,ALL,2010s,ALL,m|2|7,m,2,7,59,4,55,0.06779661016949153,0.02667861897130437,0.16175524368744493
profile_outcome,period,2010s,0,ALL,2010s,ALL,m|2|8,m,2,8,51,14,37,0.27450980392156865,0.17114275234644882,0.4094665076077909
profile_outcome,period,2010s,0,ALL,2010s,ALL,m|2|9,m,2,9,61,30,31,0.4918032786885246,0.37060395323711026,0.6139738150890883
profile_outcome,period,2010s,0,ALL,2010s,ALL,m|3|7,m,3,7,44,4,40,0.09090909090909091,0.03592219322731624,0.21159239166598612
profile_outcome,period,2010s,0,ALL,2010s,ALL,m|3|8,m,3,8,31,10,21,0.3225806451612903,0.18569426566359176,0.49858990691914357
profile_outcome,period,2010s,0,ALL,2010s,ALL,m|3|9,m,3,9,26,16,10,0.6153846153846154,0.4253485008511553,0.7757140556428721
profile_outcome,period,2010s,0,ALL,2010s,ALL,h|1|7,h,1,7,0,0,0,,,
profile_outcome,period,2010s,0,ALL,2010s,ALL,h|1|8,h,1,8,0,0,0,,,
profile_outcome,period,2010s,0,ALL,2010s,ALL,h|1|9,h,1,9,0,0,0,,,
profile_outcome,period,2010s,0,ALL,2010s,ALL,h|2|7,h,2,7,0,0,0,,,
profile_outcome,period,2010s,0,ALL,2010s,ALL,h|2|8,h,2,8,0,0,0,,,
profile_outcome,period,2010s,0,ALL,2010s,ALL,h|2|9,h,2,9,1,1,0,1.0,0.20654931437723745,1.0
profile_outcome,period,2010s,0,ALL,2010s,ALL,h|3|7,h,3,7,0,0,0,,,
profile_outcome,period,2010s,0,ALL,2010s,ALL,h|3|8,h,3,8,0,0,0,,,
profile_outcome,period,2010s,0,ALL,2010s,ALL,h|3|9,h,3,9,0,0,0,,,
profile_outcome,period,2010s,0,ALL,2010s,ALL,i|1|7,i,1,7,0,0,0,,,
profile_outcome,period,2010s,0,ALL,2010s,ALL,i|1|8,i,1,8,0,0,0,,,
profile_outcome,period,2010s,0,ALL,2010s,ALL,i|1|9,i,1,9,0,0,0,,,
profile_outcome,period,2010s,0,ALL,2010s,ALL,i|2|7,i,2,7,0,0,0,,,
profile_outcome,period,2010s,0,ALL,2010s,ALL,i|2|8,i,2,8,0,0,0,,,
profile_outcome,period,2010s,0,ALL,2010s,ALL,i|2|9,i,2,9,0,0,0,,,
profile_outcome,period,2010s,0,ALL,2010s,ALL,i|3|7,i,3,7,0,0,0,,,
profile_outcome,period,2010s,0,ALL,2010s,ALL,i|3|8,i,3,8,0,0,0,,,
profile_outcome,period,2010s,0,ALL,2010s,ALL,i|3|9,i,3,9,0,0,0,,,
profile_outcome,period,2010s,0,ALL,2010s,ALL,j|1|7,j,1,7,0,0,0,,,
profile_outcome,period,2010s,0,ALL,2010s,ALL,j|1|8,j,1,8,0,0,0,,,
profile_outcome,period,2010s,0,ALL,2010s,ALL,j|1|9,j,1,9,0,0,0,,,
profile_outcome,period,2010s,0,ALL,2010s,ALL,j|2|7,j,2,7,0,0,0,,,
profile_outcome,period,2010s,0,ALL,2010s,ALL,j|2|8,j,2,8,0,0,0,,,
profile_outcome,period,2010s,0,ALL,2010s,ALL,j|2|9,j,2,9,0,0,0,,,
profile_outcome,period,2010s,0,ALL,2010s,ALL,j|3|7,j,3,7,0,0,0,,,
profile_outcome,period,2010s,0,ALL,2010s,ALL,j|3|8,j,3,8,0,0,0,,,
profile_outcome,period,2010s,0,ALL,2010s,ALL,j|3|9,j,3,9,0,0,0,,,
profile_outcome,period,2010s,0,ALL,2010s,ALL,k|1|7,k,1,7,0,0,0,,,
profile_outcome,period,2010s,0,ALL,2010s,ALL,k|1|8,k,1,8,0,0,0,,,
profile_outcome,period,2010s,0,ALL,2010s,ALL,k|1|9,k,1,9,0,0,0,,,
profile_outcome,period,2010s,0,ALL,2010s,ALL,k|2|7,k,2,7,0,0,0,,,
profile_outcome,period,2010s,0,ALL,2010s,ALL,k|2|8,k,2,8,0,0,0,,,
profile_outcome,period,2010s,0,ALL,2010s,ALL,k|2|9,k,2,9,0,0,0,,,
profile_outcome,period,2010s,0,ALL,2010s,ALL,k|3|7,k,3,7,0,0,0,,,
profile_outcome,period,2010s,0,ALL,2010s,ALL,k|3|8,k,3,8,0,0,0,,,
profile_outcome,period,2010s,0,ALL,2010s,ALL,k|3|9,k,3,9,0,0,0,,,
profile_outcome,period,2010s,0,ALL,2010s,ALL,t|1|7,t,1,7,0,0,0,,,
profile_outcome,period,2010s,0,ALL,2010s,ALL,t|1|8,t,1,8,0,0,0,,,
profile_outcome,period,2010s,0,ALL,2010s,ALL,t|1|9,t,1,9,0,0,0,,,
profile_outcome,period,2010s,0,ALL,2010s,ALL,t|2|7,t,2,7,1,0,1,0.0,0.0,0.7934506856227626
profile_outcome,period,2010s,0,ALL,2010s,ALL,t|2|8,t,2,8,1,0,1,0.0,0.0,0.7934506856227626
profile_outcome,period,2010s,0,ALL,2010s,ALL,t|2|9,t,2,9,1,0,1,0.0,0.0,0.7934506856227626
profile_outcome,period,2010s,0,ALL,2010s,ALL,t|3|7,t,3,7,1,0,1,0.0,0.0,0.7934506856227626
profile_outcome,period,2010s,0,ALL,2010s,ALL,t|3|8,t,3,8,0,0,0,,,
profile_outcome,period,2010s,0,ALL,2010s,ALL,t|3|9,t,3,9,0,0,0,,,
profile_outcome,period,2020s,0,ALL,2020s,ALL,f|1|7,f,1,7,3877,1750,2127,0.4513799329378385,0.43577157842125785,0.4670845407991953
profile_outcome,period,2020s,0,ALL,2020s,ALL,f|1|8,f,1,8,6682,3472,3210,0.5196049087099671,0.507617799863247,0.5315694889191309
profile_outcome,period,2020s,0,ALL,2020s,ALL,f|1|9,f,1,9,4010,2218,1792,0.5531172069825436,0.5376856832006859,0.568447058804815
profile_outcome,period,2020s,0,ALL,2020s,ALL,f|2|7,f,2,7,7420,2956,4464,0.39838274932614554,0.3872988241712078,0.40957183795638136
profile_outcome,period,2020s,0,ALL,2020s,ALL,f|2|8,f,2,8,15705,7295,8410,0.4645017510347023,0.45671125104095395,0.47230961259670695
profile_outcome,period,2020s,0,ALL,2020s,ALL,f|2|9,f,2,9,11712,6342,5370,0.5414959016393442,0.5324597095230308,0.5505048819163825
profile_outcome,period,2020s,0,ALL,2020s,ALL,f|3|7,f,3,7,3075,1392,1683,0.4526829268292683,0.4351597554210692,0.47032417290323514
profile_outcome,period,2020s,0,ALL,2020s,ALL,f|3|8,f,3,8,6234,3040,3194,0.4876483798524222,0.4752517950458743,0.500060177690747
profile_outcome,period,2020s,0,ALL,2020s,ALL,f|3|9,f,3,9,4280,2365,1915,0.552570093457944,0.5376331212630484,0.567412783055708
profile_outcome,period,2020s,0,ALL,2020s,ALL,b|1|7,b,1,7,2345,963,1382,0.41066098081023455,0.3909114816217509,0.43070270250016457
profile_outcome,period,2020s,0,ALL,2020s,ALL,b|1|8,b,1,8,4526,2271,2255,0.5017675651789659,0.48720564688587104,0.5163264855619089
profile_outcome,period,2020s,0,ALL,2020s,ALL,b|1|9,b,1,9,3171,1671,1500,0.5269631031220435,0.5095634528577853,0.54429750436416
profile_outcome,period,2020s,0,ALL,2020s,ALL,b|2|7,b,2,7,8088,3282,4806,0.40578635014836795,0.3951319521358122,0.4165302006935998
profile_outcome,period,2020s,0,ALL,2020s,ALL,b|2|8,b,2,8,17812,8174,9638,0.4589041095890411,0.4515957975690625,0.466230143833488
profile_outcome,period,2020s,0,ALL,2020s,ALL,b|2|9,b,2,9,13305,6943,6362,0.5218338970311913,0.5133409970902036,0.5303141927170905
profile_outcome,period,2020s,0,ALL,2020s,ALL,b|3|7,b,3,7,8572,3865,4707,0.45088660755949606,0.4403774682048595,0.46143974657889103
profile_outcome,period,2020s,0,ALL,2020s,ALL,b|3|8,b,3,8,13603,6505,7098,0.47820333749908106,0.4698163119001209,0.48660267028655063
profile_outcome,period,2020s,0,ALL,2020s,ALL,b|3|9,b,3,9,6630,3596,3034,0.5423831070889894,0.530369906658835,0.5543472219443419
profile_outcome,period,2020s,0,ALL,2020s,ALL,r|1|7,r,1,7,421,137,284,0.3254156769596199,0.2824138352850386,0.37157473633870697
profile_outcome,period,2020s,0,ALL,2020s,ALL,r|1|8,r,1,8,587,211,376,0.3594548551959114,0.3216668712862688,0.3990703966614879
profile_outcome,period,2020s,0,ALL,2020s,ALL,r|1|9,r,1,9,370,158,212,0.42702702702702705,0.37762955790357855,0.4779241835932947
profile_outcome,period,2020s,0,ALL,2020s,ALL,r|2|7,r,2,7,1512,493,1019,0.32605820105820105,0.30289663037242204,0.35010138143204367
profile_outcome,period,2020s,0,ALL,2020s,ALL,r|2|8,r,2,8,2066,707,1359,0.34220716360116166,0.32205849181550067,0.3629415369444405
profile_outcome,period,2020s,0,ALL,2020s,ALL,r|2|9,r,2,9,1551,660,891,0.425531914893617,0.401139614415794,0.4502921835405023
profile_outcome,period,2020s,0,ALL,2020s,ALL,r|3|7,r,3,7,440,148,292,0.33636363636363636,0.29380255930776233,0.38175726698107926
profile_outcome,period,2020s,0,ALL,2020s,ALL,r|3|8,r,3,8,640,246,394,0.384375,0.3474839448810405,0.42264580061393375
profile_outcome,period,2020s,0,ALL,2020s,ALL,r|3|9,r,3,9,477,200,277,0.4192872117400419,0.37582274055556797,0.4640413173631288
profile_outcome,period,2020s,0,ALL,2020s,ALL,s|1|7,s,1,7,466,95,371,0.20386266094420602,0.169775530291225,0.24279227355315636
profile_outcome,period,2020s,0,ALL,2020s,ALL,s|1|8,s,1,8,598,176,422,0.29431438127090304,0.25919376805062666,0.3320607120211917
profile_outcome,period,2020s,0,ALL,2020s,ALL,s|1|9,s,1,9,414,160,254,0.3864734299516908,0.34081602289220625,0.4342182681872301
profile_outcome,period,2020s,0,ALL,2020s,ALL,s|2|7,s,2,7,2126,541,1585,0.25446848541862654,0.2364080481585769,0.2734146216573872
profile_outcome,period,2020s,0,ALL,2020s,ALL,s|2|8,s,2,8,2686,949,1737,0.35331347728965,0.33545784105356236,0.3715880900677899
profile_outcome,period,2020s,0,ALL,2020s,ALL,s|2|9,s,2,9,2093,911,1182,0.43526039178213094,0.4141577552644899,0.45660023701957336
profile_outcome,period,2020s,0,ALL,2020s,ALL,s|3|7,s,3,7,1391,457,934,0.32854061826024444,0.30435982648333576,0.353665824400821
profile_outcome,period,2020s,0,ALL,2020s,ALL,s|3|8,s,3,8,1867,685,1182,0.36689876807712907,0.345331029428914,0.38901310878935613
profile_outcome,period,2020s,0,ALL,2020s,ALL,s|3|9,s,3,9,1110,455,655,0.4099099099099099,0.38133611308709825,0.43910511899654603
profile_outcome,period,2020s,0,ALL,2020s,ALL,v|1|7,v,1,7,0,0,0,,,
profile_outcome,period,2020s,0,ALL,2020s,ALL,v|1|8,v,1,8,0,0,0,,,
profile_outcome,period,2020s,0,ALL,2020s,ALL,v|1|9,v,1,9,0,0,0,,,
profile_outcome,period,2020s,0,ALL,2020s,ALL,v|2|7,v,2,7,1,0,1,0.0,0.0,0.7934506856227626
profile_outcome,period,2020s,0,ALL,2020s,ALL,v|2|8,v,2,8,0,0,0,,,
profile_outcome,period,2020s,0,ALL,2020s,ALL,v|2|9,v,2,9,2,0,2,0.0,0.0,0.6576197724933469
profile_outcome,period,2020s,0,ALL,2020s,ALL,v|3|7,v,3,7,0,0,0,,,
profile_outcome,period,2020s,0,ALL,2020s,ALL,v|3|8,v,3,8,1,0,1,0.0,0.0,0.7934506856227626
profile_outcome,period,2020s,0,ALL,2020s,ALL,v|3|9,v,3,9,0,0,0,,,
profile_outcome,period,2020s,0,ALL,2020s,ALL,z|1|7,z,1,7,0,0,0,,,
profile_outcome,period,2020s,0,ALL,2020s,ALL,z|1|8,z,1,8,0,0,0,,,
profile_outcome,period,2020s,0,ALL,2020s,ALL,z|1|9,z,1,9,0,0,0,,,
profile_outcome,period,2020s,0,ALL,2020s,ALL,z|2|7,z,2,7,0,0,0,,,
profile_outcome,period,2020s,0,ALL,2020s,ALL,z|2|8,z,2,8,0,0,0,,,
profile_outcome,period,2020s,0,ALL,2020s,ALL,z|2|9,z,2,9,0,0,0,,,
profile_outcome,period,2020s,0,ALL,2020s,ALL,z|3|7,z,3,7,0,0,0,,,
profile_outcome,period,2020s,0,ALL,2020s,ALL,z|3|8,z,3,8,0,0,0,,,
profile_outcome,period,2020s,0,ALL,2020s,ALL,z|3|9,z,3,9,0,0,0,,,
profile_outcome,period,2020s,0,ALL,2020s,ALL,o|1|7,o,1,7,0,0,0,,,
profile_outcome,period,2020s,0,ALL,2020s,ALL,o|1|8,o,1,8,0,0,0,,,
profile_outcome,period,2020s,0,ALL,2020s,ALL,o|1|9,o,1,9,0,0,0,,,
profile_outcome,period,2020s,0,ALL,2020s,ALL,o|2|7,o,2,7,0,0,0,,,
profile_outcome,period,2020s,0,ALL,2020s,ALL,o|2|8,o,2,8,0,0,0,,,
profile_outcome,period,2020s,0,ALL,2020s,ALL,o|2|9,o,2,9,0,0,0,,,
profile_outcome,period,2020s,0,ALL,2020s,ALL,o|3|7,o,3,7,0,0,0,,,
profile_outcome,period,2020s,0,ALL,2020s,ALL,o|3|8,o,3,8,0,0,0,,,
profile_outcome,period,2020s,0,ALL,2020s,ALL,o|3|9,o,3,9,0,0,0,,,
profile_outcome,period,2020s,0,ALL,2020s,ALL,p|1|7,p,1,7,0,0,0,,,
profile_outcome,period,2020s,0,ALL,2020s,ALL,p|1|8,p,1,8,0,0,0,,,
profile_outcome,period,2020s,0,ALL,2020s,ALL,p|1|9,p,1,9,0,0,0,,,
profile_outcome,period,2020s,0,ALL,2020s,ALL,p|2|7,p,2,7,0,0,0,,,
profile_outcome,period,2020s,0,ALL,2020s,ALL,p|2|8,p,2,8,0,0,0,,,
profile_outcome,period,2020s,0,ALL,2020s,ALL,p|2|9,p,2,9,0,0,0,,,
profile_outcome,period,2020s,0,ALL,2020s,ALL,p|3|7,p,3,7,0,0,0,,,
profile_outcome,period,2020s,0,ALL,2020s,ALL,p|3|8,p,3,8,0,0,0,,,
profile_outcome,period,2020s,0,ALL,2020s,ALL,p|3|9,p,3,9,0,0,0,,,
profile_outcome,period,2020s,0,ALL,2020s,ALL,u|1|7,u,1,7,6,4,2,0.6666666666666666,0.299993315138392,0.9032285888942195
profile_outcome,period,2020s,0,ALL,2020s,ALL,u|1|8,u,1,8,0,0,0,,,
profile_outcome,period,2020s,0,ALL,2020s,ALL,u|1|9,u,1,9,0,0,0,,,
profile_outcome,period,2020s,0,ALL,2020s,ALL,u|2|7,u,2,7,3,2,1,0.6666666666666666,0.2076596008020477,0.9385080552796037
profile_outcome,period,2020s,0,ALL,2020s,ALL,u|2|8,u,2,8,0,0,0,,,
profile_outcome,period,2020s,0,ALL,2020s,ALL,u|2|9,u,2,9,0,0,0,,,
profile_outcome,period,2020s,0,ALL,2020s,ALL,u|3|7,u,3,7,2,0,2,0.0,0.0,0.6576197724933469
profile_outcome,period,2020s,0,ALL,2020s,ALL,u|3|8,u,3,8,0,0,0,,,
profile_outcome,period,2020s,0,ALL,2020s,ALL,u|3|9,u,3,9,0,0,0,,,
profile_outcome,period,2020s,0,ALL,2020s,ALL,y|1|7,y,1,7,23,10,13,0.43478260869565216,0.25634635325674215,0.6318862491498354
profile_outcome,period,2020s,0,ALL,2020s,ALL,y|1|8,y,1,8,0,0,0,,,
profile_outcome,period,2020s,0,ALL,2020s,ALL,y|1|9,y,1,9,0,0,0,,,
profile_outcome,period,2020s,0,ALL,2020s,ALL,y|2|7,y,2,7,12,5,7,0.4166666666666667,0.19326031365875665,0.6804886874504503
profile_outcome,period,2020s,0,ALL,2020s,ALL,y|2|8,y,2,8,1,0,1,0.0,0.0,0.7934506856227626
profile_outcome,period,2020s,0,ALL,2020s,ALL,y|2|9,y,2,9,0,0,0,,,
profile_outcome,period,2020s,0,ALL,2020s,ALL,y|3|7,y,3,7,17,8,9,0.47058823529411764,0.26165106442409436,0.6903676493999558
profile_outcome,period,2020s,0,ALL,2020s,ALL,y|3|8,y,3,8,0,0,0,,,
profile_outcome,period,2020s,0,ALL,2020s,ALL,y|3|9,y,3,9,0,0,0,,,
profile_outcome,period,2020s,0,ALL,2020s,ALL,l|1|7,l,1,7,36,5,31,0.1388888888888889,0.06081815009132838,0.286595303893562
profile_outcome,period,2020s,0,ALL,2020s,ALL,l|1|8,l,1,8,24,10,14,0.4166666666666667,0.24467602609811764,0.6116533413477124
profile_outcome,period,2020s,0,ALL,2020s,ALL,l|1|9,l,1,9,20,4,16,0.2,0.08065766257979806,0.41601743225189364
profile_outcome,period,2020s,0,ALL,2020s,ALL,l|2|7,l,2,7,47,5,42,0.10638297872340426,0.04630478218108157,0.22594269343738355
profile_outcome,period,2020s,0,ALL,2020s,ALL,l|2|8,l,2,8,30,9,21,0.3,0.16664748268243793,0.47875787458714947
profile_outcome,period,2020s,0,ALL,2020s,ALL,l|2|9,l,2,9,32,13,19,0.40625,0.2551963484266544,0.5773997512461713
profile_outcome,period,2020s,0,ALL,2020s,ALL,l|3|7,l,3,7,30,3,27,0.1,0.03459988874733419,0.25621082579184085
profile_outcome,period,2020s,0,ALL,2020s,ALL,l|3|8,l,3,8,19,4,15,0.21052631578947367,0.08507676632916253,0.43334278443814167
profile_outcome,period,2020s,0,ALL,2020s,ALL,l|3|9,l,3,9,16,8,8,0.5,0.27999563610326017,0.7200043638967398
profile_outcome,period,2020s,0,ALL,2020s,ALL,m|1|7,m,1,7,65,2,63,0.03076923076923077,0.008478997236440126,0.10542705523577942
profile_outcome,period,2020s,0,ALL,2020s,ALL,m|1|8,m,1,8,31,10,21,0.3225806451612903,0.18569426566359176,0.49858990691914357
profile_outcome,period,2020s,0,ALL,2020s,ALL,m|1|9,m,1,9,51,19,32,0.37254901960784315,0.25320519466264424,0.5097478653114912
profile_outcome,period,2020s,0,ALL,2020s,ALL,m|2|7,m,2,7,89,5,84,0.056179775280898875,0.024232878420720118,0.12485416735078494
profile_outcome,period,2020s,0,ALL,2020s,ALL,m|2|8,m,2,8,59,18,41,0.3050847457627119,0.20253631980116063,0.4314632653194519
profile_outcome,period,2020s,0,ALL,2020s,ALL,m|2|9,m,2,9,73,24,49,0.3287671232876712,0.23194485864699999,0.44270993859811325
profile_outcome,period,2020s,0,ALL,2020s,ALL,m|3|7,m,3,7,66,6,60,0.09090909090909091,0.04233297507051134,0.18448729884965878
profile_outcome,period,2020s,0,ALL,2020s,ALL,m|3|8,m,3,8,48,13,35,0.2708333333333333,0.1656595762745644,0.40996964982240613
profile_outcome,period,2020s,0,ALL,2020s,ALL,m|3|9,m,3,9,51,24,27,0.47058823529411764,0.3405299020949959,0.6047669578990353
profile_outcome,period,2020s,0,ALL,2020s,ALL,h|1|7,h,1,7,0,0,0,,,
profile_outcome,period,2020s,0,ALL,2020s,ALL,h|1|8,h,1,8,0,0,0,,,
profile_outcome,period,2020s,0,ALL,2020s,ALL,h|1|9,h,1,9,0,0,0,,,
profile_outcome,period,2020s,0,ALL,2020s,ALL,h|2|7,h,2,7,0,0,0,,,
profile_outcome,period,2020s,0,ALL,2020s,ALL,h|2|8,h,2,8,0,0,0,,,
profile_outcome,period,2020s,0,ALL,2020s,ALL,h|2|9,h,2,9,0,0,0,,,
profile_outcome,period,2020s,0,ALL,2020s,ALL,h|3|7,h,3,7,0,0,0,,,
profile_outcome,period,2020s,0,ALL,2020s,ALL,h|3|8,h,3,8,0,0,0,,,
profile_outcome,period,2020s,0,ALL,2020s,ALL,h|3|9,h,3,9,0,0,0,,,
profile_outcome,period,2020s,0,ALL,2020s,ALL,i|1|7,i,1,7,0,0,0,,,
profile_outcome,period,2020s,0,ALL,2020s,ALL,i|1|8,i,1,8,0,0,0,,,
profile_outcome,period,2020s,0,ALL,2020s,ALL,i|1|9,i,1,9,0,0,0,,,
profile_outcome,period,2020s,0,ALL,2020s,ALL,i|2|7,i,2,7,0,0,0,,,
profile_outcome,period,2020s,0,ALL,2020s,ALL,i|2|8,i,2,8,0,0,0,,,
profile_outcome,period,2020s,0,ALL,2020s,ALL,i|2|9,i,2,9,0,0,0,,,
profile_outcome,period,2020s,0,ALL,2020s,ALL,i|3|7,i,3,7,0,0,0,,,
profile_outcome,period,2020s,0,ALL,2020s,ALL,i|3|8,i,3,8,0,0,0,,,
profile_outcome,period,2020s,0,ALL,2020s,ALL,i|3|9,i,3,9,0,0,0,,,
profile_outcome,period,2020s,0,ALL,2020s,ALL,j|1|7,j,1,7,0,0,0,,,
profile_outcome,period,2020s,0,ALL,2020s,ALL,j|1|8,j,1,8,0,0,0,,,
profile_outcome,period,2020s,0,ALL,2020s,ALL,j|1|9,j,1,9,0,0,0,,,
profile_outcome,period,2020s,0,ALL,2020s,ALL,j|2|7,j,2,7,0,0,0,,,
profile_outcome,period,2020s,0,ALL,2020s,ALL,j|2|8,j,2,8,0,0,0,,,
profile_outcome,period,2020s,0,ALL,2020s,ALL,j|2|9,j,2,9,0,0,0,,,
profile_outcome,period,2020s,0,ALL,2020s,ALL,j|3|7,j,3,7,0,0,0,,,
profile_outcome,period,2020s,0,ALL,2020s,ALL,j|3|8,j,3,8,0,0,0,,,
profile_outcome,period,2020s,0,ALL,2020s,ALL,j|3|9,j,3,9,0,0,0,,,
profile_outcome,period,2020s,0,ALL,2020s,ALL,k|1|7,k,1,7,0,0,0,,,
profile_outcome,period,2020s,0,ALL,2020s,ALL,k|1|8,k,1,8,0,0,0,,,
profile_outcome,period,2020s,0,ALL,2020s,ALL,k|1|9,k,1,9,0,0,0,,,
profile_outcome,period,2020s,0,ALL,2020s,ALL,k|2|7,k,2,7,0,0,0,,,
profile_outcome,period,2020s,0,ALL,2020s,ALL,k|2|8,k,2,8,0,0,0,,,
profile_outcome,period,2020s,0,ALL,2020s,ALL,k|2|9,k,2,9,0,0,0,,,
profile_outcome,period,2020s,0,ALL,2020s,ALL,k|3|7,k,3,7,0,0,0,,,
profile_outcome,period,2020s,0,ALL,2020s,ALL,k|3|8,k,3,8,0,0,0,,,
profile_outcome,period,2020s,0,ALL,2020s,ALL,k|3|9,k,3,9,0,0,0,,,
profile_outcome,period,2020s,0,ALL,2020s,ALL,t|1|7,t,1,7,0,0,0,,,
profile_outcome,period,2020s,0,ALL,2020s,ALL,t|1|8,t,1,8,0,0,0,,,
profile_outcome,period,2020s,0,ALL,2020s,ALL,t|1|9,t,1,9,0,0,0,,,
profile_outcome,period,2020s,0,ALL,2020s,ALL,t|2|7,t,2,7,0,0,0,,,
profile_outcome,period,2020s,0,ALL,2020s,ALL,t|2|8,t,2,8,0,0,0,,,
profile_outcome,period,2020s,0,ALL,2020s,ALL,t|2|9,t,2,9,0,0,0,,,
profile_outcome,period,2020s,0,ALL,2020s,ALL,t|3|7,t,3,7,0,0,0,,,
profile_outcome,period,2020s,0,ALL,2020s,ALL,t|3|8,t,3,8,0,0,0,,,
profile_outcome,period,2020s,0,ALL,2020s,ALL,t|3|9,t,3,9,0,0,0,,,
profile_outcome,validation_fold,pre_validation,0,ALL,ALL,pre_validation,f|1|7,f,1,7,9312,4449,4863,0.47777061855670105,0.4676365241616121,0.4879230458643457
profile_outcome,validation_fold,pre_validation,0,ALL,ALL,pre_validation,f|1|8,f,1,8,18346,10109,8237,0.5510192957592935,0.5438119771670638,0.5582052530199653
profile_outcome,validation_fold,pre_validation,0,ALL,ALL,pre_validation,f|1|9,f,1,9,7848,4865,2983,0.6199031600407747,0.6091076240018006,0.6305813725056081
profile_outcome,validation_fold,pre_validation,0,ALL,ALL,pre_validation,f|2|7,f,2,7,20048,8207,11841,0.40936751795690346,0.4025789470983365,0.41619081489769094
profile_outcome,validation_fold,pre_validation,0,ALL,ALL,pre_validation,f|2|8,f,2,8,42157,19369,22788,0.4594492017932965,0.45469592456468194,0.4642098685433755
profile_outcome,validation_fold,pre_validation,0,ALL,ALL,pre_validation,f|2|9,f,2,9,21248,11493,9755,0.5408979668674698,0.534190766240733,0.5475903821537573
profile_outcome,validation_fold,pre_validation,0,ALL,ALL,pre_validation,f|3|7,f,3,7,10015,4872,5143,0.48647029455816276,0.4766884650393251,0.49626249928984806
profile_outcome,validation_fold,pre_validation,0,ALL,ALL,pre_validation,f|3|8,f,3,8,20626,11151,9475,0.540628333171725,0.5338204075943431,0.5474211280396302
profile_outcome,validation_fold,pre_validation,0,ALL,ALL,pre_validation,f|3|9,f,3,9,9140,5486,3654,0.600218818380744,0.590136256571608,0.6102171734665676
profile_outcome,validation_fold,pre_validation,0,ALL,ALL,pre_validation,b|1|7,b,1,7,7526,3581,3945,0.47581716715386657,0.46454930216891716,0.48710970659100855
profile_outcome,validation_fold,pre_validation,0,ALL,ALL,pre_validation,b|1|8,b,1,8,15049,8288,6761,0.5507342680576782,0.5427750726590145,0.558667568863341
profile_outcome,validation_fold,pre_validation,0,ALL,ALL,pre_validation,b|1|9,b,1,9,7063,4287,2776,0.6069658785218746,0.5955199720040011,0.6182954940432809
profile_outcome,validation_fold,pre_validation,0,ALL,ALL,pre_validation,b|2|7,b,2,7,23519,9970,13549,0.42391258131723286,0.417609817436202,0.43024019650597295
profile_outcome,validation_fold,pre_validation,0,ALL,ALL,pre_validation,b|2|8,b,2,8,49469,22512,26957,0.45507287392104145,0.45068828289712454,0.4594644419327228
profile_outcome,validation_fold,pre_validation,0,ALL,ALL,pre_validation,b|2|9,b,2,9,24210,12584,11626,0.5197852127220157,0.5134892435201034,0.5260749041856304
profile_outcome,validation_fold,pre_validation,0,ALL,ALL,pre_validation,b|3|7,b,3,7,19948,9932,10016,0.49789452576699417,0.4909571155405546,0.5048327467549448
profile_outcome,validation_fold,pre_validation,0,ALL,ALL,pre_validation,b|3|8,b,3,8,34778,17962,16816,0.5164759330611306,0.5112223406574627,0.5217258861164642
profile_outcome,validation_fold,pre_validation,0,ALL,ALL,pre_validation,b|3|9,b,3,9,12205,6820,5385,0.5587873822204015,0.5499612546809846,0.5675765153719826
profile_outcome,validation_fold,pre_validation,0,ALL,ALL,pre_validation,r|1|7,r,1,7,967,354,613,0.36608066184074456,0.33630336513699616,0.3969177518159059
profile_outcome,validation_fold,pre_validation,0,ALL,ALL,pre_validation,r|1|8,r,1,8,1309,526,783,0.40183346065699005,0.3755989918843611,0.4286424126864091
profile_outcome,validation_fold,pre_validation,0,ALL,ALL,pre_validation,r|1|9,r,1,9,595,251,344,0.4218487394957983,0.3827928096206201,0.4619073215574282
profile_outcome,validation_fold,pre_validation,0,ALL,ALL,pre_validation,r|2|7,r,2,7,3202,947,2255,0.2957526545908807,0.280197433116204,0.31179736238401917
profile_outcome,validation_fold,pre_validation,0,ALL,ALL,pre_validation,r|2|8,r,2,8,4597,1750,2847,0.38068305416576026,0.36675199945389597,0.3948133555320183
profile_outcome,validation_fold,pre_validation,0,ALL,ALL,pre_validation,r|2|9,r,2,9,2500,1094,1406,0.4376,0.4182640149203664,0.457127456492144
profile_outcome,validation_fold,pre_validation,0,ALL,ALL,pre_validation,r|3|7,r,3,7,1031,358,673,0.3472356935014549,0.31879031450374495,0.3768152323024546
profile_outcome,validation_fold,pre_validation,0,ALL,ALL,pre_validation,r|3|8,r,3,8,1556,627,929,0.40295629820051415,0.3788530338663011,0.4275375462197515
profile_outcome,validation_fold,pre_validation,0,ALL,ALL,pre_validation,r|3|9,r,3,9,772,326,446,0.422279792746114,0.38790722303810365,0.45742200159188173
profile_outcome,validation_fold,pre_validation,0,ALL,ALL,pre_validation,s|1|7,s,1,7,2856,968,1888,0.3389355742296919,0.3218022474160391,0.3565015980078334
profile_outcome,validation_fold,pre_validation,0,ALL,ALL,pre_validation,s|1|8,s,1,8,3157,1315,1842,0.4165346848273678,0.39944962397314415,0.43382262113445363
profile_outcome,validation_fold,pre_validation,0,ALL,ALL,pre_validation,s|1|9,s,1,9,1387,603,784,0.43475126171593365,0.40887834737629636,0.4609846058365943
profile_outcome,validation_fold,pre_validation,0,ALL,ALL,pre_validation,s|2|7,s,2,7,11753,3831,7922,0.3259593295328852,0.3175431941681967,0.33448919783699743
profile_outcome,validation_fold,pre_validation,0,ALL,ALL,pre_validation,s|2|8,s,2,8,15246,5874,9372,0.3852813852813853,0.3775862226688826,0.39303434348941574
profile_outcome,validation_fold,pre_validation,0,ALL,ALL,pre_validation,s|2|9,s,2,9,7078,3114,3964,0.4399547894885561,0.4284264432810994,0.4515482772852169
profile_outcome,validation_fold,pre_validation,0,ALL,ALL,pre_validation,s|3|7,s,3,7,8449,3630,4819,0.4296366433897503,0.41911563876971775,0.4402216023470836
profile_outcome,validation_fold,pre_validation,0,ALL,ALL,pre_validation,s|3|8,s,3,8,13516,6172,7344,0.4566439775081385,0.4482598819914099,0.46505271094322426
profile_outcome,validation_fold,pre_validation,0,ALL,ALL,pre_validation,s|3|9,s,3,9,4698,2232,2466,0.47509578544061304,0.46084214995338635,0.48939011499016805
profile_outcome,validation_fold,pre_validation,0,ALL,ALL,pre_validation,v|1|7,v,1,7,0,0,0,,,
profile_outcome,validation_fold,pre_validation,0,ALL,ALL,pre_validation,v|1|8,v,1,8,1,1,0,1.0,0.20654931437723745,1.0
profile_outcome,validation_fold,pre_validation,0,ALL,ALL,pre_validation,v|1|9,v,1,9,0,0,0,,,
profile_outcome,validation_fold,pre_validation,0,ALL,ALL,pre_validation,v|2|7,v,2,7,2,1,1,0.5,0.09453120573423074,0.9054687942657693
profile_outcome,validation_fold,pre_validation,0,ALL,ALL,pre_validation,v|2|8,v,2,8,5,2,3,0.4,0.11762077423264783,0.769275718723987
profile_outcome,validation_fold,pre_validation,0,ALL,ALL,pre_validation,v|2|9,v,2,9,2,0,2,0.0,0.0,0.6576197724933469
profile_outcome,validation_fold,pre_validation,0,ALL,ALL,pre_validation,v|3|7,v,3,7,0,0,0,,,
profile_outcome,validation_fold,pre_validation,0,ALL,ALL,pre_validation,v|3|8,v,3,8,0,0,0,,,
profile_outcome,validation_fold,pre_validation,0,ALL,ALL,pre_validation,v|3|9,v,3,9,0,0,0,,,
profile_outcome,validation_fold,pre_validation,0,ALL,ALL,pre_validation,z|1|7,z,1,7,0,0,0,,,
profile_outcome,validation_fold,pre_validation,0,ALL,ALL,pre_validation,z|1|8,z,1,8,0,0,0,,,
profile_outcome,validation_fold,pre_validation,0,ALL,ALL,pre_validation,z|1|9,z,1,9,0,0,0,,,
profile_outcome,validation_fold,pre_validation,0,ALL,ALL,pre_validation,z|2|7,z,2,7,1,0,1,0.0,0.0,0.7934506856227626
profile_outcome,validation_fold,pre_validation,0,ALL,ALL,pre_validation,z|2|8,z,2,8,0,0,0,,,
profile_outcome,validation_fold,pre_validation,0,ALL,ALL,pre_validation,z|2|9,z,2,9,0,0,0,,,
profile_outcome,validation_fold,pre_validation,0,ALL,ALL,pre_validation,z|3|7,z,3,7,0,0,0,,,
profile_outcome,validation_fold,pre_validation,0,ALL,ALL,pre_validation,z|3|8,z,3,8,0,0,0,,,
profile_outcome,validation_fold,pre_validation,0,ALL,ALL,pre_validation,z|3|9,z,3,9,1,1,0,1.0,0.20654931437723745,1.0
profile_outcome,validation_fold,pre_validation,0,ALL,ALL,pre_validation,o|1|7,o,1,7,0,0,0,,,
profile_outcome,validation_fold,pre_validation,0,ALL,ALL,pre_validation,o|1|8,o,1,8,1,0,1,0.0,0.0,0.7934506856227626
profile_outcome,validation_fold,pre_validation,0,ALL,ALL,pre_validation,o|1|9,o,1,9,0,0,0,,,
profile_outcome,validation_fold,pre_validation,0,ALL,ALL,pre_validation,o|2|7,o,2,7,1,0,1,0.0,0.0,0.7934506856227626
profile_outcome,validation_fold,pre_validation,0,ALL,ALL,pre_validation,o|2|8,o,2,8,1,1,0,1.0,0.20654931437723745,1.0
profile_outcome,validation_fold,pre_validation,0,ALL,ALL,pre_validation,o|2|9,o,2,9,0,0,0,,,
profile_outcome,validation_fold,pre_validation,0,ALL,ALL,pre_validation,o|3|7,o,3,7,0,0,0,,,
profile_outcome,validation_fold,pre_validation,0,ALL,ALL,pre_validation,o|3|8,o,3,8,0,0,0,,,
profile_outcome,validation_fold,pre_validation,0,ALL,ALL,pre_validation,o|3|9,o,3,9,1,1,0,1.0,0.20654931437723745,1.0
profile_outcome,validation_fold,pre_validation,0,ALL,ALL,pre_validation,p|1|7,p,1,7,0,0,0,,,
profile_outcome,validation_fold,pre_validation,0,ALL,ALL,pre_validation,p|1|8,p,1,8,0,0,0,,,
profile_outcome,validation_fold,pre_validation,0,ALL,ALL,pre_validation,p|1|9,p,1,9,0,0,0,,,
profile_outcome,validation_fold,pre_validation,0,ALL,ALL,pre_validation,p|2|7,p,2,7,0,0,0,,,
profile_outcome,validation_fold,pre_validation,0,ALL,ALL,pre_validation,p|2|8,p,2,8,0,0,0,,,
profile_outcome,validation_fold,pre_validation,0,ALL,ALL,pre_validation,p|2|9,p,2,9,0,0,0,,,
profile_outcome,validation_fold,pre_validation,0,ALL,ALL,pre_validation,p|3|7,p,3,7,0,0,0,,,
profile_outcome,validation_fold,pre_validation,0,ALL,ALL,pre_validation,p|3|8,p,3,8,0,0,0,,,
profile_outcome,validation_fold,pre_validation,0,ALL,ALL,pre_validation,p|3|9,p,3,9,0,0,0,,,
profile_outcome,validation_fold,pre_validation,0,ALL,ALL,pre_validation,u|1|7,u,1,7,29,15,14,0.5172413793103449,0.34431021881994717,0.6861390984731652
profile_outcome,validation_fold,pre_validation,0,ALL,ALL,pre_validation,u|1|8,u,1,8,0,0,0,,,
profile_outcome,validation_fold,pre_validation,0,ALL,ALL,pre_validation,u|1|9,u,1,9,0,0,0,,,
profile_outcome,validation_fold,pre_validation,0,ALL,ALL,pre_validation,u|2|7,u,2,7,14,8,6,0.5714285714285714,0.3259064457965074,0.7861920109552588
profile_outcome,validation_fold,pre_validation,0,ALL,ALL,pre_validation,u|2|8,u,2,8,0,0,0,,,
profile_outcome,validation_fold,pre_validation,0,ALL,ALL,pre_validation,u|2|9,u,2,9,1,0,1,0.0,0.0,0.7934506856227626
profile_outcome,validation_fold,pre_validation,0,ALL,ALL,pre_validation,u|3|7,u,3,7,11,5,6,0.45454545454545453,0.21271271622459764,0.719908462590678
profile_outcome,validation_fold,pre_validation,0,ALL,ALL,pre_validation,u|3|8,u,3,8,0,0,0,,,
profile_outcome,validation_fold,pre_validation,0,ALL,ALL,pre_validation,u|3|9,u,3,9,0,0,0,,,
profile_outcome,validation_fold,pre_validation,0,ALL,ALL,pre_validation,y|1|7,y,1,7,102,54,48,0.5294117647058824,0.43324770610972513,0.623440854940483
profile_outcome,validation_fold,pre_validation,0,ALL,ALL,pre_validation,y|1|8,y,1,8,0,0,0,,,
profile_outcome,validation_fold,pre_validation,0,ALL,ALL,pre_validation,y|1|9,y,1,9,0,0,0,,,
profile_outcome,validation_fold,pre_validation,0,ALL,ALL,pre_validation,y|2|7,y,2,7,73,32,41,0.4383561643835616,0.3304534902599767,0.552422236748264
profile_outcome,validation_fold,pre_validation,0,ALL,ALL,pre_validation,y|2|8,y,2,8,1,0,1,0.0,0.0,0.7934506856227626
profile_outcome,validation_fold,pre_validation,0,ALL,ALL,pre_validation,y|2|9,y,2,9,0,0,0,,,
profile_outcome,validation_fold,pre_validation,0,ALL,ALL,pre_validation,y|3|7,y,3,7,87,41,46,0.47126436781609193,0.36982264609147514,0.5751364060317501
profile_outcome,validation_fold,pre_validation,0,ALL,ALL,pre_validation,y|3|8,y,3,8,0,0,0,,,
profile_outcome,validation_fold,pre_validation,0,ALL,ALL,pre_validation,y|3|9,y,3,9,0,0,0,,,
profile_outcome,validation_fold,pre_validation,0,ALL,ALL,pre_validation,l|1|7,l,1,7,26,0,26,0.0,0.0,0.1287289218592153
profile_outcome,validation_fold,pre_validation,0,ALL,ALL,pre_validation,l|1|8,l,1,8,24,9,15,0.375,0.21159367559548778,0.5729003755732572
profile_outcome,validation_fold,pre_validation,0,ALL,ALL,pre_validation,l|1|9,l,1,9,21,18,3,0.8571428571428571,0.6536393971937906,0.9501898750027473
profile_outcome,validation_fold,pre_validation,0,ALL,ALL,pre_validation,l|2|7,l,2,7,53,4,49,0.07547169811320754,0.0297395550869467,0.17858477483653223
profile_outcome,validation_fold,pre_validation,0,ALL,ALL,pre_validation,l|2|8,l,2,8,47,11,36,0.23404255319148937,0.13603274586227188,0.37224257550155593
profile_outcome,validation_fold,pre_validation,0,ALL,ALL,pre_validation,l|2|9,l,2,9,40,17,23,0.425,0.28509392559950375,0.5780493145800892
profile_outcome,validation_fold,pre_validation,0,ALL,ALL,pre_validation,l|3|7,l,3,7,22,3,19,0.13636363636363635,0.04749003714055253,0.33334987166571717
profile_outcome,validation_fold,pre_validation,0,ALL,ALL,pre_validation,l|3|8,l,3,8,11,4,7,0.36363636363636365,0.15166471095367573,0.6461988254921511
profile_outcome,validation_fold,pre_validation,0,ALL,ALL,pre_validation,l|3|9,l,3,9,15,6,9,0.4,0.1982449614134158,0.6425316987937539
profile_outcome,validation_fold,pre_validation,0,ALL,ALL,pre_validation,m|1|7,m,1,7,84,7,77,0.08333333333333333,0.04095255062240715,0.16215722305647606
profile_outcome,validation_fold,pre_validation,0,ALL,ALL,pre_validation,m|1|8,m,1,8,57,11,46,0.19298245614035087,0.11132746980050533,0.3134069024776395
profile_outcome,validation_fold,pre_validation,0,ALL,ALL,pre_validation,m|1|9,m,1,9,42,19,23,0.4523809523809524,0.31223393233454466,0.6005088096526652
profile_outcome,validation_fold,pre_validation,0,ALL,ALL,pre_validation,m|2|7,m,2,7,146,9,137,0.06164383561643835,0.032766722238975005,0.11299706698594458
profile_outcome,validation_fold,pre_validation,0,ALL,ALL,pre_validation,m|2|8,m,2,8,158,32,126,0.20253164556962025,0.1472745545748863,0.27191011735677495
profile_outcome,validation_fold,pre_validation,0,ALL,ALL,pre_validation,m|2|9,m,2,9,82,43,39,0.524390243902439,0.4176473297995616,0.6289502007521409
profile_outcome,validation_fold,pre_validation,0,ALL,ALL,pre_validation,m|3|7,m,3,7,73,10,63,0.136986301369863,0.0761438960939413,0.23412427406569902
profile_outcome,validation_fold,pre_validation,0,ALL,ALL,pre_validation,m|3|8,m,3,8,65,23,42,0.35384615384615387,0.24875458464285766,0.47524893989766986
profile_outcome,validation_fold,pre_validation,0,ALL,ALL,pre_validation,m|3|9,m,3,9,45,29,16,0.6444444444444445,0.4983581419637687,0.7678091739578413
profile_outcome,validation_fold,pre_validation,0,ALL,ALL,pre_validation,h|1|7,h,1,7,0,0,0,,,
profile_outcome,validation_fold,pre_validation,0,ALL,ALL,pre_validation,h|1|8,h,1,8,0,0,0,,,
profile_outcome,validation_fold,pre_validation,0,ALL,ALL,pre_validation,h|1|9,h,1,9,0,0,0,,,
profile_outcome,validation_fold,pre_validation,0,ALL,ALL,pre_validation,h|2|7,h,2,7,0,0,0,,,
profile_outcome,validation_fold,pre_validation,0,ALL,ALL,pre_validation,h|2|8,h,2,8,0,0,0,,,
profile_outcome,validation_fold,pre_validation,0,ALL,ALL,pre_validation,h|2|9,h,2,9,1,1,0,1.0,0.20654931437723745,1.0
profile_outcome,validation_fold,pre_validation,0,ALL,ALL,pre_validation,h|3|7,h,3,7,0,0,0,,,
profile_outcome,validation_fold,pre_validation,0,ALL,ALL,pre_validation,h|3|8,h,3,8,0,0,0,,,
profile_outcome,validation_fold,pre_validation,0,ALL,ALL,pre_validation,h|3|9,h,3,9,0,0,0,,,
profile_outcome,validation_fold,pre_validation,0,ALL,ALL,pre_validation,i|1|7,i,1,7,0,0,0,,,
profile_outcome,validation_fold,pre_validation,0,ALL,ALL,pre_validation,i|1|8,i,1,8,0,0,0,,,
profile_outcome,validation_fold,pre_validation,0,ALL,ALL,pre_validation,i|1|9,i,1,9,0,0,0,,,
profile_outcome,validation_fold,pre_validation,0,ALL,ALL,pre_validation,i|2|7,i,2,7,0,0,0,,,
profile_outcome,validation_fold,pre_validation,0,ALL,ALL,pre_validation,i|2|8,i,2,8,0,0,0,,,
profile_outcome,validation_fold,pre_validation,0,ALL,ALL,pre_validation,i|2|9,i,2,9,0,0,0,,,
profile_outcome,validation_fold,pre_validation,0,ALL,ALL,pre_validation,i|3|7,i,3,7,0,0,0,,,
profile_outcome,validation_fold,pre_validation,0,ALL,ALL,pre_validation,i|3|8,i,3,8,0,0,0,,,
profile_outcome,validation_fold,pre_validation,0,ALL,ALL,pre_validation,i|3|9,i,3,9,0,0,0,,,
profile_outcome,validation_fold,pre_validation,0,ALL,ALL,pre_validation,j|1|7,j,1,7,0,0,0,,,
profile_outcome,validation_fold,pre_validation,0,ALL,ALL,pre_validation,j|1|8,j,1,8,0,0,0,,,
profile_outcome,validation_fold,pre_validation,0,ALL,ALL,pre_validation,j|1|9,j,1,9,0,0,0,,,
profile_outcome,validation_fold,pre_validation,0,ALL,ALL,pre_validation,j|2|7,j,2,7,0,0,0,,,
profile_outcome,validation_fold,pre_validation,0,ALL,ALL,pre_validation,j|2|8,j,2,8,0,0,0,,,
profile_outcome,validation_fold,pre_validation,0,ALL,ALL,pre_validation,j|2|9,j,2,9,0,0,0,,,
profile_outcome,validation_fold,pre_validation,0,ALL,ALL,pre_validation,j|3|7,j,3,7,0,0,0,,,
profile_outcome,validation_fold,pre_validation,0,ALL,ALL,pre_validation,j|3|8,j,3,8,0,0,0,,,
profile_outcome,validation_fold,pre_validation,0,ALL,ALL,pre_validation,j|3|9,j,3,9,0,0,0,,,
profile_outcome,validation_fold,pre_validation,0,ALL,ALL,pre_validation,k|1|7,k,1,7,0,0,0,,,
profile_outcome,validation_fold,pre_validation,0,ALL,ALL,pre_validation,k|1|8,k,1,8,0,0,0,,,
profile_outcome,validation_fold,pre_validation,0,ALL,ALL,pre_validation,k|1|9,k,1,9,0,0,0,,,
profile_outcome,validation_fold,pre_validation,0,ALL,ALL,pre_validation,k|2|7,k,2,7,0,0,0,,,
profile_outcome,validation_fold,pre_validation,0,ALL,ALL,pre_validation,k|2|8,k,2,8,0,0,0,,,
profile_outcome,validation_fold,pre_validation,0,ALL,ALL,pre_validation,k|2|9,k,2,9,0,0,0,,,
profile_outcome,validation_fold,pre_validation,0,ALL,ALL,pre_validation,k|3|7,k,3,7,0,0,0,,,
profile_outcome,validation_fold,pre_validation,0,ALL,ALL,pre_validation,k|3|8,k,3,8,0,0,0,,,
profile_outcome,validation_fold,pre_validation,0,ALL,ALL,pre_validation,k|3|9,k,3,9,0,0,0,,,
profile_outcome,validation_fold,pre_validation,0,ALL,ALL,pre_validation,t|1|7,t,1,7,0,0,0,,,
profile_outcome,validation_fold,pre_validation,0,ALL,ALL,pre_validation,t|1|8,t,1,8,2,0,2,0.0,0.0,0.6576197724933469
profile_outcome,validation_fold,pre_validation,0,ALL,ALL,pre_validation,t|1|9,t,1,9,0,0,0,,,
profile_outcome,validation_fold,pre_validation,0,ALL,ALL,pre_validation,t|2|7,t,2,7,1,0,1,0.0,0.0,0.7934506856227626
profile_outcome,validation_fold,pre_validation,0,ALL,ALL,pre_validation,t|2|8,t,2,8,2,1,1,0.5,0.09453120573423074,0.9054687942657693
profile_outcome,validation_fold,pre_validation,0,ALL,ALL,pre_validation,t|2|9,t,2,9,1,0,1,0.0,0.0,0.7934506856227626
profile_outcome,validation_fold,pre_validation,0,ALL,ALL,pre_validation,t|3|7,t,3,7,1,0,1,0.0,0.0,0.7934506856227626
profile_outcome,validation_fold,pre_validation,0,ALL,ALL,pre_validation,t|3|8,t,3,8,0,0,0,,,
profile_outcome,validation_fold,pre_validation,0,ALL,ALL,pre_validation,t|3|9,t,3,9,0,0,0,,,
profile_outcome,validation_fold,2020,0,ALL,ALL,2020,f|1|7,f,1,7,412,200,212,0.4854368932038835,0.43753489580128463,0.5336079526438143
profile_outcome,validation_fold,2020,0,ALL,ALL,2020,f|1|8,f,1,8,782,398,384,0.5089514066496164,0.47395489856802897,0.5438603997251023
profile_outcome,validation_fold,2020,0,ALL,ALL,2020,f|1|9,f,1,9,425,230,195,0.5411764705882353,0.49364420229243694,0.5879710410104126
profile_outcome,validation_fold,2020,0,ALL,ALL,2020,f|2|7,f,2,7,765,304,461,0.39738562091503266,0.36330413213083945,0.4324925198332491
profile_outcome,validation_fold,2020,0,ALL,ALL,2020,f|2|8,f,2,8,1766,830,936,0.46998867497168745,0.4468013560133654,0.4933062737001846
profile_outcome,validation_fold,2020,0,ALL,ALL,2020,f|2|9,f,2,9,1406,777,629,0.5526315789473685,0.5265332274975749,0.5784431151075002
profile_outcome,validation_fold,2020,0,ALL,ALL,2020,f|3|7,f,3,7,286,123,163,0.43006993006993005,0.37399272728032623,0.48800079095977694
profile_outcome,validation_fold,2020,0,ALL,ALL,2020,f|3|8,f,3,8,541,266,275,0.49168207024029575,0.44976256214968163,0.5337188711107745
profile_outcome,validation_fold,2020,0,ALL,ALL,2020,f|3|9,f,3,9,395,238,157,0.6025316455696202,0.5535065474177996,0.64958166773291
profile_outcome,validation_fold,2020,0,ALL,ALL,2020,b|1|7,b,1,7,255,127,128,0.4980392156862745,0.43715701317637917,0.558979618086031
profile_outcome,validation_fold,2020,0,ALL,ALL,2020,b|1|8,b,1,8,512,256,256,0.5,0.45685206921855137,0.5431479307814486
profile_outcome,validation_fold,2020,0,ALL,ALL,2020,b|1|9,b,1,9,342,187,155,0.5467836257309941,0.4937963475087829,0.5987315989934056
profile_outcome,validation_fold,2020,0,ALL,ALL,2020,b|2|7,b,2,7,952,379,573,0.39810924369747897,0.36748365076168926,0.429553820034613
profile_outcome,validation_fold,2020,0,ALL,ALL,2020,b|2|8,b,2,8,2174,987,1187,0.4540018399264029,0.4331725615936731,0.47499338905899724
profile_outcome,validation_fold,2020,0,ALL,ALL,2020,b|2|9,b,2,9,1623,852,771,0.5249537892791127,0.500628473186478,0.5491612586652769
profile_outcome,validation_fold,2020,0,ALL,ALL,2020,b|3|7,b,3,7,977,460,517,0.47082906857727735,0.4397054608005614,0.5021811718581627
profile_outcome,validation_fold,2020,0,ALL,ALL,2020,b|3|8,b,3,8,1428,710,718,0.49719887955182074,0.47130853742872564,0.5231042518150018
profile_outcome,validation_fold,2020,0,ALL,ALL,2020,b|3|9,b,3,9,683,372,311,0.5446559297218155,0.5071618077613138,0.5816505363635398
profile_outcome,validation_fold,2020,0,ALL,ALL,2020,r|1|7,r,1,7,68,21,47,0.3088235294117647,0.21172386467551985,0.42636811693509546
profile_outcome,validation_fold,2020,0,ALL,ALL,2020,r|1|8,r,1,8,81,30,51,0.37037037037037035,0.27331684253954924,0.47916266109107675
profile_outcome,validation_fold,2020,0,ALL,ALL,2020,r|1|9,r,1,9,42,15,27,0.35714285714285715,0.22989188315618772,0.5083363428054419
profile_outcome,validation_fold,2020,0,ALL,ALL,2020,r|2|7,r,2,7,219,77,142,0.3515981735159817,0.2914146241196571,0.41689818111870197
profile_outcome,validation_fold,2020,0,ALL,ALL,2020,r|2|8,r,2,8,311,124,187,0.3987138263665595,0.345850955840162,0.454048332404849
profile_outcome,validation_fold,2020,0,ALL,ALL,2020,r|2|9,r,2,9,238,104,134,0.4369747899159664,0.37545423418685886,0.5004975561046371
profile_outcome,validation_fold,2020,0,ALL,ALL,2020,r|3|7,r,3,7,54,15,39,0.2777777777777778,0.1761682765302237,0.40890442928795256
profile_outcome,validation_fold,2020,0,ALL,ALL,2020,r|3|8,r,3,8,71,32,39,0.4507042253521127,0.34047961174824115,0.5659893412852551
profile_outcome,validation_fold,2020,0,ALL,ALL,2020,r|3|9,r,3,9,64,21,43,0.328125,0.22570557904469185,0.45000894150908505
profile_outcome,validation_fold,2020,0,ALL,ALL,2020,s|1|7,s,1,7,47,11,36,0.23404255319148937,0.13603274586227188,0.37224257550155593
profile_outcome,validation_fold,2020,0,ALL,ALL,2020,s|1|8,s,1,8,60,16,44,0.26666666666666666,0.17132640003280553,0.39008713096683645
profile_outcome,validation_fold,2020,0,ALL,ALL,2020,s|1|9,s,1,9,60,24,36,0.4,0.2856949053488255,0.5263394650795924
profile_outcome,validation_fold,2020,0,ALL,ALL,2020,s|2|7,s,2,7,291,76,215,0.2611683848797251,0.21404334215746137,0.3145168523417392
profile_outcome,validation_fold,2020,0,ALL,ALL,2020,s|2|8,s,2,8,345,119,226,0.34492753623188405,0.296724118741062,0.39654628449103074
profile_outcome,validation_fold,2020,0,ALL,ALL,2020,s|2|9,s,2,9,280,129,151,0.4607142857142857,0.40325588874940466,0.5192360541422163
profile_outcome,validation_fold,2020,0,ALL,ALL,2020,s|3|7,s,3,7,168,69,99,0.4107142857142857,0.3391273539140302,0.4862931225770177
profile_outcome,validation_fold,2020,0,ALL,ALL,2020,s|3|8,s,3,8,252,94,158,0.373015873015873,0.3156328408320505,0.4342122378545347
profile_outcome,validation_fold,2020,0,ALL,ALL,2020,s|3|9,s,3,9,136,59,77,0.4338235294117647,0.3534798001050564,0.5178030072126235
profile_outcome,validation_fold,2020,0,ALL,ALL,2020,v|1|7,v,1,7,0,0,0,,,
profile_outcome,validation_fold,2020,0,ALL,ALL,2020,v|1|8,v,1,8,0,0,0,,,
profile_outcome,validation_fold,2020,0,ALL,ALL,2020,v|1|9,v,1,9,0,0,0,,,
profile_outcome,validation_fold,2020,0,ALL,ALL,2020,v|2|7,v,2,7,0,0,0,,,
profile_outcome,validation_fold,2020,0,ALL,ALL,2020,v|2|8,v,2,8,0,0,0,,,
profile_outcome,validation_fold,2020,0,ALL,ALL,2020,v|2|9,v,2,9,0,0,0,,,
profile_outcome,validation_fold,2020,0,ALL,ALL,2020,v|3|7,v,3,7,0,0,0,,,
profile_outcome,validation_fold,2020,0,ALL,ALL,2020,v|3|8,v,3,8,0,0,0,,,
profile_outcome,validation_fold,2020,0,ALL,ALL,2020,v|3|9,v,3,9,0,0,0,,,
profile_outcome,validation_fold,2020,0,ALL,ALL,2020,z|1|7,z,1,7,0,0,0,,,
profile_outcome,validation_fold,2020,0,ALL,ALL,2020,z|1|8,z,1,8,0,0,0,,,
profile_outcome,validation_fold,2020,0,ALL,ALL,2020,z|1|9,z,1,9,0,0,0,,,
profile_outcome,validation_fold,2020,0,ALL,ALL,2020,z|2|7,z,2,7,0,0,0,,,
profile_outcome,validation_fold,2020,0,ALL,ALL,2020,z|2|8,z,2,8,0,0,0,,,
profile_outcome,validation_fold,2020,0,ALL,ALL,2020,z|2|9,z,2,9,0,0,0,,,
profile_outcome,validation_fold,2020,0,ALL,ALL,2020,z|3|7,z,3,7,0,0,0,,,
profile_outcome,validation_fold,2020,0,ALL,ALL,2020,z|3|8,z,3,8,0,0,0,,,
profile_outcome,validation_fold,2020,0,ALL,ALL,2020,z|3|9,z,3,9,0,0,0,,,
profile_outcome,validation_fold,2020,0,ALL,ALL,2020,o|1|7,o,1,7,0,0,0,,,
profile_outcome,validation_fold,2020,0,ALL,ALL,2020,o|1|8,o,1,8,0,0,0,,,
profile_outcome,validation_fold,2020,0,ALL,ALL,2020,o|1|9,o,1,9,0,0,0,,,
profile_outcome,validation_fold,2020,0,ALL,ALL,2020,o|2|7,o,2,7,0,0,0,,,
profile_outcome,validation_fold,2020,0,ALL,ALL,2020,o|2|8,o,2,8,0,0,0,,,
profile_outcome,validation_fold,2020,0,ALL,ALL,2020,o|2|9,o,2,9,0,0,0,,,
profile_outcome,validation_fold,2020,0,ALL,ALL,2020,o|3|7,o,3,7,0,0,0,,,
profile_outcome,validation_fold,2020,0,ALL,ALL,2020,o|3|8,o,3,8,0,0,0,,,
profile_outcome,validation_fold,2020,0,ALL,ALL,2020,o|3|9,o,3,9,0,0,0,,,
profile_outcome,validation_fold,2020,0,ALL,ALL,2020,p|1|7,p,1,7,0,0,0,,,
profile_outcome,validation_fold,2020,0,ALL,ALL,2020,p|1|8,p,1,8,0,0,0,,,
profile_outcome,validation_fold,2020,0,ALL,ALL,2020,p|1|9,p,1,9,0,0,0,,,
profile_outcome,validation_fold,2020,0,ALL,ALL,2020,p|2|7,p,2,7,0,0,0,,,
profile_outcome,validation_fold,2020,0,ALL,ALL,2020,p|2|8,p,2,8,0,0,0,,,
profile_outcome,validation_fold,2020,0,ALL,ALL,2020,p|2|9,p,2,9,0,0,0,,,
profile_outcome,validation_fold,2020,0,ALL,ALL,2020,p|3|7,p,3,7,0,0,0,,,
profile_outcome,validation_fold,2020,0,ALL,ALL,2020,p|3|8,p,3,8,0,0,0,,,
profile_outcome,validation_fold,2020,0,ALL,ALL,2020,p|3|9,p,3,9,0,0,0,,,
profile_outcome,validation_fold,2020,0,ALL,ALL,2020,u|1|7,u,1,7,0,0,0,,,
profile_outcome,validation_fold,2020,0,ALL,ALL,2020,u|1|8,u,1,8,0,0,0,,,
profile_outcome,validation_fold,2020,0,ALL,ALL,2020,u|1|9,u,1,9,0,0,0,,,
profile_outcome,validation_fold,2020,0,ALL,ALL,2020,u|2|7,u,2,7,0,0,0,,,
profile_outcome,validation_fold,2020,0,ALL,ALL,2020,u|2|8,u,2,8,0,0,0,,,
profile_outcome,validation_fold,2020,0,ALL,ALL,2020,u|2|9,u,2,9,0,0,0,,,
profile_outcome,validation_fold,2020,0,ALL,ALL,2020,u|3|7,u,3,7,0,0,0,,,
profile_outcome,validation_fold,2020,0,ALL,ALL,2020,u|3|8,u,3,8,0,0,0,,,
profile_outcome,validation_fold,2020,0,ALL,ALL,2020,u|3|9,u,3,9,0,0,0,,,
profile_outcome,validation_fold,2020,0,ALL,ALL,2020,y|1|7,y,1,7,3,1,2,0.3333333333333333,0.06149194472039621,0.7923403991979522
profile_outcome,validation_fold,2020,0,ALL,ALL,2020,y|1|8,y,1,8,0,0,0,,,
profile_outcome,validation_fold,2020,0,ALL,ALL,2020,y|1|9,y,1,9,0,0,0,,,
profile_outcome,validation_fold,2020,0,ALL,ALL,2020,y|2|7,y,2,7,3,1,2,0.3333333333333333,0.06149194472039621,0.7923403991979522
profile_outcome,validation_fold,2020,0,ALL,ALL,2020,y|2|8,y,2,8,1,0,1,0.0,0.0,0.7934506856227626
profile_outcome,validation_fold,2020,0,ALL,ALL,2020,y|2|9,y,2,9,0,0,0,,,
profile_outcome,validation_fold,2020,0,ALL,ALL,2020,y|3|7,y,3,7,3,2,1,0.6666666666666666,0.2076596008020477,0.9385080552796037
profile_outcome,validation_fold,2020,0,ALL,ALL,2020,y|3|8,y,3,8,0,0,0,,,
profile_outcome,validation_fold,2020,0,ALL,ALL,2020,y|3|9,y,3,9,0,0,0,,,
profile_outcome,validation_fold,2020,0,ALL,ALL,2020,l|1|7,l,1,7,3,0,3,0.0,0.0,0.5614970317550454
profile_outcome,validation_fold,2020,0,ALL,ALL,2020,l|1|8,l,1,8,0,0,0,,,
profile_outcome,validation_fold,2020,0,ALL,ALL,2020,l|1|9,l,1,9,2,0,2,0.0,0.0,0.6576197724933469
profile_outcome,validation_fold,2020,0,ALL,ALL,2020,l|2|7,l,2,7,0,0,0,,,
profile_outcome,validation_fold,2020,0,ALL,ALL,2020,l|2|8,l,2,8,1,1,0,1.0,0.20654931437723745,1.0
profile_outcome,validation_fold,2020,0,ALL,ALL,2020,l|2|9,l,2,9,4,2,2,0.5,0.15003898915214947,0.8499610108478506
profile_outcome,validation_fold,2020,0,ALL,ALL,2020,l|3|7,l,3,7,0,0,0,,,
profile_outcome,validation_fold,2020,0,ALL,ALL,2020,l|3|8,l,3,8,1,0,1,0.0,0.0,0.7934506856227626
profile_outcome,validation_fold,2020,0,ALL,ALL,2020,l|3|9,l,3,9,0,0,0,,,
profile_outcome,validation_fold,2020,0,ALL,ALL,2020,m|1|7,m,1,7,3,0,3,0.0,0.0,0.5614970317550454
profile_outcome,validation_fold,2020,0,ALL,ALL,2020,m|1|8,m,1,8,3,1,2,0.3333333333333333,0.06149194472039621,0.7923403991979522
profile_outcome,validation_fold,2020,0,ALL,ALL,2020,m|1|9,m,1,9,2,0,2,0.0,0.0,0.6576197724933469
profile_outcome,validation_fold,2020,0,ALL,ALL,2020,m|2|7,m,2,7,10,0,10,0.0,0.0,0.2775327998628892
profile_outcome,validation_fold,2020,0,ALL,ALL,2020,m|2|8,m,2,8,8,1,7,0.125,0.02241749145005667,0.4708881822128535
profile_outcome,validation_fold,2020,0,ALL,ALL,2020,m|2|9,m,2,9,4,2,2,0.5,0.15003898915214947,0.8499610108478506
profile_outcome,validation_fold,2020,0,ALL,ALL,2020,m|3|7,m,3,7,9,2,7,0.2222222222222222,0.06322510711784671,0.5474110308930111
profile_outcome,validation_fold,2020,0,ALL,ALL,2020,m|3|8,m,3,8,3,0,3,0.0,0.0,0.5614970317550454
profile_outcome,validation_fold,2020,0,ALL,ALL,2020,m|3|9,m,3,9,3,3,0,1.0,0.4385029682449546,1.0
profile_outcome,validation_fold,2020,0,ALL,ALL,2020,h|1|7,h,1,7,0,0,0,,,
profile_outcome,validation_fold,2020,0,ALL,ALL,2020,h|1|8,h,1,8,0,0,0,,,
profile_outcome,validation_fold,2020,0,ALL,ALL,2020,h|1|9,h,1,9,0,0,0,,,
profile_outcome,validation_fold,2020,0,ALL,ALL,2020,h|2|7,h,2,7,0,0,0,,,
profile_outcome,validation_fold,2020,0,ALL,ALL,2020,h|2|8,h,2,8,0,0,0,,,
profile_outcome,validation_fold,2020,0,ALL,ALL,2020,h|2|9,h,2,9,0,0,0,,,
profile_outcome,validation_fold,2020,0,ALL,ALL,2020,h|3|7,h,3,7,0,0,0,,,
profile_outcome,validation_fold,2020,0,ALL,ALL,2020,h|3|8,h,3,8,0,0,0,,,
profile_outcome,validation_fold,2020,0,ALL,ALL,2020,h|3|9,h,3,9,0,0,0,,,
profile_outcome,validation_fold,2020,0,ALL,ALL,2020,i|1|7,i,1,7,0,0,0,,,
profile_outcome,validation_fold,2020,0,ALL,ALL,2020,i|1|8,i,1,8,0,0,0,,,
profile_outcome,validation_fold,2020,0,ALL,ALL,2020,i|1|9,i,1,9,0,0,0,,,
profile_outcome,validation_fold,2020,0,ALL,ALL,2020,i|2|7,i,2,7,0,0,0,,,
profile_outcome,validation_fold,2020,0,ALL,ALL,2020,i|2|8,i,2,8,0,0,0,,,
profile_outcome,validation_fold,2020,0,ALL,ALL,2020,i|2|9,i,2,9,0,0,0,,,
profile_outcome,validation_fold,2020,0,ALL,ALL,2020,i|3|7,i,3,7,0,0,0,,,
profile_outcome,validation_fold,2020,0,ALL,ALL,2020,i|3|8,i,3,8,0,0,0,,,
profile_outcome,validation_fold,2020,0,ALL,ALL,2020,i|3|9,i,3,9,0,0,0,,,
profile_outcome,validation_fold,2020,0,ALL,ALL,2020,j|1|7,j,1,7,0,0,0,,,
profile_outcome,validation_fold,2020,0,ALL,ALL,2020,j|1|8,j,1,8,0,0,0,,,
profile_outcome,validation_fold,2020,0,ALL,ALL,2020,j|1|9,j,1,9,0,0,0,,,
profile_outcome,validation_fold,2020,0,ALL,ALL,2020,j|2|7,j,2,7,0,0,0,,,
profile_outcome,validation_fold,2020,0,ALL,ALL,2020,j|2|8,j,2,8,0,0,0,,,
profile_outcome,validation_fold,2020,0,ALL,ALL,2020,j|2|9,j,2,9,0,0,0,,,
profile_outcome,validation_fold,2020,0,ALL,ALL,2020,j|3|7,j,3,7,0,0,0,,,
profile_outcome,validation_fold,2020,0,ALL,ALL,2020,j|3|8,j,3,8,0,0,0,,,
profile_outcome,validation_fold,2020,0,ALL,ALL,2020,j|3|9,j,3,9,0,0,0,,,
profile_outcome,validation_fold,2020,0,ALL,ALL,2020,k|1|7,k,1,7,0,0,0,,,
profile_outcome,validation_fold,2020,0,ALL,ALL,2020,k|1|8,k,1,8,0,0,0,,,
profile_outcome,validation_fold,2020,0,ALL,ALL,2020,k|1|9,k,1,9,0,0,0,,,
profile_outcome,validation_fold,2020,0,ALL,ALL,2020,k|2|7,k,2,7,0,0,0,,,
profile_outcome,validation_fold,2020,0,ALL,ALL,2020,k|2|8,k,2,8,0,0,0,,,
profile_outcome,validation_fold,2020,0,ALL,ALL,2020,k|2|9,k,2,9,0,0,0,,,
profile_outcome,validation_fold,2020,0,ALL,ALL,2020,k|3|7,k,3,7,0,0,0,,,
profile_outcome,validation_fold,2020,0,ALL,ALL,2020,k|3|8,k,3,8,0,0,0,,,
profile_outcome,validation_fold,2020,0,ALL,ALL,2020,k|3|9,k,3,9,0,0,0,,,
profile_outcome,validation_fold,2020,0,ALL,ALL,2020,t|1|7,t,1,7,0,0,0,,,
profile_outcome,validation_fold,2020,0,ALL,ALL,2020,t|1|8,t,1,8,0,0,0,,,
profile_outcome,validation_fold,2020,0,ALL,ALL,2020,t|1|9,t,1,9,0,0,0,,,
profile_outcome,validation_fold,2020,0,ALL,ALL,2020,t|2|7,t,2,7,0,0,0,,,
profile_outcome,validation_fold,2020,0,ALL,ALL,2020,t|2|8,t,2,8,0,0,0,,,
profile_outcome,validation_fold,2020,0,ALL,ALL,2020,t|2|9,t,2,9,0,0,0,,,
profile_outcome,validation_fold,2020,0,ALL,ALL,2020,t|3|7,t,3,7,0,0,0,,,
profile_outcome,validation_fold,2020,0,ALL,ALL,2020,t|3|8,t,3,8,0,0,0,,,
profile_outcome,validation_fold,2020,0,ALL,ALL,2020,t|3|9,t,3,9,0,0,0,,,
profile_outcome,validation_fold,2021,0,ALL,ALL,2021,f|1|7,f,1,7,717,333,384,0.46443514644351463,0.428216185977436,0.5010331664620913
profile_outcome,validation_fold,2021,0,ALL,ALL,2021,f|1|8,f,1,8,1332,711,621,0.5337837837837838,0.5069350255314745,0.5604382390170398
profile_outcome,validation_fold,2021,0,ALL,ALL,2021,f|1|9,f,1,9,686,382,304,0.5568513119533528,0.5194637855619221,0.5936056726485827
profile_outcome,validation_fold,2021,0,ALL,ALL,2021,f|2|7,f,2,7,1488,627,861,0.4213709677419355,0.39651618912084,0.446630682407333
profile_outcome,validation_fold,2021,0,ALL,ALL,2021,f|2|8,f,2,8,3305,1566,1739,0.47382753403933436,0.45684475849185785,0.49087108037409405
profile_outcome,validation_fold,2021,0,ALL,ALL,2021,f|2|9,f,2,9,2118,1138,980,0.5372993389990557,0.5160163711467557,0.5584472506960446
profile_outcome,validation_fold,2021,0,ALL,ALL,2021,f|3|7,f,3,7,605,265,340,0.4380165289256198,0.3989959819796051,0.47781923992517034
profile_outcome,validation_fold,2021,0,ALL,ALL,2021,f|3|8,f,3,8,1370,687,683,0.5014598540145986,0.47501659455972917,0.5278949495448094
profile_outcome,validation_fold,2021,0,ALL,ALL,2021,f|3|9,f,3,9,766,422,344,0.5509138381201044,0.5155227171186549,0.5857968456384441
profile_outcome,validation_fold,2021,0,ALL,ALL,2021,b|1|7,b,1,7,477,205,272,0.429769392033543,0.38607926659408875,0.4745816669195825
profile_outcome,validation_fold,2021,0,ALL,ALL,2021,b|1|8,b,1,8,884,477,407,0.5395927601809954,0.5066353013749066,0.5722076038583991
profile_outcome,validation_fold,2021,0,ALL,ALL,2021,b|1|9,b,1,9,550,289,261,0.5254545454545455,0.4836902100474007,0.5668657740777695
profile_outcome,validation_fold,2021,0,ALL,ALL,2021,b|2|7,b,2,7,1617,680,937,0.4205318491032777,0.39668733539135065,0.44475304818139544
profile_outcome,validation_fold,2021,0,ALL,ALL,2021,b|2|8,b,2,8,3836,1755,2081,0.4575078206465068,0.44179276864640665,0.47330789280118285
profile_outcome,validation_fold,2021,0,ALL,ALL,2021,b|2|9,b,2,9,2512,1287,1225,0.5123407643312102,0.49279002791126514,0.5318538143239537
profile_outcome,validation_fold,2021,0,ALL,ALL,2021,b|3|7,b,3,7,1545,718,827,0.4647249190938511,0.43997342669238315,0.4896513910194349
profile_outcome,validation_fold,2021,0,ALL,ALL,2021,b|3|8,b,3,8,2719,1315,1404,0.4836336888561971,0.4648863383787903,0.502427219407807
profile_outcome,validation_fold,2021,0,ALL,ALL,2021,b|3|9,b,3,9,1105,602,503,0.5447963800904977,0.5153295957258462,0.5739527802283241
profile_outcome,validation_fold,2021,0,ALL,ALL,2021,r|1|7,r,1,7,82,27,55,0.32926829268292684,0.23720116686677445,0.43661611927130867
profile_outcome,validation_fold,2021,0,ALL,ALL,2021,r|1|8,r,1,8,138,52,86,0.37681159420289856,0.30033039395000866,0.45996535961397306
profile_outcome,validation_fold,2021,0,ALL,ALL,2021,r|1|9,r,1,9,76,34,42,0.4473684210526316,0.3408065806517214,0.5589948493551352
profile_outcome,validation_fold,2021,0,ALL,ALL,2021,r|2|7,r,2,7,338,118,220,0.34911242603550297,0.30024702427461253,0.4013690396402621
profile_outcome,validation_fold,2021,0,ALL,ALL,2021,r|2|8,r,2,8,448,156,292,0.3482142857142857,0.30555886335343985,0.39345060701486156
profile_outcome,validation_fold,2021,0,ALL,ALL,2021,r|2|9,r,2,9,335,152,183,0.4537313432835821,0.40124396316072214,0.5072678225342971
profile_outcome,validation_fold,2021,0,ALL,ALL,2021,r|3|7,r,3,7,80,27,53,0.3375,0.24345612608081602,0.4464347660182303
profile_outcome,validation_fold,2021,0,ALL,ALL,2021,r|3|8,r,3,8,123,51,72,0.4146341463414634,0.3314444281869028,0.5029945620671744
profile_outcome,validation_fold,2021,0,ALL,ALL,2021,r|3|9,r,3,9,86,37,49,0.43023255813953487,0.3307934101645158,0.5356379662009366
profile_outcome,validation_fold,2021,0,ALL,ALL,2021,s|1|7,s,1,7,126,33,93,0.2619047619047619,0.1929959484262891,0.3449020346604721
profile_outcome,validation_fold,2021,0,ALL,ALL,2021,s|1|8,s,1,8,138,50,88,0.36231884057971014,0.28685664689873536,0.44523860708453833
profile_outcome,validation_fold,2021,0,ALL,ALL,2021,s|1|9,s,1,9,81,42,39,0.5185185185185185,0.41135648703875716,0.6240035838711533
profile_outcome,validation_fold,2021,0,ALL,ALL,2021,s|2|7,s,2,7,485,141,344,0.2907216494845361,0.25207844761882414,0.3326539920360949
profile_outcome,validation_fold,2021,0,ALL,ALL,2021,s|2|8,s,2,8,631,225,406,0.35657686212361334,0.32017483027654753,0.3947146157652525
profile_outcome,validation_fold,2021,0,ALL,ALL,2021,s|2|9,s,2,9,476,201,275,0.4222689075630252,0.3786934969704602,0.46708889919457797
profile_outcome,validation_fold,2021,0,ALL,ALL,2021,s|3|7,s,3,7,305,102,203,0.3344262295081967,0.28382809530680814,0.38914327199061755
profile_outcome,validation_fold,2021,0,ALL,ALL,2021,s|3|8,s,3,8,430,172,258,0.4,0.3547783014781975,0.44699260295824633
profile_outcome,validation_fold,2021,0,ALL,ALL,2021,s|3|9,s,3,9,201,90,111,0.44776119402985076,0.3806371333510074,0.516844557509327
profile_outcome,validation_fold,2021,0,ALL,ALL,2021,v|1|7,v,1,7,0,0,0,,,
profile_outcome,validation_fold,2021,0,ALL,ALL,2021,v|1|8,v,1,8,0,0,0,,,
profile_outcome,validation_fold,2021,0,ALL,ALL,2021,v|1|9,v,1,9,0,0,0,,,
profile_outcome,validation_fold,2021,0,ALL,ALL,2021,v|2|7,v,2,7,0,0,0,,,
profile_outcome,validation_fold,2021,0,ALL,ALL,2021,v|2|8,v,2,8,0,0,0,,,
profile_outcome,validation_fold,2021,0,ALL,ALL,2021,v|2|9,v,2,9,0,0,0,,,
profile_outcome,validation_fold,2021,0,ALL,ALL,2021,v|3|7,v,3,7,0,0,0,,,
profile_outcome,validation_fold,2021,0,ALL,ALL,2021,v|3|8,v,3,8,0,0,0,,,
profile_outcome,validation_fold,2021,0,ALL,ALL,2021,v|3|9,v,3,9,0,0,0,,,
profile_outcome,validation_fold,2021,0,ALL,ALL,2021,z|1|7,z,1,7,0,0,0,,,
profile_outcome,validation_fold,2021,0,ALL,ALL,2021,z|1|8,z,1,8,0,0,0,,,
profile_outcome,validation_fold,2021,0,ALL,ALL,2021,z|1|9,z,1,9,0,0,0,,,
profile_outcome,validation_fold,2021,0,ALL,ALL,2021,z|2|7,z,2,7,0,0,0,,,
profile_outcome,validation_fold,2021,0,ALL,ALL,2021,z|2|8,z,2,8,0,0,0,,,
profile_outcome,validation_fold,2021,0,ALL,ALL,2021,z|2|9,z,2,9,0,0,0,,,
profile_outcome,validation_fold,2021,0,ALL,ALL,2021,z|3|7,z,3,7,0,0,0,,,
profile_outcome,validation_fold,2021,0,ALL,ALL,2021,z|3|8,z,3,8,0,0,0,,,
profile_outcome,validation_fold,2021,0,ALL,ALL,2021,z|3|9,z,3,9,0,0,0,,,
profile_outcome,validation_fold,2021,0,ALL,ALL,2021,o|1|7,o,1,7,0,0,0,,,
profile_outcome,validation_fold,2021,0,ALL,ALL,2021,o|1|8,o,1,8,0,0,0,,,
profile_outcome,validation_fold,2021,0,ALL,ALL,2021,o|1|9,o,1,9,0,0,0,,,
profile_outcome,validation_fold,2021,0,ALL,ALL,2021,o|2|7,o,2,7,0,0,0,,,
profile_outcome,validation_fold,2021,0,ALL,ALL,2021,o|2|8,o,2,8,0,0,0,,,
profile_outcome,validation_fold,2021,0,ALL,ALL,2021,o|2|9,o,2,9,0,0,0,,,
profile_outcome,validation_fold,2021,0,ALL,ALL,2021,o|3|7,o,3,7,0,0,0,,,
profile_outcome,validation_fold,2021,0,ALL,ALL,2021,o|3|8,o,3,8,0,0,0,,,
profile_outcome,validation_fold,2021,0,ALL,ALL,2021,o|3|9,o,3,9,0,0,0,,,
profile_outcome,validation_fold,2021,0,ALL,ALL,2021,p|1|7,p,1,7,0,0,0,,,
profile_outcome,validation_fold,2021,0,ALL,ALL,2021,p|1|8,p,1,8,0,0,0,,,
profile_outcome,validation_fold,2021,0,ALL,ALL,2021,p|1|9,p,1,9,0,0,0,,,
profile_outcome,validation_fold,2021,0,ALL,ALL,2021,p|2|7,p,2,7,0,0,0,,,
profile_outcome,validation_fold,2021,0,ALL,ALL,2021,p|2|8,p,2,8,0,0,0,,,
profile_outcome,validation_fold,2021,0,ALL,ALL,2021,p|2|9,p,2,9,0,0,0,,,
profile_outcome,validation_fold,2021,0,ALL,ALL,2021,p|3|7,p,3,7,0,0,0,,,
profile_outcome,validation_fold,2021,0,ALL,ALL,2021,p|3|8,p,3,8,0,0,0,,,
profile_outcome,validation_fold,2021,0,ALL,ALL,2021,p|3|9,p,3,9,0,0,0,,,
profile_outcome,validation_fold,2021,0,ALL,ALL,2021,u|1|7,u,1,7,1,1,0,1.0,0.20654931437723745,1.0
profile_outcome,validation_fold,2021,0,ALL,ALL,2021,u|1|8,u,1,8,0,0,0,,,
profile_outcome,validation_fold,2021,0,ALL,ALL,2021,u|1|9,u,1,9,0,0,0,,,
profile_outcome,validation_fold,2021,0,ALL,ALL,2021,u|2|7,u,2,7,1,0,1,0.0,0.0,0.7934506856227626
profile_outcome,validation_fold,2021,0,ALL,ALL,2021,u|2|8,u,2,8,0,0,0,,,
profile_outcome,validation_fold,2021,0,ALL,ALL,2021,u|2|9,u,2,9,0,0,0,,,
profile_outcome,validation_fold,2021,0,ALL,ALL,2021,u|3|7,u,3,7,1,0,1,0.0,0.0,0.7934506856227626
profile_outcome,validation_fold,2021,0,ALL,ALL,2021,u|3|8,u,3,8,0,0,0,,,
profile_outcome,validation_fold,2021,0,ALL,ALL,2021,u|3|9,u,3,9,0,0,0,,,
profile_outcome,validation_fold,2021,0,ALL,ALL,2021,y|1|7,y,1,7,8,4,4,0.5,0.21521606221387757,0.7847839377861224
profile_outcome,validation_fold,2021,0,ALL,ALL,2021,y|1|8,y,1,8,0,0,0,,,
profile_outcome,validation_fold,2021,0,ALL,ALL,2021,y|1|9,y,1,9,0,0,0,,,
profile_outcome,validation_fold,2021,0,ALL,ALL,2021,y|2|7,y,2,7,3,1,2,0.3333333333333333,0.06149194472039621,0.7923403991979522
profile_outcome,validation_fold,2021,0,ALL,ALL,2021,y|2|8,y,2,8,0,0,0,,,
profile_outcome,validation_fold,2021,0,ALL,ALL,2021,y|2|9,y,2,9,0,0,0,,,
profile_outcome,validation_fold,2021,0,ALL,ALL,2021,y|3|7,y,3,7,5,4,1,0.8,0.37553462976252533,0.9637758913675698
profile_outcome,validation_fold,2021,0,ALL,ALL,2021,y|3|8,y,3,8,0,0,0,,,
profile_outcome,validation_fold,2021,0,ALL,ALL,2021,y|3|9,y,3,9,0,0,0,,,
profile_outcome,validation_fold,2021,0,ALL,ALL,2021,l|1|7,l,1,7,6,3,3,0.5,0.1876163064826506,0.8123836935173494
profile_outcome,validation_fold,2021,0,ALL,ALL,2021,l|1|8,l,1,8,3,0,3,0.0,0.0,0.5614970317550454
profile_outcome,validation_fold,2021,0,ALL,ALL,2021,l|1|9,l,1,9,2,0,2,0.0,0.0,0.6576197724933469
profile_outcome,validation_fold,2021,0,ALL,ALL,2021,l|2|7,l,2,7,8,1,7,0.125,0.02241749145005667,0.4708881822128535
profile_outcome,validation_fold,2021,0,ALL,ALL,2021,l|2|8,l,2,8,6,3,3,0.5,0.1876163064826506,0.8123836935173494
profile_outcome,validation_fold,2021,0,ALL,ALL,2021,l|2|9,l,2,9,2,0,2,0.0,0.0,0.6576197724933469
profile_outcome,validation_fold,2021,0,ALL,ALL,2021,l|3|7,l,3,7,8,2,6,0.25,0.071479212752109,0.5907245696898311
profile_outcome,validation_fold,2021,0,ALL,ALL,2021,l|3|8,l,3,8,3,0,3,0.0,0.0,0.5614970317550454
profile_outcome,validation_fold,2021,0,ALL,ALL,2021,l|3|9,l,3,9,4,3,1,0.75,0.30064184258240184,0.9544127391902995
profile_outcome,validation_fold,2021,0,ALL,ALL,2021,m|1|7,m,1,7,10,0,10,0.0,0.0,0.2775327998628892
profile_outcome,validation_fold,2021,0,ALL,ALL,2021,m|1|8,m,1,8,9,2,7,0.2222222222222222,0.06322510711784671,0.5474110308930111
profile_outcome,validation_fold,2021,0,ALL,ALL,2021,m|1|9,m,1,9,10,4,6,0.4,0.16818032970623614,0.6873262302663417
profile_outcome,validation_fold,2021,0,ALL,ALL,2021,m|2|7,m,2,7,15,0,15,0.0,0.0,0.20388330103584862
profile_outcome,validation_fold,2021,0,ALL,ALL,2021,m|2|8,m,2,8,11,4,7,0.36363636363636365,0.15166471095367573,0.6461988254921511
profile_outcome,validation_fold,2021,0,ALL,ALL,2021,m|2|9,m,2,9,18,5,13,0.2777777777777778,0.12499753379553993,0.5087265656029746
profile_outcome,validation_fold,2021,0,ALL,ALL,2021,m|3|7,m,3,7,13,1,12,0.07692307692307693,0.013710421242556586,0.3331395092109959
profile_outcome,validation_fold,2021,0,ALL,ALL,2021,m|3|8,m,3,8,13,5,8,0.38461538461538464,0.17709707797762575,0.6447710848733431
profile_outcome,validation_fold,2021,0,ALL,ALL,2021,m|3|9,m,3,9,13,4,9,0.3076923076923077,0.12680703655710515,0.5763065681945096
profile_outcome,validation_fold,2021,0,ALL,ALL,2021,h|1|7,h,1,7,0,0,0,,,
profile_outcome,validation_fold,2021,0,ALL,ALL,2021,h|1|8,h,1,8,0,0,0,,,
profile_outcome,validation_fold,2021,0,ALL,ALL,2021,h|1|9,h,1,9,0,0,0,,,
profile_outcome,validation_fold,2021,0,ALL,ALL,2021,h|2|7,h,2,7,0,0,0,,,
profile_outcome,validation_fold,2021,0,ALL,ALL,2021,h|2|8,h,2,8,0,0,0,,,
profile_outcome,validation_fold,2021,0,ALL,ALL,2021,h|2|9,h,2,9,0,0,0,,,
profile_outcome,validation_fold,2021,0,ALL,ALL,2021,h|3|7,h,3,7,0,0,0,,,
profile_outcome,validation_fold,2021,0,ALL,ALL,2021,h|3|8,h,3,8,0,0,0,,,
profile_outcome,validation_fold,2021,0,ALL,ALL,2021,h|3|9,h,3,9,0,0,0,,,
profile_outcome,validation_fold,2021,0,ALL,ALL,2021,i|1|7,i,1,7,0,0,0,,,
profile_outcome,validation_fold,2021,0,ALL,ALL,2021,i|1|8,i,1,8,0,0,0,,,
profile_outcome,validation_fold,2021,0,ALL,ALL,2021,i|1|9,i,1,9,0,0,0,,,
profile_outcome,validation_fold,2021,0,ALL,ALL,2021,i|2|7,i,2,7,0,0,0,,,
profile_outcome,validation_fold,2021,0,ALL,ALL,2021,i|2|8,i,2,8,0,0,0,,,
profile_outcome,validation_fold,2021,0,ALL,ALL,2021,i|2|9,i,2,9,0,0,0,,,
profile_outcome,validation_fold,2021,0,ALL,ALL,2021,i|3|7,i,3,7,0,0,0,,,
profile_outcome,validation_fold,2021,0,ALL,ALL,2021,i|3|8,i,3,8,0,0,0,,,
profile_outcome,validation_fold,2021,0,ALL,ALL,2021,i|3|9,i,3,9,0,0,0,,,
profile_outcome,validation_fold,2021,0,ALL,ALL,2021,j|1|7,j,1,7,0,0,0,,,
profile_outcome,validation_fold,2021,0,ALL,ALL,2021,j|1|8,j,1,8,0,0,0,,,
profile_outcome,validation_fold,2021,0,ALL,ALL,2021,j|1|9,j,1,9,0,0,0,,,
profile_outcome,validation_fold,2021,0,ALL,ALL,2021,j|2|7,j,2,7,0,0,0,,,
profile_outcome,validation_fold,2021,0,ALL,ALL,2021,j|2|8,j,2,8,0,0,0,,,
profile_outcome,validation_fold,2021,0,ALL,ALL,2021,j|2|9,j,2,9,0,0,0,,,
profile_outcome,validation_fold,2021,0,ALL,ALL,2021,j|3|7,j,3,7,0,0,0,,,
profile_outcome,validation_fold,2021,0,ALL,ALL,2021,j|3|8,j,3,8,0,0,0,,,
profile_outcome,validation_fold,2021,0,ALL,ALL,2021,j|3|9,j,3,9,0,0,0,,,
profile_outcome,validation_fold,2021,0,ALL,ALL,2021,k|1|7,k,1,7,0,0,0,,,
profile_outcome,validation_fold,2021,0,ALL,ALL,2021,k|1|8,k,1,8,0,0,0,,,
profile_outcome,validation_fold,2021,0,ALL,ALL,2021,k|1|9,k,1,9,0,0,0,,,
profile_outcome,validation_fold,2021,0,ALL,ALL,2021,k|2|7,k,2,7,0,0,0,,,
profile_outcome,validation_fold,2021,0,ALL,ALL,2021,k|2|8,k,2,8,0,0,0,,,
profile_outcome,validation_fold,2021,0,ALL,ALL,2021,k|2|9,k,2,9,0,0,0,,,
profile_outcome,validation_fold,2021,0,ALL,ALL,2021,k|3|7,k,3,7,0,0,0,,,
profile_outcome,validation_fold,2021,0,ALL,ALL,2021,k|3|8,k,3,8,0,0,0,,,
profile_outcome,validation_fold,2021,0,ALL,ALL,2021,k|3|9,k,3,9,0,0,0,,,
profile_outcome,validation_fold,2021,0,ALL,ALL,2021,t|1|7,t,1,7,0,0,0,,,
profile_outcome,validation_fold,2021,0,ALL,ALL,2021,t|1|8,t,1,8,0,0,0,,,
profile_outcome,validation_fold,2021,0,ALL,ALL,2021,t|1|9,t,1,9,0,0,0,,,
profile_outcome,validation_fold,2021,0,ALL,ALL,2021,t|2|7,t,2,7,0,0,0,,,
profile_outcome,validation_fold,2021,0,ALL,ALL,2021,t|2|8,t,2,8,0,0,0,,,
profile_outcome,validation_fold,2021,0,ALL,ALL,2021,t|2|9,t,2,9,0,0,0,,,
profile_outcome,validation_fold,2021,0,ALL,ALL,2021,t|3|7,t,3,7,0,0,0,,,
profile_outcome,validation_fold,2021,0,ALL,ALL,2021,t|3|8,t,3,8,0,0,0,,,
profile_outcome,validation_fold,2021,0,ALL,ALL,2021,t|3|9,t,3,9,0,0,0,,,
profile_outcome,validation_fold,2022,0,ALL,ALL,2022,f|1|7,f,1,7,1227,533,694,0.4343928280358598,0.40690537395092813,0.46228980236832035
profile_outcome,validation_fold,2022,0,ALL,ALL,2022,f|1|8,f,1,8,2109,1099,1010,0.5211000474158369,0.4997607677207846,0.54236260108592
profile_outcome,validation_fold,2022,0,ALL,ALL,2022,f|1|9,f,1,9,1317,718,599,0.5451784358390281,0.5181924962877347,0.5719015866964932
profile_outcome,validation_fold,2022,0,ALL,ALL,2022,f|2|7,f,2,7,2449,978,1471,0.3993466721110657,0.380121589172054,0.41888702664079575
profile_outcome,validation_fold,2022,0,ALL,ALL,2022,f|2|8,f,2,8,5011,2327,2684,0.46437836759129913,0.45060227642489514,0.47820903238087664
profile_outcome,validation_fold,2022,0,ALL,ALL,2022,f|2|9,f,2,9,3667,2023,1644,0.5516771202617944,0.5355349074681043,0.5677111750041578
profile_outcome,validation_fold,2022,0,ALL,ALL,2022,f|3|7,f,3,7,1064,483,581,0.45394736842105265,0.42425086665962747,0.4839752101699522
profile_outcome,validation_fold,2022,0,ALL,ALL,2022,f|3|8,f,3,8,2026,966,1060,0.4768015794669299,0.45511747126209195,0.49857349332456474
profile_outcome,validation_fold,2022,0,ALL,ALL,2022,f|3|9,f,3,9,1404,766,638,0.5455840455840456,0.5194500567445524,0.5714692717054151
profile_outcome,validation_fold,2022,0,ALL,ALL,2022,b|1|7,b,1,7,813,335,478,0.41205412054120544,0.37871119866840136,0.44622422979717297
profile_outcome,validation_fold,2022,0,ALL,ALL,2022,b|1|8,b,1,8,1551,767,784,0.4945196647324307,0.4696819102525505,0.5193844991208567
profile_outcome,validation_fold,2022,0,ALL,ALL,2022,b|1|9,b,1,9,1127,612,515,0.5430346051464063,0.513854331913006,0.5719225020042409
profile_outcome,validation_fold,2022,0,ALL,ALL,2022,b|2|7,b,2,7,2627,1079,1548,0.41073467834031213,0.39206547615900456,0.4296645644606857
profile_outcome,validation_fold,2022,0,ALL,ALL,2022,b|2|8,b,2,8,5599,2565,3034,0.4581175209858903,0.44509997817211505,0.4711924953081685
profile_outcome,validation_fold,2022,0,ALL,ALL,2022,b|2|9,b,2,9,4280,2237,2043,0.5226635514018692,0.5076858594165439,0.5376005971119866
profile_outcome,validation_fold,2022,0,ALL,ALL,2022,b|3|7,b,3,7,2902,1270,1632,0.4376292212267402,0.4196739723449315,0.45574937571793434
profile_outcome,validation_fold,2022,0,ALL,ALL,2022,b|3|8,b,3,8,4367,2042,2325,0.4675978932905885,0.45283451991990364,0.4824182219911798
profile_outcome,validation_fold,2022,0,ALL,ALL,2022,b|3|9,b,3,9,2211,1187,1024,0.5368611488014473,0.5160306150261506,0.557563817365769
profile_outcome,validation_fold,2022,0,ALL,ALL,2022,r|1|7,r,1,7,130,46,84,0.35384615384615387,0.2769244485949699,0.4391575462157101
profile_outcome,validation_fold,2022,0,ALL,ALL,2022,r|1|8,r,1,8,168,51,117,0.30357142857142855,0.23907557197800605,0.3768494763022993
profile_outcome,validation_fold,2022,0,ALL,ALL,2022,r|1|9,r,1,9,117,53,64,0.452991452991453,0.36572041742148637,0.5432512210596254
profile_outcome,validation_fold,2022,0,ALL,ALL,2022,r|2|7,r,2,7,489,152,337,0.310838445807771,0.27142401816515643,0.3532017175781776
profile_outcome,validation_fold,2022,0,ALL,ALL,2022,r|2|8,r,2,8,620,192,428,0.3096774193548387,0.27454840779029427,0.347150348098529
profile_outcome,validation_fold,2022,0,ALL,ALL,2022,r|2|9,r,2,9,457,188,269,0.4113785557986871,0.367183819578037,0.45705074428416165
profile_outcome,validation_fold,2022,0,ALL,ALL,2022,r|3|7,r,3,7,141,62,79,0.4397163120567376,0.36046573420361816,0.5221645559190112
profile_outcome,validation_fold,2022,0,ALL,ALL,2022,r|3|8,r,3,8,221,79,142,0.3574660633484163,0.29721056431421367,0.42259200087799553
profile_outcome,validation_fold,2022,0,ALL,ALL,2022,r|3|9,r,3,9,162,66,96,0.4074074074074074,0.33473993181886974,0.4843644090779644
profile_outcome,validation_fold,2022,0,ALL,ALL,2022,s|1|7,s,1,7,134,20,114,0.14925373134328357,0.09874399282104054,0.21931313741960526
profile_outcome,validation_fold,2022,0,ALL,ALL,2022,s|1|8,s,1,8,200,51,149,0.255,0.1996049517203135,0.3196292582045472
profile_outcome,validation_fold,2022,0,ALL,ALL,2022,s|1|9,s,1,9,130,40,90,0.3076923076923077,0.23482556915357375,0.39159810822889984
profile_outcome,validation_fold,2022,0,ALL,ALL,2022,s|2|7,s,2,7,634,153,481,0.24132492113564669,0.20963997350116242,0.2761256576535768
profile_outcome,validation_fold,2022,0,ALL,ALL,2022,s|2|8,s,2,8,798,282,516,0.3533834586466165,0.3209919498889756,0.38717978727194036
profile_outcome,validation_fold,2022,0,ALL,ALL,2022,s|2|9,s,2,9,598,269,329,0.4498327759197324,0.41040692940965934,0.4898990413395646
profile_outcome,validation_fold,2022,0,ALL,ALL,2022,s|3|7,s,3,7,396,128,268,0.32323232323232326,0.27905528410103386,0.3708059373617911
profile_outcome,validation_fold,2022,0,ALL,ALL,2022,s|3|8,s,3,8,507,191,316,0.3767258382642998,0.3356224992380583,0.4196831874057598
profile_outcome,validation_fold,2022,0,ALL,ALL,2022,s|3|9,s,3,9,356,145,211,0.40730337078651685,0.3575179127564082,0.4590679797744266
profile_outcome,validation_fold,2022,0,ALL,ALL,2022,v|1|7,v,1,7,0,0,0,,,
profile_outcome,validation_fold,2022,0,ALL,ALL,2022,v|1|8,v,1,8,0,0,0,,,
profile_outcome,validation_fold,2022,0,ALL,ALL,2022,v|1|9,v,1,9,0,0,0,,,
profile_outcome,validation_fold,2022,0,ALL,ALL,2022,v|2|7,v,2,7,1,0,1,0.0,0.0,0.7934506856227626
profile_outcome,validation_fold,2022,0,ALL,ALL,2022,v|2|8,v,2,8,0,0,0,,,
profile_outcome,validation_fold,2022,0,ALL,ALL,2022,v|2|9,v,2,9,0,0,0,,,
profile_outcome,validation_fold,2022,0,ALL,ALL,2022,v|3|7,v,3,7,0,0,0,,,
profile_outcome,validation_fold,2022,0,ALL,ALL,2022,v|3|8,v,3,8,0,0,0,,,
profile_outcome,validation_fold,2022,0,ALL,ALL,2022,v|3|9,v,3,9,0,0,0,,,
profile_outcome,validation_fold,2022,0,ALL,ALL,2022,z|1|7,z,1,7,0,0,0,,,
profile_outcome,validation_fold,2022,0,ALL,ALL,2022,z|1|8,z,1,8,0,0,0,,,
profile_outcome,validation_fold,2022,0,ALL,ALL,2022,z|1|9,z,1,9,0,0,0,,,
profile_outcome,validation_fold,2022,0,ALL,ALL,2022,z|2|7,z,2,7,0,0,0,,,
profile_outcome,validation_fold,2022,0,ALL,ALL,2022,z|2|8,z,2,8,0,0,0,,,
profile_outcome,validation_fold,2022,0,ALL,ALL,2022,z|2|9,z,2,9,0,0,0,,,
profile_outcome,validation_fold,2022,0,ALL,ALL,2022,z|3|7,z,3,7,0,0,0,,,
profile_outcome,validation_fold,2022,0,ALL,ALL,2022,z|3|8,z,3,8,0,0,0,,,
profile_outcome,validation_fold,2022,0,ALL,ALL,2022,z|3|9,z,3,9,0,0,0,,,
profile_outcome,validation_fold,2022,0,ALL,ALL,2022,o|1|7,o,1,7,0,0,0,,,
profile_outcome,validation_fold,2022,0,ALL,ALL,2022,o|1|8,o,1,8,0,0,0,,,
profile_outcome,validation_fold,2022,0,ALL,ALL,2022,o|1|9,o,1,9,0,0,0,,,
profile_outcome,validation_fold,2022,0,ALL,ALL,2022,o|2|7,o,2,7,0,0,0,,,
profile_outcome,validation_fold,2022,0,ALL,ALL,2022,o|2|8,o,2,8,0,0,0,,,
profile_outcome,validation_fold,2022,0,ALL,ALL,2022,o|2|9,o,2,9,0,0,0,,,
profile_outcome,validation_fold,2022,0,ALL,ALL,2022,o|3|7,o,3,7,0,0,0,,,
profile_outcome,validation_fold,2022,0,ALL,ALL,2022,o|3|8,o,3,8,0,0,0,,,
profile_outcome,validation_fold,2022,0,ALL,ALL,2022,o|3|9,o,3,9,0,0,0,,,
profile_outcome,validation_fold,2022,0,ALL,ALL,2022,p|1|7,p,1,7,0,0,0,,,
profile_outcome,validation_fold,2022,0,ALL,ALL,2022,p|1|8,p,1,8,0,0,0,,,
profile_outcome,validation_fold,2022,0,ALL,ALL,2022,p|1|9,p,1,9,0,0,0,,,
profile_outcome,validation_fold,2022,0,ALL,ALL,2022,p|2|7,p,2,7,0,0,0,,,
profile_outcome,validation_fold,2022,0,ALL,ALL,2022,p|2|8,p,2,8,0,0,0,,,
profile_outcome,validation_fold,2022,0,ALL,ALL,2022,p|2|9,p,2,9,0,0,0,,,
profile_outcome,validation_fold,2022,0,ALL,ALL,2022,p|3|7,p,3,7,0,0,0,,,
profile_outcome,validation_fold,2022,0,ALL,ALL,2022,p|3|8,p,3,8,0,0,0,,,
profile_outcome,validation_fold,2022,0,ALL,ALL,2022,p|3|9,p,3,9,0,0,0,,,
profile_outcome,validation_fold,2022,0,ALL,ALL,2022,u|1|7,u,1,7,2,1,1,0.5,0.09453120573423074,0.9054687942657693
profile_outcome,validation_fold,2022,0,ALL,ALL,2022,u|1|8,u,1,8,0,0,0,,,
profile_outcome,validation_fold,2022,0,ALL,ALL,2022,u|1|9,u,1,9,0,0,0,,,
profile_outcome,validation_fold,2022,0,ALL,ALL,2022,u|2|7,u,2,7,0,0,0,,,
profile_outcome,validation_fold,2022,0,ALL,ALL,2022,u|2|8,u,2,8,0,0,0,,,
profile_outcome,validation_fold,2022,0,ALL,ALL,2022,u|2|9,u,2,9,0,0,0,,,
profile_outcome,validation_fold,2022,0,ALL,ALL,2022,u|3|7,u,3,7,1,0,1,0.0,0.0,0.7934506856227626
profile_outcome,validation_fold,2022,0,ALL,ALL,2022,u|3|8,u,3,8,0,0,0,,,
profile_outcome,validation_fold,2022,0,ALL,ALL,2022,u|3|9,u,3,9,0,0,0,,,
profile_outcome,validation_fold,2022,0,ALL,ALL,2022,y|1|7,y,1,7,5,1,4,0.2,0.03622410863243014,0.6244653702374747
profile_outcome,validation_fold,2022,0,ALL,ALL,2022,y|1|8,y,1,8,0,0,0,,,
profile_outcome,validation_fold,2022,0,ALL,ALL,2022,y|1|9,y,1,9,0,0,0,,,
profile_outcome,validation_fold,2022,0,ALL,ALL,2022,y|2|7,y,2,7,2,0,2,0.0,0.0,0.6576197724933469
profile_outcome,validation_fold,2022,0,ALL,ALL,2022,y|2|8,y,2,8,0,0,0,,,
profile_outcome,validation_fold,2022,0,ALL,ALL,2022,y|2|9,y,2,9,0,0,0,,,
profile_outcome,validation_fold,2022,0,ALL,ALL,2022,y|3|7,y,3,7,5,2,3,0.4,0.11762077423264783,0.769275718723987
profile_outcome,validation_fold,2022,0,ALL,ALL,2022,y|3|8,y,3,8,0,0,0,,,
profile_outcome,validation_fold,2022,0,ALL,ALL,2022,y|3|9,y,3,9,0,0,0,,,
profile_outcome,validation_fold,2022,0,ALL,ALL,2022,l|1|7,l,1,7,13,1,12,0.07692307692307693,0.013710421242556586,0.3331395092109959
profile_outcome,validation_fold,2022,0,ALL,ALL,2022,l|1|8,l,1,8,13,7,6,0.5384615384615384,0.29143795714506004,0.7679393219046169
profile_outcome,validation_fold,2022,0,ALL,ALL,2022,l|1|9,l,1,9,10,3,7,0.3,0.10779126740630099,0.6032218525388546
profile_outcome,validation_fold,2022,0,ALL,ALL,2022,l|2|7,l,2,7,17,2,15,0.11764705882352941,0.03287977376379267,0.3433635059488588
profile_outcome,validation_fold,2022,0,ALL,ALL,2022,l|2|8,l,2,8,13,4,9,0.3076923076923077,0.12680703655710515,0.5763065681945096
profile_outcome,validation_fold,2022,0,ALL,ALL,2022,l|2|9,l,2,9,14,5,9,0.35714285714285715,0.1634473175355414,0.612355768960926
profile_outcome,validation_fold,2022,0,ALL,ALL,2022,l|3|7,l,3,7,8,1,7,0.125,0.02241749145005667,0.4708881822128535
profile_outcome,validation_fold,2022,0,ALL,ALL,2022,l|3|8,l,3,8,10,2,8,0.2,0.05668215145437519,0.5098375284633583
profile_outcome,validation_fold,2022,0,ALL,ALL,2022,l|3|9,l,3,9,6,3,3,0.5,0.1876163064826506,0.8123836935173494
profile_outcome,validation_fold,2022,0,ALL,ALL,2022,m|1|7,m,1,7,27,2,25,0.07407407407407407,0.020554654060988622,0.23369592683023144
profile_outcome,validation_fold,2022,0,ALL,ALL,2022,m|1|8,m,1,8,10,5,5,0.5,0.236593090512564,0.7634069094874361
profile_outcome,validation_fold,2022,0,ALL,ALL,2022,m|1|9,m,1,9,22,8,14,0.36363636363636365,0.19733204670366125,0.5704829190986899
profile_outcome,validation_fold,2022,0,ALL,ALL,2022,m|2|7,m,2,7,30,1,29,0.03333333333333333,0.005908590381612455,0.16670390991409173
profile_outcome,validation_fold,2022,0,ALL,ALL,2022,m|2|8,m,2,8,24,10,14,0.4166666666666667,0.24467602609811764,0.6116533413477124
profile_outcome,validation_fold,2022,0,ALL,ALL,2022,m|2|9,m,2,9,29,13,16,0.4482758620689655,0.28413168023037194,0.6245203678902909
profile_outcome,validation_fold,2022,0,ALL,ALL,2022,m|3|7,m,3,7,15,2,13,0.13333333333333333,0.03736125910306537,0.37881982832322364
profile_outcome,validation_fold,2022,0,ALL,ALL,2022,m|3|8,m,3,8,17,4,13,0.23529411764705882,0.09555044322080117,0.4726179811956498
profile_outcome,validation_fold,2022,0,ALL,ALL,2022,m|3|9,m,3,9,18,8,10,0.4444444444444444,0.24559518127005633,0.6628358435795723
profile_outcome,validation_fold,2022,0,ALL,ALL,2022,h|1|7,h,1,7,0,0,0,,,
profile_outcome,validation_fold,2022,0,ALL,ALL,2022,h|1|8,h,1,8,0,0,0,,,
profile_outcome,validation_fold,2022,0,ALL,ALL,2022,h|1|9,h,1,9,0,0,0,,,
profile_outcome,validation_fold,2022,0,ALL,ALL,2022,h|2|7,h,2,7,0,0,0,,,
profile_outcome,validation_fold,2022,0,ALL,ALL,2022,h|2|8,h,2,8,0,0,0,,,
profile_outcome,validation_fold,2022,0,ALL,ALL,2022,h|2|9,h,2,9,0,0,0,,,
profile_outcome,validation_fold,2022,0,ALL,ALL,2022,h|3|7,h,3,7,0,0,0,,,
profile_outcome,validation_fold,2022,0,ALL,ALL,2022,h|3|8,h,3,8,0,0,0,,,
profile_outcome,validation_fold,2022,0,ALL,ALL,2022,h|3|9,h,3,9,0,0,0,,,
profile_outcome,validation_fold,2022,0,ALL,ALL,2022,i|1|7,i,1,7,0,0,0,,,
profile_outcome,validation_fold,2022,0,ALL,ALL,2022,i|1|8,i,1,8,0,0,0,,,
profile_outcome,validation_fold,2022,0,ALL,ALL,2022,i|1|9,i,1,9,0,0,0,,,
profile_outcome,validation_fold,2022,0,ALL,ALL,2022,i|2|7,i,2,7,0,0,0,,,
profile_outcome,validation_fold,2022,0,ALL,ALL,2022,i|2|8,i,2,8,0,0,0,,,
profile_outcome,validation_fold,2022,0,ALL,ALL,2022,i|2|9,i,2,9,0,0,0,,,
profile_outcome,validation_fold,2022,0,ALL,ALL,2022,i|3|7,i,3,7,0,0,0,,,
profile_outcome,validation_fold,2022,0,ALL,ALL,2022,i|3|8,i,3,8,0,0,0,,,
profile_outcome,validation_fold,2022,0,ALL,ALL,2022,i|3|9,i,3,9,0,0,0,,,
profile_outcome,validation_fold,2022,0,ALL,ALL,2022,j|1|7,j,1,7,0,0,0,,,
profile_outcome,validation_fold,2022,0,ALL,ALL,2022,j|1|8,j,1,8,0,0,0,,,
profile_outcome,validation_fold,2022,0,ALL,ALL,2022,j|1|9,j,1,9,0,0,0,,,
profile_outcome,validation_fold,2022,0,ALL,ALL,2022,j|2|7,j,2,7,0,0,0,,,
profile_outcome,validation_fold,2022,0,ALL,ALL,2022,j|2|8,j,2,8,0,0,0,,,
profile_outcome,validation_fold,2022,0,ALL,ALL,2022,j|2|9,j,2,9,0,0,0,,,
profile_outcome,validation_fold,2022,0,ALL,ALL,2022,j|3|7,j,3,7,0,0,0,,,
profile_outcome,validation_fold,2022,0,ALL,ALL,2022,j|3|8,j,3,8,0,0,0,,,
profile_outcome,validation_fold,2022,0,ALL,ALL,2022,j|3|9,j,3,9,0,0,0,,,
profile_outcome,validation_fold,2022,0,ALL,ALL,2022,k|1|7,k,1,7,0,0,0,,,
profile_outcome,validation_fold,2022,0,ALL,ALL,2022,k|1|8,k,1,8,0,0,0,,,
profile_outcome,validation_fold,2022,0,ALL,ALL,2022,k|1|9,k,1,9,0,0,0,,,
profile_outcome,validation_fold,2022,0,ALL,ALL,2022,k|2|7,k,2,7,0,0,0,,,
profile_outcome,validation_fold,2022,0,ALL,ALL,2022,k|2|8,k,2,8,0,0,0,,,
profile_outcome,validation_fold,2022,0,ALL,ALL,2022,k|2|9,k,2,9,0,0,0,,,
profile_outcome,validation_fold,2022,0,ALL,ALL,2022,k|3|7,k,3,7,0,0,0,,,
profile_outcome,validation_fold,2022,0,ALL,ALL,2022,k|3|8,k,3,8,0,0,0,,,
profile_outcome,validation_fold,2022,0,ALL,ALL,2022,k|3|9,k,3,9,0,0,0,,,
profile_outcome,validation_fold,2022,0,ALL,ALL,2022,t|1|7,t,1,7,0,0,0,,,
profile_outcome,validation_fold,2022,0,ALL,ALL,2022,t|1|8,t,1,8,0,0,0,,,
profile_outcome,validation_fold,2022,0,ALL,ALL,2022,t|1|9,t,1,9,0,0,0,,,
profile_outcome,validation_fold,2022,0,ALL,ALL,2022,t|2|7,t,2,7,0,0,0,,,
profile_outcome,validation_fold,2022,0,ALL,ALL,2022,t|2|8,t,2,8,0,0,0,,,
profile_outcome,validation_fold,2022,0,ALL,ALL,2022,t|2|9,t,2,9,0,0,0,,,
profile_outcome,validation_fold,2022,0,ALL,ALL,2022,t|3|7,t,3,7,0,0,0,,,
profile_outcome,validation_fold,2022,0,ALL,ALL,2022,t|3|8,t,3,8,0,0,0,,,
profile_outcome,validation_fold,2022,0,ALL,ALL,2022,t|3|9,t,3,9,0,0,0,,,
profile_outcome,validation_fold,2023,0,ALL,ALL,2023,f|1|7,f,1,7,1521,684,837,0.44970414201183434,0.424861749092948,0.4747999507415191
profile_outcome,validation_fold,2023,0,ALL,ALL,2023,f|1|8,f,1,8,2459,1264,1195,0.5140300935339569,0.49426903060513677,0.5337473891091228
profile_outcome,validation_fold,2023,0,ALL,ALL,2023,f|1|9,f,1,9,1582,888,694,0.561314791403287,0.5367428738553424,0.5855896575089641
profile_outcome,validation_fold,2023,0,ALL,ALL,2023,f|2|7,f,2,7,2718,1047,1671,0.3852097130242826,0.3670887898169446,0.40365465375218845
profile_outcome,validation_fold,2023,0,ALL,ALL,2023,f|2|8,f,2,8,5623,2572,3051,0.45740707807220343,0.4444193232275922,0.4704529895067368
profile_outcome,validation_fold,2023,0,ALL,ALL,2023,f|2|9,f,2,9,4521,2404,2117,0.5317407653174077,0.5171746251477908,0.5462530115134948
profile_outcome,validation_fold,2023,0,ALL,ALL,2023,f|3|7,f,3,7,1120,521,599,0.46517857142857144,0.4361358562677291,0.4944593363301222
profile_outcome,validation_fold,2023,0,ALL,ALL,2023,f|3|8,f,3,8,2297,1121,1176,0.48802786242925555,0.46762339846533285,0.5084723034835575
profile_outcome,validation_fold,2023,0,ALL,ALL,2023,f|3|9,f,3,9,1715,939,776,0.5475218658892128,0.5238849971801992,0.5709463202537165
profile_outcome,validation_fold,2023,0,ALL,ALL,2023,b|1|7,b,1,7,800,296,504,0.37,0.33723949241996615,0.40400301539350975
profile_outcome,validation_fold,2023,0,ALL,ALL,2023,b|1|8,b,1,8,1579,771,808,0.4882837238758708,0.4636869219846013,0.5129373951295289
profile_outcome,validation_fold,2023,0,ALL,ALL,2023,b|1|9,b,1,9,1152,583,569,0.5060763888888888,0.47723333903031956,0.5348790487830437
profile_outcome,validation_fold,2023,0,ALL,ALL,2023,b|2|7,b,2,7,2892,1144,1748,0.39557399723374825,0.37790271328502734,0.4135223323920334
profile_outcome,validation_fold,2023,0,ALL,ALL,2023,b|2|8,b,2,8,6203,2867,3336,0.4621957117523779,0.44981576980932314,0.47462244838722945
profile_outcome,validation_fold,2023,0,ALL,ALL,2023,b|2|9,b,2,9,4890,2567,2323,0.5249488752556237,0.5109381789429488,0.5389204039419162
profile_outcome,validation_fold,2023,0,ALL,ALL,2023,b|3|7,b,3,7,3148,1417,1731,0.45012706480304954,0.4328191502422818,0.4675565494550349
profile_outcome,validation_fold,2023,0,ALL,ALL,2023,b|3|8,b,3,8,5089,2438,2651,0.47907250933385737,0.4653681855805223,0.49280840371206447
profile_outcome,validation_fold,2023,0,ALL,ALL,2023,b|3|9,b,3,9,2631,1435,1196,0.5454199923983276,0.5263410559264738,0.5643664889999567
profile_outcome,validation_fold,2023,0,ALL,ALL,2023,r|1|7,r,1,7,141,43,98,0.3049645390070922,0.23498171302770593,0.3852927550160948
profile_outcome,validation_fold,2023,0,ALL,ALL,2023,r|1|8,r,1,8,200,78,122,0.39,0.3250834313746962,0.4590625404283025
profile_outcome,validation_fold,2023,0,ALL,ALL,2023,r|1|9,r,1,9,135,56,79,0.4148148148148148,0.3351853128153392,0.4991581160469058
profile_outcome,validation_fold,2023,0,ALL,ALL,2023,r|2|7,r,2,7,466,146,320,0.3133047210300429,0.2728624704033883,0.35679984071589554
profile_outcome,validation_fold,2023,0,ALL,ALL,2023,r|2|8,r,2,8,687,235,452,0.3420669577874818,0.3075585321269173,0.37833177276238195
profile_outcome,validation_fold,2023,0,ALL,ALL,2023,r|2|9,r,2,9,521,216,305,0.4145873320537428,0.3730602308277733,0.45736475084196593
profile_outcome,validation_fold,2023,0,ALL,ALL,2023,r|3|7,r,3,7,165,44,121,0.26666666666666666,0.20506177918201532,0.3388890932054811
profile_outcome,validation_fold,2023,0,ALL,ALL,2023,r|3|8,r,3,8,225,84,141,0.37333333333333335,0.31275533964560015,0.4381639199424903
profile_outcome,validation_fold,2023,0,ALL,ALL,2023,r|3|9,r,3,9,165,76,89,0.46060606060606063,0.38631283612102474,0.5366918566197214
profile_outcome,validation_fold,2023,0,ALL,ALL,2023,s|1|7,s,1,7,159,31,128,0.1949685534591195,0.14089118738057677,0.2634374111073097
profile_outcome,validation_fold,2023,0,ALL,ALL,2023,s|1|8,s,1,8,200,59,141,0.295,0.23613943856849148,0.36158714524618774
profile_outcome,validation_fold,2023,0,ALL,ALL,2023,s|1|9,s,1,9,143,54,89,0.3776223776223776,0.30234704948670676,0.45930064673552995
profile_outcome,validation_fold,2023,0,ALL,ALL,2023,s|2|7,s,2,7,716,171,545,0.2388268156424581,0.2090426418203727,0.2713985089120139
profile_outcome,validation_fold,2023,0,ALL,ALL,2023,s|2|8,s,2,8,912,323,589,0.3541666666666667,0.323797982689108,0.385758734318963
profile_outcome,validation_fold,2023,0,ALL,ALL,2023,s|2|9,s,2,9,739,312,427,0.42219215155615697,0.38707437814164636,0.45811466100734044
profile_outcome,validation_fold,2023,0,ALL,ALL,2023,s|3|7,s,3,7,522,158,364,0.30268199233716475,0.26482986876618875,0.3434170723137393
profile_outcome,validation_fold,2023,0,ALL,ALL,2023,s|3|8,s,3,8,678,228,450,0.336283185840708,0.3017326131573479,0.37267850231813393
profile_outcome,validation_fold,2023,0,ALL,ALL,2023,s|3|9,s,3,9,417,161,256,0.38609112709832133,0.34060505708712574,0.43365672722895743
profile_outcome,validation_fold,2023,0,ALL,ALL,2023,v|1|7,v,1,7,0,0,0,,,
profile_outcome,validation_fold,2023,0,ALL,ALL,2023,v|1|8,v,1,8,0,0,0,,,
profile_outcome,validation_fold,2023,0,ALL,ALL,2023,v|1|9,v,1,9,0,0,0,,,
profile_outcome,validation_fold,2023,0,ALL,ALL,2023,v|2|7,v,2,7,0,0,0,,,
profile_outcome,validation_fold,2023,0,ALL,ALL,2023,v|2|8,v,2,8,0,0,0,,,
profile_outcome,validation_fold,2023,0,ALL,ALL,2023,v|2|9,v,2,9,2,0,2,0.0,0.0,0.6576197724933469
profile_outcome,validation_fold,2023,0,ALL,ALL,2023,v|3|7,v,3,7,0,0,0,,,
profile_outcome,validation_fold,2023,0,ALL,ALL,2023,v|3|8,v,3,8,1,0,1,0.0,0.0,0.7934506856227626
profile_outcome,validation_fold,2023,0,ALL,ALL,2023,v|3|9,v,3,9,0,0,0,,,
profile_outcome,validation_fold,2023,0,ALL,ALL,2023,z|1|7,z,1,7,0,0,0,,,
profile_outcome,validation_fold,2023,0,ALL,ALL,2023,z|1|8,z,1,8,0,0,0,,,
profile_outcome,validation_fold,2023,0,ALL,ALL,2023,z|1|9,z,1,9,0,0,0,,,
profile_outcome,validation_fold,2023,0,ALL,ALL,2023,z|2|7,z,2,7,0,0,0,,,
profile_outcome,validation_fold,2023,0,ALL,ALL,2023,z|2|8,z,2,8,0,0,0,,,
profile_outcome,validation_fold,2023,0,ALL,ALL,2023,z|2|9,z,2,9,0,0,0,,,
profile_outcome,validation_fold,2023,0,ALL,ALL,2023,z|3|7,z,3,7,0,0,0,,,
profile_outcome,validation_fold,2023,0,ALL,ALL,2023,z|3|8,z,3,8,0,0,0,,,
profile_outcome,validation_fold,2023,0,ALL,ALL,2023,z|3|9,z,3,9,0,0,0,,,
profile_outcome,validation_fold,2023,0,ALL,ALL,2023,o|1|7,o,1,7,0,0,0,,,
profile_outcome,validation_fold,2023,0,ALL,ALL,2023,o|1|8,o,1,8,0,0,0,,,
profile_outcome,validation_fold,2023,0,ALL,ALL,2023,o|1|9,o,1,9,0,0,0,,,
profile_outcome,validation_fold,2023,0,ALL,ALL,2023,o|2|7,o,2,7,0,0,0,,,
profile_outcome,validation_fold,2023,0,ALL,ALL,2023,o|2|8,o,2,8,0,0,0,,,
profile_outcome,validation_fold,2023,0,ALL,ALL,2023,o|2|9,o,2,9,0,0,0,,,
profile_outcome,validation_fold,2023,0,ALL,ALL,2023,o|3|7,o,3,7,0,0,0,,,
profile_outcome,validation_fold,2023,0,ALL,ALL,2023,o|3|8,o,3,8,0,0,0,,,
profile_outcome,validation_fold,2023,0,ALL,ALL,2023,o|3|9,o,3,9,0,0,0,,,
profile_outcome,validation_fold,2023,0,ALL,ALL,2023,p|1|7,p,1,7,0,0,0,,,
profile_outcome,validation_fold,2023,0,ALL,ALL,2023,p|1|8,p,1,8,0,0,0,,,
profile_outcome,validation_fold,2023,0,ALL,ALL,2023,p|1|9,p,1,9,0,0,0,,,
profile_outcome,validation_fold,2023,0,ALL,ALL,2023,p|2|7,p,2,7,0,0,0,,,
profile_outcome,validation_fold,2023,0,ALL,ALL,2023,p|2|8,p,2,8,0,0,0,,,
profile_outcome,validation_fold,2023,0,ALL,ALL,2023,p|2|9,p,2,9,0,0,0,,,
profile_outcome,validation_fold,2023,0,ALL,ALL,2023,p|3|7,p,3,7,0,0,0,,,
profile_outcome,validation_fold,2023,0,ALL,ALL,2023,p|3|8,p,3,8,0,0,0,,,
profile_outcome,validation_fold,2023,0,ALL,ALL,2023,p|3|9,p,3,9,0,0,0,,,
profile_outcome,validation_fold,2023,0,ALL,ALL,2023,u|1|7,u,1,7,3,2,1,0.6666666666666666,0.2076596008020477,0.9385080552796037
profile_outcome,validation_fold,2023,0,ALL,ALL,2023,u|1|8,u,1,8,0,0,0,,,
profile_outcome,validation_fold,2023,0,ALL,ALL,2023,u|1|9,u,1,9,0,0,0,,,
profile_outcome,validation_fold,2023,0,ALL,ALL,2023,u|2|7,u,2,7,2,2,0,1.0,0.34238022750665303,1.0
profile_outcome,validation_fold,2023,0,ALL,ALL,2023,u|2|8,u,2,8,0,0,0,,,
profile_outcome,validation_fold,2023,0,ALL,ALL,2023,u|2|9,u,2,9,0,0,0,,,
profile_outcome,validation_fold,2023,0,ALL,ALL,2023,u|3|7,u,3,7,0,0,0,,,
profile_outcome,validation_fold,2023,0,ALL,ALL,2023,u|3|8,u,3,8,0,0,0,,,
profile_outcome,validation_fold,2023,0,ALL,ALL,2023,u|3|9,u,3,9,0,0,0,,,
profile_outcome,validation_fold,2023,0,ALL,ALL,2023,y|1|7,y,1,7,7,4,3,0.5714285714285714,0.2504583645276572,0.8417801447485302
profile_outcome,validation_fold,2023,0,ALL,ALL,2023,y|1|8,y,1,8,0,0,0,,,
profile_outcome,validation_fold,2023,0,ALL,ALL,2023,y|1|9,y,1,9,0,0,0,,,
profile_outcome,validation_fold,2023,0,ALL,ALL,2023,y|2|7,y,2,7,4,3,1,0.75,0.30064184258240184,0.9544127391902995
profile_outcome,validation_fold,2023,0,ALL,ALL,2023,y|2|8,y,2,8,0,0,0,,,
profile_outcome,validation_fold,2023,0,ALL,ALL,2023,y|2|9,y,2,9,0,0,0,,,
profile_outcome,validation_fold,2023,0,ALL,ALL,2023,y|3|7,y,3,7,4,0,4,0.0,0.0,0.4898908364545973
profile_outcome,validation_fold,2023,0,ALL,ALL,2023,y|3|8,y,3,8,0,0,0,,,
profile_outcome,validation_fold,2023,0,ALL,ALL,2023,y|3|9,y,3,9,0,0,0,,,
profile_outcome,validation_fold,2023,0,ALL,ALL,2023,l|1|7,l,1,7,14,1,13,0.07142857142857142,0.012722215247890939,0.31468704424151117
profile_outcome,validation_fold,2023,0,ALL,ALL,2023,l|1|8,l,1,8,8,3,5,0.375,0.13684428582359742,0.6942576053973727
profile_outcome,validation_fold,2023,0,ALL,ALL,2023,l|1|9,l,1,9,6,1,5,0.16666666666666666,0.030053369748306635,0.5635028221864702
profile_outcome,validation_fold,2023,0,ALL,ALL,2023,l|2|7,l,2,7,22,2,20,0.09090909090909091,0.025295428990995267,0.27814946841605814
profile_outcome,validation_fold,2023,0,ALL,ALL,2023,l|2|8,l,2,8,10,1,9,0.1,0.017876213095072896,0.4041500267952385
profile_outcome,validation_fold,2023,0,ALL,ALL,2023,l|2|9,l,2,9,12,6,6,0.5,0.2537815976337061,0.7462184023662939
profile_outcome,validation_fold,2023,0,ALL,ALL,2023,l|3|7,l,3,7,14,0,14,0.0,0.0,0.2153108027376358
profile_outcome,validation_fold,2023,0,ALL,ALL,2023,l|3|8,l,3,8,5,2,3,0.4,0.11762077423264783,0.769275718723987
profile_outcome,validation_fold,2023,0,ALL,ALL,2023,l|3|9,l,3,9,6,2,4,0.3333333333333333,0.09677141110578041,0.700006684861608
profile_outcome,validation_fold,2023,0,ALL,ALL,2023,m|1|7,m,1,7,25,0,25,0.0,0.0,0.13319225093904846
profile_outcome,validation_fold,2023,0,ALL,ALL,2023,m|1|8,m,1,8,9,2,7,0.2222222222222222,0.06322510711784671,0.5474110308930111
profile_outcome,validation_fold,2023,0,ALL,ALL,2023,m|1|9,m,1,9,17,7,10,0.4117647058823529,0.2161105679021481,0.6399455735700021
profile_outcome,validation_fold,2023,0,ALL,ALL,2023,m|2|7,m,2,7,34,4,30,0.11764705882352941,0.04671446664882335,0.26620842770371833
profile_outcome,validation_fold,2023,0,ALL,ALL,2023,m|2|8,m,2,8,16,3,13,0.1875,0.06591599071428142,0.4300888096197414
profile_outcome,validation_fold,2023,0,ALL,ALL,2023,m|2|9,m,2,9,22,4,18,0.18181818181818182,0.07306884583422052,0.38516607437126543
profile_outcome,validation_fold,2023,0,ALL,ALL,2023,m|3|7,m,3,7,29,1,28,0.034482758620689655,0.006113214292762653,0.17175521879320288
profile_outcome,validation_fold,2023,0,ALL,ALL,2023,m|3|8,m,3,8,15,4,11,0.26666666666666666,0.10897453325692374,0.5195043405598057
profile_outcome,validation_fold,2023,0,ALL,ALL,2023,m|3|9,m,3,9,17,9,8,0.5294117647058824,0.30963235060004424,0.7383489355759056
profile_outcome,validation_fold,2023,0,ALL,ALL,2023,h|1|7,h,1,7,0,0,0,,,
profile_outcome,validation_fold,2023,0,ALL,ALL,2023,h|1|8,h,1,8,0,0,0,,,
profile_outcome,validation_fold,2023,0,ALL,ALL,2023,h|1|9,h,1,9,0,0,0,,,
profile_outcome,validation_fold,2023,0,ALL,ALL,2023,h|2|7,h,2,7,0,0,0,,,
profile_outcome,validation_fold,2023,0,ALL,ALL,2023,h|2|8,h,2,8,0,0,0,,,
profile_outcome,validation_fold,2023,0,ALL,ALL,2023,h|2|9,h,2,9,0,0,0,,,
profile_outcome,validation_fold,2023,0,ALL,ALL,2023,h|3|7,h,3,7,0,0,0,,,
profile_outcome,validation_fold,2023,0,ALL,ALL,2023,h|3|8,h,3,8,0,0,0,,,
profile_outcome,validation_fold,2023,0,ALL,ALL,2023,h|3|9,h,3,9,0,0,0,,,
profile_outcome,validation_fold,2023,0,ALL,ALL,2023,i|1|7,i,1,7,0,0,0,,,
profile_outcome,validation_fold,2023,0,ALL,ALL,2023,i|1|8,i,1,8,0,0,0,,,
profile_outcome,validation_fold,2023,0,ALL,ALL,2023,i|1|9,i,1,9,0,0,0,,,
profile_outcome,validation_fold,2023,0,ALL,ALL,2023,i|2|7,i,2,7,0,0,0,,,
profile_outcome,validation_fold,2023,0,ALL,ALL,2023,i|2|8,i,2,8,0,0,0,,,
profile_outcome,validation_fold,2023,0,ALL,ALL,2023,i|2|9,i,2,9,0,0,0,,,
profile_outcome,validation_fold,2023,0,ALL,ALL,2023,i|3|7,i,3,7,0,0,0,,,
profile_outcome,validation_fold,2023,0,ALL,ALL,2023,i|3|8,i,3,8,0,0,0,,,
profile_outcome,validation_fold,2023,0,ALL,ALL,2023,i|3|9,i,3,9,0,0,0,,,
profile_outcome,validation_fold,2023,0,ALL,ALL,2023,j|1|7,j,1,7,0,0,0,,,
profile_outcome,validation_fold,2023,0,ALL,ALL,2023,j|1|8,j,1,8,0,0,0,,,
profile_outcome,validation_fold,2023,0,ALL,ALL,2023,j|1|9,j,1,9,0,0,0,,,
profile_outcome,validation_fold,2023,0,ALL,ALL,2023,j|2|7,j,2,7,0,0,0,,,
profile_outcome,validation_fold,2023,0,ALL,ALL,2023,j|2|8,j,2,8,0,0,0,,,
profile_outcome,validation_fold,2023,0,ALL,ALL,2023,j|2|9,j,2,9,0,0,0,,,
profile_outcome,validation_fold,2023,0,ALL,ALL,2023,j|3|7,j,3,7,0,0,0,,,
profile_outcome,validation_fold,2023,0,ALL,ALL,2023,j|3|8,j,3,8,0,0,0,,,
profile_outcome,validation_fold,2023,0,ALL,ALL,2023,j|3|9,j,3,9,0,0,0,,,
profile_outcome,validation_fold,2023,0,ALL,ALL,2023,k|1|7,k,1,7,0,0,0,,,
profile_outcome,validation_fold,2023,0,ALL,ALL,2023,k|1|8,k,1,8,0,0,0,,,
profile_outcome,validation_fold,2023,0,ALL,ALL,2023,k|1|9,k,1,9,0,0,0,,,
profile_outcome,validation_fold,2023,0,ALL,ALL,2023,k|2|7,k,2,7,0,0,0,,,
profile_outcome,validation_fold,2023,0,ALL,ALL,2023,k|2|8,k,2,8,0,0,0,,,
profile_outcome,validation_fold,2023,0,ALL,ALL,2023,k|2|9,k,2,9,0,0,0,,,
profile_outcome,validation_fold,2023,0,ALL,ALL,2023,k|3|7,k,3,7,0,0,0,,,
profile_outcome,validation_fold,2023,0,ALL,ALL,2023,k|3|8,k,3,8,0,0,0,,,
profile_outcome,validation_fold,2023,0,ALL,ALL,2023,k|3|9,k,3,9,0,0,0,,,
profile_outcome,validation_fold,2023,0,ALL,ALL,2023,t|1|7,t,1,7,0,0,0,,,
profile_outcome,validation_fold,2023,0,ALL,ALL,2023,t|1|8,t,1,8,0,0,0,,,
profile_outcome,validation_fold,2023,0,ALL,ALL,2023,t|1|9,t,1,9,0,0,0,,,
profile_outcome,validation_fold,2023,0,ALL,ALL,2023,t|2|7,t,2,7,0,0,0,,,
profile_outcome,validation_fold,2023,0,ALL,ALL,2023,t|2|8,t,2,8,0,0,0,,,
profile_outcome,validation_fold,2023,0,ALL,ALL,2023,t|2|9,t,2,9,0,0,0,,,
profile_outcome,validation_fold,2023,0,ALL,ALL,2023,t|3|7,t,3,7,0,0,0,,,
profile_outcome,validation_fold,2023,0,ALL,ALL,2023,t|3|8,t,3,8,0,0,0,,,
profile_outcome,validation_fold,2023,0,ALL,ALL,2023,t|3|9,t,3,9,0,0,0,,,
