server_player,surface,derived_period,direction_code,direction_label,tactically_actionable,points,matches,server_wins,server_win_rate,first_date,last_date
Aaron Krickstein,Hard,to_2009,4,wide,True,76,7,37,0.4868421052631579,1989-09-09,1995-01-27
Aaron Krickstein,Hard,to_2009,5,body,True,142,7,70,0.49295774647887325,1989-09-09,1995-01-27
Aaron Krickstein,Hard,to_2009,6,t,True,97,7,47,0.4845360824742268,1989-09-09,1995-01-27
Aaron Krickstein,Clay,to_2009,4,wide,True,19,1,10,0.5263157894736842,1992-04-26,1992-04-26
Aaron Krickstein,Clay,to_2009,5,body,True,9,1,3,0.3333333333333333,1992-04-26,1992-04-26
Aaron Krickstein,Clay,to_2009,6,t,True,5,1,4,0.8,1992-04-26,1992-04-26
Abedallah Shelbayh,Hard,2020s,4,wide,True,23,2,9,0.391304347826087,2023-02-19,2023-02-21
Abedallah Shelbayh,Hard,2020s,5,body,True,23,2,14,0.6086956521739131,2023-02-19,2023-02-21
Abedallah Shelbayh,Hard,2020s,6,t,True,15,2,9,0.6,2023-02-19,2023-02-21
Adam Pavlasek,Hard,2010s,4,wide,True,7,1,6,0.8571428571428571,2016-02-25,2016-02-25
Adam Pavlasek,Hard,2010s,5,body,True,1,1,1,1.0,2016-02-25,2016-02-25
Adam Pavlasek,Hard,2010s,6,t,True,8,1,7,0.875,2016-02-25,2016-02-25
Adam Pavlasek,Clay,2010s,4,wide,True,33,2,11,0.3333333333333333,2019-06-02,2019-07-29
Adam Pavlasek,Clay,2010s,5,body,True,26,2,12,0.46153846153846156,2019-06-02,2019-07-29
Adam Pavlasek,Clay,2010s,6,t,True,11,2,5,0.45454545454545453,2019-06-02,2019-07-29
Adam Walton,Hard,2020s,4,wide,True,17,1,6,0.35294117647058826,2024-01-14,2024-01-14
Adam Walton,Hard,2020s,5,body,True,5,1,3,0.6,2024-01-14,2024-01-14
Adam Walton,Hard,2020s,6,t,True,12,1,7,0.5833333333333334,2024-01-14,2024-01-14
Adam Walton,Grass,2020s,4,wide,True,15,1,9,0.6,2025-06-17,2025-06-17
Adam Walton,Grass,2020s,5,body,True,10,1,5,0.5,2025-06-17,2025-06-17
Adam Walton,Grass,2020s,6,t,True,11,1,6,0.5454545454545454,2025-06-17,2025-06-17
Adolfo Daniel Vallejo,Clay,2020s,4,wide,True,8,1,3,0.375,2026-03-12,2026-03-12
Adolfo Daniel Vallejo,Clay,2020s,5,body,True,19,1,9,0.47368421052631576,2026-03-12,2026-03-12
Adolfo Daniel Vallejo,Clay,2020s,6,t,True,12,1,10,0.8333333333333334,2026-03-12,2026-03-12
Adrian Andreev,Hard,2020s,4,wide,True,66,4,29,0.4393939393939394,2022-09-29,2025-01-25
Adrian Andreev,Hard,2020s,5,body,True,51,4,29,0.5686274509803921,2022-09-29,2025-01-25
Adrian Andreev,Hard,2020s,6,t,True,56,4,19,0.3392857142857143,2022-09-29,2025-01-25
Adrian Andreev,Clay,2020s,4,wide,True,22,2,16,0.7272727272727273,2024-05-29,2024-07-05
Adrian Andreev,Clay,2020s,5,body,True,3,2,1,0.3333333333333333,2024-05-29,2024-07-05
Adrian Andreev,Clay,2020s,6,t,True,18,2,9,0.5,2024-05-29,2024-07-05
Adrian Garcia,Hard,to_2009,4,wide,True,14,1,8,0.5714285714285714,2005-03-04,2005-03-04
Adrian Garcia,Hard,to_2009,5,body,True,28,1,16,0.5714285714285714,2005-03-04,2005-03-04
Adrian Garcia,Hard,to_2009,6,t,True,13,1,5,0.38461538461538464,2005-03-04,2005-03-04
Adrian Mannarino,Hard,2010s,4,wide,True,129,11,64,0.49612403100775193,2012-01-15,2019-07-31
Adrian Mannarino,Hard,2010s,5,body,True,124,12,71,0.5725806451612904,2012-01-15,2019-07-31
Adrian Mannarino,Hard,2010s,6,t,True,107,12,45,0.4205607476635514,2012-01-15,2019-07-31
Adrian Mannarino,Hard,2020s,4,wide,True,452,42,229,0.5066371681415929,2021-03-02,2026-03-19
Adrian Mannarino,Hard,2020s,5,body,True,449,41,220,0.48997772828507796,2021-03-02,2026-03-19
Adrian Mannarino,Hard,2020s,6,t,True,433,42,226,0.5219399538106235,2021-03-02,2026-03-19
Adrian Mannarino,Clay,2010s,4,wide,True,27,2,15,0.5555555555555556,2017-04-18,2018-04-26
Adrian Mannarino,Clay,2010s,5,body,True,11,2,5,0.45454545454545453,2017-04-18,2018-04-26
Adrian Mannarino,Clay,2010s,6,t,True,31,2,17,0.5483870967741935,2017-04-18,2018-04-26
Adrian Mannarino,Grass,2010s,4,wide,True,21,3,11,0.5238095238095238,2016-06-29,2018-07-09
Adrian Mannarino,Grass,2010s,5,body,True,43,3,19,0.4418604651162791,2016-06-29,2018-07-09
Adrian Mannarino,Grass,2010s,6,t,True,16,3,5,0.3125,2016-06-29,2018-07-09
Adrian Mannarino,Grass,2020s,4,wide,True,147,11,80,0.54421768707483,2021-06-29,2024-07-01
Adrian Mannarino,Grass,2020s,5,body,True,172,11,102,0.5930232558139535,2021-06-29,2024-07-01
Adrian Mannarino,Grass,2020s,6,t,True,105,10,50,0.47619047619047616,2021-06-29,2024-07-01
Adrian Voinea,Hard,to_2009,4,wide,True,5,1,4,0.8,2002-02-26,2002-02-26
Adrian Voinea,Hard,to_2009,5,body,True,6,1,3,0.5,2002-02-26,2002-02-26
Adrian Voinea,Hard,to_2009,6,t,True,5,1,3,0.6,2002-02-26,2002-02-26
Adriano Panatta,Hard,to_2009,4,wide,True,9,1,3,0.3333333333333333,1980-12-05,1980-12-05
Adriano Panatta,Hard,to_2009,5,body,True,41,1,26,0.6341463414634146,1980-12-05,1980-12-05
Adriano Panatta,Hard,to_2009,6,t,True,4,1,4,1.0,1980-12-05,1980-12-05
Adriano Panatta,Clay,to_2009,4,wide,True,46,3,24,0.5217391304347826,1974-07-14,1979-10-05
Adriano Panatta,Clay,to_2009,5,body,True,42,3,14,0.3333333333333333,1974-07-14,1979-10-05
Adriano Panatta,Clay,to_2009,6,t,True,5,2,2,0.4,1979-09-22,1979-10-05
Adrien Bossel,Hard,2010s,4,wide,True,2,1,1,0.5,2015-11-23,2015-11-23
Adrien Bossel,Hard,2010s,5,body,True,5,1,2,0.4,2015-11-23,2015-11-23
Adrien Bossel,Hard,2010s,6,t,True,12,1,1,0.08333333333333333,2015-11-23,2015-11-23
Agustin Calleri,Clay,to_2009,4,wide,True,22,1,11,0.5,2003-05-18,2003-05-18
Agustin Calleri,Clay,to_2009,5,body,True,9,1,3,0.3333333333333333,2003-05-18,2003-05-18
Agustin Calleri,Clay,to_2009,6,t,True,8,1,3,0.375,2003-05-18,2003-05-18
Agustin Velotti,Hard,2010s,4,wide,True,13,1,5,0.38461538461538464,2016-03-10,2016-03-10
Agustin Velotti,Hard,2010s,5,body,True,10,1,7,0.7,2016-03-10,2016-03-10
Aisam Ul Haq Qureshi,Grass,to_2009,4,wide,True,5,1,2,0.4,2007-06-28,2007-06-28
Aisam Ul Haq Qureshi,Grass,to_2009,5,body,True,12,1,6,0.5,2007-06-28,2007-06-28
Aisam Ul Haq Qureshi,Grass,to_2009,6,t,True,10,1,5,0.5,2007-06-28,2007-06-28
Akira Santillan,Hard,2010s,4,wide,True,8,1,4,0.5,2018-08-16,2018-08-16
Akira Santillan,Hard,2010s,5,body,True,8,1,3,0.375,2018-08-16,2018-08-16
Akira Santillan,Hard,2010s,6,t,True,5,1,2,0.4,2018-08-16,2018-08-16
Alan Mackin,Clay,to_2009,4,wide,True,4,1,1,0.25,2005-09-23,2005-09-23
Alan Mackin,Clay,to_2009,5,body,True,21,1,6,0.2857142857142857,2005-09-23,2005-09-23
Alan Mackin,Clay,to_2009,6,t,True,5,1,1,0.2,2005-09-23,2005-09-23
Albano Olivetti,Hard,2010s,4,wide,True,11,1,2,0.18181818181818182,2016-02-19,2016-02-19
Albano Olivetti,Hard,2010s,5,body,True,11,1,4,0.36363636363636365,2016-02-19,2016-02-19
Albano Olivetti,Hard,2010s,6,t,True,10,1,5,0.5,2016-02-19,2016-02-19
Albert Costa,Hard,to_2009,4,wide,True,22,2,5,0.22727272727272727,1997-04-04,1997-08-09
Albert Costa,Hard,to_2009,5,body,True,28,2,11,0.39285714285714285,1997-04-04,1997-08-09
Albert Costa,Hard,to_2009,6,t,True,17,2,6,0.35294117647058826,1997-04-04,1997-08-09
Albert Costa,Clay,to_2009,4,wide,True,107,6,50,0.4672897196261682,1996-04-28,2002-06-09
Albert Costa,Clay,to_2009,5,body,True,26,4,13,0.5,1996-04-28,2002-06-09
Albert Costa,Clay,to_2009,6,t,True,68,6,33,0.4852941176470588,1996-04-28,2002-06-09
Albert Montanes,Clay,to_2009,4,wide,True,8,1,2,0.25,2005-02-26,2005-02-26
Albert Montanes,Clay,to_2009,6,t,True,4,1,0,0.0,2005-02-26,2005-02-26
Albert Montanes,Clay,2010s,4,wide,True,23,2,10,0.43478260869565216,2014-02-20,2016-03-26
Albert Montanes,Clay,2010s,5,body,True,11,2,3,0.2727272727272727,2014-02-20,2016-03-26
Albert Montanes,Clay,2010s,6,t,True,16,2,5,0.3125,2014-02-20,2016-03-26
Albert Ramos,Hard,2010s,4,wide,True,23,5,12,0.5217391304347826,2017-03-13,2019-10-01
Albert Ramos,Hard,2010s,5,body,True,60,5,31,0.5166666666666667,2017-03-13,2019-10-01
Albert Ramos,Hard,2010s,6,t,True,43,5,21,0.4883720930232558,2017-03-13,2019-10-01
Albert Ramos,Hard,2020s,4,wide,True,12,2,9,0.75,2022-08-11,2022-10-27
Albert Ramos,Hard,2020s,5,body,True,26,2,12,0.46153846153846156,2022-08-11,2022-10-27
Albert Ramos,Hard,2020s,6,t,True,18,2,7,0.3888888888888889,2022-08-11,2022-10-27
Albert Ramos,Clay,2010s,4,wide,True,82,7,42,0.5121951219512195,2014-04-23,2019-09-13
Albert Ramos,Clay,2010s,5,body,True,44,7,24,0.5454545454545454,2014-04-23,2019-09-13
Albert Ramos,Clay,2010s,6,t,True,66,7,23,0.3484848484848485,2014-04-23,2019-09-13
Albert Ramos,Clay,2020s,4,wide,True,120,10,73,0.6083333333333333,2020-02-18,2025-05-26
Albert Ramos,Clay,2020s,5,body,True,98,10,47,0.47959183673469385,2020-02-18,2025-05-26
Albert Ramos,Clay,2020s,6,t,True,116,10,55,0.47413793103448276,2020-02-18,2025-05-26
Albert Ramos,Grass,2020s,4,wide,True,4,1,2,0.5,2023-07-03,2023-07-03
Albert Ramos,Grass,2020s,5,body,True,7,1,3,0.42857142857142855,2023-07-03,2023-07-03
Albert Ramos,Grass,2020s,6,t,True,9,1,3,0.3333333333333333,2023-07-03,2023-07-03
Alberto Berasategui,Hard,to_2009,4,wide,True,14,1,8,0.5714285714285714,1998-01-28,1998-01-28
Alberto Berasategui,Hard,to_2009,5,body,True,1,1,1,1.0,1998-01-28,1998-01-28
Alberto Berasategui,Hard,to_2009,6,t,True,13,1,5,0.38461538461538464,1998-01-28,1998-01-28
Alberto Berasategui,Clay,to_2009,4,wide,True,14,2,6,0.42857142857142855,1994-06-04,1994-06-05
Alberto Berasategui,Clay,to_2009,5,body,True,6,2,2,0.3333333333333333,1994-06-04,1994-06-05
Alberto Berasategui,Clay,to_2009,6,t,True,10,2,6,0.6,1994-06-04,1994-06-05
Alberto Mancini,Clay,to_2009,4,wide,True,37,3,20,0.5405405405405406,1989-04-30,1991-05-19
Alberto Mancini,Clay,to_2009,5,body,True,55,3,32,0.5818181818181818,1989-04-30,1991-05-19
Alberto Mancini,Clay,to_2009,6,t,True,32,3,14,0.4375,1989-04-30,1991-05-19
Alberto Martin,Clay,to_2009,4,wide,True,7,1,4,0.5714285714285714,2004-04-23,2004-04-23
Alberto Martin,Clay,to_2009,5,body,True,7,1,4,0.5714285714285714,2004-04-23,2004-04-23
Alberto Martin,Clay,to_2009,6,t,True,12,1,4,0.3333333333333333,2004-04-23,2004-04-23
Alejandro Davidovich Fokina,Hard,2010s,5,body,True,30,1,17,0.5666666666666667,2019-11-05,2019-11-05
Alejandro Davidovich Fokina,Hard,2010s,6,t,True,9,1,7,0.7777777777777778,2019-11-05,2019-11-05
Alejandro Davidovich Fokina,Hard,2020s,4,wide,True,210,32,114,0.5428571428571428,2020-01-22,2025-10-29
Alejandro Davidovich Fokina,Hard,2020s,5,body,True,431,32,207,0.4802784222737819,2020-01-22,2025-10-29
Alejandro Davidovich Fokina,Hard,2020s,6,t,True,195,31,93,0.47692307692307695,2020-01-22,2025-10-29
Alejandro Davidovich Fokina,Clay,2010s,4,wide,True,22,2,10,0.45454545454545453,2019-05-03,2019-05-06
Alejandro Davidovich Fokina,Clay,2010s,5,body,True,28,2,14,0.5,2019-05-03,2019-05-06
Alejandro Davidovich Fokina,Clay,2010s,6,t,True,5,2,2,0.4,2019-05-03,2019-05-06
Alejandro Davidovich Fokina,Clay,2020s,4,wide,True,135,16,65,0.48148148148148145,2020-02-17,2025-04-12
Alejandro Davidovich Fokina,Clay,2020s,5,body,True,309,17,147,0.47572815533980584,2020-02-17,2025-04-12
Alejandro Davidovich Fokina,Clay,2020s,6,t,True,88,17,41,0.4659090909090909,2020-02-17,2025-04-12
Alejandro Davidovich Fokina,Clay,2020s,0,unknown,False,1,1,0,0.0,2021-06-04,2021-06-04
Alejandro Davidovich Fokina,Grass,2020s,4,wide,True,36,4,17,0.4722222222222222,2022-06-17,2025-07-04
Alejandro Davidovich Fokina,Grass,2020s,5,body,True,107,4,56,0.5233644859813084,2022-06-17,2025-07-04
Alejandro Davidovich Fokina,Grass,2020s,6,t,True,33,4,21,0.6363636363636364,2022-06-17,2025-07-04
Alejandro Falla,Hard,2010s,4,wide,True,9,1,4,0.4444444444444444,2013-07-21,2013-07-21
Alejandro Falla,Hard,2010s,5,body,True,4,1,3,0.75,2013-07-21,2013-07-21
Alejandro Falla,Hard,2010s,6,t,True,13,1,8,0.6153846153846154,2013-07-21,2013-07-21
Alejandro Falla,Clay,to_2009,4,wide,True,10,1,5,0.5,2006-05-31,2006-05-31
Alejandro Falla,Clay,to_2009,5,body,True,3,1,2,0.6666666666666666,2006-05-31,2006-05-31
Alejandro Falla,Clay,to_2009,6,t,True,14,1,7,0.5,2006-05-31,2006-05-31
Alejandro Falla,Clay,2010s,4,wide,True,16,1,7,0.4375,2015-09-28,2015-09-28
Alejandro Falla,Clay,2010s,5,body,True,8,1,2,0.25,2015-09-28,2015-09-28
Alejandro Falla,Clay,2010s,6,t,True,12,1,10,0.8333333333333334,2015-09-28,2015-09-28
Alejandro Falla,Grass,to_2009,4,wide,True,4,1,2,0.5,2004-06-21,2004-06-21
Alejandro Falla,Grass,to_2009,5,body,True,5,1,1,0.2,2004-06-21,2004-06-21
Alejandro Falla,Grass,to_2009,6,t,True,12,1,4,0.3333333333333333,2004-06-21,2004-06-21
Alejandro Falla,Grass,2010s,4,wide,True,49,3,25,0.5102040816326531,2010-06-21,2014-06-15
Alejandro Falla,Grass,2010s,5,body,True,6,3,2,0.3333333333333333,2010-06-21,2014-06-15
Alejandro Falla,Grass,2010s,6,t,True,69,3,29,0.42028985507246375,2010-06-21,2014-06-15
Alejandro Gonzalez,Hard,2010s,4,wide,True,7,1,4,0.5714285714285714,2014-01-05,2014-01-05
Alejandro Gonzalez,Hard,2010s,5,body,True,16,1,10,0.625,2014-01-05,2014-01-05
Alejandro Gonzalez,Hard,2010s,6,t,True,7,1,4,0.5714285714285714,2014-01-05,2014-01-05
Alejandro Gonzalez,Clay,2010s,4,wide,True,7,1,5,0.7142857142857143,2015-10-19,2015-10-19
Alejandro Gonzalez,Clay,2010s,5,body,True,5,1,2,0.4,2015-10-19,2015-10-19
Alejandro Gonzalez,Clay,2010s,6,t,True,10,1,8,0.8,2015-10-19,2015-10-19
Alejandro Lopez Escribano,Hard,2020s,4,wide,True,11,1,5,0.45454545454545453,2025-06-10,2025-06-10
Alejandro Lopez Escribano,Hard,2020s,5,body,True,11,1,3,0.2727272727272727,2025-06-10,2025-06-10
Alejandro Lopez Escribano,Hard,2020s,6,t,True,2,1,0,0.0,2025-06-10,2025-06-10
Alejandro Moro Canas,Clay,2020s,4,wide,True,7,1,2,0.2857142857142857,2024-04-15,2024-04-15
Alejandro Moro Canas,Clay,2020s,5,body,True,5,1,1,0.2,2024-04-15,2024-04-15
Alejandro Moro Canas,Clay,2020s,6,t,True,7,1,4,0.5714285714285714,2024-04-15,2024-04-15
Alejandro Moro Canas,Grass,2020s,4,wide,True,8,1,4,0.5,2024-07-02,2024-07-02
Alejandro Moro Canas,Grass,2020s,5,body,True,13,1,7,0.5384615384615384,2024-07-02,2024-07-02
Alejandro Moro Canas,Grass,2020s,6,t,True,17,1,8,0.47058823529411764,2024-07-02,2024-07-02
Alejandro Tabilo,Hard,2020s,4,wide,True,107,10,50,0.4672897196261682,2024-03-09,2026-03-08
Alejandro Tabilo,Hard,2020s,5,body,True,70,10,32,0.45714285714285713,2024-03-09,2026-03-08
Alejandro Tabilo,Hard,2020s,6,t,True,57,10,26,0.45614035087719296,2024-03-09,2026-03-08
Alejandro Tabilo,Clay,2020s,4,wide,True,166,12,86,0.5180722891566265,2021-11-07,2026-02-11
Alejandro Tabilo,Clay,2020s,5,body,True,122,12,62,0.5081967213114754,2021-11-07,2026-02-11
Alejandro Tabilo,Clay,2020s,6,t,True,65,11,33,0.5076923076923077,2021-11-07,2026-02-11
Alejandro Tabilo,Grass,2020s,4,wide,True,14,1,8,0.5714285714285714,2022-06-27,2022-06-27
Alejandro Tabilo,Grass,2020s,5,body,True,25,1,10,0.4,2022-06-27,2022-06-27
Alejandro Tabilo,Grass,2020s,6,t,True,21,1,13,0.6190476190476191,2022-06-27,2022-06-27
Aleksandar Kovacevic,Hard,2020s,4,wide,True,123,11,66,0.5365853658536586,2021-04-15,2026-03-09
Aleksandar Kovacevic,Hard,2020s,5,body,True,122,11,56,0.45901639344262296,2021-04-15,2026-03-09
Aleksandar Kovacevic,Hard,2020s,6,t,True,102,11,50,0.49019607843137253,2021-04-15,2026-03-09
Aleksandar Kovacevic,Clay,2020s,4,wide,True,16,1,7,0.4375,2023-05-29,2023-05-29
Aleksandar Kovacevic,Clay,2020s,5,body,True,14,1,5,0.35714285714285715,2023-05-29,2023-05-29
Aleksandar Kovacevic,Clay,2020s,6,t,True,19,1,8,0.42105263157894735,2023-05-29,2023-05-29
Aleksandar Vukic,Hard,2020s,4,wide,True,87,8,44,0.5057471264367817,2020-02-25,2025-09-28
Aleksandar Vukic,Hard,2020s,5,body,True,103,8,47,0.4563106796116505,2020-02-25,2025-09-28
Aleksandar Vukic,Hard,2020s,6,t,True,84,8,37,0.44047619047619047,2020-02-25,2025-09-28
Aleksandar Vukic,Clay,2010s,4,wide,True,12,1,6,0.5,2019-08-14,2019-08-14
Aleksandar Vukic,Clay,2010s,5,body,True,6,1,1,0.16666666666666666,2019-08-14,2019-08-14
Aleksandar Vukic,Clay,2010s,6,t,True,9,1,4,0.4444444444444444,2019-08-14,2019-08-14
Aleksandar Vukic,Clay,2020s,4,wide,True,52,4,28,0.5384615384615384,2020-09-21,2024-04-06
Aleksandar Vukic,Clay,2020s,5,body,True,55,4,27,0.4909090909090909,2020-09-21,2024-04-06
Aleksandar Vukic,Clay,2020s,6,t,True,28,4,16,0.5714285714285714,2020-09-21,2024-04-06
Aleksandar Vukic,Grass,2020s,4,wide,True,10,1,6,0.6,2025-07-03,2025-07-03
Aleksandar Vukic,Grass,2020s,5,body,True,6,1,3,0.5,2025-07-03,2025-07-03
Aleksandar Vukic,Grass,2020s,6,t,True,11,1,1,0.09090909090909091,2025-07-03,2025-07-03
Aleksandr Nedovyesov,Hard,2010s,4,wide,True,7,1,2,0.2857142857142857,2017-09-21,2017-09-21
Aleksandr Nedovyesov,Hard,2010s,5,body,True,13,1,5,0.38461538461538464,2017-09-21,2017-09-21
Aleksandr Nedovyesov,Hard,2010s,6,t,True,2,1,0,0.0,2017-09-21,2017-09-21
Aleksandr Nedovyesov,Clay,2010s,4,wide,True,6,1,5,0.8333333333333334,2015-05-22,2015-05-22
Aleksandr Nedovyesov,Clay,2010s,5,body,True,11,1,5,0.45454545454545453,2015-05-22,2015-05-22
Aleksandr Nedovyesov,Clay,2010s,6,t,True,6,1,4,0.6666666666666666,2015-05-22,2015-05-22
Aleksandr Nedovyesov,Clay,2010s,0,unknown,False,1,1,0,0.0,2015-05-22,2015-05-22
Aleksandre Metreveli,Hard,2020s,4,wide,True,17,1,8,0.47058823529411764,2022-01-03,2022-01-03
Aleksandre Metreveli,Hard,2020s,5,body,True,21,1,11,0.5238095238095238,2022-01-03,2022-01-03
Aleksandre Metreveli,Hard,2020s,6,t,True,12,1,6,0.5,2022-01-03,2022-01-03
Alessandro Giannessi,Hard,2020s,4,wide,True,8,1,1,0.125,2024-01-10,2024-01-10
Alessandro Giannessi,Hard,2020s,5,body,True,10,1,7,0.7,2024-01-10,2024-01-10
Alessandro Giannessi,Hard,2020s,6,t,True,1,1,0,0.0,2024-01-10,2024-01-10
Alessandro Giannessi,Clay,2010s,4,wide,True,20,1,14,0.7,2018-09-16,2018-09-16
Alessandro Giannessi,Clay,2010s,5,body,True,10,1,3,0.3,2018-09-16,2018-09-16
Alessandro Giannessi,Clay,2010s,6,t,True,10,1,5,0.5,2018-09-16,2018-09-16
Alex Barrena,Clay,2020s,4,wide,True,13,2,6,0.46153846153846156,2024-11-01,2026-01-24
Alex Barrena,Clay,2020s,5,body,True,14,2,7,0.5,2024-11-01,2026-01-24
Alex Barrena,Clay,2020s,6,t,True,10,2,2,0.2,2024-11-01,2026-01-24
Alex Bogdanovic,Grass,to_2009,4,wide,True,9,1,2,0.2222222222222222,2004-06-21,2004-06-21
Alex Bogdanovic,Grass,to_2009,5,body,True,6,1,2,0.3333333333333333,2004-06-21,2004-06-21
Alex Bogdanovic,Grass,to_2009,6,t,True,4,1,3,0.75,2004-06-21,2004-06-21
Alex Bogomolov Jr,Hard,to_2009,4,wide,True,5,1,0,0.0,2004-01-20,2004-01-20
Alex Bogomolov Jr,Hard,to_2009,5,body,True,7,1,2,0.2857142857142857,2004-01-20,2004-01-20
Alex Bogomolov Jr,Hard,to_2009,6,t,True,7,1,3,0.42857142857142855,2004-01-20,2004-01-20
Alex Bolt,Hard,2010s,4,wide,True,24,2,11,0.4583333333333333,2019-03-10,2019-08-04
Alex Bolt,Hard,2010s,5,body,True,39,2,12,0.3076923076923077,2019-03-10,2019-08-04
Alex Bolt,Hard,2010s,6,t,True,27,2,16,0.5925925925925926,2019-03-10,2019-08-04
Alex Bolt,Hard,2020s,4,wide,True,10,1,7,0.7,2021-09-29,2021-09-29
Alex Bolt,Hard,2020s,5,body,True,16,1,7,0.4375,2021-09-29,2021-09-29
Alex Bolt,Hard,2020s,6,t,True,6,1,2,0.3333333333333333,2021-09-29,2021-09-29
Alex Corretja,Hard,to_2009,4,wide,True,100,7,55,0.55,1995-08-31,2001-03-28
Alex Corretja,Hard,to_2009,5,body,True,146,7,70,0.4794520547945205,1995-08-31,2001-03-28
Alex Corretja,Hard,to_2009,6,t,True,80,7,40,0.5,1995-08-31,2001-03-28
Alex Corretja,Clay,to_2009,4,wide,True,241,14,126,0.5228215767634855,1995-04-05,2002-05-07
Alex Corretja,Clay,to_2009,5,body,True,158,14,73,0.4620253164556962,1995-04-05,2002-05-07
Alex Corretja,Clay,to_2009,6,t,True,180,14,86,0.4777777777777778,1995-04-05,2002-05-07
Alex Corretja,Clay,to_2009,0,unknown,False,1,1,0,0.0,1995-04-05,1995-04-05
Alex De Minaur,Hard,2010s,4,wide,True,163,23,84,0.5153374233128835,2017-08-03,2019-11-09
Alex De Minaur,Hard,2010s,5,body,True,339,23,174,0.5132743362831859,2017-08-03,2019-11-09
Alex De Minaur,Hard,2010s,6,t,True,142,22,80,0.5633802816901409,2017-08-03,2019-11-07
Alex De Minaur,Hard,2020s,4,wide,True,809,82,411,0.5080346106304079,2020-01-03,2026-02-15
Alex De Minaur,Hard,2020s,5,body,True,1393,85,760,0.5455850681981336,2020-01-03,2026-02-15
Alex De Minaur,Hard,2020s,6,t,True,614,81,328,0.5342019543973942,2020-01-03,2026-02-15
Alex De Minaur,Hard,2020s,0,unknown,False,1,1,1,1.0,2023-09-30,2023-09-30
Alex De Minaur,Clay,2020s,4,wide,True,192,17,87,0.453125,2020-09-27,2026-04-24
Alex De Minaur,Clay,2020s,5,body,True,240,18,119,0.49583333333333335,2020-09-27,2026-04-24
Alex De Minaur,Clay,2020s,6,t,True,147,18,75,0.5102040816326531,2020-09-27,2026-04-24
Alex De Minaur,Grass,2010s,4,wide,True,26,2,9,0.34615384615384615,2016-07-10,2018-07-17
Alex De Minaur,Grass,2010s,5,body,True,43,2,24,0.5581395348837209,2016-07-10,2018-07-17
Alex De Minaur,Grass,2010s,6,t,True,23,2,11,0.4782608695652174,2016-07-10,2018-07-17
Alex De Minaur,Grass,2020s,4,wide,True,96,10,45,0.46875,2021-06-27,2025-07-07
Alex De Minaur,Grass,2020s,5,body,True,217,10,120,0.5529953917050692,2021-06-27,2025-07-07
Alex De Minaur,Grass,2020s,6,t,True,68,9,34,0.5,2021-06-27,2025-07-07
Alex Kuznetsov,Hard,2010s,4,wide,True,2,1,0,0.0,2014-11-11,2014-11-11
Alex Kuznetsov,Hard,2010s,5,body,True,9,1,2,0.2222222222222222,2014-11-11,2014-11-11
Alex Kuznetsov,Hard,2010s,6,t,True,5,1,2,0.4,2014-11-11,2014-11-11
Alex Marti Pujolras,Clay,2020s,4,wide,True,8,1,3,0.375,2024-11-27,2024-11-27
Alex Marti Pujolras,Clay,2020s,5,body,True,11,1,2,0.18181818181818182,2024-11-27,2024-11-27
Alex Marti Pujolras,Clay,2020s,6,t,True,4,1,0,0.0,2024-11-27,2024-11-27
Alex Michelsen,Hard,2020s,4,wide,True,108,13,48,0.4444444444444444,2024-01-15,2026-01-10
Alex Michelsen,Hard,2020s,5,body,True,136,13,72,0.5294117647058824,2024-01-15,2026-01-10
Alex Michelsen,Hard,2020s,6,t,True,101,13,50,0.49504950495049505,2024-01-15,2026-01-10
Alex Michelsen,Grass,2020s,4,wide,True,39,4,22,0.5641025641025641,2023-07-18,2024-07-20
Alex Michelsen,Grass,2020s,5,body,True,59,4,31,0.5254237288135594,2023-07-18,2024-07-20
Alex Michelsen,Grass,2020s,6,t,True,24,4,13,0.5416666666666666,2023-07-18,2024-07-20
Alex Molcan,Hard,2020s,4,wide,True,107,8,58,0.5420560747663551,2022-01-07,2024-01-11
Alex Molcan,Hard,2020s,5,body,True,98,8,51,0.5204081632653061,2022-01-07,2024-01-11
Alex Molcan,Hard,2020s,6,t,True,74,8,38,0.5135135135135135,2022-01-07,2024-01-11
Alex Molcan,Clay,2020s,4,wide,True,45,3,28,0.6222222222222222,2022-05-19,2026-04-03
Alex Molcan,Clay,2020s,5,body,True,12,3,6,0.5,2022-05-19,2026-04-03
Alex Molcan,Clay,2020s,6,t,True,13,3,6,0.46153846153846156,2022-05-19,2026-04-03
Alex Radulescu,Grass,to_2009,4,wide,True,26,1,12,0.46153846153846156,1996-07-04,1996-07-04
Alex Radulescu,Grass,to_2009,5,body,True,21,1,9,0.42857142857142855,1996-07-04,1996-07-04
Alex Radulescu,Grass,to_2009,6,t,True,20,1,10,0.5,1996-07-04,1996-07-04
Alexander Blockx,Hard,2020s,4,wide,True,27,3,10,0.37037037037037035,2023-01-28,2026-01-09
Alexander Blockx,Hard,2020s,5,body,True,38,3,16,0.42105263157894735,2023-01-28,2026-01-09
Alexander Blockx,Hard,2020s,6,t,True,5,2,3,0.6,2025-12-21,2026-01-09
Alexander Blockx,Clay,2020s,4,wide,True,12,1,5,0.4166666666666667,2026-04-09,2026-04-09
Alexander Blockx,Clay,2020s,5,body,True,3,1,1,0.3333333333333333,2026-04-09,2026-04-09
Alexander Blockx,Clay,2020s,6,t,True,15,1,8,0.5333333333333333,2026-04-09,2026-04-09
Alexander Bublik,Hard,2010s,4,wide,True,62,8,25,0.4032258064516129,2017-10-16,2019-11-19
Alexander Bublik,Hard,2010s,5,body,True,117,8,61,0.5213675213675214,2017-10-16,2019-11-19
Alexander Bublik,Hard,2010s,6,t,True,133,8,70,0.5263157894736842,2017-10-16,2019-11-19
Alexander Bublik,Hard,2020s,4,wide,True,259,48,118,0.4555984555984556,2020-02-25,2026-02-25
Alexander Bublik,Hard,2020s,5,body,True,505,50,225,0.44554455445544555,2020-02-25,2026-02-25
Alexander Bublik,Hard,2020s,6,t,True,693,50,315,0.45454545454545453,2020-02-25,2026-02-25
Alexander Bublik,Hard,2020s,0,unknown,False,1,1,0,0.0,2022-01-19,2022-01-19
Alexander Bublik,Clay,2010s,4,wide,True,4,1,3,0.75,2019-04-17,2019-04-17
Alexander Bublik,Clay,2010s,5,body,True,10,1,4,0.4,2019-04-17,2019-04-17
Alexander Bublik,Clay,2010s,6,t,True,6,1,3,0.5,2019-04-17,2019-04-17
Alexander Bublik,Clay,2020s,4,wide,True,143,21,57,0.3986013986013986,2020-09-28,2026-04-10
Alexander Bublik,Clay,2020s,5,body,True,165,20,65,0.3939393939393939,2020-09-28,2026-04-10
Alexander Bublik,Clay,2020s,6,t,True,339,21,155,0.45722713864306785,2020-09-28,2026-04-10
Alexander Bublik,Grass,2010s,4,wide,True,17,3,9,0.5294117647058824,2019-06-17,2019-07-21
Alexander Bublik,Grass,2010s,5,body,True,58,3,29,0.5,2019-06-17,2019-07-21
Alexander Bublik,Grass,2010s,6,t,True,25,3,8,0.32,2019-06-17,2019-07-21
Alexander Bublik,Grass,2020s,4,wide,True,92,15,40,0.43478260869565216,2021-07-03,2025-06-22
Alexander Bublik,Grass,2020s,5,body,True,112,15,55,0.49107142857142855,2021-07-03,2025-06-22
Alexander Bublik,Grass,2020s,6,t,True,216,15,103,0.47685185185185186,2021-07-03,2025-06-22
Alexander Cozbinov,Hard,2020s,4,wide,True,17,1,6,0.35294117647058826,2020-01-03,2020-01-03
Alexander Cozbinov,Hard,2020s,5,body,True,19,1,9,0.47368421052631576,2020-01-03,2020-01-03
Alexander Cozbinov,Hard,2020s,6,t,True,8,1,3,0.375,2020-01-03,2020-01-03
Alexander Popp,Grass,to_2009,4,wide,True,19,1,9,0.47368421052631576,2003-06-29,2003-06-29
Alexander Popp,Grass,to_2009,5,body,True,18,1,10,0.5555555555555556,2003-06-29,2003-06-29
Alexander Popp,Grass,to_2009,6,t,True,14,1,3,0.21428571428571427,2003-06-29,2003-06-29
Alexander Ritschard,Clay,2020s,4,wide,True,7,1,3,0.42857142857142855,2021-10-17,2021-10-17
Alexander Ritschard,Clay,2020s,5,body,True,10,1,4,0.4,2021-10-17,2021-10-17
Alexander Ritschard,Clay,2020s,6,t,True,8,1,5,0.625,2021-10-17,2021-10-17
Alexander Shevchenko,Hard,2020s,4,wide,True,135,11,71,0.5259259259259259,2023-02-28,2026-01-21
Alexander Shevchenko,Hard,2020s,5,body,True,97,11,39,0.4020618556701031,2023-02-28,2026-01-21
Alexander Shevchenko,Hard,2020s,6,t,True,76,11,30,0.39473684210526316,2023-02-28,2026-01-21
Alexander Shevchenko,Clay,2020s,4,wide,True,110,8,56,0.509090909090909,2023-04-29,2025-07-17
Alexander Shevchenko,Clay,2020s,5,body,True,73,8,31,0.4246575342465753,2023-04-29,2025-07-17
Alexander Shevchenko,Clay,2020s,6,t,True,35,8,18,0.5142857142857142,2023-04-29,2025-07-17
Alexander Shevchenko,Clay,2020s,0,unknown,False,1,1,0,0.0,2023-05-01,2023-05-01
Alexander Shevchenko,Grass,2020s,4,wide,True,12,1,5,0.4166666666666667,2023-07-05,2023-07-05
Alexander Shevchenko,Grass,2020s,5,body,True,7,1,2,0.2857142857142857,2023-07-05,2023-07-05
Alexander Shevchenko,Grass,2020s,6,t,True,5,1,3,0.6,2023-07-05,2023-07-05
Alexander Vasilenko,Clay,2010s,4,wide,True,6,1,5,0.8333333333333334,2012-08-20,2012-08-20
Alexander Vasilenko,Clay,2010s,5,body,True,6,1,3,0.5,2012-08-20,2012-08-20
Alexander Vasilenko,Clay,2010s,6,t,True,1,1,0,0.0,2012-08-20,2012-08-20
Alexander Volkov,Hard,to_2009,4,wide,True,13,1,5,0.38461538461538464,1993-09-11,1993-09-11
Alexander Volkov,Hard,to_2009,5,body,True,16,1,5,0.3125,1993-09-11,1993-09-11
Alexander Volkov,Hard,to_2009,6,t,True,25,1,13,0.52,1993-09-11,1993-09-11
Alexander Volkov,Clay,to_2009,4,wide,True,12,1,6,0.5,1996-07-18,1996-07-18
Alexander Volkov,Clay,to_2009,5,body,True,7,1,3,0.42857142857142855,1996-07-18,1996-07-18
Alexander Volkov,Clay,to_2009,6,t,True,15,1,8,0.5333333333333333,1996-07-18,1996-07-18
Alexander Volkov,Grass,to_2009,4,wide,True,32,1,19,0.59375,1991-07-02,1991-07-02
Alexander Volkov,Grass,to_2009,5,body,True,21,1,9,0.42857142857142855,1991-07-02,1991-07-02
Alexander Volkov,Grass,to_2009,6,t,True,32,1,15,0.46875,1991-07-02,1991-07-02
Alexander Waske,Hard,to_2009,4,wide,True,8,1,4,0.5,2002-10-24,2002-10-24
Alexander Waske,Hard,to_2009,5,body,True,6,1,4,0.6666666666666666,2002-10-24,2002-10-24
Alexander Waske,Hard,to_2009,6,t,True,12,1,6,0.5,2002-10-24,2002-10-24
Alexander Zverev,Hard,2010s,4,wide,True,194,33,87,0.4484536082474227,2014-10-03,2019-11-16
Alexander Zverev,Hard,2010s,5,body,True,375,34,186,0.496,2014-10-03,2019-11-16
Alexander Zverev,Hard,2010s,6,t,True,265,34,118,0.44528301886792454,2014-10-03,2019-11-16
Alexander Zverev,Hard,2020s,4,wide,True,586,88,303,0.5170648464163823,2020-01-03,2026-03-27
Alexander Zverev,Hard,2020s,5,body,True,681,84,334,0.49045521292217326,2020-01-03,2026-03-27
Alexander Zverev,Hard,2020s,6,t,True,853,88,447,0.5240328253223916,2020-01-03,2026-03-27
Alexander Zverev,Clay,2010s,4,wide,True,116,14,57,0.49137931034482757,2016-05-09,2019-05-09
Alexander Zverev,Clay,2010s,5,body,True,138,14,68,0.4927536231884058,2016-05-09,2019-05-09
Alexander Zverev,Clay,2010s,6,t,True,96,15,55,0.5729166666666666,2016-05-09,2019-05-09
Alexander Zverev,Clay,2020s,4,wide,True,395,43,185,0.46835443037974683,2020-10-04,2026-04-30
Alexander Zverev,Clay,2020s,5,body,True,340,41,147,0.4323529411764706,2020-10-04,2026-05-03
Alexander Zverev,Clay,2020s,6,t,True,401,44,200,0.49875311720698257,2020-10-04,2026-05-03
Alexander Zverev,Grass,2010s,4,wide,True,29,6,15,0.5172413793103449,2015-06-24,2019-07-01
Alexander Zverev,Grass,2010s,5,body,True,63,6,27,0.42857142857142855,2015-06-24,2019-07-01
Alexander Zverev,Grass,2010s,6,t,True,51,6,16,0.3137254901960784,2015-06-24,2019-07-01
Alexander Zverev,Grass,2020s,4,wide,True,69,7,39,0.5652173913043478,2021-07-05,2025-06-30
Alexander Zverev,Grass,2020s,5,body,True,39,6,20,0.5128205128205128,2021-07-05,2025-06-30
Alexander Zverev,Grass,2020s,6,t,True,98,7,41,0.41836734693877553,2021-07-05,2025-06-30
Alexandr Binda,Hard,2020s,4,wide,True,8,1,6,0.75,2026-04-06,2026-04-06
Alexandr Binda,Hard,2020s,5,body,True,8,1,1,0.125,2026-04-06,2026-04-06
Alexandr Binda,Hard,2020s,6,t,True,11,1,7,0.6363636363636364,2026-04-06,2026-04-06
Alexandr Dolgopolov,Hard,2010s,4,wide,True,316,19,149,0.47151898734177217,2011-01-23,2017-10-12
Alexandr Dolgopolov,Hard,2010s,5,body,True,224,19,107,0.47767857142857145,2011-01-23,2017-10-12
Alexandr Dolgopolov,Hard,2010s,6,t,True,73,18,39,0.5342465753424658,2011-01-23,2017-10-12
Alexandr Dolgopolov,Clay,2010s,4,wide,True,138,7,74,0.5362318840579711,2012-04-19,2018-05-14
Alexandr Dolgopolov,Clay,2010s,5,body,True,81,7,36,0.4444444444444444,2012-04-19,2018-05-14
Alexandr Dolgopolov,Clay,2010s,6,t,True,16,6,10,0.625,2012-04-19,2018-05-14
Alexandr Dolgopolov,Grass,2010s,4,wide,True,66,2,34,0.5151515151515151,2014-06-27,2015-06-26
Alexandr Dolgopolov,Grass,2010s,5,body,True,29,2,13,0.4482758620689655,2014-06-27,2015-06-26
Alexandr Dolgopolov,Grass,2010s,6,t,True,6,1,2,0.3333333333333333,2014-06-27,2014-06-27
Alexandre Muller,Hard,2020s,4,wide,True,45,5,20,0.4444444444444444,2023-08-29,2025-11-06
Alexandre Muller,Hard,2020s,5,body,True,34,5,14,0.4117647058823529,2023-08-29,2025-11-06
Alexandre Muller,Hard,2020s,6,t,True,37,5,15,0.40540540540540543,2023-08-29,2025-11-06
Alexandre Muller,Clay,2020s,4,wide,True,97,6,45,0.4639175257731959,2023-04-09,2025-02-23
Alexandre Muller,Clay,2020s,5,body,True,53,6,21,0.39622641509433965,2023-04-09,2025-02-23
Alexandre Muller,Clay,2020s,6,t,True,32,6,16,0.5,2023-04-09,2025-02-23
Alexandre Muller,Grass,2020s,4,wide,True,27,2,15,0.5555555555555556,2023-07-07,2025-07-01
Alexandre Muller,Grass,2020s,5,body,True,61,2,34,0.5573770491803278,2023-07-07,2025-07-01
Alexandre Muller,Grass,2020s,6,t,True,11,2,3,0.2727272727272727,2023-07-07,2025-07-01
Alexandre Penaud,Clay,2010s,4,wide,True,4,1,1,0.25,2012-08-20,2012-08-20
Alexandre Penaud,Clay,2010s,5,body,True,3,1,1,0.3333333333333333,2012-08-20,2012-08-20
Alexandre Penaud,Clay,2010s,6,t,True,4,1,0,0.0,2012-08-20,2012-08-20
Alexei Popyrin,Hard,2010s,4,wide,True,31,2,13,0.41935483870967744,2019-01-19,2019-03-08
Alexei Popyrin,Hard,2010s,5,body,True,21,2,10,0.47619047619047616,2019-01-19,2019-03-08
Alexei Popyrin,Hard,2010s,6,t,True,47,2,28,0.5957446808510638,2019-01-19,2019-03-08
Alexei Popyrin,Hard,2020s,4,wide,True,247,23,121,0.4898785425101215,2020-01-25,2026-02-16
Alexei Popyrin,Hard,2020s,5,body,True,267,22,124,0.46441947565543074,2020-01-25,2026-02-16
Alexei Popyrin,Hard,2020s,6,t,True,149,23,72,0.48322147651006714,2020-01-25,2026-02-16
Alexei Popyrin,Clay,2020s,4,wide,True,97,7,40,0.41237113402061853,2023-04-03,2025-06-01
Alexei Popyrin,Clay,2020s,5,body,True,72,7,36,0.5,2023-04-03,2025-06-01
Alexei Popyrin,Clay,2020s,6,t,True,51,7,19,0.37254901960784315,2023-04-03,2025-06-01
Alexei Popyrin,Grass,2020s,4,wide,True,35,2,13,0.37142857142857144,2024-07-06,2025-06-30
Alexei Popyrin,Grass,2020s,5,body,True,35,2,20,0.5714285714285714,2024-07-06,2025-06-30
Alexei Popyrin,Grass,2020s,6,t,True,16,2,7,0.4375,2024-07-06,2025-06-30
Alexey Vatutin,Clay,2010s,4,wide,True,7,1,3,0.42857142857142855,2016-07-29,2016-07-29
Alexey Vatutin,Clay,2010s,5,body,True,6,1,2,0.3333333333333333,2016-07-29,2016-07-29
Alexey Vatutin,Clay,2010s,6,t,True,3,1,0,0.0,2016-07-29,2016-07-29
Alexis Galarneau,Hard,2020s,4,wide,True,32,3,16,0.5,2022-07-11,2024-10-29
Alexis Galarneau,Hard,2020s,5,body,True,31,3,16,0.5161290322580645,2022-07-11,2024-10-29
Alexis Galarneau,Hard,2020s,6,t,True,18,3,12,0.6666666666666666,2022-07-11,2024-10-29
Alexis Galarneau,Clay,2020s,4,wide,True,13,1,4,0.3076923076923077,2022-03-04,2022-03-04
Alexis Galarneau,Clay,2020s,5,body,True,14,1,8,0.5714285714285714,2022-03-04,2022-03-04
Alexis Galarneau,Clay,2020s,6,t,True,10,1,4,0.4,2022-03-04,2022-03-04
Aljaz Bedene,Hard,2010s,4,wide,True,144,10,69,0.4791666666666667,2014-01-03,2019-10-25
Aljaz Bedene,Hard,2010s,5,body,True,153,10,72,0.47058823529411764,2014-01-03,2019-10-25
Aljaz Bedene,Hard,2010s,6,t,True,107,10,45,0.4205607476635514,2014-01-03,2019-10-25
Aljaz Bedene,Clay,2010s,4,wide,True,286,16,146,0.5104895104895105,2016-04-13,2019-09-13
Aljaz Bedene,Clay,2010s,5,body,True,83,16,30,0.3614457831325301,2016-04-13,2019-09-13
Aljaz Bedene,Clay,2010s,6,t,True,180,16,95,0.5277777777777778,2016-04-13,2019-09-13
Aljaz Bedene,Grass,2010s,4,wide,True,10,1,7,0.7,2018-06-19,2018-06-19
Aljaz Bedene,Grass,2010s,5,body,True,4,1,1,0.25,2018-06-19,2018-06-19
Aljaz Bedene,Grass,2010s,6,t,True,10,1,4,0.4,2018-06-19,2018-06-19
Altug Celikbilek,Hard,2010s,4,wide,True,14,1,5,0.35714285714285715,2017-09-15,2017-09-15
Altug Celikbilek,Hard,2010s,5,body,True,10,1,3,0.3,2017-09-15,2017-09-15
Altug Celikbilek,Hard,2010s,6,t,True,4,1,2,0.5,2017-09-15,2017-09-15
Alvaro Guillen Meza,Clay,2020s,4,wide,True,43,3,20,0.46511627906976744,2024-01-21,2025-04-04
Alvaro Guillen Meza,Clay,2020s,5,body,True,4,2,2,0.5,2024-01-21,2024-03-26
Alvaro Guillen Meza,Clay,2020s,6,t,True,45,3,20,0.4444444444444444,2024-01-21,2025-04-04
Amir Weintraub,Hard,2010s,4,wide,True,10,1,7,0.7,2014-05-15,2014-05-15
Amir Weintraub,Hard,2010s,5,body,True,8,1,5,0.625,2014-05-15,2014-05-15
Amir Weintraub,Hard,2010s,6,t,True,11,1,5,0.45454545454545453,2014-05-15,2014-05-15
Amos Mansdorf,Hard,to_2009,4,wide,True,10,1,8,0.8,1992-02-23,1992-02-23
Amos Mansdorf,Hard,to_2009,5,body,True,33,1,18,0.5454545454545454,1992-02-23,1992-02-23
Amos Mansdorf,Hard,to_2009,6,t,True,1,1,0,0.0,1992-02-23,1992-02-23
Anders Jarryd,Grass,to_2009,4,wide,True,14,1,7,0.5,1985-07-05,1985-07-05
Anders Jarryd,Grass,to_2009,5,body,True,21,1,13,0.6190476190476191,1985-07-05,1985-07-05
Anders Jarryd,Grass,to_2009,6,t,True,5,1,1,0.2,1985-07-05,1985-07-05
Andre Agassi,Hard,to_2009,4,wide,True,2652,170,1445,0.5448717948717948,1988-03-05,2006-08-31
Andre Agassi,Hard,to_2009,5,body,True,1173,160,631,0.5379369138959932,1988-03-05,2006-08-31
Andre Agassi,Hard,to_2009,6,t,True,1750,167,947,0.5411428571428571,1988-03-05,2006-08-31
Andre Agassi,Hard,to_2009,0,unknown,False,7,1,7,1.0,2001-08-27,2001-08-27
Andre Agassi,Clay,to_2009,4,wide,True,446,26,216,0.484304932735426,1988-06-04,2005-05-07
Andre Agassi,Clay,to_2009,5,body,True,182,25,84,0.46153846153846156,1988-06-04,2005-05-07
Andre Agassi,Clay,to_2009,6,t,True,290,26,155,0.5344827586206896,1988-06-04,2005-05-07
Andre Agassi,Grass,to_2009,4,wide,True,330,16,204,0.6181818181818182,1991-07-04,2006-07-01
Andre Agassi,Grass,to_2009,5,body,True,150,16,88,0.5866666666666667,1991-07-04,2006-07-01
Andre Agassi,Grass,to_2009,6,t,True,202,16,113,0.5594059405940595,1991-07-04,2006-07-01
Andrea Arnaboldi,Grass,2010s,4,wide,True,17,1,12,0.7058823529411765,2019-07-01,2019-07-01
Andrea Arnaboldi,Grass,2010s,5,body,True,15,1,9,0.6,2019-07-01,2019-07-01
Andrea Arnaboldi,Grass,2010s,6,t,True,9,1,4,0.4444444444444444,2019-07-01,2019-07-01
Andrea Collarini,Clay,2010s,4,wide,True,5,1,3,0.6,2019-08-14,2019-08-14
Andrea Collarini,Clay,2010s,5,body,True,1,1,1,1.0,2019-08-14,2019-08-14
Andrea Collarini,Clay,2010s,6,t,True,1,1,1,1.0,2019-08-14,2019-08-14
Andrea Gaudenzi,Clay,to_2009,4,wide,True,38,4,22,0.5789473684210527,1995-04-27,1998-08-02
Andrea Gaudenzi,Clay,to_2009,5,body,True,31,4,22,0.7096774193548387,1995-04-27,1998-08-02
Andrea Gaudenzi,Clay,to_2009,6,t,True,19,3,10,0.5263157894736842,1995-04-27,1998-08-02
Andrea Gaudenzi,Clay,to_2009,0,unknown,False,1,1,0,0.0,1995-04-27,1995-04-27
Andrea Pellegrino,Clay,2020s,4,wide,True,19,2,13,0.6842105263157895,2021-10-10,2025-07-16
Andrea Pellegrino,Clay,2020s,5,body,True,17,2,9,0.5294117647058824,2021-10-10,2025-07-16
Andrea Pellegrino,Clay,2020s,6,t,True,7,2,2,0.2857142857142857,2021-10-10,2025-07-16
Andrea Vavassori,Hard,2020s,4,wide,True,17,3,9,0.5294117647058824,2021-11-08,2025-02-06
Andrea Vavassori,Hard,2020s,5,body,True,24,3,12,0.5,2021-11-08,2025-02-06
Andrea Vavassori,Hard,2020s,6,t,True,15,3,8,0.5333333333333333,2021-11-08,2025-02-06
Andrea Vavassori,Clay,2020s,4,wide,True,19,3,7,0.3684210526315789,2022-07-31,2024-02-16
Andrea Vavassori,Clay,2020s,5,body,True,12,3,3,0.25,2022-07-31,2024-02-16
Andrea Vavassori,Clay,2020s,6,t,True,25,3,11,0.44,2022-07-31,2024-02-16
Andreas Haider Maurer,Hard,2010s,4,wide,True,16,2,8,0.5,2015-03-12,2015-09-23
Andreas Haider Maurer,Hard,2010s,5,body,True,30,2,18,0.6,2015-03-12,2015-09-23
Andreas Haider Maurer,Hard,2010s,6,t,True,20,2,8,0.4,2015-03-12,2015-09-23
Andreas Haider Maurer,Clay,2010s,4,wide,True,9,1,3,0.3333333333333333,2017-08-19,2017-08-19
Andreas Haider Maurer,Clay,2010s,5,body,True,18,1,6,0.3333333333333333,2017-08-19,2017-08-19
Andreas Haider Maurer,Clay,2010s,6,t,True,3,1,3,1.0,2017-08-19,2017-08-19
Andreas Haider Maurer,Grass,2010s,4,wide,True,23,2,9,0.391304347826087,2015-06-08,2015-06-15
Andreas Haider Maurer,Grass,2010s,5,body,True,22,2,11,0.5,2015-06-08,2015-06-15
Andreas Haider Maurer,Grass,2010s,6,t,True,15,2,8,0.5333333333333333,2015-06-08,2015-06-15
Andreas Seppi,Hard,2010s,4,wide,True,217,18,108,0.4976958525345622,2012-09-23,2019-10-14
Andreas Seppi,Hard,2010s,5,body,True,279,18,153,0.5483870967741935,2012-09-23,2019-10-14
Andreas Seppi,Hard,2010s,6,t,True,200,18,105,0.525,2012-09-23,2019-10-14
Andreas Seppi,Hard,2020s,4,wide,True,20,1,9,0.45,2021-08-31,2021-08-31
Andreas Seppi,Hard,2020s,5,body,True,24,1,12,0.5,2021-08-31,2021-08-31
Andreas Seppi,Hard,2020s,6,t,True,26,1,11,0.4230769230769231,2021-08-31,2021-08-31
Andreas Seppi,Clay,to_2009,4,wide,True,15,1,6,0.4,2008-05-17,2008-05-17
Andreas Seppi,Clay,to_2009,5,body,True,3,1,1,0.3333333333333333,2008-05-17,2008-05-17
Andreas Seppi,Clay,to_2009,6,t,True,11,1,5,0.45454545454545453,2008-05-17,2008-05-17
Andreas Seppi,Clay,2010s,4,wide,True,50,4,20,0.4,2012-04-18,2019-05-12
Andreas Seppi,Clay,2010s,5,body,True,36,5,19,0.5277777777777778,2012-04-18,2019-05-12
Andreas Seppi,Clay,2010s,6,t,True,35,5,15,0.42857142857142855,2012-04-18,2019-05-12
Andreas Seppi,Grass,2010s,4,wide,True,24,3,11,0.4583333333333333,2012-06-24,2015-06-21
Andreas Seppi,Grass,2010s,5,body,True,27,3,13,0.48148148148148145,2012-06-24,2015-06-21
Andreas Seppi,Grass,2010s,6,t,True,17,3,11,0.6470588235294118,2012-06-24,2015-06-21
Andreas Vinciguerra,Hard,to_2009,4,wide,True,8,1,1,0.125,2001-11-03,2001-11-03
Andreas Vinciguerra,Hard,to_2009,5,body,True,6,1,1,0.16666666666666666,2001-11-03,2001-11-03
Andreas Vinciguerra,Hard,to_2009,6,t,True,14,1,6,0.42857142857142855,2001-11-03,2001-11-03
Andrei Cherkasov,Hard,to_2009,4,wide,True,18,1,5,0.2777777777777778,1990-09-06,1990-09-06
Andrei Cherkasov,Hard,to_2009,5,body,True,9,1,5,0.5555555555555556,1990-09-06,1990-09-06
Andrei Cherkasov,Hard,to_2009,6,t,True,10,1,4,0.4,1990-09-06,1990-09-06
Andrei Cherkasov,Clay,to_2009,4,wide,True,11,2,7,0.6363636363636364,1991-05-27,1991-06-02
Andrei Cherkasov,Clay,to_2009,5,body,True,17,2,7,0.4117647058823529,1991-05-27,1991-06-02
Andrei Cherkasov,Clay,to_2009,6,t,True,20,2,7,0.35,1991-05-27,1991-06-02
Andrei Chesnokov,Hard,to_2009,4,wide,True,40,2,21,0.525,1991-07-27,1991-07-28
Andrei Chesnokov,Hard,to_2009,5,body,True,22,2,12,0.5454545454545454,1991-07-27,1991-07-28
Andrei Chesnokov,Hard,to_2009,6,t,True,11,2,8,0.7272727272727273,1991-07-27,1991-07-28
Andrei Chesnokov,Clay,to_2009,4,wide,True,107,6,58,0.5420560747663551,1989-04-23,1995-12-01
Andrei Chesnokov,Clay,to_2009,5,body,True,103,6,57,0.5533980582524272,1989-04-23,1995-12-01
Andrei Chesnokov,Clay,to_2009,6,t,True,53,5,29,0.5471698113207547,1990-04-29,1995-12-01
Andrei Chesnokov,Grass,to_2009,4,wide,True,27,1,13,0.48148148148148145,1992-06-23,1992-06-23
Andrei Chesnokov,Grass,to_2009,5,body,True,35,1,18,0.5142857142857142,1992-06-23,1992-06-23
Andrei Chesnokov,Grass,to_2009,6,t,True,10,1,2,0.2,1992-06-23,1992-06-23
Andrei Medvedev,Hard,to_2009,4,wide,True,79,5,36,0.45569620253164556,1992-11-03,2000-03-14
Andrei Medvedev,Hard,to_2009,5,body,True,39,5,18,0.46153846153846156,1992-11-03,2000-03-14
Andrei Medvedev,Hard,to_2009,6,t,True,39,5,21,0.5384615384615384,1992-11-03,2000-03-14
Andrei Medvedev,Clay,to_2009,4,wide,True,99,6,54,0.5454545454545454,1993-06-03,1999-06-06
Andrei Medvedev,Clay,to_2009,5,body,True,66,6,35,0.5303030303030303,1993-06-03,1999-06-06
Andrei Medvedev,Clay,to_2009,6,t,True,56,6,26,0.4642857142857143,1993-06-03,1999-06-06
Andrei Pavel,Hard,to_2009,4,wide,True,100,7,50,0.5,2000-10-24,2006-08-28
Andrei Pavel,Hard,to_2009,5,body,True,73,7,38,0.5205479452054794,2000-10-24,2006-08-28
Andrei Pavel,Hard,to_2009,6,t,True,61,7,28,0.45901639344262296,2000-10-24,2006-08-28
Andrei Pavel,Clay,to_2009,4,wide,True,6,1,4,0.6666666666666666,2002-05-15,2002-05-15
Andrei Pavel,Clay,to_2009,5,body,True,3,1,0,0.0,2002-05-15,2002-05-15
Andrei Pavel,Clay,to_2009,6,t,True,6,1,3,0.5,2002-05-15,2002-05-15
Andrei Pavel,Grass,to_2009,4,wide,True,5,1,2,0.4,1999-06-20,1999-06-20
Andrei Pavel,Grass,to_2009,5,body,True,14,1,7,0.5,1999-06-20,1999-06-20
Andrei Pavel,Grass,to_2009,6,t,True,5,1,3,0.6,1999-06-20,1999-06-20
Andrei Stoliarov,Hard,to_2009,4,wide,True,15,1,10,0.6666666666666666,2003-01-01,2003-01-01
Andrei Stoliarov,Hard,to_2009,5,body,True,15,1,8,0.5333333333333333,2003-01-01,2003-01-01
Andrei Stoliarov,Hard,to_2009,6,t,True,12,1,8,0.6666666666666666,2003-01-01,2003-01-01
Andrej Martin,Hard,2020s,4,wide,True,15,1,6,0.4,2022-01-10,2022-01-10
Andrej Martin,Hard,2020s,5,body,True,8,1,4,0.5,2022-01-10,2022-01-10
Andrej Martin,Hard,2020s,6,t,True,20,1,7,0.35,2022-01-10,2022-01-10
Andrej Martin,Clay,2020s,4,wide,True,14,2,7,0.5,2021-07-22,2025-02-17
Andrej Martin,Clay,2020s,5,body,True,4,1,3,0.75,2025-02-17,2025-02-17
Andrej Martin,Clay,2020s,6,t,True,8,2,3,0.375,2021-07-22,2025-02-17
Andres Artunedo,Clay,2010s,4,wide,True,7,1,1,0.14285714285714285,2012-08-06,2012-08-06
Andres Artunedo,Clay,2010s,5,body,True,8,1,2,0.25,2012-08-06,2012-08-06
Andres Gomez,Hard,to_2009,4,wide,True,27,2,9,0.3333333333333333,1990-02-25,1990-08-11
Andres Gomez,Hard,to_2009,5,body,True,12,2,6,0.5,1990-02-25,1990-08-11
Andres Gomez,Hard,to_2009,6,t,True,26,2,12,0.46153846153846156,1990-02-25,1990-08-11
Andres Gomez,Clay,to_2009,4,wide,True,127,5,67,0.5275590551181102,1987-06-03,1990-06-10
Andres Gomez,Clay,to_2009,5,body,True,29,5,16,0.5517241379310345,1987-06-03,1990-06-10
Andres Gomez,Clay,to_2009,6,t,True,64,5,27,0.421875,1987-06-03,1990-06-10
Andrew Castle,Hard,to_2009,4,wide,True,18,1,7,0.3888888888888889,1987-09-03,1987-09-03
Andrew Castle,Hard,to_2009,5,body,True,17,1,8,0.47058823529411764,1987-09-03,1987-09-03
Andrew Castle,Hard,to_2009,6,t,True,18,1,5,0.2777777777777778,1987-09-03,1987-09-03
Andrew Foster,Grass,to_2009,4,wide,True,9,1,7,0.7777777777777778,1993-06-28,1993-06-28
Andrew Foster,Grass,to_2009,5,body,True,24,1,11,0.4583333333333333,1993-06-28,1993-06-28
Andrew Foster,Grass,to_2009,6,t,True,6,1,3,0.5,1993-06-28,1993-06-28
Andrew Harris,Hard,2010s,4,wide,True,11,1,4,0.36363636363636365,2019-02-10,2019-02-10
Andrew Harris,Hard,2010s,5,body,True,2,1,1,0.5,2019-02-10,2019-02-10
Andrew Harris,Hard,2010s,6,t,True,7,1,4,0.5714285714285714,2019-02-10,2019-02-10
Andrey Golubev,Hard,to_2009,4,wide,True,8,1,3,0.375,2008-10-26,2008-10-26
Andrey Golubev,Hard,to_2009,5,body,True,12,1,4,0.3333333333333333,2008-10-26,2008-10-26
Andrey Golubev,Hard,to_2009,6,t,True,2,1,0,0.0,2008-10-26,2008-10-26
Andrey Golubev,Hard,2010s,4,wide,True,19,1,12,0.631578947368421,2010-10-03,2010-10-03
Andrey Golubev,Hard,2010s,5,body,True,3,1,0,0.0,2010-10-03,2010-10-03
Andrey Golubev,Hard,2010s,6,t,True,21,1,15,0.7142857142857143,2010-10-03,2010-10-03
Andrey Golubev,Hard,2010s,0,unknown,False,1,1,1,1.0,2010-10-03,2010-10-03
Andrey Golubev,Clay,2010s,4,wide,True,15,2,12,0.8,2010-07-25,2015-05-22
Andrey Golubev,Clay,2010s,5,body,True,42,2,25,0.5952380952380952,2010-07-25,2015-05-22
Andrey Golubev,Clay,2010s,6,t,True,9,2,7,0.7777777777777778,2010-07-25,2015-05-22
Andrey Kuznetsov,Hard,2010s,4,wide,True,26,3,18,0.6923076923076923,2015-02-10,2016-03-12
Andrey Kuznetsov,Hard,2010s,5,body,True,35,3,19,0.5428571428571428,2015-02-10,2016-03-12
Andrey Kuznetsov,Hard,2010s,6,t,True,21,3,11,0.5238095238095238,2015-02-10,2016-03-12
Andrey Kuznetsov,Clay,2010s,4,wide,True,10,1,6,0.6,2013-05-14,2013-05-14
Andrey Kuznetsov,Clay,2010s,5,body,True,5,1,3,0.6,2013-05-14,2013-05-14
Andrey Kuznetsov,Clay,2010s,6,t,True,10,1,4,0.4,2013-05-14,2013-05-14
Andrey Rublev,Hard,2010s,4,wide,True,86,8,41,0.47674418604651164,2019-01-02,2019-10-10
Andrey Rublev,Hard,2010s,5,body,True,88,8,35,0.3977272727272727,2019-01-02,2019-10-10
Andrey Rublev,Hard,2010s,6,t,True,93,8,45,0.4838709677419355,2019-01-02,2019-10-10
Andrey Rublev,Hard,2020s,4,wide,True,1226,129,670,0.5464926590538336,2020-01-10,2026-02-27
Andrey Rublev,Hard,2020s,5,body,True,1079,126,550,0.5097312326227988,2020-01-10,2026-02-27
Andrey Rublev,Hard,2020s,6,t,True,1168,129,582,0.4982876712328767,2020-01-10,2026-02-27
Andrey Rublev,Clay,2010s,4,wide,True,74,6,34,0.4594594594594595,2015-04-21,2019-07-26
Andrey Rublev,Clay,2010s,5,body,True,47,6,28,0.5957446808510638,2015-04-21,2019-07-26
Andrey Rublev,Clay,2010s,6,t,True,62,6,30,0.4838709677419355,2015-04-21,2019-07-26
Andrey Rublev,Clay,2020s,4,wide,True,300,29,160,0.5333333333333333,2020-09-17,2026-04-19
Andrey Rublev,Clay,2020s,5,body,True,218,27,102,0.46788990825688076,2020-09-17,2025-06-02
Andrey Rublev,Clay,2020s,6,t,True,294,29,129,0.4387755102040816,2020-09-17,2026-04-19
Andrey Rublev,Grass,2020s,4,wide,True,40,4,18,0.45,2022-06-13,2024-07-02
Andrey Rublev,Grass,2020s,5,body,True,61,4,28,0.45901639344262296,2022-06-13,2024-07-02
Andrey Rublev,Grass,2020s,6,t,True,34,4,13,0.38235294117647056,2022-06-13,2024-07-02
Andy Murray,Hard,to_2009,4,wide,True,558,40,277,0.496415770609319,2005-08-31,2009-11-22
Andy Murray,Hard,to_2009,5,body,True,545,40,278,0.5100917431192661,2005-08-31,2009-11-22
Andy Murray,Hard,to_2009,6,t,True,340,40,170,0.5,2005-08-31,2009-11-22
Andy Murray,Hard,2010s,4,wide,True,1141,111,581,0.50920245398773,2010-01-26,2019-11-20
Andy Murray,Hard,2010s,5,body,True,1498,110,707,0.4719626168224299,2010-01-26,2019-11-20
Andy Murray,Hard,2010s,6,t,True,1030,109,489,0.4747572815533981,2010-01-26,2019-11-20
Andy Murray,Hard,2020s,4,wide,True,284,32,144,0.5070422535211268,2020-09-01,2024-03-20
Andy Murray,Hard,2020s,5,body,True,604,33,301,0.49834437086092714,2020-09-01,2024-03-20
Andy Murray,Hard,2020s,6,t,True,396,33,201,0.5075757575757576,2020-09-01,2024-03-20
Andy Murray,Hard,2020s,0,unknown,False,1,1,0,0.0,2022-10-11,2022-10-11
Andy Murray,Clay,to_2009,4,wide,True,23,2,11,0.4782608695652174,2006-05-09,2009-06-02
Andy Murray,Clay,to_2009,5,body,True,25,2,9,0.36,2006-05-09,2009-06-02
Andy Murray,Clay,to_2009,6,t,True,14,2,8,0.5714285714285714,2006-05-09,2009-06-02
Andy Murray,Clay,2010s,4,wide,True,332,24,153,0.4608433734939759,2011-05-13,2017-06-09
Andy Murray,Clay,2010s,5,body,True,254,24,134,0.5275590551181102,2011-05-13,2017-06-09
Andy Murray,Clay,2010s,6,t,True,224,24,108,0.48214285714285715,2011-05-13,2017-06-09
Andy Murray,Clay,2020s,4,wide,True,69,7,35,0.5072463768115942,2020-09-28,2024-05-26
Andy Murray,Clay,2020s,5,body,True,107,7,54,0.5046728971962616,2020-09-28,2024-05-26
Andy Murray,Clay,2020s,6,t,True,66,7,34,0.5151515151515151,2020-09-28,2024-05-26
Andy Murray,Grass,to_2009,4,wide,True,109,6,68,0.6238532110091743,2005-06-21,2009-07-03
Andy Murray,Grass,to_2009,5,body,True,143,6,74,0.5174825174825175,2005-06-21,2009-07-03
Andy Murray,Grass,to_2009,6,t,True,76,6,33,0.4342105263157895,2005-06-21,2009-07-03
Andy Murray,Grass,2010s,4,wide,True,221,20,125,0.5656108597285068,2010-07-02,2017-07-12
Andy Murray,Grass,2010s,5,body,True,266,21,153,0.575187969924812,2010-07-02,2017-07-12
Andy Murray,Grass,2010s,6,t,True,213,21,105,0.49295774647887325,2010-07-02,2017-07-12
Andy Murray,Grass,2020s,4,wide,True,72,9,45,0.625,2021-07-03,2023-07-06
Andy Murray,Grass,2020s,5,body,True,174,11,103,0.5919540229885057,2021-06-15,2023-07-06
Andy Murray,Grass,2020s,6,t,True,106,10,59,0.5566037735849056,2021-06-15,2023-07-06
Andy Roddick,Hard,to_2009,4,wide,True,965,74,529,0.5481865284974093,2001-03-19,2009-09-05
Andy Roddick,Hard,to_2009,5,body,True,662,74,347,0.5241691842900302,2001-03-19,2009-09-05
Andy Roddick,Hard,to_2009,6,t,True,686,74,364,0.5306122448979592,2001-03-19,2009-09-05
Andy Roddick,Hard,2010s,4,wide,True,168,14,83,0.49404761904761907,2010-01-24,2012-09-05
Andy Roddick,Hard,2010s,5,body,True,126,14,62,0.49206349206349204,2010-01-24,2012-09-05
Andy Roddick,Hard,2010s,6,t,True,166,14,88,0.5301204819277109,2010-01-24,2012-09-05
Andy Roddick,Clay,to_2009,4,wide,True,99,6,44,0.4444444444444444,2002-04-28,2009-06-01
Andy Roddick,Clay,to_2009,5,body,True,59,6,26,0.4406779661016949,2002-04-28,2009-06-01
Andy Roddick,Clay,to_2009,6,t,True,90,6,53,0.5888888888888889,2002-04-28,2009-06-01
Andy Roddick,Grass,to_2009,4,wide,True,251,17,136,0.5418326693227091,2003-06-15,2009-07-05
Andy Roddick,Grass,to_2009,5,body,True,226,17,125,0.5530973451327433,2003-06-15,2009-07-05
Andy Roddick,Grass,to_2009,6,t,True,191,17,96,0.5026178010471204,2003-06-15,2009-07-05
Andy Roddick,Grass,2010s,4,wide,True,13,3,3,0.23076923076923078,2011-06-06,2012-07-31
Andy Roddick,Grass,2010s,5,body,True,14,3,8,0.5714285714285714,2011-06-06,2012-07-31
Andy Roddick,Grass,2010s,6,t,True,12,3,6,0.5,2011-06-06,2012-07-31
Ante Pavic,Clay,2010s,4,wide,True,10,1,4,0.4,2014-07-21,2014-07-21
Ante Pavic,Clay,2010s,5,body,True,10,1,1,0.1,2014-07-21,2014-07-21
Ante Pavic,Clay,2010s,6,t,True,7,1,4,0.5714285714285714,2014-07-21,2014-07-21
Antoine Bellier,Hard,2020s,4,wide,True,7,1,4,0.5714285714285714,2023-11-05,2023-11-05
Antoine Bellier,Hard,2020s,5,body,True,23,1,14,0.6086956521739131,2023-11-05,2023-11-05
Antoine Bellier,Hard,2020s,6,t,True,9,1,5,0.5555555555555556,2023-11-05,2023-11-05
Antoine Escoffier,Hard,2020s,4,wide,True,11,2,5,0.45454545454545453,2020-02-25,2022-10-16
Antoine Escoffier,Hard,2020s,5,body,True,31,2,18,0.5806451612903226,2020-02-25,2022-10-16
Antoine Escoffier,Hard,2020s,6,t,True,5,2,3,0.6,2020-02-25,2022-10-16
Antoine Hoang,Hard,2010s,4,wide,True,2,1,1,0.5,2019-01-27,2019-01-27
Antoine Hoang,Hard,2010s,5,body,True,6,1,3,0.5,2019-01-27,2019-01-27
Antoine Hoang,Hard,2010s,6,t,True,6,1,3,0.5,2019-01-27,2019-01-27
Antonio Veic,Hard,2010s,4,wide,True,2,1,0,0.0,2015-08-24,2015-08-24
Antonio Veic,Hard,2010s,5,body,True,9,1,4,0.4444444444444444,2015-08-24,2015-08-24
Antonio Veic,Hard,2010s,6,t,True,5,1,1,0.2,2015-08-24,2015-08-24
Aristotelis Thanos,Hard,2020s,4,wide,True,9,1,3,0.3333333333333333,2022-01-01,2022-01-01
Aristotelis Thanos,Hard,2020s,5,body,True,11,1,4,0.36363636363636365,2022-01-01,2022-01-01
Aristotelis Thanos,Hard,2020s,6,t,True,2,1,1,0.5,2022-01-01,2022-01-01
Arklon Huertas Del Pino,Clay,2020s,4,wide,True,14,1,6,0.42857142857142855,2022-06-22,2022-06-22
Arklon Huertas Del Pino,Clay,2020s,5,body,True,29,1,14,0.4827586206896552,2022-06-22,2022-06-22
Arklon Huertas Del Pino,Clay,2020s,6,t,True,8,1,3,0.375,2022-06-22,2022-06-22
Arnaud Boetsch,Hard,to_2009,4,wide,True,27,3,12,0.4444444444444444,1993-11-06,1996-03-27
Arnaud Boetsch,Hard,to_2009,5,body,True,45,3,25,0.5555555555555556,1993-11-06,1996-03-27
Arnaud Boetsch,Hard,to_2009,6,t,True,36,3,21,0.5833333333333334,1993-11-06,1996-03-27
Arnaud Clement,Hard,to_2009,4,wide,True,100,8,50,0.5,2000-08-12,2006-08-06
Arnaud Clement,Hard,to_2009,5,body,True,181,8,95,0.5248618784530387,2000-08-12,2006-08-06
Arnaud Clement,Hard,to_2009,6,t,True,109,8,57,0.5229357798165137,2000-08-12,2006-08-06
Arnaud Clement,Clay,to_2009,4,wide,True,91,4,40,0.43956043956043955,1999-05-26,2004-05-24
Arnaud Clement,Clay,to_2009,5,body,True,47,4,15,0.3191489361702128,1999-05-26,2004-05-24
Arnaud Clement,Clay,to_2009,6,t,True,98,4,44,0.4489795918367347,1999-05-26,2004-05-24
Arnaud Di Pasquale,Hard,to_2009,4,wide,True,7,1,4,0.5714285714285714,2000-09-23,2000-09-23
Arnaud Di Pasquale,Hard,to_2009,5,body,True,7,1,5,0.7142857142857143,2000-09-23,2000-09-23
Arnaud Di Pasquale,Hard,to_2009,6,t,True,6,1,4,0.6666666666666666,2000-09-23,2000-09-23
Arthur Ashe,Hard,to_2009,4,wide,True,15,1,11,0.7333333333333333,1979-01-14,1979-01-14
Arthur Ashe,Hard,to_2009,5,body,True,7,1,1,0.14285714285714285,1979-01-14,1979-01-14
Arthur Ashe,Hard,to_2009,6,t,True,13,1,5,0.38461538461538464,1979-01-14,1979-01-14
Arthur Ashe,Grass,to_2009,4,wide,True,48,3,20,0.4166666666666667,1969-07-03,1975-07-03
Arthur Ashe,Grass,to_2009,5,body,True,47,3,22,0.46808510638297873,1969-07-03,1975-07-03
Arthur Ashe,Grass,to_2009,6,t,True,38,3,24,0.631578947368421,1969-07-03,1975-07-03
Arthur Cazaux,Hard,2020s,4,wide,True,66,7,32,0.48484848484848486,2020-02-01,2025-10-29
Arthur Cazaux,Hard,2020s,5,body,True,135,7,62,0.45925925925925926,2020-02-01,2025-10-29
Arthur Cazaux,Hard,2020s,6,t,True,42,7,22,0.5238095238095238,2020-02-01,2025-10-29
Arthur Cazaux,Hard,2020s,0,unknown,False,1,1,0,0.0,2024-02-01,2024-02-01
Arthur Cazaux,Clay,2020s,4,wide,True,80,5,38,0.475,2024-05-28,2025-07-26
Arthur Cazaux,Clay,2020s,5,body,True,53,5,26,0.49056603773584906,2024-05-28,2025-07-26
Arthur Cazaux,Clay,2020s,6,t,True,41,5,18,0.43902439024390244,2024-05-28,2025-07-26
Arthur Fery,Hard,2020s,4,wide,True,13,1,6,0.46153846153846156,2026-03-19,2026-03-19
Arthur Fery,Hard,2020s,5,body,True,6,1,3,0.5,2026-03-19,2026-03-19
Arthur Fery,Hard,2020s,6,t,True,7,1,4,0.5714285714285714,2026-03-19,2026-03-19
Arthur Fery,Grass,2020s,4,wide,True,29,2,18,0.6206896551724138,2023-07-05,2025-06-30
Arthur Fery,Grass,2020s,5,body,True,35,2,17,0.4857142857142857,2023-07-05,2025-06-30
Arthur Fery,Grass,2020s,6,t,True,22,2,16,0.7272727272727273,2023-07-05,2025-06-30
Arthur Fils,Hard,2020s,4,wide,True,456,37,248,0.543859649122807,2023-01-14,2026-03-25
Arthur Fils,Hard,2020s,5,body,True,311,37,159,0.5112540192926045,2023-01-14,2026-03-25
Arthur Fils,Hard,2020s,6,t,True,315,37,156,0.49523809523809526,2023-01-14,2026-03-25
Arthur Fils,Clay,2020s,4,wide,True,354,28,191,0.53954802259887,2023-07-28,2026-05-01
Arthur Fils,Clay,2020s,5,body,True,138,26,67,0.4855072463768116,2023-07-28,2026-05-01
Arthur Fils,Clay,2020s,6,t,True,229,28,118,0.5152838427947598,2023-07-28,2026-05-01
Arthur Fils,Grass,2020s,4,wide,True,86,5,44,0.5116279069767442,2024-06-12,2024-07-04
Arthur Fils,Grass,2020s,5,body,True,35,5,20,0.5714285714285714,2024-06-12,2024-07-04
Arthur Fils,Grass,2020s,6,t,True,54,5,26,0.48148148148148145,2024-06-12,2024-07-04
Arthur Rinderknech,Hard,2020s,4,wide,True,91,12,47,0.5164835164835165,2021-10-22,2026-02-11
Arthur Rinderknech,Hard,2020s,5,body,True,135,11,57,0.4222222222222222,2021-10-22,2026-02-11
Arthur Rinderknech,Hard,2020s,6,t,True,68,12,29,0.4264705882352941,2021-10-22,2026-02-11
Arthur Rinderknech,Clay,2020s,4,wide,True,61,5,26,0.4262295081967213,2023-05-12,2026-04-15
Arthur Rinderknech,Clay,2020s,5,body,True,17,3,9,0.5294117647058824,2023-06-01,2025-05-26
Arthur Rinderknech,Clay,2020s,6,t,True,49,5,17,0.3469387755102041,2023-05-12,2026-04-15
Arthur Rinderknech,Grass,2020s,4,wide,True,70,5,33,0.4714285714285714,2023-06-20,2025-07-04
Arthur Rinderknech,Grass,2020s,5,body,True,54,5,28,0.5185185185185185,2023-06-20,2025-07-04
Arthur Rinderknech,Grass,2020s,6,t,True,53,5,33,0.6226415094339622,2023-06-20,2025-07-04
Aslan Karatsev,Hard,2020s,4,wide,True,193,23,96,0.49740932642487046,2020-01-18,2023-08-28
Aslan Karatsev,Hard,2020s,5,body,True,450,23,237,0.5266666666666666,2020-01-18,2023-08-28
Aslan Karatsev,Hard,2020s,6,t,True,178,23,79,0.4438202247191011,2020-01-18,2023-08-28
Aslan Karatsev,Clay,2020s,4,wide,True,54,7,34,0.6296296296296297,2021-04-13,2023-05-02
Aslan Karatsev,Clay,2020s,5,body,True,87,7,41,0.47126436781609193,2021-04-13,2023-05-02
Aslan Karatsev,Clay,2020s,6,t,True,48,7,20,0.4166666666666667,2021-04-13,2023-05-02
Attila Balazs,Hard,2020s,4,wide,True,34,3,18,0.5294117647058824,2020-01-18,2023-08-29
Attila Balazs,Hard,2020s,5,body,True,39,3,19,0.48717948717948717,2020-01-18,2023-08-29
Attila Balazs,Hard,2020s,6,t,True,24,3,11,0.4583333333333333,2020-01-18,2023-08-29
Attila Balazs,Clay,2010s,4,wide,True,11,1,6,0.5454545454545454,2019-04-23,2019-04-23
Attila Balazs,Clay,2010s,5,body,True,8,1,5,0.625,2019-04-23,2019-04-23
Attila Balazs,Clay,2010s,6,t,True,5,1,5,1.0,2019-04-23,2019-04-23
Axel Michon,Hard,2010s,4,wide,True,4,1,2,0.5,2017-02-16,2017-02-16
Axel Michon,Hard,2010s,5,body,True,5,1,2,0.4,2017-02-16,2017-02-16
Axel Michon,Hard,2010s,6,t,True,6,1,1,0.16666666666666666,2017-02-16,2017-02-16
Balazs Taroczy,Clay,to_2009,4,wide,True,22,1,12,0.5454545454545454,1976-06-11,1976-06-11
Balazs Taroczy,Clay,to_2009,5,body,True,26,1,14,0.5384615384615384,1976-06-11,1976-06-11
Balazs Taroczy,Clay,to_2009,6,t,True,19,1,9,0.47368421052631576,1976-06-11,1976-06-11
Baptiste Crepatte,Hard,2010s,4,wide,True,5,1,1,0.2,2019-04-29,2019-04-29
Baptiste Crepatte,Hard,2010s,5,body,True,13,1,3,0.23076923076923078,2019-04-29,2019-04-29
Baptiste Crepatte,Hard,2010s,6,t,True,4,1,3,0.75,2019-04-29,2019-04-29
Baptiste Crepatte,Clay,2010s,4,wide,True,7,1,5,0.7142857142857143,2019-04-01,2019-04-01
Baptiste Crepatte,Clay,2010s,5,body,True,8,1,4,0.5,2019-04-01,2019-04-01
Baptiste Crepatte,Clay,2010s,6,t,True,10,1,4,0.4,2019-04-01,2019-04-01
Beibit Zhukayev,Hard,2020s,4,wide,True,10,1,6,0.6,2025-02-24,2025-02-24
Beibit Zhukayev,Hard,2020s,5,body,True,17,1,9,0.5294117647058824,2025-02-24,2025-02-24
Beibit Zhukayev,Hard,2020s,6,t,True,12,1,6,0.5,2025-02-24,2025-02-24
Ben Shelton,Hard,2020s,4,wide,True,353,34,177,0.5014164305949008,2021-08-01,2026-01-28
Ben Shelton,Hard,2020s,5,body,True,429,34,211,0.49184149184149184,2021-08-01,2026-01-28
Ben Shelton,Hard,2020s,6,t,True,342,34,193,0.564327485380117,2021-08-01,2026-01-28
Ben Shelton,Hard,2020s,0,unknown,False,1,1,1,1.0,2024-11-21,2024-11-21
Ben Shelton,Clay,2020s,4,wide,True,96,7,48,0.5,2023-04-07,2026-04-17
Ben Shelton,Clay,2020s,5,body,True,42,6,15,0.35714285714285715,2023-04-07,2025-06-01
Ben Shelton,Clay,2020s,6,t,True,74,7,38,0.5135135135135135,2023-04-07,2026-04-17
Ben Shelton,Grass,2020s,4,wide,True,19,3,9,0.47368421052631576,2024-07-07,2025-07-09
Ben Shelton,Grass,2020s,5,body,True,28,2,17,0.6071428571428571,2024-07-07,2025-07-09
Ben Shelton,Grass,2020s,6,t,True,37,3,14,0.3783783783783784,2024-07-07,2025-07-09
Benjamin Balleret,Clay,to_2009,4,wide,True,6,1,4,0.6666666666666666,2006-04-20,2006-04-20
Benjamin Balleret,Clay,to_2009,5,body,True,6,1,1,0.16666666666666666,2006-04-20,2006-04-20
Benjamin Balleret,Clay,to_2009,6,t,True,7,1,4,0.5714285714285714,2006-04-20,2006-04-20
Benjamin Becker,Hard,to_2009,4,wide,True,48,4,22,0.4583333333333333,2006-10-07,2009-11-10
Benjamin Becker,Hard,to_2009,5,body,True,22,3,11,0.5,2006-10-07,2008-01-14
Benjamin Becker,Hard,to_2009,6,t,True,55,4,24,0.43636363636363634,2006-10-07,2009-11-10
Benjamin Bonzi,Hard,2020s,4,wide,True,108,9,54,0.5,2021-08-01,2025-08-24
Benjamin Bonzi,Hard,2020s,5,body,True,122,9,73,0.5983606557377049,2021-08-01,2025-08-24
Benjamin Bonzi,Hard,2020s,6,t,True,98,9,54,0.5510204081632653,2021-08-01,2025-08-24
Benjamin Bonzi,Clay,2020s,4,wide,True,6,1,3,0.5,2025-04-25,2025-04-25
Benjamin Bonzi,Clay,2020s,5,body,True,10,1,7,0.7,2025-04-25,2025-04-25
Benjamin Bonzi,Clay,2020s,6,t,True,9,1,6,0.6666666666666666,2025-04-25,2025-04-25
Benjamin Bonzi,Grass,2020s,4,wide,True,11,1,5,0.45454545454545453,2025-06-09,2025-06-09
Benjamin Bonzi,Grass,2020s,6,t,True,8,1,3,0.375,2025-06-09,2025-06-09
Benjamin Hassan,Clay,2020s,4,wide,True,8,1,7,0.875,2024-04-22,2024-04-22
Benjamin Hassan,Clay,2020s,5,body,True,10,1,8,0.8,2024-04-22,2024-04-22
Benjamin Hassan,Clay,2020s,6,t,True,3,1,1,0.3333333333333333,2024-04-22,2024-04-22
Benoit Paire,Hard,2010s,4,wide,True,340,20,153,0.45,2014-01-07,2019-10-07
Benoit Paire,Hard,2010s,5,body,True,219,18,106,0.4840182648401826,2014-01-07,2019-10-07
Benoit Paire,Hard,2010s,6,t,True,204,20,85,0.4166666666666667,2014-01-07,2019-10-07
Benoit Paire,Hard,2020s,4,wide,True,246,12,92,0.37398373983739835,2020-01-04,2022-08-30
Benoit Paire,Hard,2020s,5,body,True,175,12,79,0.4514285714285714,2020-01-04,2022-08-30
Benoit Paire,Hard,2020s,6,t,True,73,12,26,0.3561643835616438,2020-01-04,2022-08-30
Benoit Paire,Clay,2010s,4,wide,True,96,7,47,0.4895833333333333,2012-05-06,2019-04-13
Benoit Paire,Clay,2010s,5,body,True,87,7,48,0.5517241379310345,2012-05-06,2019-04-13
Benoit Paire,Clay,2010s,6,t,True,70,7,23,0.32857142857142857,2012-05-06,2019-04-13
Benoit Paire,Clay,2020s,4,wide,True,69,5,21,0.30434782608695654,2021-05-04,2022-05-18
Benoit Paire,Clay,2020s,5,body,True,65,5,29,0.4461538461538462,2021-05-04,2022-05-18
Benoit Paire,Clay,2020s,6,t,True,32,5,7,0.21875,2021-05-04,2022-05-18
Benoit Paire,Grass,2010s,4,wide,True,30,2,12,0.4,2018-06-21,2018-07-07
Benoit Paire,Grass,2010s,5,body,True,45,2,21,0.4666666666666667,2018-06-21,2018-07-07
Benoit Paire,Grass,2010s,6,t,True,17,2,11,0.6470588235294118,2018-06-21,2018-07-07
Benoit Paire,Grass,2020s,4,wide,True,11,1,4,0.36363636363636365,2021-06-15,2021-06-15
Benoit Paire,Grass,2020s,5,body,True,9,1,3,0.3333333333333333,2021-06-15,2021-06-15
Benoit Paire,Grass,2020s,6,t,True,2,1,2,1.0,2021-06-15,2021-06-15
Bernabe Zapata Miralles,Hard,2010s,4,wide,True,7,1,3,0.42857142857142855,2019-10-27,2019-10-27
Bernabe Zapata Miralles,Hard,2010s,5,body,True,18,1,6,0.3333333333333333,2019-10-27,2019-10-27
Bernabe Zapata Miralles,Hard,2010s,6,t,True,7,1,5,0.7142857142857143,2019-10-27,2019-10-27
Bernabe Zapata Miralles,Hard,2020s,4,wide,True,15,2,5,0.3333333333333333,2021-08-31,2023-08-30
Bernabe Zapata Miralles,Hard,2020s,5,body,True,38,2,27,0.7105263157894737,2021-08-31,2023-08-30
Bernabe Zapata Miralles,Hard,2020s,6,t,True,13,2,9,0.6923076923076923,2021-08-31,2023-08-30
Bernabe Zapata Miralles,Clay,2020s,4,wide,True,41,6,23,0.5609756097560976,2022-04-18,2024-04-07
Bernabe Zapata Miralles,Clay,2020s,5,body,True,61,6,26,0.4262295081967213,2022-04-18,2024-04-07
Bernabe Zapata Miralles,Clay,2020s,6,t,True,40,6,18,0.45,2022-04-18,2024-04-07
Bernard Tomic,Hard,2010s,4,wide,True,218,22,117,0.536697247706422,2010-01-20,2016-01-09
Bernard Tomic,Hard,2010s,5,body,True,214,22,101,0.4719626168224299,2010-01-20,2016-01-09
Bernard Tomic,Hard,2010s,6,t,True,177,21,79,0.4463276836158192,2010-01-20,2016-01-09
Bernard Tomic,Hard,2010s,0,unknown,False,1,1,0,0.0,2014-07-20,2014-07-20
Bernard Tomic,Hard,2020s,4,wide,True,31,3,11,0.3548387096774194,2024-10-11,2025-10-13
Bernard Tomic,Hard,2020s,5,body,True,50,3,25,0.5,2024-10-11,2025-10-13
Bernard Tomic,Hard,2020s,6,t,True,17,3,5,0.29411764705882354,2024-10-11,2025-10-13
Bernard Tomic,Clay,2010s,4,wide,True,43,2,19,0.4418604651162791,2016-02-05,2019-04-22
Bernard Tomic,Clay,2010s,5,body,True,9,2,6,0.6666666666666666,2016-02-05,2019-04-22
Bernard Tomic,Clay,2010s,6,t,True,18,2,9,0.5,2016-02-05,2019-04-22
Bernard Tomic,Clay,2020s,4,wide,True,12,1,7,0.5833333333333334,2024-03-25,2024-03-25
Bernard Tomic,Clay,2020s,5,body,True,16,1,12,0.75,2024-03-25,2024-03-25
Bernard Tomic,Clay,2020s,6,t,True,3,1,2,0.6666666666666666,2024-03-25,2024-03-25
Bernard Tomic,Grass,2010s,4,wide,True,14,3,11,0.7857142857142857,2014-06-25,2015-06-11
Bernard Tomic,Grass,2010s,5,body,True,18,3,6,0.3333333333333333,2014-06-25,2015-06-11
Bernard Tomic,Grass,2010s,6,t,True,22,3,14,0.6363636363636364,2014-06-25,2015-06-11
Bernd Karbacher,Clay,to_2009,4,wide,True,30,1,16,0.5333333333333333,1996-06-05,1996-06-05
Bernd Karbacher,Clay,to_2009,5,body,True,3,1,1,0.3333333333333333,1996-06-05,1996-06-05
Bernd Karbacher,Clay,to_2009,6,t,True,23,1,12,0.5217391304347826,1996-06-05,1996-06-05
Bill Scanlon,Hard,to_2009,4,wide,True,36,1,15,0.4166666666666667,1983-09-09,1983-09-09
Bill Scanlon,Hard,to_2009,5,body,True,3,1,2,0.6666666666666666,1983-09-09,1983-09-09
Bill Scanlon,Hard,to_2009,6,t,True,10,1,5,0.5,1983-09-09,1983-09-09
Billy Harris,Hard,2020s,4,wide,True,19,3,10,0.5263157894736842,2022-07-11,2025-01-02
Billy Harris,Hard,2020s,5,body,True,32,3,13,0.40625,2022-07-11,2025-01-02
Billy Harris,Hard,2020s,6,t,True,8,2,3,0.375,2022-07-11,2025-01-02
Bjorn Borg,Hard,to_2009,4,wide,True,122,9,63,0.5163934426229508,1975-12-19,1981-09-13
Bjorn Borg,Hard,to_2009,5,body,True,178,9,95,0.5337078651685393,1975-12-19,1981-09-13
Bjorn Borg,Hard,to_2009,6,t,True,77,9,44,0.5714285714285714,1975-12-19,1981-09-13
Bjorn Borg,Clay,to_2009,4,wide,True,98,9,60,0.6122448979591837,1974-07-14,1991-04-22
Bjorn Borg,Clay,to_2009,5,body,True,125,9,67,0.536,1974-07-14,1991-04-22
Bjorn Borg,Clay,to_2009,6,t,True,31,9,12,0.3870967741935484,1974-07-14,1991-04-22
Bjorn Borg,Grass,to_2009,4,wide,True,69,4,44,0.6376811594202898,1980-07-05,1981-07-04
Bjorn Borg,Grass,to_2009,5,body,True,113,4,61,0.5398230088495575,1980-07-05,1981-07-04
Bjorn Borg,Grass,to_2009,6,t,True,54,4,28,0.5185185185185185,1980-07-05,1981-07-04
Bjorn Fratangelo,Hard,2010s,4,wide,True,22,1,16,0.7272727272727273,2019-07-29,2019-07-29
Bjorn Fratangelo,Hard,2010s,5,body,True,17,1,8,0.47058823529411764,2019-07-29,2019-07-29
Bjorn Fratangelo,Hard,2010s,6,t,True,18,1,11,0.6111111111111112,2019-07-29,2019-07-29
Bjorn Fratangelo,Clay,2020s,4,wide,True,14,1,4,0.2857142857142857,2022-05-24,2022-05-24
Bjorn Fratangelo,Clay,2020s,5,body,True,13,1,7,0.5384615384615384,2022-05-24,2022-05-24
Bjorn Fratangelo,Clay,2020s,6,t,True,9,1,2,0.2222222222222222,2022-05-24,2022-05-24
Bjorn Phau,Hard,to_2009,4,wide,True,11,1,3,0.2727272727272727,2009-08-31,2009-08-31
Bjorn Phau,Hard,to_2009,5,body,True,15,1,6,0.4,2009-08-31,2009-08-31
Bjorn Phau,Hard,to_2009,6,t,True,9,1,3,0.3333333333333333,2009-08-31,2009-08-31
Bjorn Phau,Hard,2010s,4,wide,True,10,1,3,0.3,2012-08-30,2012-08-30
Bjorn Phau,Hard,2010s,5,body,True,8,1,6,0.75,2012-08-30,2012-08-30
Bjorn Phau,Hard,2010s,6,t,True,16,1,5,0.3125,2012-08-30,2012-08-30
Blaz Kavcic,Hard,2010s,4,wide,True,62,4,27,0.43548387096774194,2011-01-20,2017-01-08
Blaz Kavcic,Hard,2010s,5,body,True,32,4,13,0.40625,2011-01-20,2017-01-08
Blaz Kavcic,Hard,2010s,6,t,True,30,4,11,0.36666666666666664,2011-01-20,2017-01-08
Blaz Rola,Clay,2010s,4,wide,True,40,2,17,0.425,2018-04-08,2019-06-21
Blaz Rola,Clay,2010s,5,body,True,6,2,3,0.5,2018-04-08,2019-06-21
Blaz Rola,Clay,2010s,6,t,True,15,2,9,0.6,2018-04-08,2019-06-21
Bob Bryan,Grass,to_2009,4,wide,True,6,1,4,0.6666666666666666,2000-06-12,2000-06-12
Bob Bryan,Grass,to_2009,5,body,True,9,1,7,0.7777777777777778,2000-06-12,2000-06-12
Bob Bryan,Grass,to_2009,6,t,True,8,1,2,0.25,2000-06-12,2000-06-12
Bobby Reynolds,Hard,to_2009,4,wide,True,15,1,6,0.4,2008-10-22,2008-10-22
Bobby Reynolds,Hard,to_2009,5,body,True,15,1,10,0.6666666666666666,2008-10-22,2008-10-22
Bobby Reynolds,Hard,to_2009,6,t,True,8,1,3,0.375,2008-10-22,2008-10-22
Bohdan Ulihrach,Hard,to_2009,4,wide,True,29,2,10,0.3448275862068966,1996-08-17,2005-01-19
Bohdan Ulihrach,Hard,to_2009,5,body,True,5,2,3,0.6,1996-08-17,2005-01-19
Bohdan Ulihrach,Hard,to_2009,6,t,True,25,2,13,0.52,1996-08-17,2005-01-19
Boris Becker,Hard,to_2009,4,wide,True,1629,101,809,0.49662369551872315,1985-01-06,1997-10-27
Boris Becker,Hard,to_2009,5,body,True,1492,101,745,0.49932975871313673,1985-01-06,1997-10-27
Boris Becker,Hard,to_2009,6,t,True,1083,101,562,0.5189289012003694,1985-01-06,1997-10-27
Boris Becker,Clay,to_2009,4,wide,True,328,18,153,0.46646341463414637,1985-07-28,1995-04-30
Boris Becker,Clay,to_2009,5,body,True,263,18,119,0.4524714828897338,1985-07-28,1995-04-30
Boris Becker,Clay,to_2009,6,t,True,201,17,102,0.5074626865671642,1985-07-28,1995-04-30
Boris Becker,Clay,to_2009,0,unknown,False,1,1,1,1.0,1988-04-27,1988-04-27
Boris Becker,Grass,to_2009,4,wide,True,575,35,283,0.49217391304347824,1985-06-29,1999-06-26
Boris Becker,Grass,to_2009,5,body,True,521,35,286,0.5489443378119002,1985-06-29,1999-06-26
Boris Becker,Grass,to_2009,6,t,True,536,35,289,0.539179104477612,1985-06-29,1999-06-26
Borna Coric,Hard,2010s,4,wide,True,164,18,89,0.5426829268292683,2015-02-26,2019-03-26
Borna Coric,Hard,2010s,5,body,True,98,18,53,0.5408163265306123,2015-02-26,2019-03-26
Borna Coric,Hard,2010s,6,t,True,166,18,79,0.4759036144578313,2015-02-26,2019-03-26
Borna Coric,Hard,2020s,4,wide,True,139,12,61,0.43884892086330934,2020-01-06,2024-08-08
Borna Coric,Hard,2020s,5,body,True,97,12,55,0.5670103092783505,2020-01-06,2024-08-08
Borna Coric,Hard,2020s,6,t,True,107,12,48,0.4485981308411215,2020-01-06,2024-08-08
Borna Coric,Clay,2010s,4,wide,True,191,13,103,0.5392670157068062,2015-04-13,2019-05-27
Borna Coric,Clay,2010s,5,body,True,107,13,55,0.514018691588785,2015-04-13,2019-05-27
Borna Coric,Clay,2010s,6,t,True,136,13,82,0.6029411764705882,2015-04-13,2019-05-27
Borna Coric,Clay,2020s,4,wide,True,71,5,43,0.6056338028169014,2022-04-11,2025-05-04
Borna Coric,Clay,2020s,5,body,True,32,5,18,0.5625,2022-04-11,2025-05-04
Borna Coric,Clay,2020s,6,t,True,67,5,33,0.4925373134328358,2022-04-11,2025-05-04
Borna Coric,Grass,2010s,4,wide,True,14,2,9,0.6428571428571429,2018-06-23,2018-06-24
Borna Coric,Grass,2010s,5,body,True,12,2,5,0.4166666666666667,2018-06-23,2018-06-24
Borna Coric,Grass,2010s,6,t,True,4,1,1,0.25,2018-06-24,2018-06-24
Borna Coric,Grass,2020s,4,wide,True,6,1,3,0.5,2023-06-20,2023-06-20
Borna Coric,Grass,2020s,5,body,True,6,1,1,0.16666666666666666,2023-06-20,2023-06-20
Borna Coric,Grass,2020s,6,t,True,8,1,1,0.125,2023-06-20,2023-06-20
Borna Gojo,Hard,2020s,4,wide,True,19,1,7,0.3684210526315789,2023-09-03,2023-09-03
Borna Gojo,Hard,2020s,5,body,True,18,1,7,0.3888888888888889,2023-09-03,2023-09-03
Borna Gojo,Hard,2020s,6,t,True,4,1,2,0.5,2023-09-03,2023-09-03
Botic Van De Zandschulp,Hard,2010s,4,wide,True,13,5,3,0.23076923076923078,2019-10-24,2019-11-19
Botic Van De Zandschulp,Hard,2010s,5,body,True,62,5,28,0.45161290322580644,2019-10-24,2019-11-19
Botic Van De Zandschulp,Hard,2010s,6,t,True,35,5,15,0.42857142857142855,2019-10-24,2019-11-19
Botic Van De Zandschulp,Hard,2020s,4,wide,True,422,73,196,0.46445497630331756,2020-02-22,2026-02-13
Botic Van De Zandschulp,Hard,2020s,5,body,True,1312,75,635,0.4839939024390244,2020-02-22,2026-02-13
Botic Van De Zandschulp,Hard,2020s,6,t,True,651,75,282,0.43317972350230416,2020-02-22,2026-02-13
Botic Van De Zandschulp,Hard,2020s,0,unknown,False,7,1,4,0.5714285714285714,2021-02-04,2021-02-04
Botic Van De Zandschulp,Clay,2020s,4,wide,True,173,26,74,0.4277456647398844,2021-05-27,2026-04-04
Botic Van De Zandschulp,Clay,2020s,5,body,True,407,26,194,0.47665847665847666,2021-05-27,2026-04-04
Botic Van De Zandschulp,Clay,2020s,6,t,True,223,26,107,0.4798206278026906,2021-05-27,2026-04-04
Botic Van De Zandschulp,Grass,2020s,4,wide,True,30,5,18,0.6,2021-06-30,2022-07-04
Botic Van De Zandschulp,Grass,2020s,5,body,True,107,5,57,0.5327102803738317,2021-06-30,2022-07-04
Botic Van De Zandschulp,Grass,2020s,6,t,True,60,5,34,0.5666666666666667,2021-06-30,2022-07-04
Brad Gilbert,Hard,to_2009,4,wide,True,104,8,50,0.4807692307692308,1987-09-07,1994-02-13
Brad Gilbert,Hard,to_2009,5,body,True,93,8,39,0.41935483870967744,1987-09-07,1994-02-13
Brad Gilbert,Hard,to_2009,6,t,True,56,8,17,0.30357142857142855,1987-09-07,1994-02-13
Brad Gilbert,Hard,to_2009,0,unknown,False,1,1,0,0.0,1994-02-13,1994-02-13
Bradley Klahn,Hard,2010s,4,wide,True,25,2,16,0.64,2018-01-27,2019-07-30
Bradley Klahn,Hard,2010s,5,body,True,8,2,4,0.5,2018-01-27,2019-07-30
Bradley Klahn,Hard,2010s,6,t,True,19,2,12,0.631578947368421,2018-01-27,2019-07-30
Brandon Holt,Hard,2020s,4,wide,True,1,1,1,1.0,2022-08-31,2022-08-31
Brandon Holt,Hard,2020s,5,body,True,57,1,26,0.45614035087719296,2022-08-31,2022-08-31
Brandon Holt,Hard,2020s,6,t,True,2,1,0,0.0,2022-08-31,2022-08-31
Brandon Nakashima,Hard,2020s,4,wide,True,363,29,196,0.5399449035812672,2020-11-22,2026-03-08
Brandon Nakashima,Hard,2020s,5,body,True,249,28,124,0.4979919678714859,2020-11-22,2026-03-08
Brandon Nakashima,Hard,2020s,6,t,True,164,29,79,0.4817073170731707,2020-11-22,2026-03-08
Brandon Nakashima,Hard,2020s,0,unknown,False,1,1,1,1.0,2020-11-22,2020-11-22
Brandon Nakashima,Clay,2020s,4,wide,True,101,5,49,0.48514851485148514,2022-04-19,2026-04-16
Brandon Nakashima,Clay,2020s,5,body,True,26,5,10,0.38461538461538464,2022-04-19,2026-04-16
Brandon Nakashima,Clay,2020s,6,t,True,56,5,25,0.44642857142857145,2022-04-19,2026-04-16
Brandon Nakashima,Grass,2020s,4,wide,True,120,6,61,0.5083333333333333,2021-06-30,2025-07-05
Brandon Nakashima,Grass,2020s,5,body,True,72,6,38,0.5277777777777778,2021-06-30,2025-07-05
Brandon Nakashima,Grass,2020s,6,t,True,56,5,29,0.5178571428571429,2021-06-30,2025-07-05
Brayden Schnur,Hard,2010s,4,wide,True,64,4,29,0.453125,2019-01-27,2019-02-17
Brayden Schnur,Hard,2010s,5,body,True,28,4,13,0.4642857142857143,2019-01-27,2019-02-17
Brayden Schnur,Hard,2010s,6,t,True,27,4,16,0.5925925925925926,2019-01-27,2019-02-17
Brayden Schnur,Grass,2010s,4,wide,True,19,1,12,0.631578947368421,2019-07-02,2019-07-02
Brayden Schnur,Grass,2010s,5,body,True,10,1,3,0.3,2019-07-02,2019-07-02
Brayden Schnur,Grass,2010s,6,t,True,4,1,1,0.25,2019-07-02,2019-07-02
Brian Battistone,Hard,2020s,4,wide,True,6,1,2,0.3333333333333333,2021-05-30,2021-05-30
Brian Battistone,Hard,2020s,5,body,True,17,1,5,0.29411764705882354,2021-05-30,2021-05-30
Brian Battistone,Hard,2020s,6,t,True,4,1,1,0.25,2021-05-30,2021-05-30
Brian Dabul,Hard,2010s,4,wide,True,13,1,5,0.38461538461538464,2010-08-31,2010-08-31
Brian Dabul,Hard,2010s,5,body,True,1,1,0,0.0,2010-08-31,2010-08-31
Brian Dabul,Hard,2010s,6,t,True,8,1,3,0.375,2010-08-31,2010-08-31
Brian Gottfried,Clay,to_2009,4,wide,True,1,1,1,1.0,1978-01-25,1978-01-25
Brian Gottfried,Clay,to_2009,5,body,True,19,1,7,0.3684210526315789,1978-01-25,1978-01-25
Brian Gottfried,Clay,to_2009,6,t,True,3,1,1,0.3333333333333333,1978-01-25,1978-01-25
Brian Gottfried,Grass,to_2009,4,wide,True,7,1,3,0.42857142857142855,1980-07-05,1980-07-05
Brian Gottfried,Grass,to_2009,5,body,True,3,1,3,1.0,1980-07-05,1980-07-05
Brian Gottfried,Grass,to_2009,6,t,True,18,1,8,0.4444444444444444,1980-07-05,1980-07-05
Brian Teacher,Grass,to_2009,4,wide,True,15,1,10,0.6666666666666666,1981-01-04,1981-01-04
Brian Teacher,Grass,to_2009,5,body,True,14,1,8,0.5714285714285714,1981-01-04,1981-01-04
Brian Teacher,Grass,to_2009,6,t,True,3,1,2,0.6666666666666666,1981-01-04,1981-01-04
Bruno Kuzuhara,Hard,2020s,4,wide,True,16,1,10,0.625,2022-01-29,2022-01-29
Bruno Kuzuhara,Hard,2020s,5,body,True,31,1,12,0.3870967741935484,2022-01-29,2022-01-29
Bruno Kuzuhara,Hard,2020s,6,t,True,12,1,7,0.5833333333333334,2022-01-29,2022-01-29
Bu Yunchaokete,Hard,2020s,4,wide,True,41,4,17,0.4146341463414634,2024-04-29,2024-08-26
Bu Yunchaokete,Hard,2020s,5,body,True,50,4,26,0.52,2024-04-29,2024-08-26
Bu Yunchaokete,Hard,2020s,6,t,True,24,4,9,0.375,2024-04-29,2024-08-26
Byron Black,Grass,to_2009,4,wide,True,18,2,4,0.2222222222222222,1993-06-26,1997-06-28
Byron Black,Grass,to_2009,5,body,True,30,2,15,0.5,1993-06-26,1997-06-28
Byron Black,Grass,to_2009,6,t,True,15,2,7,0.4666666666666667,1993-06-26,1997-06-28
Cameron Norrie,Hard,2010s,4,wide,True,33,4,17,0.5151515151515151,2019-01-14,2019-10-08
Cameron Norrie,Hard,2010s,5,body,True,28,4,12,0.42857142857142855,2019-01-14,2019-10-08
Cameron Norrie,Hard,2010s,6,t,True,29,4,12,0.41379310344827586,2019-01-14,2019-10-08
Cameron Norrie,Hard,2020s,4,wide,True,271,23,139,0.5129151291512916,2021-04-30,2026-02-23
Cameron Norrie,Hard,2020s,5,body,True,206,23,116,0.5631067961165048,2021-04-30,2026-02-23
Cameron Norrie,Hard,2020s,6,t,True,194,23,92,0.4742268041237113,2021-04-30,2026-02-23
Cameron Norrie,Clay,2010s,4,wide,True,12,1,8,0.6666666666666666,2019-02-04,2019-02-04
Cameron Norrie,Clay,2010s,5,body,True,4,1,2,0.5,2019-02-04,2019-02-04
Cameron Norrie,Clay,2010s,6,t,True,10,1,2,0.2,2019-02-04,2019-02-04
Cameron Norrie,Clay,2020s,4,wide,True,162,14,88,0.5432098765432098,2021-05-01,2026-04-17
Cameron Norrie,Clay,2020s,5,body,True,112,14,48,0.42857142857142855,2021-05-01,2026-04-17
Cameron Norrie,Clay,2020s,6,t,True,128,14,61,0.4765625,2021-05-01,2026-04-17
Cameron Norrie,Grass,2010s,4,wide,True,14,2,4,0.2857142857142857,2015-06-15,2019-07-04
Cameron Norrie,Grass,2010s,5,body,True,13,2,4,0.3076923076923077,2015-06-15,2019-07-04
Cameron Norrie,Grass,2010s,6,t,True,18,2,4,0.2222222222222222,2015-06-15,2019-07-04
Cameron Norrie,Grass,2020s,4,wide,True,42,4,19,0.4523809523809524,2021-06-20,2024-06-25
Cameron Norrie,Grass,2020s,5,body,True,36,4,18,0.5,2021-06-20,2024-06-25
Cameron Norrie,Grass,2020s,6,t,True,36,4,21,0.5833333333333334,2021-06-20,2024-06-25
Camilo Ugo Carabelli,Hard,2020s,4,wide,True,27,3,12,0.4444444444444444,2024-01-12,2026-01-04
Camilo Ugo Carabelli,Hard,2020s,5,body,True,70,3,31,0.44285714285714284,2024-01-12,2026-01-04
Camilo Ugo Carabelli,Hard,2020s,6,t,True,35,3,20,0.5714285714285714,2024-01-12,2026-01-04
Camilo Ugo Carabelli,Clay,2020s,4,wide,True,64,6,28,0.4375,2022-05-22,2024-10-18
Camilo Ugo Carabelli,Clay,2020s,5,body,True,125,6,58,0.464,2022-05-22,2024-10-18
Camilo Ugo Carabelli,Clay,2020s,6,t,True,26,5,10,0.38461538461538464,2022-05-22,2024-10-18
Carlos Alcaraz,Hard,2020s,4,wide,True,1333,128,784,0.5881470367591898,2021-02-09,2026-03-22
Carlos Alcaraz,Hard,2020s,5,body,True,941,119,497,0.5281615302869288,2021-02-09,2026-03-22
Carlos Alcaraz,Hard,2020s,6,t,True,1097,127,632,0.5761166818596172,2021-02-09,2026-03-22
Carlos Alcaraz,Clay,2010s,4,wide,True,15,2,13,0.8666666666666667,2019-04-02,2019-04-10
Carlos Alcaraz,Clay,2010s,5,body,True,25,2,16,0.64,2019-04-02,2019-04-10
Carlos Alcaraz,Clay,2010s,6,t,True,14,2,6,0.42857142857142855,2019-04-02,2019-04-10
Carlos Alcaraz,Clay,2020s,4,wide,True,817,69,456,0.5581395348837209,2020-02-18,2026-04-12
Carlos Alcaraz,Clay,2020s,5,body,True,476,65,255,0.5357142857142857,2020-02-18,2026-04-12
Carlos Alcaraz,Clay,2020s,6,t,True,579,69,321,0.5544041450777202,2020-02-18,2026-04-12
Carlos Alcaraz,Grass,2020s,4,wide,True,324,22,187,0.5771604938271605,2021-07-01,2025-07-13
Carlos Alcaraz,Grass,2020s,5,body,True,296,22,159,0.5371621621621622,2021-07-01,2025-07-13
Carlos Alcaraz,Grass,2020s,6,t,True,214,22,109,0.5093457943925234,2021-07-01,2025-07-13
Carlos Berlocq,Hard,2010s,4,wide,True,7,1,2,0.2857142857142857,2011-09-01,2011-09-01
Carlos Berlocq,Hard,2010s,5,body,True,15,1,3,0.2,2011-09-01,2011-09-01
Carlos Berlocq,Clay,2010s,4,wide,True,77,8,40,0.5194805194805194,2012-05-16,2019-09-19
Carlos Berlocq,Clay,2010s,5,body,True,96,7,40,0.4166666666666667,2012-05-16,2019-09-19
Carlos Berlocq,Clay,2010s,6,t,True,39,7,19,0.48717948717948717,2012-05-16,2019-09-19
Carlos Costa,Clay,to_2009,4,wide,True,37,2,20,0.5405405405405406,1992-05-09,1992-05-17
Carlos Costa,Clay,to_2009,5,body,True,33,2,14,0.42424242424242425,1992-05-09,1992-05-17
Carlos Costa,Clay,to_2009,6,t,True,12,2,5,0.4166666666666667,1992-05-09,1992-05-17
Carlos Eduardo Severino,Clay,2010s,4,wide,True,3,1,0,0.0,2015-10-19,2015-10-19
Carlos Eduardo Severino,Clay,2010s,5,body,True,28,1,11,0.39285714285714285,2015-10-19,2015-10-19
Carlos Gimeno Valero,Clay,2020s,5,body,True,8,1,3,0.375,2022-05-02,2022-05-02
Carlos Moya,Hard,to_2009,4,wide,True,362,21,190,0.5248618784530387,1997-01-13,2004-11-18
Carlos Moya,Hard,to_2009,5,body,True,280,21,144,0.5142857142857142,1997-01-13,2004-11-18
Carlos Moya,Hard,to_2009,6,t,True,190,21,95,0.5,1997-01-13,2004-11-18
Carlos Moya,Clay,to_2009,4,wide,True,193,12,110,0.5699481865284974,1997-04-26,2007-06-06
Carlos Moya,Clay,to_2009,5,body,True,120,12,59,0.49166666666666664,1997-04-26,2007-06-06
Carlos Moya,Clay,to_2009,6,t,True,67,11,35,0.5223880597014925,1997-04-26,2007-06-06
Carlos Moya,Grass,to_2009,4,wide,True,51,2,30,0.5882352941176471,2001-06-29,2004-06-28
Carlos Moya,Grass,to_2009,5,body,True,35,2,24,0.6857142857142857,2001-06-29,2004-06-28
Carlos Moya,Grass,to_2009,6,t,True,17,2,8,0.47058823529411764,2001-06-29,2004-06-28
Carlos Taberner,Hard,2020s,4,wide,True,8,1,4,0.5,2021-08-30,2021-08-30
Carlos Taberner,Hard,2020s,5,body,True,34,1,17,0.5,2021-08-30,2021-08-30
Carlos Taberner,Hard,2020s,6,t,True,22,1,15,0.6818181818181818,2021-08-30,2021-08-30
Carlos Taberner,Clay,2020s,4,wide,True,3,1,0,0.0,2025-03-23,2025-03-23
Carlos Taberner,Clay,2020s,5,body,True,7,1,3,0.42857142857142855,2025-03-23,2025-03-23
Carlos Taberner,Clay,2020s,6,t,True,14,1,4,0.2857142857142857,2025-03-23,2025-03-23
Casper Ruud,Hard,2010s,4,wide,True,6,1,2,0.3333333333333333,2019-11-07,2019-11-07
Casper Ruud,Hard,2010s,5,body,True,1,1,0,0.0,2019-11-07,2019-11-07
Casper Ruud,Hard,2010s,6,t,True,6,1,2,0.3333333333333333,2019-11-07,2019-11-07
Casper Ruud,Hard,2020s,4,wide,True,979,96,520,0.5311542390194075,2020-01-05,2026-03-11
Casper Ruud,Hard,2020s,5,body,True,660,90,365,0.553030303030303,2020-01-05,2026-03-11
Casper Ruud,Hard,2020s,6,t,True,826,95,446,0.5399515738498789,2020-01-05,2026-03-11
Casper Ruud,Clay,2010s,4,wide,True,96,7,51,0.53125,2017-02-23,2019-07-23
Casper Ruud,Clay,2010s,5,body,True,32,5,15,0.46875,2017-02-23,2019-07-23
Casper Ruud,Clay,2010s,6,t,True,87,7,35,0.40229885057471265,2017-02-23,2019-07-23
Casper Ruud,Clay,2020s,4,wide,True,775,65,441,0.5690322580645162,2020-09-20,2026-05-17
Casper Ruud,Clay,2020s,5,body,True,394,60,223,0.565989847715736,2020-09-20,2026-05-17
Casper Ruud,Clay,2020s,6,t,True,605,65,306,0.5057851239669422,2020-09-20,2026-05-17
Casper Ruud,Clay,2020s,0,unknown,False,1,1,0,0.0,2021-06-04,2021-06-04
Casper Ruud,Grass,2020s,4,wide,True,10,1,8,0.8,2023-07-03,2023-07-03
Casper Ruud,Grass,2020s,5,body,True,21,1,11,0.5238095238095238,2023-07-03,2023-07-03
Casper Ruud,Grass,2020s,6,t,True,11,1,7,0.6363636363636364,2023-07-03,2023-07-03
Cedric Pioline,Hard,to_2009,4,wide,True,109,8,52,0.47706422018348627,1992-10-25,2000-02-12
Cedric Pioline,Hard,to_2009,5,body,True,164,8,85,0.5182926829268293,1992-10-25,2000-02-12
Cedric Pioline,Hard,to_2009,6,t,True,62,8,31,0.5,1992-10-25,2000-02-12
Cedric Pioline,Hard,to_2009,0,unknown,False,1,1,0,0.0,1993-09-12,1993-09-12
Cedric Pioline,Clay,to_2009,4,wide,True,73,4,35,0.4794520547945205,1993-04-24,1998-06-06
Cedric Pioline,Clay,to_2009,5,body,True,38,4,25,0.6578947368421053,1993-04-24,1998-06-06
Cedric Pioline,Clay,to_2009,6,t,True,43,4,20,0.46511627906976744,1993-04-24,1998-06-06
Cedric Pioline,Grass,to_2009,4,wide,True,58,4,31,0.5344827586206896,1993-07-01,1997-07-06
Cedric Pioline,Grass,to_2009,5,body,True,69,4,40,0.5797101449275363,1993-07-01,1997-07-06
Cedric Pioline,Grass,to_2009,6,t,True,56,4,29,0.5178571428571429,1993-07-01,1997-07-06
Cedrik Marcel Stebe,Hard,2010s,4,wide,True,6,1,5,0.8333333333333334,2019-10-25,2019-10-25
Cedrik Marcel Stebe,Hard,2010s,5,body,True,6,1,4,0.6666666666666666,2019-10-25,2019-10-25
Cedrik Marcel Stebe,Hard,2010s,6,t,True,3,1,0,0.0,2019-10-25,2019-10-25
Cem Ilkel,Hard,2010s,4,wide,True,5,1,3,0.6,2019-05-13,2019-05-13
Cem Ilkel,Hard,2010s,5,body,True,23,1,15,0.6521739130434783,2019-05-13,2019-05-13
Cem Ilkel,Hard,2010s,6,t,True,2,1,2,1.0,2019-05-13,2019-05-13
Cem Ilkel,Hard,2020s,4,wide,True,16,1,9,0.5625,2022-10-23,2022-10-23
Cem Ilkel,Hard,2020s,5,body,True,11,1,6,0.5454545454545454,2022-10-23,2022-10-23
Cem Ilkel,Hard,2020s,6,t,True,19,1,7,0.3684210526315789,2022-10-23,2022-10-23
Cem Ilkel,Grass,2010s,4,wide,True,1,1,1,1.0,2019-06-25,2019-06-25
Cem Ilkel,Grass,2010s,5,body,True,10,1,4,0.4,2019-06-25,2019-06-25
Cem Ilkel,Grass,2010s,6,t,True,3,1,2,0.6666666666666666,2019-06-25,2019-06-25
Charles Broom,Grass,2020s,4,wide,True,10,1,5,0.5,2024-07-01,2024-07-01
Charles Broom,Grass,2020s,5,body,True,14,1,9,0.6428571428571429,2024-07-01,2024-07-01
Charles Broom,Grass,2020s,6,t,True,7,1,3,0.42857142857142855,2024-07-01,2024-07-01
Chase Buchanan,Clay,2010s,4,wide,True,5,1,2,0.4,2015-03-31,2015-03-31
Chase Buchanan,Clay,2010s,5,body,True,12,1,6,0.5,2015-03-31,2015-03-31
Chase Buchanan,Clay,2010s,6,t,True,10,1,1,0.1,2015-03-31,2015-03-31
Chieh Fu Wang,Hard,2010s,4,wide,True,10,1,1,0.1,2015-09-21,2015-09-21
Chieh Fu Wang,Hard,2010s,5,body,True,6,1,2,0.3333333333333333,2015-09-21,2015-09-21
Chieh Fu Wang,Hard,2010s,6,t,True,6,1,3,0.5,2015-09-21,2015-09-21
Chris Guccione,Hard,to_2009,4,wide,True,15,1,8,0.5333333333333333,2007-01-07,2007-01-07
Chris Guccione,Hard,to_2009,5,body,True,16,1,6,0.375,2007-01-07,2007-01-07
Chris Guccione,Hard,to_2009,6,t,True,11,1,3,0.2727272727272727,2007-01-07,2007-01-07
Chris Lewis,Grass,to_2009,4,wide,True,29,2,18,0.6206896551724138,1983-07-01,1983-07-03
Chris Lewis,Grass,to_2009,5,body,True,25,2,15,0.6,1983-07-01,1983-07-03
Chris Lewis,Grass,to_2009,6,t,True,33,2,19,0.5757575757575758,1983-07-01,1983-07-03
Chris Woodruff,Hard,to_2009,4,wide,True,50,4,22,0.44,1996-03-03,2000-01-25
Chris Woodruff,Hard,to_2009,5,body,True,43,4,18,0.4186046511627907,1996-03-03,2000-01-25
Chris Woodruff,Hard,to_2009,6,t,True,46,4,23,0.5,1996-03-03,2000-01-25
Christian Bergstrom,Hard,to_2009,4,wide,True,13,1,4,0.3076923076923077,1993-09-28,1993-09-28
Christian Bergstrom,Hard,to_2009,5,body,True,13,1,5,0.38461538461538464,1993-09-28,1993-09-28
Christian Bergstrom,Hard,to_2009,6,t,True,9,1,3,0.3333333333333333,1993-09-28,1993-09-28
Christian Harrison,Hard,2020s,4,wide,True,3,1,2,0.6666666666666666,2021-04-15,2021-04-15
Christian Harrison,Hard,2020s,5,body,True,10,1,6,0.6,2021-04-15,2021-04-15
Christian Harrison,Hard,2020s,6,t,True,4,1,3,0.75,2021-04-15,2021-04-15
Christian Saceanu,Grass,to_2009,4,wide,True,13,1,9,0.6923076923076923,1992-06-29,1992-06-29
Christian Saceanu,Grass,to_2009,5,body,True,18,1,6,0.3333333333333333,1992-06-29,1992-06-29
Christian Saceanu,Grass,to_2009,6,t,True,9,1,2,0.2222222222222222,1992-06-29,1992-06-29
Christoph Negritu,Hard,2020s,4,wide,True,9,1,6,0.6666666666666666,2024-12-01,2024-12-01
Christoph Negritu,Hard,2020s,5,body,True,11,1,7,0.6363636363636364,2024-12-01,2024-12-01
Christoph Negritu,Hard,2020s,6,t,True,4,1,3,0.75,2024-12-01,2024-12-01
Christophe Rochus,Clay,to_2009,4,wide,True,5,1,1,0.2,2005-05-14,2005-05-14
Christophe Rochus,Clay,to_2009,5,body,True,10,1,3,0.3,2005-05-14,2005-05-14
Christophe Rochus,Clay,to_2009,6,t,True,5,1,2,0.4,2005-05-14,2005-05-14
Christophe Roger Vasselin,Clay,to_2009,4,wide,True,10,1,2,0.2,1983-06-03,1983-06-03
Christophe Roger Vasselin,Clay,to_2009,5,body,True,1,1,0,0.0,1983-06-03,1983-06-03
Christophe Roger Vasselin,Clay,to_2009,6,t,True,8,1,2,0.25,1983-06-03,1983-06-03
Christopher Eubanks,Hard,2010s,4,wide,True,19,1,8,0.42105263157894735,2019-02-13,2019-02-13
Christopher Eubanks,Hard,2010s,5,body,True,3,1,1,0.3333333333333333,2019-02-13,2019-02-13
Christopher Eubanks,Hard,2010s,6,t,True,6,1,2,0.3333333333333333,2019-02-13,2019-02-13
Christopher Eubanks,Hard,2020s,4,wide,True,86,9,50,0.5813953488372093,2022-09-01,2025-01-29
Christopher Eubanks,Hard,2020s,5,body,True,51,8,12,0.23529411764705882,2022-09-01,2024-03-25
Christopher Eubanks,Hard,2020s,6,t,True,78,9,36,0.46153846153846156,2022-09-01,2025-01-29
Christopher Eubanks,Clay,2020s,4,wide,True,32,3,13,0.40625,2022-05-17,2024-05-27
Christopher Eubanks,Clay,2020s,5,body,True,19,3,8,0.42105263157894735,2022-05-17,2024-05-27
Christopher Eubanks,Clay,2020s,6,t,True,28,3,13,0.4642857142857143,2022-05-17,2024-05-27
Christopher Eubanks,Grass,2020s,4,wide,True,60,4,27,0.45,2023-06-20,2025-07-01
Christopher Eubanks,Grass,2020s,5,body,True,49,4,21,0.42857142857142855,2023-06-20,2025-07-01
Christopher Eubanks,Grass,2020s,6,t,True,51,4,29,0.5686274509803921,2023-06-20,2025-07-01
Christopher Heyman,Hard,2010s,4,wide,True,2,1,2,1.0,2018-01-17,2018-01-17
Christopher Heyman,Hard,2010s,5,body,True,6,1,4,0.6666666666666666,2018-01-17,2018-01-17
Christopher Heyman,Hard,2010s,6,t,True,1,1,1,1.0,2018-01-17,2018-01-17
Christopher Oconnell,Hard,2010s,4,wide,True,7,1,1,0.14285714285714285,2015-11-02,2015-11-02
Christopher Oconnell,Hard,2010s,5,body,True,10,1,5,0.5,2015-11-02,2015-11-02
Christopher Oconnell,Hard,2010s,6,t,True,6,1,1,0.16666666666666666,2015-11-02,2015-11-02
Christopher Oconnell,Hard,2020s,4,wide,True,189,11,93,0.49206349206349204,2022-01-20,2026-02-09
Christopher Oconnell,Hard,2020s,5,body,True,188,11,82,0.43617021276595747,2022-01-20,2026-02-09
Christopher Oconnell,Hard,2020s,6,t,True,78,11,36,0.46153846153846156,2022-01-20,2026-02-09
Christopher Oconnell,Clay,2020s,4,wide,True,36,2,15,0.4166666666666667,2023-04-06,2025-04-25
Christopher Oconnell,Clay,2020s,5,body,True,16,2,4,0.25,2023-04-06,2025-04-25
Christopher Oconnell,Clay,2020s,6,t,True,20,2,11,0.55,2023-04-06,2025-04-25
Christopher Oconnell,Grass,2020s,4,wide,True,22,2,14,0.6363636363636364,2023-06-13,2023-06-16
Christopher Oconnell,Grass,2020s,5,body,True,15,2,6,0.4,2023-06-13,2023-06-16
Christopher Oconnell,Grass,2020s,6,t,True,13,2,6,0.46153846153846156,2023-06-13,2023-06-16
Chun Hsin Tseng,Hard,2010s,4,wide,True,15,1,8,0.5333333333333333,2019-03-21,2019-03-21
Chun Hsin Tseng,Hard,2010s,5,body,True,11,1,2,0.18181818181818182,2019-03-21,2019-03-21
Chun Hsin Tseng,Hard,2010s,6,t,True,8,1,3,0.375,2019-03-21,2019-03-21
Chun Hsin Tseng,Hard,2020s,4,wide,True,10,1,7,0.7,2020-02-18,2020-02-18
Chun Hsin Tseng,Hard,2020s,5,body,True,5,1,4,0.8,2020-02-18,2020-02-18
Chun Hsin Tseng,Hard,2020s,6,t,True,3,1,0,0.0,2020-02-18,2020-02-18
Chun Hsin Tseng,Clay,2020s,4,wide,True,11,1,6,0.5454545454545454,2024-03-15,2024-03-15
Chun Hsin Tseng,Clay,2020s,6,t,True,23,1,13,0.5652173913043478,2024-03-15,2024-03-15
Clement Chidekh,Hard,2020s,4,wide,True,18,1,9,0.5,2025-01-25,2025-01-25
Clement Chidekh,Hard,2020s,5,body,True,3,1,2,0.6666666666666666,2025-01-25,2025-01-25
Clement Chidekh,Hard,2020s,6,t,True,21,1,12,0.5714285714285714,2025-01-25,2025-01-25
Coleman Wong,Hard,2020s,4,wide,True,36,3,19,0.5277777777777778,2024-01-02,2025-03-22
Coleman Wong,Hard,2020s,5,body,True,36,3,19,0.5277777777777778,2024-01-02,2025-03-22
Coleman Wong,Hard,2020s,6,t,True,16,3,7,0.4375,2024-01-02,2025-03-22
Colton Smith,Hard,2020s,4,wide,True,5,1,3,0.6,2024-11-05,2024-11-05
Colton Smith,Hard,2020s,5,body,True,11,1,7,0.6363636363636364,2024-11-05,2024-11-05
Colton Smith,Hard,2020s,6,t,True,6,1,4,0.6666666666666666,2024-11-05,2024-11-05
Conner Huertas Del Pino,Clay,2020s,4,wide,True,12,1,5,0.4166666666666667,2022-06-22,2022-06-22
Conner Huertas Del Pino,Clay,2020s,5,body,True,9,1,6,0.6666666666666666,2022-06-22,2022-06-22
Conner Huertas Del Pino,Clay,2020s,6,t,True,9,1,5,0.5555555555555556,2022-06-22,2022-06-22
Constant Lestienne,Hard,2010s,4,wide,True,19,1,10,0.5263157894736842,2018-09-26,2018-09-26
Constant Lestienne,Hard,2010s,5,body,True,10,1,7,0.7,2018-09-26,2018-09-26
Constant Lestienne,Hard,2010s,6,t,True,10,1,5,0.5,2018-09-26,2018-09-26
Constant Lestienne,Hard,2020s,5,body,True,25,1,13,0.52,2022-09-30,2022-09-30
Constant Lestienne,Hard,2020s,6,t,True,3,1,1,0.3333333333333333,2022-09-30,2022-09-30
Constant Lestienne,Grass,2020s,4,wide,True,33,1,12,0.36363636363636365,2024-07-02,2024-07-02
Constant Lestienne,Grass,2020s,5,body,True,9,1,2,0.2222222222222222,2024-07-02,2024-07-02
Constant Lestienne,Grass,2020s,6,t,True,13,1,3,0.23076923076923078,2024-07-02,2024-07-02
Cooper Kose,Hard,2020s,4,wide,True,9,1,5,0.5555555555555556,2024-10-28,2024-10-28
Cooper Kose,Hard,2020s,5,body,True,18,1,9,0.5,2024-10-28,2024-10-28
Cooper Kose,Hard,2020s,6,t,True,6,1,5,0.8333333333333334,2024-10-28,2024-10-28
Cooper Williams,Hard,2020s,4,wide,True,9,1,4,0.4444444444444444,2024-08-07,2024-08-07
Cooper Williams,Hard,2020s,5,body,True,7,1,0,0.0,2024-08-07,2024-08-07
Cooper Williams,Hard,2020s,6,t,True,7,1,3,0.42857142857142855,2024-08-07,2024-08-07
Corentin Denolly,Clay,2010s,4,wide,True,28,1,9,0.32142857142857145,2019-07-15,2019-07-15
Corentin Denolly,Clay,2010s,5,body,True,4,1,4,1.0,2019-07-15,2019-07-15
Corentin Denolly,Clay,2010s,6,t,True,8,1,4,0.5,2019-07-15,2019-07-15
Corentin Moutet,Hard,2010s,4,wide,True,20,3,8,0.4,2019-02-10,2019-10-14
Corentin Moutet,Hard,2010s,5,body,True,27,3,15,0.5555555555555556,2019-02-10,2019-10-14
Corentin Moutet,Hard,2010s,6,t,True,16,3,8,0.5,2019-02-10,2019-10-14
Corentin Moutet,Hard,2020s,4,wide,True,97,11,55,0.5670103092783505,2020-01-10,2026-01-23
Corentin Moutet,Hard,2020s,5,body,True,175,11,84,0.48,2020-01-10,2026-01-23
Corentin Moutet,Hard,2020s,6,t,True,92,11,44,0.4782608695652174,2020-01-10,2026-01-23
Corentin Moutet,Clay,2020s,4,wide,True,79,6,34,0.43037974683544306,2024-03-02,2025-05-11
Corentin Moutet,Clay,2020s,5,body,True,56,5,25,0.44642857142857145,2024-03-02,2025-05-11
Corentin Moutet,Clay,2020s,6,t,True,54,6,22,0.4074074074074074,2024-03-02,2025-05-11
Corentin Moutet,Grass,2020s,4,wide,True,16,2,8,0.5,2023-06-19,2025-06-28
Corentin Moutet,Grass,2020s,5,body,True,26,2,16,0.6153846153846154,2023-06-19,2025-06-28
Corentin Moutet,Grass,2020s,6,t,True,14,2,9,0.6428571428571429,2023-06-19,2025-06-28
Corrado Barazzutti,Clay,to_2009,4,wide,True,2,1,1,0.5,1979-09-22,1979-09-22
Corrado Barazzutti,Clay,to_2009,5,body,True,6,1,3,0.5,1979-09-22,1979-09-22
Corrado Borroni,Clay,to_2009,4,wide,True,7,1,0,0.0,1995-05-18,1995-05-18
Corrado Borroni,Clay,to_2009,5,body,True,10,1,4,0.4,1995-05-18,1995-05-18
Corrado Borroni,Clay,to_2009,6,t,True,3,1,0,0.0,1995-05-18,1995-05-18
Cristian Garin,Hard,2010s,4,wide,True,38,4,21,0.5526315789473685,2018-01-27,2019-11-01
Cristian Garin,Hard,2010s,5,body,True,60,4,29,0.48333333333333334,2018-01-27,2019-11-01
Cristian Garin,Hard,2010s,6,t,True,51,4,21,0.4117647058823529,2018-01-27,2019-11-01
Cristian Garin,Hard,2020s,4,wide,True,108,10,57,0.5277777777777778,2020-10-29,2025-01-16
Cristian Garin,Hard,2020s,5,body,True,120,10,51,0.425,2020-10-29,2025-01-16
Cristian Garin,Hard,2020s,6,t,True,74,9,25,0.33783783783783783,2020-10-29,2025-01-16
Cristian Garin,Clay,2010s,4,wide,True,53,5,32,0.6037735849056604,2019-03-02,2019-07-22
Cristian Garin,Clay,2010s,5,body,True,46,5,19,0.41304347826086957,2019-03-02,2019-07-22
Cristian Garin,Clay,2010s,6,t,True,39,5,12,0.3076923076923077,2019-03-02,2019-07-22
Cristian Garin,Clay,2020s,4,wide,True,57,6,28,0.49122807017543857,2021-05-07,2024-04-06
Cristian Garin,Clay,2020s,5,body,True,66,6,30,0.45454545454545453,2021-05-07,2024-04-06
Cristian Garin,Clay,2020s,6,t,True,55,6,21,0.38181818181818183,2021-05-07,2024-04-06
Cristian Garin,Grass,2020s,4,wide,True,20,2,10,0.5,2022-07-04,2022-07-06
Cristian Garin,Grass,2020s,5,body,True,54,2,28,0.5185185185185185,2022-07-04,2022-07-06
Cristian Garin,Grass,2020s,6,t,True,15,2,6,0.4,2022-07-04,2022-07-06
Dalibor Svrcina,Hard,2020s,4,wide,True,7,1,4,0.5714285714285714,2021-11-02,2021-11-02
Dalibor Svrcina,Hard,2020s,5,body,True,9,1,4,0.4444444444444444,2021-11-02,2021-11-02
Dalibor Svrcina,Hard,2020s,6,t,True,11,1,8,0.7272727272727273,2021-11-02,2021-11-02
Dalibor Svrcina,Clay,2020s,4,wide,True,12,1,3,0.25,2021-10-04,2021-10-04
Dalibor Svrcina,Clay,2020s,5,body,True,9,1,2,0.2222222222222222,2021-10-04,2021-10-04
Damir Dzumhur,Hard,2010s,4,wide,True,85,8,43,0.5058823529411764,2016-03-10,2019-02-15
Damir Dzumhur,Hard,2010s,5,body,True,42,8,16,0.38095238095238093,2016-03-10,2019-02-15
Damir Dzumhur,Hard,2010s,6,t,True,74,8,37,0.5,2016-03-10,2019-02-15
Damir Dzumhur,Hard,2020s,4,wide,True,10,1,6,0.6,2023-01-09,2023-01-09
Damir Dzumhur,Hard,2020s,5,body,True,5,1,3,0.6,2023-01-09,2023-01-09
Damir Dzumhur,Hard,2020s,6,t,True,2,1,1,0.5,2023-01-09,2023-01-09
Damir Dzumhur,Clay,2010s,4,wide,True,19,2,10,0.5263157894736842,2015-05-29,2016-04-27
Damir Dzumhur,Clay,2010s,5,body,True,3,1,1,0.3333333333333333,2015-05-29,2015-05-29
Damir Dzumhur,Clay,2010s,6,t,True,12,2,6,0.5,2015-05-29,2016-04-27
Damir Dzumhur,Grass,2010s,4,wide,True,14,1,4,0.2857142857142857,2015-06-30,2015-06-30
Damir Dzumhur,Grass,2010s,5,body,True,3,1,2,0.6666666666666666,2015-06-30,2015-06-30
Damir Dzumhur,Grass,2010s,6,t,True,11,1,2,0.18181818181818182,2015-06-30,2015-06-30
Dan Goldie,Hard,to_2009,4,wide,True,25,1,15,0.6,1987-09-04,1987-09-04
Dan Goldie,Hard,to_2009,5,body,True,16,1,11,0.6875,1987-09-04,1987-09-04
Dan Goldie,Hard,to_2009,6,t,True,7,1,5,0.7142857142857143,1987-09-04,1987-09-04
Dan Martin,Hard,2020s,4,wide,True,8,1,4,0.5,2025-07-28,2025-07-28
Dan Martin,Hard,2020s,5,body,True,11,1,5,0.45454545454545453,2025-07-28,2025-07-28
Dan Martin,Hard,2020s,6,t,True,4,1,3,0.75,2025-07-28,2025-07-28
Daniel Altmaier,Hard,2020s,4,wide,True,96,10,37,0.3854166666666667,2022-08-30,2025-10-22
Daniel Altmaier,Hard,2020s,5,body,True,116,9,50,0.43103448275862066,2022-08-30,2025-10-22
Daniel Altmaier,Hard,2020s,6,t,True,91,9,46,0.5054945054945055,2022-08-30,2025-10-22
Daniel Altmaier,Clay,2010s,4,wide,True,13,1,6,0.46153846153846156,2019-07-07,2019-07-07
Daniel Altmaier,Clay,2010s,5,body,True,5,1,0,0.0,2019-07-07,2019-07-07
Daniel Altmaier,Clay,2010s,6,t,True,5,1,4,0.8,2019-07-07,2019-07-07
Daniel Altmaier,Clay,2020s,4,wide,True,101,8,47,0.46534653465346537,2023-06-01,2025-06-01
Daniel Altmaier,Clay,2020s,5,body,True,78,7,40,0.5128205128205128,2023-06-01,2025-06-01
Daniel Altmaier,Clay,2020s,6,t,True,73,8,33,0.4520547945205479,2023-06-01,2025-06-01
Daniel Altmaier,Grass,2020s,4,wide,True,22,3,7,0.3181818181818182,2022-06-14,2025-06-16
Daniel Altmaier,Grass,2020s,5,body,True,9,3,5,0.5555555555555556,2022-06-14,2025-06-16
Daniel Altmaier,Grass,2020s,6,t,True,22,3,13,0.5909090909090909,2022-06-14,2025-06-16
Daniel Cox,Hard,2010s,4,wide,True,6,1,4,0.6666666666666666,2014-03-17,2014-03-17
Daniel Cox,Hard,2010s,5,body,True,6,1,3,0.5,2014-03-17,2014-03-17
Daniel Cox,Hard,2010s,6,t,True,4,1,2,0.5,2014-03-17,2014-03-17
Daniel De Jonge,Hard,2020s,4,wide,True,8,1,5,0.625,2025-12-14,2025-12-14
Daniel De Jonge,Hard,2020s,5,body,True,12,1,6,0.5,2025-12-14,2025-12-14
Daniel De Jonge,Hard,2020s,6,t,True,15,1,9,0.6,2025-12-14,2025-12-14
Daniel Dutra Da Silva,Clay,2020s,4,wide,True,45,3,25,0.5555555555555556,2022-07-25,2024-10-15
Daniel Dutra Da Silva,Clay,2020s,5,body,True,10,3,5,0.5,2022-07-25,2024-10-15
Daniel Dutra Da Silva,Clay,2020s,6,t,True,54,3,22,0.4074074074074074,2022-07-25,2024-10-15
Daniel Elahi Galan,Hard,2020s,4,wide,True,77,7,40,0.5194805194805194,2021-01-10,2025-08-09
Daniel Elahi Galan,Hard,2020s,5,body,True,109,7,51,0.46788990825688076,2021-01-10,2025-08-09
Daniel Elahi Galan,Hard,2020s,6,t,True,63,7,21,0.3333333333333333,2021-01-10,2025-08-09
Daniel Elahi Galan,Clay,2020s,4,wide,True,76,5,39,0.5131578947368421,2020-11-29,2025-05-28
Daniel Elahi Galan,Clay,2020s,5,body,True,62,5,28,0.45161290322580644,2020-11-29,2025-05-28
Daniel Elahi Galan,Clay,2020s,6,t,True,49,5,27,0.5510204081632653,2020-11-29,2025-05-28
Daniel Elahi Galan,Grass,2020s,4,wide,True,20,2,9,0.45,2023-07-03,2023-07-09
Daniel Elahi Galan,Grass,2020s,5,body,True,55,2,22,0.4,2023-07-03,2023-07-09
Daniel Elahi Galan,Grass,2020s,6,t,True,9,2,4,0.4444444444444444,2023-07-03,2023-07-09
Daniel Evans,Hard,2010s,4,wide,True,52,5,23,0.4423076923076923,2016-07-19,2019-11-20
Daniel Evans,Hard,2010s,5,body,True,53,5,29,0.5471698113207547,2016-07-19,2019-11-20
Daniel Evans,Hard,2010s,6,t,True,40,5,14,0.35,2016-07-19,2019-11-20
Daniel Evans,Hard,2020s,4,wide,True,158,16,83,0.5253164556962026,2020-01-09,2024-08-27
Daniel Evans,Hard,2020s,5,body,True,229,16,112,0.4890829694323144,2020-01-09,2024-08-27
Daniel Evans,Hard,2020s,6,t,True,156,16,82,0.5256410256410257,2020-01-09,2024-08-27
Daniel Evans,Clay,2010s,4,wide,True,6,1,4,0.6666666666666666,2017-04-27,2017-04-27
Daniel Evans,Clay,2010s,5,body,True,3,1,1,0.3333333333333333,2017-04-27,2017-04-27
Daniel Evans,Clay,2010s,6,t,True,8,1,3,0.375,2017-04-27,2017-04-27
Daniel Evans,Clay,2020s,4,wide,True,48,6,17,0.3541666666666667,2021-04-14,2024-07-28
Daniel Evans,Clay,2020s,5,body,True,72,6,37,0.5138888888888888,2021-04-14,2024-07-28
Daniel Evans,Clay,2020s,6,t,True,54,5,23,0.42592592592592593,2021-04-15,2024-07-28
Daniel Evans,Grass,2010s,4,wide,True,2,1,1,0.5,2019-06-09,2019-06-09
Daniel Evans,Grass,2010s,5,body,True,12,1,6,0.5,2019-06-09,2019-06-09
Daniel Evans,Grass,2010s,6,t,True,1,1,1,1.0,2019-06-09,2019-06-09
Daniel Evans,Grass,2020s,4,wide,True,36,3,20,0.5555555555555556,2021-06-29,2022-06-22
Daniel Evans,Grass,2020s,5,body,True,39,3,21,0.5384615384615384,2021-06-29,2022-06-22
Daniel Evans,Grass,2020s,6,t,True,23,3,12,0.5217391304347826,2021-06-29,2022-06-22
Daniel Evans,Grass,2020s,0,unknown,False,1,1,1,1.0,2021-06-29,2021-06-29
Daniel Gimeno Traver,Clay,2010s,4,wide,True,44,4,23,0.5227272727272727,2012-05-08,2015-04-25
Daniel Gimeno Traver,Clay,2010s,5,body,True,42,4,17,0.40476190476190477,2012-05-08,2015-04-25
Daniel Gimeno Traver,Clay,2010s,6,t,True,20,4,10,0.5,2012-05-08,2015-04-25
Daniel Kosakowski,Hard,2010s,4,wide,True,6,1,4,0.6666666666666666,2014-03-07,2014-03-07
Daniel Kosakowski,Hard,2010s,5,body,True,9,1,2,0.2222222222222222,2014-03-07,2014-03-07
Daniel Kosakowski,Hard,2010s,6,t,True,6,1,1,0.16666666666666666,2014-03-07,2014-03-07
Daniel Masur,Hard,2020s,4,wide,True,3,1,1,0.3333333333333333,2021-11-07,2021-11-07
Daniel Masur,Hard,2020s,5,body,True,8,1,4,0.5,2021-11-07,2021-11-07
Daniel Masur,Hard,2020s,6,t,True,5,1,3,0.6,2021-11-07,2021-11-07
Daniel Michalski,Clay,2020s,4,wide,True,25,2,11,0.44,2022-03-27,2024-03-13
Daniel Michalski,Clay,2020s,5,body,True,5,2,2,0.4,2022-03-27,2024-03-13
Daniel Michalski,Clay,2020s,6,t,True,23,2,12,0.5217391304347826,2022-03-27,2024-03-13
Daniel Michalski,Clay,2020s,0,unknown,False,1,1,0,0.0,2022-03-27,2022-03-27
Daniel Nestor,Hard,to_2009,4,wide,True,8,1,4,0.5,2000-09-01,2000-09-01
Daniel Nestor,Hard,to_2009,5,body,True,10,1,4,0.4,2000-09-01,2000-09-01
Daniel Nestor,Hard,to_2009,6,t,True,5,1,2,0.4,2000-09-01,2000-09-01
Daniel Nguyen,Hard,2010s,4,wide,True,7,1,2,0.2857142857142857,2014-11-04,2014-11-04
Daniel Nguyen,Hard,2010s,5,body,True,10,1,7,0.7,2014-11-04,2014-11-04
Daniel Nguyen,Hard,2010s,6,t,True,13,1,5,0.38461538461538464,2014-11-04,2014-11-04
Daniel Rincon,Clay,2020s,4,wide,True,5,1,4,0.8,2024-04-15,2024-04-15
Daniel Rincon,Clay,2020s,5,body,True,14,1,6,0.42857142857142855,2024-04-15,2024-04-15
Daniel Rincon,Clay,2020s,6,t,True,6,1,4,0.6666666666666666,2024-04-15,2024-04-15
Daniel Smethurst,Hard,2010s,4,wide,True,6,1,3,0.5,2014-05-15,2014-05-15
Daniel Smethurst,Hard,2010s,5,body,True,12,1,8,0.6666666666666666,2014-05-15,2014-05-15
Daniel Smethurst,Hard,2010s,6,t,True,4,1,2,0.5,2014-05-15,2014-05-15
Daniel Vacek,Hard,to_2009,4,wide,True,23,1,10,0.43478260869565216,2001-08-29,2001-08-29
Daniel Vacek,Hard,to_2009,5,body,True,22,1,13,0.5909090909090909,2001-08-29,2001-08-29
Daniel Vacek,Hard,to_2009,6,t,True,21,1,7,0.3333333333333333,2001-08-29,2001-08-29
Daniel Vacek,Grass,to_2009,4,wide,True,7,1,3,0.42857142857142855,1994-06-27,1994-06-27
Daniel Vacek,Grass,to_2009,5,body,True,12,1,7,0.5833333333333334,1994-06-27,1994-06-27
Daniel Vacek,Grass,to_2009,6,t,True,9,1,5,0.5555555555555556,1994-06-27,1994-06-27
Daniil Medvedev,Hard,2010s,4,wide,True,530,35,288,0.5433962264150943,2017-01-08,2019-11-15
Daniil Medvedev,Hard,2010s,5,body,True,302,35,148,0.4900662251655629,2017-01-08,2019-11-15
Daniil Medvedev,Hard,2010s,6,t,True,215,35,115,0.5348837209302325,2017-01-08,2019-11-15
Daniil Medvedev,Hard,2020s,4,wide,True,2544,192,1335,0.5247641509433962,2020-01-11,2026-03-15
Daniil Medvedev,Hard,2020s,5,body,True,1654,186,813,0.4915356711003628,2020-01-11,2026-03-15
Daniil Medvedev,Hard,2020s,6,t,True,1309,187,652,0.49809014514896865,2020-01-11,2026-03-15
Daniil Medvedev,Hard,2020s,0,unknown,False,1,1,1,1.0,2020-09-11,2020-09-11
Daniil Medvedev,Clay,2010s,4,wide,True,112,6,58,0.5178571428571429,2018-04-18,2019-05-14
Daniil Medvedev,Clay,2010s,5,body,True,43,6,23,0.5348837209302325,2018-04-18,2019-05-14
Daniil Medvedev,Clay,2010s,6,t,True,60,6,33,0.55,2018-04-18,2019-05-14
Daniil Medvedev,Clay,2020s,4,wide,True,345,24,174,0.5043478260869565,2020-09-28,2026-04-08
Daniil Medvedev,Clay,2020s,5,body,True,244,24,114,0.4672131147540984,2020-09-28,2026-04-08
Daniil Medvedev,Clay,2020s,6,t,True,162,24,73,0.4506172839506173,2020-09-28,2026-04-08
Daniil Medvedev,Grass,2010s,4,wide,True,81,4,43,0.5308641975308642,2017-06-23,2019-07-05
Daniil Medvedev,Grass,2010s,5,body,True,37,4,18,0.4864864864864865,2017-06-23,2019-07-05
Daniil Medvedev,Grass,2010s,6,t,True,30,4,18,0.6,2017-06-23,2019-07-05
Daniil Medvedev,Grass,2020s,4,wide,True,284,23,143,0.5035211267605634,2021-07-01,2025-06-22
Daniil Medvedev,Grass,2020s,5,body,True,216,22,92,0.42592592592592593,2021-07-01,2025-06-22
Daniil Medvedev,Grass,2020s,6,t,True,153,23,82,0.5359477124183006,2021-07-01,2025-06-22
Danilo Petrovic,Clay,2010s,4,wide,True,13,1,7,0.5384615384615384,2019-09-17,2019-09-17
Danilo Petrovic,Clay,2010s,5,body,True,8,1,5,0.625,2019-09-17,2019-09-17
Danilo Petrovic,Clay,2010s,6,t,True,8,1,4,0.5,2019-09-17,2019-09-17
Danny Sapsford,Grass,to_2009,4,wide,True,18,1,8,0.4444444444444444,1999-06-25,1999-06-25
Danny Sapsford,Grass,to_2009,5,body,True,16,1,8,0.5,1999-06-25,1999-06-25
Danny Sapsford,Grass,to_2009,6,t,True,18,1,12,0.6666666666666666,1999-06-25,1999-06-25
Darian King,Hard,2010s,4,wide,True,3,1,2,0.6666666666666666,2015-09-29,2015-09-29
Darian King,Hard,2010s,5,body,True,8,1,0,0.0,2015-09-29,2015-09-29
Darian King,Hard,2010s,6,t,True,4,1,1,0.25,2015-09-29,2015-09-29
Dario Acosta,Clay,2010s,4,wide,True,11,1,3,0.2727272727272727,2015-11-16,2015-11-16
Dario Acosta,Clay,2010s,5,body,True,4,1,0,0.0,2015-11-16,2015-11-16
Dario Acosta,Clay,2010s,6,t,True,3,1,0,0.0,2015-11-16,2015-11-16
Darren Cahill,Hard,to_2009,4,wide,True,18,1,11,0.6111111111111112,1990-09-03,1990-09-03
Darren Cahill,Hard,to_2009,5,body,True,33,1,15,0.45454545454545453,1990-09-03,1990-09-03
Darren Cahill,Hard,to_2009,6,t,True,22,1,8,0.36363636363636365,1990-09-03,1990-09-03
Darwin Blanch,Hard,2020s,4,wide,True,4,1,2,0.5,2025-08-25,2025-08-25
Darwin Blanch,Hard,2020s,5,body,True,14,1,9,0.6428571428571429,2025-08-25,2025-08-25
Darwin Blanch,Hard,2020s,6,t,True,5,1,1,0.2,2025-08-25,2025-08-25
David Ferrer,Hard,to_2009,4,wide,True,72,8,32,0.4444444444444444,2003-10-06,2009-02-28
David Ferrer,Hard,to_2009,5,body,True,64,7,31,0.484375,2003-10-06,2009-02-28
David Ferrer,Hard,to_2009,6,t,True,62,8,30,0.4838709677419355,2003-10-06,2009-02-28
David Ferrer,Hard,2010s,4,wide,True,287,39,134,0.46689895470383275,2010-01-21,2019-03-23
David Ferrer,Hard,2010s,5,body,True,723,40,356,0.49239280774550487,2010-01-21,2019-03-23
David Ferrer,Hard,2010s,6,t,True,220,37,108,0.4909090909090909,2010-01-21,2019-03-23
David Ferrer,Clay,to_2009,4,wide,True,19,2,8,0.42105263157894735,2003-05-05,2006-04-21
David Ferrer,Clay,to_2009,5,body,True,12,1,1,0.08333333333333333,2003-05-05,2003-05-05
David Ferrer,Clay,to_2009,6,t,True,37,2,17,0.4594594594594595,2003-05-05,2006-04-21
David Ferrer,Clay,2010s,4,wide,True,243,22,110,0.45267489711934156,2010-05-02,2019-05-08
David Ferrer,Clay,2010s,5,body,True,317,23,161,0.5078864353312302,2010-05-02,2019-05-08
David Ferrer,Clay,2010s,6,t,True,199,23,100,0.5025125628140703,2010-05-02,2019-05-08
David Ferrer,Grass,2010s,4,wide,True,11,1,4,0.36363636363636365,2013-07-03,2013-07-03
David Ferrer,Grass,2010s,5,body,True,12,1,8,0.6666666666666666,2013-07-03,2013-07-03
David Ferrer,Grass,2010s,6,t,True,10,1,5,0.5,2013-07-03,2013-07-03
David Goffin,Hard,2010s,4,wide,True,373,30,172,0.46112600536193027,2013-08-15,2019-10-10
David Goffin,Hard,2010s,5,body,True,247,29,126,0.5101214574898786,2013-08-15,2019-10-10
David Goffin,Hard,2010s,6,t,True,315,30,141,0.44761904761904764,2013-08-15,2019-10-10
David Goffin,Hard,2020s,4,wide,True,261,15,119,0.4559386973180077,2020-02-12,2025-03-06
David Goffin,Hard,2020s,5,body,True,137,15,64,0.46715328467153283,2020-02-12,2025-03-06
David Goffin,Hard,2020s,6,t,True,197,15,82,0.41624365482233505,2020-02-12,2025-03-06
David Goffin,Clay,2010s,4,wide,True,193,14,94,0.48704663212435234,2015-04-15,2019-05-16
David Goffin,Clay,2010s,5,body,True,122,13,64,0.5245901639344263,2015-04-15,2019-05-16
David Goffin,Clay,2010s,6,t,True,158,14,86,0.5443037974683544,2015-04-15,2019-05-16
David Goffin,Clay,2020s,4,wide,True,138,7,63,0.45652173913043476,2020-09-28,2024-05-28
David Goffin,Clay,2020s,5,body,True,65,7,35,0.5384615384615384,2020-09-28,2024-05-28
David Goffin,Clay,2020s,6,t,True,96,7,49,0.5104166666666666,2020-09-28,2024-05-28
David Goffin,Grass,2010s,4,wide,True,53,4,33,0.6226415094339622,2015-06-13,2019-07-10
David Goffin,Grass,2010s,5,body,True,64,4,31,0.484375,2015-06-13,2019-07-10
David Goffin,Grass,2010s,6,t,True,64,4,28,0.4375,2015-06-13,2019-07-10
David Goffin,Grass,2020s,4,wide,True,45,3,23,0.5111111111111111,2022-06-15,2024-07-02
David Goffin,Grass,2020s,5,body,True,69,3,25,0.36231884057971014,2022-06-15,2024-07-02
David Goffin,Grass,2020s,6,t,True,47,3,23,0.48936170212765956,2022-06-15,2024-07-02
David Guez,Hard,2010s,4,wide,True,16,1,12,0.75,2015-10-19,2015-10-19
David Guez,Hard,2010s,5,body,True,6,1,4,0.6666666666666666,2015-10-19,2015-10-19
David Guez,Hard,2010s,6,t,True,11,1,7,0.6363636363636364,2015-10-19,2015-10-19
David Nalbandian,Hard,to_2009,4,wide,True,406,31,231,0.5689655172413793,2002-09-20,2008-11-02
David Nalbandian,Hard,to_2009,5,body,True,324,31,171,0.5277777777777778,2002-09-20,2008-11-02
David Nalbandian,Hard,to_2009,6,t,True,363,31,189,0.5206611570247934,2002-09-20,2008-11-02
David Nalbandian,Hard,2010s,4,wide,True,82,5,39,0.47560975609756095,2010-07-11,2011-09-04
David Nalbandian,Hard,2010s,5,body,True,78,5,35,0.44871794871794873,2010-07-11,2011-09-04
David Nalbandian,Hard,2010s,6,t,True,55,5,30,0.5454545454545454,2010-07-11,2011-09-04
David Nalbandian,Clay,to_2009,4,wide,True,115,8,52,0.45217391304347826,2002-04-25,2008-04-25
David Nalbandian,Clay,to_2009,5,body,True,52,8,30,0.5769230769230769,2002-04-25,2008-04-25
David Nalbandian,Clay,to_2009,6,t,True,110,8,65,0.5909090909090909,2002-04-25,2008-04-25
David Nalbandian,Clay,2010s,4,wide,True,5,1,1,0.2,2012-02-25,2012-02-25
David Nalbandian,Clay,2010s,5,body,True,4,1,2,0.5,2012-02-25,2012-02-25
David Nalbandian,Clay,2010s,6,t,True,5,1,1,0.2,2012-02-25,2012-02-25
David Nalbandian,Grass,to_2009,4,wide,True,37,2,16,0.43243243243243246,2002-07-05,2002-07-07
David Nalbandian,Grass,to_2009,5,body,True,35,2,16,0.45714285714285713,2002-07-05,2002-07-07
David Nalbandian,Grass,to_2009,6,t,True,18,2,9,0.5,2002-07-05,2002-07-07
David Perez Sanz,Clay,2010s,4,wide,True,6,1,0,0.0,2015-10-05,2015-10-05
David Perez Sanz,Clay,2010s,5,body,True,4,1,4,1.0,2015-10-05,2015-10-05
David Perez Sanz,Clay,2010s,6,t,True,6,1,1,0.16666666666666666,2015-10-05,2015-10-05
David Prinosil,Grass,to_2009,4,wide,True,12,1,5,0.4166666666666667,2001-06-13,2001-06-13
David Prinosil,Grass,to_2009,5,body,True,23,1,14,0.6086956521739131,2001-06-13,2001-06-13
David Prinosil,Grass,to_2009,6,t,True,6,1,2,0.3333333333333333,2001-06-13,2001-06-13
David Wheaton,Hard,to_2009,4,wide,True,53,5,28,0.5283018867924528,1990-09-05,1994-08-13
David Wheaton,Hard,to_2009,5,body,True,76,5,37,0.4868421052631579,1990-09-05,1994-08-13
David Wheaton,Hard,to_2009,6,t,True,53,5,15,0.2830188679245283,1990-09-05,1994-08-13
David Wheaton,Grass,to_2009,4,wide,True,21,3,8,0.38095238095238093,1991-06-16,1991-07-06
David Wheaton,Grass,to_2009,5,body,True,65,3,38,0.5846153846153846,1991-06-16,1991-07-06
David Wheaton,Grass,to_2009,6,t,True,11,2,6,0.5454545454545454,1991-07-04,1991-07-06
Davide Sanguinetti,Hard,to_2009,4,wide,True,16,1,8,0.5,2002-02-03,2002-02-03
Davide Sanguinetti,Hard,to_2009,5,body,True,6,1,2,0.3333333333333333,2002-02-03,2002-02-03
Davide Sanguinetti,Hard,to_2009,6,t,True,6,1,4,0.6666666666666666,2002-02-03,2002-02-03
Davide Sanguinetti,Clay,to_2009,4,wide,True,20,1,7,0.35,2001-05-08,2001-05-08
Davide Sanguinetti,Clay,to_2009,5,body,True,17,1,6,0.35294117647058826,2001-05-08,2001-05-08
Davide Sanguinetti,Clay,to_2009,6,t,True,4,1,4,1.0,2001-05-08,2001-05-08
Davide Sanguinetti,Grass,to_2009,4,wide,True,10,1,1,0.1,1998-07-01,1998-07-01
Davide Sanguinetti,Grass,to_2009,5,body,True,16,1,7,0.4375,1998-07-01,1998-07-01
Davide Sanguinetti,Grass,to_2009,6,t,True,9,1,4,0.4444444444444444,1998-07-01,1998-07-01
Denis Gremelmayr,Clay,to_2009,4,wide,True,16,1,8,0.5,2008-04-19,2008-04-19
Denis Gremelmayr,Clay,to_2009,5,body,True,11,1,6,0.5454545454545454,2008-04-19,2008-04-19
Denis Gremelmayr,Clay,to_2009,6,t,True,10,1,2,0.2,2008-04-19,2008-04-19
Denis Istomin,Hard,to_2009,4,wide,True,6,1,1,0.16666666666666666,2006-01-17,2006-01-17
Denis Istomin,Hard,to_2009,5,body,True,17,1,7,0.4117647058823529,2006-01-17,2006-01-17
Denis Istomin,Hard,to_2009,6,t,True,6,1,2,0.3333333333333333,2006-01-17,2006-01-17
Denis Istomin,Hard,2010s,4,wide,True,18,3,4,0.2222222222222222,2014-03-24,2019-03-08
Denis Istomin,Hard,2010s,5,body,True,62,4,27,0.43548387096774194,2014-03-24,2019-03-08
Denis Istomin,Hard,2010s,6,t,True,20,4,9,0.45,2014-03-24,2019-03-08
Denis Istomin,Hard,2020s,4,wide,True,3,1,3,1.0,2020-02-28,2020-02-28
Denis Istomin,Hard,2020s,5,body,True,6,1,2,0.3333333333333333,2020-02-28,2020-02-28
Denis Istomin,Hard,2020s,6,t,True,3,1,1,0.3333333333333333,2020-02-28,2020-02-28
Denis Istomin,Clay,2010s,4,wide,True,15,2,8,0.5333333333333333,2015-04-30,2019-07-23
Denis Istomin,Clay,2010s,5,body,True,18,2,13,0.7222222222222222,2015-04-30,2019-07-23
Denis Istomin,Clay,2010s,6,t,True,15,2,10,0.6666666666666666,2015-04-30,2019-07-23
Denis Istomin,Clay,2020s,4,wide,True,6,1,4,0.6666666666666666,2021-05-31,2021-05-31
Denis Istomin,Clay,2020s,5,body,True,14,1,7,0.5,2021-05-31,2021-05-31
Denis Istomin,Clay,2020s,6,t,True,6,1,2,0.3333333333333333,2021-05-31,2021-05-31
Denis Istomin,Grass,2010s,4,wide,True,6,2,3,0.5,2012-08-01,2015-06-25
Denis Istomin,Grass,2010s,5,body,True,38,2,18,0.47368421052631576,2012-08-01,2015-06-25
Denis Istomin,Grass,2010s,6,t,True,21,2,9,0.42857142857142855,2012-08-01,2015-06-25
Denis Kudla,Hard,2010s,4,wide,True,69,8,38,0.5507246376811594,2014-06-30,2019-08-26
Denis Kudla,Hard,2010s,5,body,True,102,8,51,0.5,2014-06-30,2019-08-26
Denis Kudla,Hard,2010s,6,t,True,51,8,22,0.43137254901960786,2014-06-30,2019-08-26
Denis Kudla,Hard,2020s,4,wide,True,12,1,7,0.5833333333333334,2021-03-27,2021-03-27
Denis Kudla,Hard,2020s,5,body,True,11,1,6,0.5454545454545454,2021-03-27,2021-03-27
Denis Kudla,Hard,2020s,6,t,True,10,1,6,0.6,2021-03-27,2021-03-27
Denis Kudla,Grass,2010s,4,wide,True,13,3,6,0.46153846153846156,2018-06-23,2019-07-03
Denis Kudla,Grass,2010s,5,body,True,45,3,20,0.4444444444444444,2018-06-23,2019-07-03
Denis Kudla,Grass,2010s,6,t,True,22,3,7,0.3181818181818182,2018-06-23,2019-07-03
Denis Shapovalov,Hard,2010s,4,wide,True,330,26,168,0.509090909090909,2016-08-04,2019-11-24
Denis Shapovalov,Hard,2010s,5,body,True,272,26,132,0.4852941176470588,2016-08-04,2019-11-24
Denis Shapovalov,Hard,2010s,6,t,True,282,26,141,0.5,2016-08-04,2019-11-24
Denis Shapovalov,Hard,2020s,4,wide,True,591,45,305,0.5160744500846024,2020-01-03,2026-03-08
Denis Shapovalov,Hard,2020s,5,body,True,253,40,120,0.4743083003952569,2020-01-03,2026-03-08
Denis Shapovalov,Hard,2020s,6,t,True,584,45,292,0.5,2020-01-03,2026-03-08
Denis Shapovalov,Clay,2010s,4,wide,True,49,4,27,0.5510204081632653,2018-04-16,2019-05-05
Denis Shapovalov,Clay,2010s,5,body,True,25,4,14,0.56,2018-04-16,2019-05-05
Denis Shapovalov,Clay,2010s,6,t,True,40,4,18,0.45,2018-04-16,2019-05-05
Denis Shapovalov,Clay,2020s,4,wide,True,101,6,46,0.45544554455445546,2020-09-20,2025-05-09
Denis Shapovalov,Clay,2020s,5,body,True,42,5,22,0.5238095238095238,2020-09-20,2024-05-31
Denis Shapovalov,Clay,2020s,6,t,True,86,6,38,0.4418604651162791,2020-09-20,2025-05-09
Denis Shapovalov,Clay,2020s,0,unknown,False,1,1,1,1.0,2024-05-31,2024-05-31
Denis Shapovalov,Grass,2010s,4,wide,True,81,5,47,0.5802469135802469,2016-07-08,2019-06-19
Denis Shapovalov,Grass,2010s,5,body,True,31,5,15,0.4838709677419355,2016-07-08,2019-06-19
Denis Shapovalov,Grass,2010s,6,t,True,73,5,34,0.4657534246575342,2016-07-08,2019-06-19
Denis Shapovalov,Grass,2020s,4,wide,True,40,3,22,0.55,2021-07-03,2024-06-13
Denis Shapovalov,Grass,2020s,5,body,True,31,3,18,0.5806451612903226,2021-07-03,2024-06-13
Denis Shapovalov,Grass,2020s,6,t,True,31,3,13,0.41935483870967744,2021-07-03,2024-06-13
Dennis Novak,Hard,2010s,4,wide,True,13,2,4,0.3076923076923077,2016-03-10,2019-04-14
Dennis Novak,Hard,2010s,5,body,True,18,2,11,0.6111111111111112,2016-03-10,2019-04-14
Dennis Novak,Hard,2010s,6,t,True,12,2,3,0.25,2016-03-10,2019-04-14
Dennis Novak,Hard,2020s,4,wide,True,28,2,11,0.39285714285714285,2020-10-16,2021-02-05
Dennis Novak,Hard,2020s,5,body,True,23,2,9,0.391304347826087,2020-10-16,2021-02-05
Dennis Novak,Hard,2020s,6,t,True,10,2,3,0.3,2020-10-16,2021-02-05
Dennis Novak,Grass,2020s,4,wide,True,22,1,11,0.5,2023-07-05,2023-07-05
Dennis Novak,Grass,2020s,5,body,True,18,1,14,0.7777777777777778,2023-07-05,2023-07-05
Dennis Novak,Grass,2020s,6,t,True,13,1,6,0.46153846153846156,2023-07-05,2023-07-05
Dennis Novikov,Hard,2010s,4,wide,True,9,1,6,0.6666666666666666,2016-03-23,2016-03-23
Dennis Novikov,Hard,2010s,5,body,True,11,1,5,0.45454545454545453,2016-03-23,2016-03-23
Dennis Novikov,Hard,2010s,6,t,True,8,1,4,0.5,2016-03-23,2016-03-23
Derrick Rostagno,Hard,to_2009,4,wide,True,8,1,4,0.5,1991-10-14,1991-10-14
Derrick Rostagno,Hard,to_2009,5,body,True,16,1,7,0.4375,1991-10-14,1991-10-14
Derrick Rostagno,Hard,to_2009,6,t,True,3,1,1,0.3333333333333333,1991-10-14,1991-10-14
Derrick Rostagno,Grass,to_2009,4,wide,True,19,2,9,0.47368421052631576,1990-06-26,1992-06-26
Derrick Rostagno,Grass,to_2009,5,body,True,44,2,27,0.6136363636363636,1990-06-26,1992-06-26
Derrick Rostagno,Grass,to_2009,6,t,True,18,2,8,0.4444444444444444,1990-06-26,1992-06-26
Devin Britton,Hard,to_2009,4,wide,True,11,1,2,0.18181818181818182,2009-09-01,2009-09-01
Devin Britton,Hard,to_2009,5,body,True,18,1,5,0.2777777777777778,2009-09-01,2009-09-01
Devin Britton,Hard,to_2009,6,t,True,14,1,8,0.5714285714285714,2009-09-01,2009-09-01
Dhakshineswar Suresh,Hard,2020s,4,wide,True,19,2,11,0.5789473684210527,2026-02-07,2026-02-08
Dhakshineswar Suresh,Hard,2020s,5,body,True,20,2,13,0.65,2026-02-07,2026-02-08
Dhakshineswar Suresh,Hard,2020s,6,t,True,10,2,5,0.5,2026-02-07,2026-02-08
Diego Hartfield,Hard,to_2009,4,wide,True,12,1,5,0.4166666666666667,2008-01-15,2008-01-15
Diego Hartfield,Hard,to_2009,5,body,True,5,1,1,0.2,2008-01-15,2008-01-15
Diego Hartfield,Hard,to_2009,6,t,True,6,1,0,0.0,2008-01-15,2008-01-15
Diego Hartfield,Clay,to_2009,4,wide,True,18,1,6,0.3333333333333333,2006-05-28,2006-05-28
Diego Hartfield,Clay,to_2009,5,body,True,12,1,8,0.6666666666666666,2006-05-28,2006-05-28
Diego Hartfield,Clay,to_2009,6,t,True,9,1,5,0.5555555555555556,2006-05-28,2006-05-28
Diego Schwartzman,Hard,2010s,4,wide,True,89,9,56,0.6292134831460674,2015-03-15,2019-09-04
Diego Schwartzman,Hard,2010s,5,body,True,66,9,31,0.4696969696969697,2015-03-15,2019-09-04
Diego Schwartzman,Hard,2010s,6,t,True,111,9,55,0.4954954954954955,2015-03-15,2019-09-04
Diego Schwartzman,Hard,2020s,4,wide,True,155,19,74,0.4774193548387097,2020-01-04,2024-08-26
Diego Schwartzman,Hard,2020s,5,body,True,213,19,109,0.5117370892018779,2020-01-04,2024-08-26
Diego Schwartzman,Hard,2020s,6,t,True,208,19,116,0.5576923076923077,2020-01-04,2024-08-26
Diego Schwartzman,Clay,2010s,4,wide,True,58,7,25,0.43103448275862066,2015-04-29,2019-05-18
Diego Schwartzman,Clay,2010s,5,body,True,60,7,27,0.45,2015-04-29,2019-05-18
Diego Schwartzman,Clay,2010s,6,t,True,64,7,31,0.484375,2015-04-29,2019-05-18
Diego Schwartzman,Clay,2020s,4,wide,True,99,11,46,0.46464646464646464,2020-09-20,2025-02-13
Diego Schwartzman,Clay,2020s,5,body,True,97,11,48,0.4948453608247423,2020-09-20,2025-02-13
Diego Schwartzman,Clay,2020s,6,t,True,104,11,48,0.46153846153846156,2020-09-20,2025-02-13
Diego Schwartzman,Grass,2010s,4,wide,True,4,1,1,0.25,2019-06-17,2019-06-17
Diego Schwartzman,Grass,2010s,5,body,True,5,1,4,0.8,2019-06-17,2019-06-17
Diego Schwartzman,Grass,2010s,6,t,True,5,1,3,0.6,2019-06-17,2019-06-17
Diego Schwartzman,Grass,2020s,4,wide,True,12,2,3,0.25,2022-06-14,2023-07-05
Diego Schwartzman,Grass,2020s,5,body,True,12,2,5,0.4166666666666667,2022-06-14,2023-07-05
Diego Schwartzman,Grass,2020s,6,t,True,16,2,7,0.4375,2022-06-14,2023-07-05
Dimitar Kuzmanov,Hard,2020s,4,wide,True,25,2,9,0.36,2022-10-07,2023-01-09
Dimitar Kuzmanov,Hard,2020s,5,body,True,9,2,5,0.5555555555555556,2022-10-07,2023-01-09
Dimitar Kuzmanov,Hard,2020s,6,t,True,18,2,10,0.5555555555555556,2022-10-07,2023-01-09
Dino Prizmic,Hard,2020s,4,wide,True,46,5,22,0.4782608695652174,2023-09-15,2025-12-17
Dino Prizmic,Hard,2020s,5,body,True,71,5,36,0.5070422535211268,2023-09-15,2025-12-17
Dino Prizmic,Hard,2020s,6,t,True,45,5,20,0.4444444444444444,2023-09-15,2025-12-17
Dino Prizmic,Hard,2020s,0,unknown,False,1,1,0,0.0,2024-01-14,2024-01-14
Dmitry Popko,Hard,2020s,4,wide,True,5,1,1,0.2,2022-09-18,2022-09-18
Dmitry Popko,Hard,2020s,5,body,True,20,1,12,0.6,2022-09-18,2022-09-18
Dmitry Popko,Hard,2020s,6,t,True,6,1,2,0.3333333333333333,2022-09-18,2022-09-18
Dmitry Popko,Clay,2020s,4,wide,True,36,3,17,0.4722222222222222,2024-01-13,2025-03-20
Dmitry Popko,Clay,2020s,5,body,True,27,3,14,0.5185185185185185,2024-01-13,2025-03-20
Dmitry Popko,Clay,2020s,6,t,True,29,3,12,0.41379310344827586,2024-01-13,2025-03-20
Dmitry Tursunov,Clay,to_2009,4,wide,True,81,2,44,0.5432098765432098,2006-06-02,2006-09-24
Dmitry Tursunov,Clay,to_2009,5,body,True,15,2,9,0.6,2006-06-02,2006-09-24
Dmitry Tursunov,Clay,to_2009,6,t,True,48,2,32,0.6666666666666666,2006-06-02,2006-09-24
Dominic Stricker,Hard,2020s,4,wide,True,52,2,27,0.5192307692307693,2023-08-30,2023-09-03
Dominic Stricker,Hard,2020s,5,body,True,15,2,7,0.4666666666666667,2023-08-30,2023-09-03
Dominic Stricker,Hard,2020s,6,t,True,53,2,27,0.5094339622641509,2023-08-30,2023-09-03
Dominic Stricker,Grass,2020s,4,wide,True,17,1,8,0.47058823529411764,2021-06-10,2021-06-10
Dominic Stricker,Grass,2020s,5,body,True,1,1,1,1.0,2021-06-10,2021-06-10
Dominic Stricker,Grass,2020s,6,t,True,10,1,4,0.4,2021-06-10,2021-06-10
Dominic Thiem,Hard,2010s,4,wide,True,574,55,307,0.5348432055749129,2011-10-25,2019-11-16
Dominic Thiem,Hard,2010s,5,body,True,599,54,283,0.4724540901502504,2011-10-25,2019-11-16
Dominic Thiem,Hard,2010s,6,t,True,490,55,271,0.5530612244897959,2011-10-25,2019-11-16
Dominic Thiem,Hard,2020s,4,wide,True,590,45,322,0.5457627118644067,2020-01-08,2024-10-22
Dominic Thiem,Hard,2020s,5,body,True,582,43,308,0.5292096219931272,2020-01-08,2024-10-22
Dominic Thiem,Hard,2020s,6,t,True,339,44,175,0.5162241887905604,2020-01-08,2024-10-22
Dominic Thiem,Clay,2010s,4,wide,True,672,50,375,0.5580357142857143,2014-05-29,2019-07-26
Dominic Thiem,Clay,2010s,5,body,True,377,50,193,0.5119363395225465,2014-05-29,2019-07-26
Dominic Thiem,Clay,2010s,6,t,True,425,48,231,0.5435294117647059,2015-04-30,2019-07-26
Dominic Thiem,Clay,2020s,4,wide,True,387,29,197,0.5090439276485789,2020-10-06,2024-04-15
Dominic Thiem,Clay,2020s,5,body,True,256,27,128,0.5,2020-10-06,2024-04-15
Dominic Thiem,Clay,2020s,6,t,True,216,29,103,0.47685185185185186,2020-10-06,2024-04-15
Dominic Thiem,Grass,2010s,4,wide,True,57,3,26,0.45614035087719296,2016-06-11,2019-07-02
Dominic Thiem,Grass,2010s,5,body,True,31,3,19,0.6129032258064516,2016-06-11,2019-07-02
Dominic Thiem,Grass,2010s,6,t,True,50,3,25,0.5,2016-06-11,2019-07-02
Dominic Thiem,Grass,2020s,4,wide,True,40,1,26,0.65,2023-07-04,2023-07-04
Dominic Thiem,Grass,2020s,5,body,True,4,1,4,1.0,2023-07-04,2023-07-04
Dominic Thiem,Grass,2020s,6,t,True,27,1,16,0.5925925925925926,2023-07-04,2023-07-04
Dominik Hrbaty,Hard,to_2009,4,wide,True,57,4,27,0.47368421052631576,1997-01-20,2006-11-05
Dominik Hrbaty,Hard,to_2009,5,body,True,66,4,34,0.5151515151515151,1997-01-20,2006-11-05
Dominik Hrbaty,Hard,to_2009,6,t,True,49,4,21,0.42857142857142855,1997-01-20,2006-11-05
Dominik Hrbaty,Clay,to_2009,4,wide,True,17,1,12,0.7058823529411765,1999-06-04,1999-06-04
Dominik Hrbaty,Clay,to_2009,5,body,True,11,1,6,0.5454545454545454,1999-06-04,1999-06-04
Dominik Hrbaty,Clay,to_2009,6,t,True,26,1,13,0.5,1999-06-04,1999-06-04
Dominik Koepfer,Hard,2010s,4,wide,True,11,3,8,0.7272727272727273,2018-11-16,2019-08-28
Dominik Koepfer,Hard,2010s,5,body,True,81,3,42,0.5185185185185185,2018-11-16,2019-08-28
Dominik Koepfer,Hard,2010s,6,t,True,7,3,4,0.5714285714285714,2018-11-16,2019-08-28
Dominik Koepfer,Hard,2020s,4,wide,True,51,4,22,0.43137254901960786,2020-01-21,2025-01-07
Dominik Koepfer,Hard,2020s,5,body,True,43,4,21,0.4883720930232558,2020-01-21,2025-01-07
Dominik Koepfer,Hard,2020s,6,t,True,19,4,8,0.42105263157894735,2020-01-21,2025-01-07
Dominik Koepfer,Clay,2020s,4,wide,True,35,2,21,0.6,2021-06-05,2024-07-31
Dominik Koepfer,Clay,2020s,5,body,True,39,2,20,0.5128205128205128,2021-06-05,2024-07-31
Dominik Koepfer,Clay,2020s,6,t,True,12,1,8,0.6666666666666666,2021-06-05,2021-06-05
Dominik Koepfer,Grass,2020s,4,wide,True,31,2,17,0.5483870967741935,2024-06-12,2024-06-19
Dominik Koepfer,Grass,2020s,5,body,True,27,2,14,0.5185185185185185,2024-06-12,2024-06-19
Dominik Koepfer,Grass,2020s,6,t,True,8,2,6,0.75,2024-06-12,2024-06-19
Donald Young,Hard,2010s,4,wide,True,18,4,7,0.3888888888888889,2011-10-02,2019-07-29
Donald Young,Hard,2010s,5,body,True,32,4,14,0.4375,2011-10-02,2019-07-29
Donald Young,Hard,2010s,6,t,True,19,4,8,0.42105263157894735,2011-10-02,2019-07-29
Donald Young,Clay,2010s,4,wide,True,7,1,2,0.2857142857142857,2014-04-11,2014-04-11
Donald Young,Clay,2010s,5,body,True,8,1,3,0.375,2014-04-11,2014-04-11
Donald Young,Clay,2010s,6,t,True,6,1,2,0.3333333333333333,2014-04-11,2014-04-11
Dragos Dima,Clay,2010s,4,wide,True,8,1,4,0.5,2018-09-23,2018-09-23
Dragos Dima,Clay,2010s,5,body,True,9,1,5,0.5555555555555556,2018-09-23,2018-09-23
Dragos Dima,Clay,2010s,6,t,True,4,1,2,0.5,2018-09-23,2018-09-23
Duck Hee Lee,Hard,2010s,4,wide,True,4,1,1,0.25,2018-09-22,2018-09-22
Duck Hee Lee,Hard,2010s,5,body,True,14,1,3,0.21428571428571427,2018-09-22,2018-09-22
Duck Hee Lee,Hard,2010s,6,t,True,3,1,1,0.3333333333333333,2018-09-22,2018-09-22
Dudi Sela,Hard,2010s,4,wide,True,67,6,41,0.6119402985074627,2014-07-27,2017-03-24
Dudi Sela,Hard,2010s,5,body,True,55,6,26,0.4727272727272727,2014-07-27,2017-03-24
Dudi Sela,Hard,2010s,6,t,True,28,6,14,0.5,2014-07-27,2017-03-24
Duje Ajdukovic,Hard,2020s,4,wide,True,8,1,4,0.5,2023-09-17,2023-09-17
Duje Ajdukovic,Hard,2020s,5,body,True,5,1,2,0.4,2023-09-17,2023-09-17
Duje Ajdukovic,Hard,2020s,6,t,True,12,1,6,0.5,2023-09-17,2023-09-17
Dusan Lajovic,Hard,2010s,4,wide,True,83,9,35,0.42168674698795183,2015-01-06,2019-10-08
Dusan Lajovic,Hard,2010s,5,body,True,27,7,10,0.37037037037037035,2015-01-06,2019-10-01
Dusan Lajovic,Hard,2010s,6,t,True,55,9,24,0.43636363636363634,2015-01-06,2019-10-08
Dusan Lajovic,Hard,2020s,4,wide,True,77,11,37,0.4805194805194805,2020-01-11,2024-03-22
Dusan Lajovic,Hard,2020s,5,body,True,54,10,25,0.46296296296296297,2020-01-11,2024-03-22
Dusan Lajovic,Hard,2020s,6,t,True,85,11,39,0.4588235294117647,2020-01-11,2024-03-22
Dusan Lajovic,Clay,2010s,4,wide,True,89,9,47,0.5280898876404494,2014-06-01,2019-07-26
Dusan Lajovic,Clay,2010s,5,body,True,29,7,6,0.20689655172413793,2014-06-01,2019-07-26
Dusan Lajovic,Clay,2010s,6,t,True,99,9,41,0.41414141414141414,2014-06-01,2019-07-26
Dusan Lajovic,Clay,2020s,4,wide,True,122,12,69,0.5655737704918032,2022-05-05,2025-05-09
Dusan Lajovic,Clay,2020s,5,body,True,39,9,21,0.5384615384615384,2022-05-05,2025-05-09
Dusan Lajovic,Clay,2020s,6,t,True,122,12,56,0.45901639344262296,2022-05-05,2025-05-09
Dusan Lajovic,Grass,2010s,4,wide,True,14,1,7,0.5,2018-07-02,2018-07-02
Dusan Lajovic,Grass,2010s,5,body,True,1,1,0,0.0,2018-07-02,2018-07-02
Dusan Lajovic,Grass,2010s,6,t,True,10,1,3,0.3,2018-07-02,2018-07-02
Dustin Brown,Hard,2010s,4,wide,True,20,4,7,0.35,2016-01-04,2019-04-30
Dustin Brown,Hard,2010s,5,body,True,34,4,15,0.4411764705882353,2016-01-04,2019-04-30
Dustin Brown,Hard,2010s,6,t,True,29,4,12,0.41379310344827586,2016-01-04,2019-04-30
Dustin Brown,Clay,2010s,4,wide,True,63,5,36,0.5714285714285714,2017-05-30,2019-04-07
Dustin Brown,Clay,2010s,5,body,True,65,5,32,0.49230769230769234,2017-05-30,2019-04-07
Dustin Brown,Clay,2010s,6,t,True,30,5,17,0.5666666666666667,2017-05-30,2019-04-07
Dustin Brown,Grass,2010s,4,wide,True,43,7,28,0.6511627906976745,2014-06-12,2019-06-26
Dustin Brown,Grass,2010s,5,body,True,69,7,32,0.463768115942029,2014-06-12,2019-06-26
Dustin Brown,Grass,2010s,6,t,True,70,7,36,0.5142857142857142,2014-06-12,2019-06-26
Dustin Brown,Grass,2010s,0,unknown,False,1,1,1,1.0,2015-07-02,2015-07-02
Dylan Dietrich,Hard,2020s,4,wide,True,5,1,5,1.0,2024-10-29,2024-10-29
Dylan Dietrich,Hard,2020s,5,body,True,8,1,5,0.625,2024-10-29,2024-10-29
Dylan Dietrich,Hard,2020s,6,t,True,8,1,5,0.625,2024-10-29,2024-10-29
Dzmitry Zhyrmont,Hard,2010s,4,wide,True,7,1,3,0.42857142857142855,2017-05-08,2017-05-08
Dzmitry Zhyrmont,Hard,2010s,5,body,True,12,1,8,0.6666666666666666,2017-05-08,2017-05-08
Dzmitry Zhyrmont,Hard,2010s,6,t,True,14,1,6,0.42857142857142855,2017-05-08,2017-05-08
Eddie Dibbs,Clay,to_2009,4,wide,True,2,1,1,0.5,1982-05-08,1982-05-08
Eddie Dibbs,Clay,to_2009,5,body,True,3,1,1,0.3333333333333333,1982-05-08,1982-05-08
Eddie Dibbs,Clay,to_2009,6,t,True,1,1,0,0.0,1982-05-08,1982-05-08
Edouard Roger Vasselin,Hard,2010s,4,wide,True,39,3,23,0.5897435897435898,2014-01-04,2015-11-03
Edouard Roger Vasselin,Hard,2010s,5,body,True,21,2,10,0.47619047619047616,2014-01-04,2014-01-05
Edouard Roger Vasselin,Hard,2010s,6,t,True,22,3,12,0.5454545454545454,2014-01-04,2015-11-03
Eduardo Masso,Grass,to_2009,4,wide,True,13,1,7,0.5384615384615384,1992-06-25,1992-06-25
Eduardo Masso,Grass,to_2009,5,body,True,17,1,6,0.35294117647058826,1992-06-25,1992-06-25
Eduardo Masso,Grass,to_2009,6,t,True,4,1,1,0.25,1992-06-25,1992-06-25
Eduardo Russi,Clay,2010s,4,wide,True,2,1,0,0.0,2014-04-09,2014-04-09
Eduardo Russi,Clay,2010s,5,body,True,4,1,1,0.25,2014-04-09,2014-04-09
Eduardo Russi,Clay,2010s,6,t,True,7,1,4,0.5714285714285714,2014-04-09,2014-04-09
Eduardo Struvay,Hard,2010s,4,wide,True,4,1,1,0.25,2016-03-23,2016-03-23
Eduardo Struvay,Hard,2010s,5,body,True,5,1,3,0.6,2016-03-23,2016-03-23
Eduardo Struvay,Hard,2010s,6,t,True,14,1,6,0.42857142857142855,2016-03-23,2016-03-23
Egor Gerasimov,Hard,2010s,4,wide,True,8,2,7,0.875,2016-11-26,2019-02-26
Egor Gerasimov,Hard,2010s,5,body,True,27,2,18,0.6666666666666666,2016-11-26,2019-02-26
Egor Gerasimov,Hard,2010s,6,t,True,11,2,7,0.6363636363636364,2016-11-26,2019-02-26
Egor Gerasimov,Hard,2020s,4,wide,True,61,4,25,0.4098360655737705,2020-01-21,2022-01-17
Egor Gerasimov,Hard,2020s,5,body,True,82,4,45,0.5487804878048781,2020-01-21,2022-01-17
Egor Gerasimov,Hard,2020s,6,t,True,41,4,16,0.3902439024390244,2020-01-21,2022-01-17
Egor Gerasimov,Clay,2020s,4,wide,True,11,2,5,0.45454545454545453,2022-04-19,2022-04-28
Egor Gerasimov,Clay,2020s,5,body,True,28,2,12,0.42857142857142855,2022-04-19,2022-04-28
Egor Gerasimov,Clay,2020s,6,t,True,21,2,11,0.5238095238095238,2022-04-19,2022-04-28
Elias Ymer,Hard,2020s,4,wide,True,9,1,4,0.4444444444444444,2021-02-08,2021-02-08
Elias Ymer,Hard,2020s,5,body,True,23,1,9,0.391304347826087,2021-02-08,2021-02-08
Elias Ymer,Hard,2020s,6,t,True,16,1,8,0.5,2021-02-08,2021-02-08
Elias Ymer,Clay,2020s,4,wide,True,9,1,4,0.4444444444444444,2021-06-13,2021-06-13
Elias Ymer,Clay,2020s,5,body,True,8,1,2,0.25,2021-06-13,2021-06-13
Elias Ymer,Clay,2020s,6,t,True,8,1,3,0.375,2021-06-13,2021-06-13
Eliot Spizzirri,Hard,2020s,4,wide,True,25,3,14,0.56,2024-08-22,2026-01-24
Eliot Spizzirri,Hard,2020s,5,body,True,52,3,27,0.5192307692307693,2024-08-22,2026-01-24
Eliot Spizzirri,Hard,2020s,6,t,True,24,3,13,0.5416666666666666,2024-08-22,2026-01-24
Elliot Benchetrit,Hard,2010s,4,wide,True,3,1,1,0.3333333333333333,2019-02-19,2019-02-19
Elliot Benchetrit,Hard,2010s,5,body,True,19,1,12,0.631578947368421,2019-02-19,2019-02-19
Elliot Benchetrit,Hard,2010s,6,t,True,1,1,1,1.0,2019-02-19,2019-02-19
Elliot Benchetrit,Hard,2020s,4,wide,True,6,1,3,0.5,2020-01-15,2020-01-15
Elliot Benchetrit,Hard,2020s,5,body,True,17,1,9,0.5294117647058824,2020-01-15,2020-01-15
Elliot Benchetrit,Hard,2020s,6,t,True,1,1,1,1.0,2020-01-15,2020-01-15
Elliot Benchetrit,Clay,2020s,4,wide,True,21,2,9,0.42857142857142855,2020-09-27,2025-04-01
Elliot Benchetrit,Clay,2020s,5,body,True,29,2,14,0.4827586206896552,2020-09-27,2025-04-01
Elliot Benchetrit,Clay,2020s,6,t,True,18,2,9,0.5,2020-09-27,2025-04-01
Elmer Moller,Hard,2020s,4,wide,True,17,2,9,0.5294117647058824,2025-01-06,2025-02-01
Elmer Moller,Hard,2020s,5,body,True,42,2,23,0.5476190476190477,2025-01-06,2025-02-01
Elmer Moller,Hard,2020s,6,t,True,20,2,6,0.3,2025-01-06,2025-02-01
Elmer Moller,Clay,2020s,4,wide,True,21,3,12,0.5714285714285714,2025-03-30,2025-05-25
Elmer Moller,Clay,2020s,5,body,True,45,3,20,0.4444444444444444,2025-03-30,2025-05-25
Elmer Moller,Clay,2020s,6,t,True,25,3,12,0.48,2025-03-30,2025-05-25
Emil Ruusuvuori,Hard,2020s,4,wide,True,238,25,124,0.5210084033613446,2021-03-24,2024-07-31
Emil Ruusuvuori,Hard,2020s,5,body,True,307,25,153,0.498371335504886,2021-03-24,2024-07-31
Emil Ruusuvuori,Hard,2020s,6,t,True,220,24,115,0.5227272727272727,2021-03-24,2024-07-31
Emil Ruusuvuori,Clay,2020s,4,wide,True,56,9,30,0.5357142857142857,2022-04-13,2023-05-14
Emil Ruusuvuori,Clay,2020s,5,body,True,65,9,33,0.5076923076923077,2022-04-13,2023-05-14
Emil Ruusuvuori,Clay,2020s,6,t,True,69,9,33,0.4782608695652174,2022-04-13,2023-05-14
Emil Ruusuvuori,Grass,2020s,4,wide,True,67,5,33,0.4925373134328358,2023-06-16,2024-07-02
Emil Ruusuvuori,Grass,2020s,5,body,True,48,5,31,0.6458333333333334,2023-06-16,2024-07-02
Emil Ruusuvuori,Grass,2020s,6,t,True,60,5,30,0.5,2023-06-16,2024-07-02
Emilio Gomez,Hard,2020s,4,wide,True,10,2,6,0.6,2020-02-27,2022-09-28
Emilio Gomez,Hard,2020s,5,body,True,67,2,37,0.5522388059701493,2020-02-27,2022-09-28
Emilio Gomez,Hard,2020s,6,t,True,11,2,6,0.5454545454545454,2020-02-27,2022-09-28
Emilio Nava,Hard,2020s,4,wide,True,46,4,28,0.6086956521739131,2022-08-29,2025-08-24
Emilio Nava,Hard,2020s,5,body,True,38,4,22,0.5789473684210527,2022-08-29,2025-08-24
Emilio Nava,Hard,2020s,6,t,True,64,4,31,0.484375,2022-08-29,2025-08-24
Emilio Nava,Clay,2020s,4,wide,True,8,1,3,0.375,2024-04-22,2024-04-22
Emilio Nava,Clay,2020s,5,body,True,6,1,3,0.5,2024-04-22,2024-04-22
Emilio Nava,Clay,2020s,6,t,True,1,1,1,1.0,2024-04-22,2024-04-22
Emilio Sanchez,Hard,to_2009,4,wide,True,26,2,11,0.4230769230769231,1990-03-23,1990-09-02
Emilio Sanchez,Hard,to_2009,5,body,True,40,2,22,0.55,1990-03-23,1990-09-02
Emilio Sanchez,Hard,to_2009,6,t,True,9,2,3,0.3333333333333333,1990-03-23,1990-09-02
Emilio Sanchez,Clay,to_2009,4,wide,True,16,2,7,0.4375,1986-05-18,1991-05-19
Emilio Sanchez,Clay,to_2009,5,body,True,11,2,7,0.6363636363636364,1986-05-18,1991-05-19
Emilio Sanchez,Clay,to_2009,6,t,True,14,2,10,0.7142857142857143,1986-05-18,1991-05-19
Enzo Couacaud,Hard,2020s,4,wide,True,20,2,10,0.5,2021-08-27,2023-01-19
Enzo Couacaud,Hard,2020s,5,body,True,41,2,20,0.4878048780487805,2021-08-27,2023-01-19
Enzo Couacaud,Hard,2020s,6,t,True,22,2,8,0.36363636363636365,2021-08-27,2023-01-19
Ergi Kirkin,Clay,2020s,4,wide,True,12,1,6,0.5,2024-05-05,2024-05-05
Ergi Kirkin,Clay,2020s,5,body,True,9,1,4,0.4444444444444444,2024-05-05,2024-05-05
Ergi Kirkin,Clay,2020s,6,t,True,13,1,6,0.46153846153846156,2024-05-05,2024-05-05
Ernesto Escobedo,Hard,2010s,4,wide,True,11,1,8,0.7272727272727273,2019-04-02,2019-04-02
Ernesto Escobedo,Hard,2010s,5,body,True,11,1,3,0.2727272727272727,2019-04-02,2019-04-02
Ernesto Escobedo,Hard,2010s,6,t,True,7,1,4,0.5714285714285714,2019-04-02,2019-04-02
Ernests Gulbis,Hard,2010s,4,wide,True,70,8,38,0.5428571428571428,2010-02-28,2019-02-12
Ernests Gulbis,Hard,2010s,5,body,True,76,9,31,0.40789473684210525,2010-02-28,2019-02-12
Ernests Gulbis,Hard,2010s,6,t,True,79,9,45,0.569620253164557,2010-02-28,2019-02-12
Ernests Gulbis,Hard,2020s,4,wide,True,54,6,34,0.6296296296296297,2020-01-07,2020-03-07
Ernests Gulbis,Hard,2020s,5,body,True,77,6,44,0.5714285714285714,2020-01-07,2020-03-07
Ernests Gulbis,Hard,2020s,6,t,True,56,6,32,0.5714285714285714,2020-01-07,2020-03-07
Ernests Gulbis,Clay,to_2009,4,wide,True,16,1,5,0.3125,2008-06-03,2008-06-03
Ernests Gulbis,Clay,to_2009,5,body,True,18,1,10,0.5555555555555556,2008-06-03,2008-06-03
Ernests Gulbis,Clay,to_2009,6,t,True,17,1,7,0.4117647058823529,2008-06-03,2008-06-03
Ernests Gulbis,Clay,2010s,4,wide,True,36,4,20,0.5555555555555556,2010-05-01,2014-06-06
Ernests Gulbis,Clay,2010s,5,body,True,88,4,41,0.4659090909090909,2010-05-01,2014-06-06
Ernests Gulbis,Clay,2010s,6,t,True,37,4,22,0.5945945945945946,2010-05-01,2014-06-06
Ethan Quinn,Hard,2020s,4,wide,True,56,7,32,0.5714285714285714,2024-03-07,2026-03-19
Ethan Quinn,Hard,2020s,5,body,True,98,7,50,0.5102040816326531,2024-03-07,2026-03-19
Ethan Quinn,Hard,2020s,6,t,True,49,7,22,0.4489795918367347,2024-03-07,2026-03-19
Ethan Quinn,Clay,2020s,4,wide,True,14,1,8,0.5714285714285714,2025-05-31,2025-05-31
Ethan Quinn,Clay,2020s,5,body,True,17,1,10,0.5882352941176471,2025-05-31,2025-05-31
Ethan Quinn,Clay,2020s,6,t,True,21,1,10,0.47619047619047616,2025-05-31,2025-05-31
Ethan Quinn,Grass,2020s,4,wide,True,19,2,10,0.5263157894736842,2025-06-30,2025-07-02
Ethan Quinn,Grass,2020s,5,body,True,38,2,16,0.42105263157894735,2025-06-30,2025-07-02
Ethan Quinn,Grass,2020s,6,t,True,12,2,6,0.5,2025-06-30,2025-07-02
Evan Furness,Hard,2020s,4,wide,True,4,1,2,0.5,2022-09-13,2022-09-13
Evan Furness,Hard,2020s,5,body,True,11,1,7,0.6363636363636364,2022-09-13,2022-09-13
Evan Furness,Hard,2020s,6,t,True,5,1,1,0.2,2022-09-13,2022-09-13
Evan King,Clay,2010s,4,wide,True,13,1,8,0.6153846153846154,2019-04-15,2019-04-15
Evan King,Clay,2010s,5,body,True,13,1,7,0.5384615384615384,2019-04-15,2019-04-15
Evan King,Clay,2010s,6,t,True,20,1,11,0.55,2019-04-15,2019-04-15
Evan Zhu,Hard,2020s,4,wide,True,9,1,2,0.2222222222222222,2024-04-14,2024-04-14
Evan Zhu,Hard,2020s,5,body,True,11,1,2,0.18181818181818182,2024-04-14,2024-04-14
Evgeny Donskoy,Hard,2010s,4,wide,True,44,4,30,0.6818181818181818,2016-03-10,2019-09-19
Evgeny Donskoy,Hard,2010s,5,body,True,44,4,18,0.4090909090909091,2016-03-10,2019-09-19
Evgeny Donskoy,Hard,2010s,6,t,True,25,4,12,0.48,2016-03-10,2019-09-19
Evgeny Donskoy,Hard,2020s,4,wide,True,6,1,2,0.3333333333333333,2023-01-11,2023-01-11
Evgeny Donskoy,Hard,2020s,5,body,True,10,1,5,0.5,2023-01-11,2023-01-11
Evgeny Donskoy,Hard,2020s,6,t,True,9,1,4,0.4444444444444444,2023-01-11,2023-01-11
Evgeny Korolev,Hard,to_2009,4,wide,True,4,1,2,0.5,2009-11-05,2009-11-05
Evgeny Korolev,Hard,to_2009,5,body,True,6,1,2,0.3333333333333333,2009-11-05,2009-11-05
Evgeny Korolev,Hard,to_2009,6,t,True,8,1,4,0.5,2009-11-05,2009-11-05
Fabian Marozsan,Hard,2020s,4,wide,True,162,18,82,0.5061728395061729,2021-11-28,2026-03-19
Fabian Marozsan,Hard,2020s,5,body,True,131,19,66,0.5038167938931297,2021-11-28,2026-03-19
Fabian Marozsan,Hard,2020s,6,t,True,173,18,79,0.45664739884393063,2021-11-28,2026-03-19
Fabian Marozsan,Clay,2020s,4,wide,True,50,5,28,0.56,2023-05-15,2026-04-08
Fabian Marozsan,Clay,2020s,5,body,True,31,4,14,0.45161290322580644,2023-05-15,2026-04-08
Fabian Marozsan,Clay,2020s,6,t,True,55,5,31,0.5636363636363636,2023-05-15,2026-04-08
Fabio Fognini,Hard,2010s,4,wide,True,142,14,66,0.4647887323943662,2014-03-25,2019-10-24
Fabio Fognini,Hard,2010s,5,body,True,170,14,62,0.36470588235294116,2014-03-25,2019-10-24
Fabio Fognini,Hard,2010s,6,t,True,119,14,50,0.42016806722689076,2014-03-25,2019-10-24
Fabio Fognini,Hard,2020s,4,wide,True,68,7,32,0.47058823529411764,2020-01-05,2022-08-09
Fabio Fognini,Hard,2020s,5,body,True,128,7,68,0.53125,2020-01-05,2022-08-09
Fabio Fognini,Hard,2020s,6,t,True,54,7,24,0.4444444444444444,2020-01-05,2022-08-09
Fabio Fognini,Clay,2010s,4,wide,True,158,16,76,0.4810126582278481,2012-04-29,2019-05-07
Fabio Fognini,Clay,2010s,5,body,True,164,15,81,0.49390243902439024,2012-04-29,2019-05-07
Fabio Fognini,Clay,2010s,6,t,True,134,16,69,0.5149253731343284,2012-04-29,2019-05-07
Fabio Fognini,Clay,2020s,4,wide,True,79,7,41,0.5189873417721519,2022-02-19,2024-07-19
Fabio Fognini,Clay,2020s,5,body,True,56,7,29,0.5178571428571429,2022-02-19,2024-07-19
Fabio Fognini,Clay,2020s,6,t,True,67,7,29,0.43283582089552236,2022-02-19,2024-07-19
Fabio Fognini,Grass,2010s,4,wide,True,6,2,3,0.5,2012-06-27,2012-07-29
Fabio Fognini,Grass,2010s,5,body,True,35,2,14,0.4,2012-06-27,2012-07-29
Fabio Fognini,Grass,2010s,6,t,True,12,2,5,0.4166666666666667,2012-06-27,2012-07-29
Fabio Fognini,Grass,2020s,4,wide,True,4,1,4,1.0,2025-06-30,2025-06-30
Fabio Fognini,Grass,2020s,5,body,True,38,1,20,0.5263157894736842,2025-06-30,2025-06-30
Fabio Fognini,Grass,2020s,6,t,True,19,1,10,0.5263157894736842,2025-06-30,2025-06-30
Fabrice Santoro,Hard,to_2009,4,wide,True,79,7,39,0.4936708860759494,1991-10-29,2008-01-17
Fabrice Santoro,Hard,to_2009,5,body,True,49,7,13,0.2653061224489796,1991-10-29,2008-01-17
Fabrice Santoro,Hard,to_2009,6,t,True,45,6,21,0.4666666666666667,2001-08-04,2008-01-17
Fabrice Santoro,Clay,to_2009,4,wide,True,98,5,50,0.5102040816326531,1990-09-14,2004-05-24
Fabrice Santoro,Clay,to_2009,5,body,True,119,5,57,0.4789915966386555,1990-09-14,2004-05-24
Fabrice Santoro,Clay,to_2009,6,t,True,38,5,16,0.42105263157894735,1990-09-14,2004-05-24
Facundo Arguello,Hard,2010s,4,wide,True,6,1,3,0.5,2014-01-03,2014-01-03
Facundo Arguello,Hard,2010s,5,body,True,12,1,6,0.5,2014-01-03,2014-01-03
Facundo Arguello,Hard,2010s,6,t,True,4,1,2,0.5,2014-01-03,2014-01-03
Facundo Bagnis,Hard,2010s,4,wide,True,6,1,3,0.5,2017-03-12,2017-03-12
Facundo Bagnis,Hard,2010s,5,body,True,19,1,11,0.5789473684210527,2017-03-12,2017-03-12
Facundo Bagnis,Hard,2010s,6,t,True,9,1,2,0.2222222222222222,2017-03-12,2017-03-12
Facundo Bagnis,Hard,2020s,4,wide,True,5,1,4,0.8,2021-09-03,2021-09-03
Facundo Bagnis,Hard,2020s,5,body,True,17,1,4,0.23529411764705882,2021-09-03,2021-09-03
Facundo Bagnis,Hard,2020s,6,t,True,17,1,5,0.29411764705882354,2021-09-03,2021-09-03
Facundo Bagnis,Clay,2020s,4,wide,True,41,3,24,0.5853658536585366,2024-02-10,2024-02-27
Facundo Bagnis,Clay,2020s,5,body,True,26,3,13,0.5,2024-02-10,2024-02-27
Facundo Bagnis,Clay,2020s,6,t,True,23,3,8,0.34782608695652173,2024-02-10,2024-02-27
Facundo Diaz Acosta,Hard,2020s,4,wide,True,14,2,7,0.5,2023-08-29,2025-01-09
Facundo Diaz Acosta,Hard,2020s,5,body,True,32,2,11,0.34375,2023-08-29,2025-01-09
Facundo Diaz Acosta,Hard,2020s,6,t,True,12,2,5,0.4166666666666667,2023-08-29,2025-01-09
Facundo Diaz Acosta,Clay,2020s,4,wide,True,13,2,7,0.5384615384615384,2024-02-18,2024-04-15
Facundo Diaz Acosta,Clay,2020s,5,body,True,19,2,12,0.631578947368421,2024-02-18,2024-04-15
Facundo Diaz Acosta,Clay,2020s,6,t,True,12,2,10,0.8333333333333334,2024-02-18,2024-04-15
Facundo Mena,Clay,2020s,4,wide,True,15,1,5,0.3333333333333333,2021-10-08,2021-10-08
Facundo Mena,Clay,2020s,5,body,True,9,1,3,0.3333333333333333,2021-10-08,2021-10-08
Facundo Mena,Clay,2020s,6,t,True,1,1,0,0.0,2021-10-08,2021-10-08
Farrukh Dustov,Hard,2010s,4,wide,True,9,3,2,0.2222222222222222,2014-06-30,2015-11-16
Farrukh Dustov,Hard,2010s,5,body,True,24,3,10,0.4166666666666667,2014-06-30,2015-11-16
Farrukh Dustov,Hard,2010s,6,t,True,13,3,4,0.3076923076923077,2014-06-30,2015-11-16
Federico Agustin Gomez,Clay,2020s,4,wide,True,10,1,9,0.9,2024-11-01,2024-11-01
Federico Agustin Gomez,Clay,2020s,5,body,True,11,1,9,0.8181818181818182,2024-11-01,2024-11-01
Federico Agustin Gomez,Clay,2020s,6,t,True,1,1,0,0.0,2024-11-01,2024-11-01
Federico Arnaboldi,Clay,2020s,4,wide,True,4,1,2,0.5,2025-05-23,2025-05-23
Federico Arnaboldi,Clay,2020s,5,body,True,5,1,4,0.8,2025-05-23,2025-05-23
Federico Arnaboldi,Clay,2020s,6,t,True,3,1,1,0.3333333333333333,2025-05-23,2025-05-23
Federico Cina,Hard,2020s,4,wide,True,29,4,13,0.4482758620689655,2024-04-29,2025-03-21
Federico Cina,Hard,2020s,5,body,True,39,4,20,0.5128205128205128,2024-04-29,2025-03-21
Federico Cina,Hard,2020s,6,t,True,14,4,6,0.42857142857142855,2024-04-29,2025-03-21
Federico Coria,Hard,2020s,4,wide,True,12,3,4,0.3333333333333333,2022-03-12,2023-03-23
Federico Coria,Hard,2020s,5,body,True,26,3,11,0.4230769230769231,2022-03-12,2023-03-23
Federico Coria,Hard,2020s,6,t,True,17,3,7,0.4117647058823529,2022-03-12,2023-03-23
Federico Coria,Clay,2010s,4,wide,True,10,1,6,0.6,2019-04-09,2019-04-09
Federico Coria,Clay,2010s,5,body,True,5,1,1,0.2,2019-04-09,2019-04-09
Federico Coria,Clay,2010s,6,t,True,7,1,3,0.42857142857142855,2019-04-09,2019-04-09
Federico Coria,Clay,2020s,4,wide,True,62,6,31,0.5,2020-02-19,2025-02-13
Federico Coria,Clay,2020s,5,body,True,45,5,21,0.4666666666666667,2020-02-19,2025-02-13
Federico Coria,Clay,2020s,6,t,True,37,6,20,0.5405405405405406,2020-02-19,2025-02-13
Federico Delbonis,Hard,2010s,4,wide,True,35,3,20,0.5714285714285714,2016-01-22,2018-03-11
Federico Delbonis,Hard,2010s,5,body,True,35,3,11,0.3142857142857143,2016-01-22,2018-03-11
Federico Delbonis,Hard,2010s,6,t,True,27,3,15,0.5555555555555556,2016-01-22,2018-03-11
Federico Delbonis,Hard,2020s,4,wide,True,33,3,14,0.42424242424242425,2022-01-17,2022-08-30
Federico Delbonis,Hard,2020s,5,body,True,22,3,8,0.36363636363636365,2022-01-17,2022-08-30
Federico Delbonis,Hard,2020s,6,t,True,34,3,14,0.4117647058823529,2022-01-17,2022-08-30
Federico Delbonis,Clay,2010s,4,wide,True,57,6,25,0.43859649122807015,2013-07-31,2019-07-20
Federico Delbonis,Clay,2010s,5,body,True,56,6,30,0.5357142857142857,2013-07-31,2019-07-20
Federico Delbonis,Clay,2010s,6,t,True,39,6,18,0.46153846153846156,2013-07-31,2019-07-20
Federico Delbonis,Clay,2020s,4,wide,True,63,6,34,0.5396825396825397,2021-05-06,2023-05-23
Federico Delbonis,Clay,2020s,5,body,True,46,6,28,0.6086956521739131,2021-05-06,2023-05-23
Federico Delbonis,Clay,2020s,6,t,True,35,6,23,0.6571428571428571,2021-05-06,2023-05-23
Federico Delbonis,Grass,2020s,4,wide,True,6,1,3,0.5,2022-06-27,2022-06-27
Federico Delbonis,Grass,2020s,5,body,True,18,1,11,0.6111111111111112,2022-06-27,2022-06-27
Federico Delbonis,Grass,2020s,6,t,True,2,1,0,0.0,2022-06-27,2022-06-27
Federico Gaio,Hard,2020s,4,wide,True,15,1,6,0.4,2020-01-26,2020-01-26
Federico Gaio,Hard,2020s,5,body,True,12,1,4,0.3333333333333333,2020-01-26,2020-01-26
Federico Gaio,Hard,2020s,6,t,True,2,1,0,0.0,2020-01-26,2020-01-26
Federico Gaio,Clay,2010s,4,wide,True,3,1,1,0.3333333333333333,2016-03-26,2016-03-26
Federico Gaio,Clay,2010s,5,body,True,14,1,8,0.5714285714285714,2016-03-26,2016-03-26
Federico Gaio,Clay,2010s,6,t,True,3,1,1,0.3333333333333333,2016-03-26,2016-03-26
Federico Luzzi,Clay,to_2009,4,wide,True,17,1,8,0.47058823529411764,2001-05-08,2001-05-08
Federico Luzzi,Clay,to_2009,5,body,True,31,1,15,0.4838709677419355,2001-05-08,2001-05-08
Federico Luzzi,Clay,to_2009,6,t,True,3,1,1,0.3333333333333333,2001-05-08,2001-05-08
Feliciano Lopez,Hard,to_2009,4,wide,True,67,6,31,0.4626865671641791,2003-10-17,2009-10-17
Feliciano Lopez,Hard,to_2009,5,body,True,88,6,41,0.4659090909090909,2003-10-17,2009-10-17
Feliciano Lopez,Hard,to_2009,6,t,True,47,6,19,0.40425531914893614,2003-10-17,2009-10-17
Feliciano Lopez,Hard,2010s,4,wide,True,183,15,96,0.5245901639344263,2010-09-07,2019-08-30
Feliciano Lopez,Hard,2010s,5,body,True,213,15,94,0.4413145539906103,2010-09-07,2019-08-30
Feliciano Lopez,Hard,2010s,6,t,True,172,15,74,0.43023255813953487,2010-09-07,2019-08-30
Feliciano Lopez,Hard,2020s,4,wide,True,91,11,44,0.4835164835164835,2020-01-16,2023-02-27
Feliciano Lopez,Hard,2020s,5,body,True,161,11,79,0.4906832298136646,2020-01-16,2023-02-27
Feliciano Lopez,Hard,2020s,6,t,True,222,11,107,0.481981981981982,2020-01-16,2023-02-27
Feliciano Lopez,Hard,2020s,0,unknown,False,1,1,0,0.0,2021-08-31,2021-08-31
Feliciano Lopez,Clay,2010s,4,wide,True,78,7,49,0.6282051282051282,2011-05-01,2019-04-22
Feliciano Lopez,Clay,2010s,5,body,True,76,7,38,0.5,2011-05-01,2019-04-22
Feliciano Lopez,Clay,2010s,6,t,True,70,7,37,0.5285714285714286,2011-05-01,2019-04-22
Feliciano Lopez,Clay,2020s,4,wide,True,29,3,13,0.4482758620689655,2021-07-22,2023-04-18
Feliciano Lopez,Clay,2020s,5,body,True,58,3,23,0.39655172413793105,2021-07-22,2023-04-18
Feliciano Lopez,Clay,2020s,6,t,True,50,3,23,0.46,2021-07-22,2023-04-18
Feliciano Lopez,Grass,to_2009,4,wide,True,18,1,9,0.5,2005-06-29,2005-06-29
Feliciano Lopez,Grass,to_2009,5,body,True,5,1,4,0.8,2005-06-29,2005-06-29
Feliciano Lopez,Grass,to_2009,6,t,True,17,1,9,0.5294117647058824,2005-06-29,2005-06-29
Feliciano Lopez,Grass,2010s,4,wide,True,84,8,42,0.5,2013-06-23,2019-06-06
Feliciano Lopez,Grass,2010s,5,body,True,117,8,70,0.5982905982905983,2013-06-23,2019-06-06
Feliciano Lopez,Grass,2010s,6,t,True,85,8,42,0.49411764705882355,2013-06-23,2019-06-06
Feliciano Lopez,Grass,2020s,4,wide,True,10,2,3,0.3,2021-06-29,2022-06-28
Feliciano Lopez,Grass,2020s,5,body,True,31,2,10,0.3225806451612903,2021-06-29,2022-06-28
Feliciano Lopez,Grass,2020s,6,t,True,34,2,18,0.5294117647058824,2021-06-29,2022-06-28
Felipe Meligeni Alves,Clay,2020s,4,wide,True,23,2,11,0.4782608695652174,2026-03-12,2026-03-26
Felipe Meligeni Alves,Clay,2020s,5,body,True,31,2,12,0.3870967741935484,2026-03-12,2026-03-26
Felipe Meligeni Alves,Clay,2020s,6,t,True,16,2,6,0.375,2026-03-12,2026-03-26
Felix Auger Aliassime,Hard,2010s,4,wide,True,88,11,47,0.5340909090909091,2017-03-18,2019-11-24
Felix Auger Aliassime,Hard,2010s,5,body,True,122,11,61,0.5,2017-03-18,2019-11-24
Felix Auger Aliassime,Hard,2010s,6,t,True,64,11,30,0.46875,2017-03-18,2019-11-24
Felix Auger Aliassime,Hard,2010s,0,unknown,False,1,1,0,0.0,2019-07-31,2019-07-31
Felix Auger Aliassime,Hard,2020s,4,wide,True,475,61,213,0.44842105263157894,2020-01-07,2026-02-27
Felix Auger Aliassime,Hard,2020s,5,body,True,789,61,395,0.5006337135614702,2020-01-07,2026-02-27
Felix Auger Aliassime,Hard,2020s,6,t,True,474,61,213,0.44936708860759494,2020-01-07,2026-02-27
Felix Auger Aliassime,Clay,2010s,4,wide,True,45,5,25,0.5555555555555556,2018-06-24,2019-05-05
Felix Auger Aliassime,Clay,2010s,5,body,True,49,6,24,0.4897959183673469,2018-06-24,2019-05-05
Felix Auger Aliassime,Clay,2010s,6,t,True,40,6,19,0.475,2018-06-24,2019-05-05
Felix Auger Aliassime,Clay,2020s,4,wide,True,146,14,62,0.4246575342465753,2021-05-04,2025-05-27
Felix Auger Aliassime,Clay,2020s,5,body,True,159,14,70,0.44025157232704404,2021-05-04,2025-05-27
Felix Auger Aliassime,Clay,2020s,6,t,True,118,15,57,0.4830508474576271,2021-05-04,2025-05-27
Felix Auger Aliassime,Grass,2010s,4,wide,True,15,1,11,0.7333333333333333,2019-06-20,2019-06-20
Felix Auger Aliassime,Grass,2010s,5,body,True,7,1,6,0.8571428571428571,2019-06-20,2019-06-20
Felix Auger Aliassime,Grass,2010s,6,t,True,17,1,9,0.5294117647058824,2019-06-20,2019-06-20
Felix Auger Aliassime,Grass,2020s,4,wide,True,62,8,34,0.5483870967741935,2021-06-15,2025-06-14
Felix Auger Aliassime,Grass,2020s,5,body,True,126,8,66,0.5238095238095238,2021-06-15,2025-06-14
Felix Auger Aliassime,Grass,2020s,6,t,True,93,8,53,0.5698924731182796,2021-06-15,2025-06-14
Felix Mantilla,Hard,to_2009,4,wide,True,3,1,3,1.0,1998-08-31,1998-08-31
Felix Mantilla,Hard,to_2009,5,body,True,29,1,13,0.4482758620689655,1998-08-31,1998-08-31
Felix Mantilla,Hard,to_2009,6,t,True,6,1,3,0.5,1998-08-31,1998-08-31
Felix Mantilla,Clay,to_2009,4,wide,True,55,3,26,0.4727272727272727,2002-05-07,2004-05-28
Felix Mantilla,Clay,to_2009,5,body,True,38,3,21,0.5526315789473685,2002-05-07,2004-05-28
Felix Mantilla,Clay,to_2009,6,t,True,39,3,21,0.5384615384615384,2002-05-07,2004-05-28
Fernando Gonzalez,Hard,to_2009,4,wide,True,489,30,249,0.50920245398773,2002-03-25,2009-11-13
Fernando Gonzalez,Hard,to_2009,5,body,True,296,30,148,0.5,2002-03-25,2009-11-13
Fernando Gonzalez,Hard,to_2009,6,t,True,333,30,149,0.44744744744744747,2002-03-25,2009-11-13
Fernando Gonzalez,Hard,2010s,4,wide,True,16,1,8,0.5,2010-01-24,2010-01-24
Fernando Gonzalez,Hard,2010s,5,body,True,35,1,14,0.4,2010-01-24,2010-01-24
Fernando Gonzalez,Hard,2010s,6,t,True,15,1,7,0.4666666666666667,2010-01-24,2010-01-24
Fernando Gonzalez,Clay,to_2009,4,wide,True,200,14,87,0.435,2000-05-08,2009-06-02
Fernando Gonzalez,Clay,to_2009,5,body,True,99,14,47,0.47474747474747475,2000-05-08,2009-06-02
Fernando Gonzalez,Clay,to_2009,6,t,True,123,14,62,0.5040650406504065,2000-05-08,2009-06-02
Fernando Gonzalez,Grass,to_2009,4,wide,True,68,4,38,0.5588235294117647,2005-06-29,2007-06-29
Fernando Gonzalez,Grass,to_2009,5,body,True,68,4,35,0.5147058823529411,2005-06-29,2007-06-29
Fernando Gonzalez,Grass,to_2009,6,t,True,75,4,36,0.48,2005-06-29,2007-06-29
Fernando Gonzalez,Grass,to_2009,0,unknown,False,7,1,4,0.5714285714285714,2007-06-29,2007-06-29
Fernando Meligeni,Hard,to_2009,4,wide,True,4,1,3,0.75,1996-08-03,1996-08-03
Fernando Meligeni,Hard,to_2009,5,body,True,13,1,5,0.38461538461538464,1996-08-03,1996-08-03
Fernando Meligeni,Hard,to_2009,6,t,True,4,1,3,0.75,1996-08-03,1996-08-03
Fernando Romboli,Hard,2010s,4,wide,True,5,1,0,0.0,2016-03-07,2016-03-07
Fernando Romboli,Hard,2010s,5,body,True,8,1,4,0.5,2016-03-07,2016-03-07
Fernando Romboli,Hard,2010s,6,t,True,5,1,3,0.6,2016-03-07,2016-03-07
Fernando Verdasco,Hard,to_2009,4,wide,True,101,6,55,0.5445544554455446,2007-10-28,2009-11-24
Fernando Verdasco,Hard,to_2009,5,body,True,44,5,24,0.5454545454545454,2009-01-25,2009-11-24
Fernando Verdasco,Hard,to_2009,6,t,True,77,6,38,0.4935064935064935,2007-10-28,2009-11-24
Fernando Verdasco,Hard,2010s,4,wide,True,299,21,145,0.48494983277591974,2010-01-24,2019-02-27
Fernando Verdasco,Hard,2010s,5,body,True,232,21,113,0.4870689655172414,2010-01-24,2019-02-27
Fernando Verdasco,Hard,2010s,6,t,True,190,21,84,0.4421052631578947,2010-01-24,2019-02-27
Fernando Verdasco,Hard,2020s,4,wide,True,32,2,17,0.53125,2020-01-25,2022-08-30
Fernando Verdasco,Hard,2020s,5,body,True,28,2,16,0.5714285714285714,2020-01-25,2022-08-30
Fernando Verdasco,Hard,2020s,6,t,True,26,2,9,0.34615384615384615,2020-01-25,2022-08-30
Fernando Verdasco,Clay,to_2009,4,wide,True,11,1,1,0.09090909090909091,2005-05-05,2005-05-05
Fernando Verdasco,Clay,to_2009,5,body,True,12,1,8,0.6666666666666666,2005-05-05,2005-05-05
Fernando Verdasco,Clay,to_2009,6,t,True,7,1,2,0.2857142857142857,2005-05-05,2005-05-05
Fernando Verdasco,Clay,2010s,4,wide,True,98,10,44,0.4489795918367347,2010-04-17,2019-04-22
Fernando Verdasco,Clay,2010s,5,body,True,55,9,22,0.4,2010-04-18,2019-04-22
Fernando Verdasco,Clay,2010s,6,t,True,57,10,24,0.42105263157894735,2010-04-17,2019-04-22
Fernando Verdasco,Grass,to_2009,4,wide,True,20,1,7,0.35,2006-06-15,2006-06-15
Fernando Verdasco,Grass,to_2009,5,body,True,9,1,5,0.5555555555555556,2006-06-15,2006-06-15
Fernando Verdasco,Grass,to_2009,6,t,True,8,1,4,0.5,2006-06-15,2006-06-15
Fernando Verdasco,Grass,2010s,4,wide,True,59,3,24,0.4067796610169492,2013-07-03,2019-07-08
Fernando Verdasco,Grass,2010s,5,body,True,39,3,19,0.48717948717948717,2013-07-03,2019-07-08
Fernando Verdasco,Grass,2010s,6,t,True,41,3,20,0.4878048780487805,2013-07-03,2019-07-08
Fernon Wibier,Hard,to_2009,4,wide,True,4,1,2,0.5,1996-10-30,1996-10-30
Fernon Wibier,Hard,to_2009,5,body,True,18,1,7,0.3888888888888889,1996-10-30,1996-10-30
Fernon Wibier,Hard,to_2009,6,t,True,9,1,5,0.5555555555555556,1996-10-30,1996-10-30
Filip Bergevi,Hard,2020s,4,wide,True,12,1,1,0.08333333333333333,2022-09-13,2022-09-13
Filip Bergevi,Hard,2020s,5,body,True,20,1,11,0.55,2022-09-13,2022-09-13
Filip Bergevi,Hard,2020s,6,t,True,7,1,3,0.42857142857142855,2022-09-13,2022-09-13
Filip Cristian Jianu,Clay,2020s,4,wide,True,6,1,3,0.5,2024-11-03,2024-11-03
Filip Cristian Jianu,Clay,2020s,5,body,True,4,1,2,0.5,2024-11-03,2024-11-03
Filip Cristian Jianu,Clay,2020s,6,t,True,3,1,2,0.6666666666666666,2024-11-03,2024-11-03
Filip Dewulf,Clay,to_2009,4,wide,True,33,1,14,0.42424242424242425,1997-06-06,1997-06-06
Filip Dewulf,Clay,to_2009,5,body,True,10,1,3,0.3,1997-06-06,1997-06-06
Filip Dewulf,Clay,to_2009,6,t,True,25,1,12,0.48,1997-06-06,1997-06-06
Filip Horansky,Clay,2020s,4,wide,True,6,1,0,0.0,2021-04-14,2021-04-14
Filip Horansky,Clay,2020s,5,body,True,5,1,0,0.0,2021-04-14,2021-04-14
Filip Horansky,Clay,2020s,6,t,True,7,1,2,0.2857142857142857,2021-04-14,2021-04-14
Filip Krajinovic,Hard,2010s,4,wide,True,77,9,32,0.4155844155844156,2017-11-05,2019-10-24
Filip Krajinovic,Hard,2010s,5,body,True,55,8,23,0.41818181818181815,2017-11-05,2019-10-24
Filip Krajinovic,Hard,2010s,6,t,True,55,9,28,0.509090909090909,2017-11-05,2019-10-24
Filip Krajinovic,Hard,2020s,4,wide,True,45,8,24,0.5333333333333333,2020-02-11,2023-01-17
Filip Krajinovic,Hard,2020s,5,body,True,127,8,63,0.49606299212598426,2020-02-11,2023-01-17
Filip Krajinovic,Hard,2020s,6,t,True,43,8,23,0.5348837209302325,2020-02-11,2023-01-17
Filip Krajinovic,Clay,2010s,4,wide,True,10,1,6,0.6,2019-04-07,2019-04-07
Filip Krajinovic,Clay,2010s,5,body,True,10,1,4,0.4,2019-04-07,2019-04-07
Filip Krajinovic,Clay,2010s,6,t,True,8,1,6,0.75,2019-04-07,2019-04-07
Filip Krajinovic,Clay,2020s,4,wide,True,23,3,15,0.6521739130434783,2022-05-01,2023-04-10
Filip Krajinovic,Clay,2020s,5,body,True,32,3,20,0.625,2022-05-01,2023-04-10
Filip Krajinovic,Clay,2020s,6,t,True,26,3,17,0.6538461538461539,2022-05-01,2023-04-10
Filip Krajinovic,Grass,2020s,4,wide,True,15,3,10,0.6666666666666666,2022-06-18,2022-06-30
Filip Krajinovic,Grass,2020s,5,body,True,32,3,15,0.46875,2022-06-18,2022-06-30
Filip Krajinovic,Grass,2020s,6,t,True,26,3,14,0.5384615384615384,2022-06-18,2022-06-30
Filip Misolic,Clay,2020s,4,wide,True,60,5,24,0.4,2022-05-14,2025-05-31
Filip Misolic,Clay,2020s,5,body,True,67,5,38,0.5671641791044776,2022-05-14,2025-05-31
Filip Misolic,Clay,2020s,6,t,True,45,5,20,0.4444444444444444,2022-05-14,2025-05-31
Filippo Volandri,Clay,to_2009,4,wide,True,42,5,19,0.4523809523809524,2001-09-21,2007-05-12
Filippo Volandri,Clay,to_2009,5,body,True,78,5,41,0.5256410256410257,2001-09-21,2007-05-12
Filippo Volandri,Clay,to_2009,6,t,True,36,5,18,0.5,2001-09-21,2007-05-12
Fitriadi M Rifqi,Hard,2020s,4,wide,True,7,1,4,0.5714285714285714,2023-02-04,2023-02-04
Fitriadi M Rifqi,Hard,2020s,5,body,True,3,1,1,0.3333333333333333,2023-02-04,2023-02-04
Fitriadi M Rifqi,Hard,2020s,6,t,True,1,1,0,0.0,2023-02-04,2023-02-04
Flavio Cobolli,Hard,2020s,4,wide,True,191,12,97,0.5078534031413613,2024-08-07,2025-11-23
Flavio Cobolli,Hard,2020s,5,body,True,97,12,49,0.5051546391752577,2024-08-07,2025-11-23
Flavio Cobolli,Hard,2020s,6,t,True,74,12,39,0.527027027027027,2024-08-07,2025-11-23
Flavio Cobolli,Clay,2020s,4,wide,True,142,8,66,0.4647887323943662,2022-03-27,2026-04-30
Flavio Cobolli,Clay,2020s,5,body,True,62,8,31,0.5,2022-03-27,2026-04-30
Flavio Cobolli,Clay,2020s,6,t,True,69,8,31,0.4492753623188406,2022-03-27,2026-04-30
Flavio Cobolli,Grass,2020s,4,wide,True,91,4,43,0.4725274725274725,2024-06-11,2025-07-09
Flavio Cobolli,Grass,2020s,5,body,True,31,4,17,0.5483870967741935,2024-06-11,2025-07-09
Flavio Cobolli,Grass,2020s,6,t,True,56,4,22,0.39285714285714285,2024-06-11,2025-07-09
Flavio Saretta,Hard,to_2009,4,wide,True,26,1,10,0.38461538461538464,2003-01-14,2003-01-14
Flavio Saretta,Hard,to_2009,5,body,True,30,1,11,0.36666666666666664,2003-01-14,2003-01-14
Flavio Saretta,Hard,to_2009,6,t,True,13,1,6,0.46153846153846156,2003-01-14,2003-01-14
Florent Serra,Clay,to_2009,4,wide,True,15,1,8,0.5333333333333333,2009-04-12,2009-04-12
Florent Serra,Clay,to_2009,5,body,True,10,1,3,0.3,2009-04-12,2009-04-12
Florent Serra,Clay,to_2009,6,t,True,5,1,1,0.2,2009-04-12,2009-04-12
Florent Serra,Clay,2010s,4,wide,True,12,1,4,0.3333333333333333,2010-04-14,2010-04-14
Florent Serra,Clay,2010s,5,body,True,10,1,2,0.2,2010-04-14,2010-04-14
Florent Serra,Clay,2010s,6,t,True,7,1,3,0.42857142857142855,2010-04-14,2010-04-14
Florian Mayer,Hard,2010s,4,wide,True,61,7,29,0.47540983606557374,2010-10-24,2017-01-17
Florian Mayer,Hard,2010s,5,body,True,76,7,37,0.4868421052631579,2010-10-24,2017-01-17
Florian Mayer,Hard,2010s,6,t,True,42,7,19,0.4523809523809524,2010-10-24,2017-01-17
Florian Mayer,Clay,2010s,4,wide,True,20,1,10,0.5,2011-05-01,2011-05-01
Florian Mayer,Clay,2010s,5,body,True,3,1,0,0.0,2011-05-01,2011-05-01
Florian Mayer,Clay,2010s,6,t,True,11,1,6,0.5454545454545454,2011-05-01,2011-05-01
Florian Mayer,Grass,2010s,4,wide,True,1,1,0,0.0,2016-06-07,2016-06-07
Florian Mayer,Grass,2010s,5,body,True,13,1,8,0.6153846153846154,2016-06-07,2016-06-07
Florian Mayer,Grass,2010s,6,t,True,4,1,3,0.75,2016-06-07,2016-06-07
Frances Tiafoe,Hard,2010s,4,wide,True,50,4,27,0.54,2017-08-29,2019-11-05
Frances Tiafoe,Hard,2010s,5,body,True,54,4,31,0.5740740740740741,2017-08-29,2019-11-05
Frances Tiafoe,Hard,2010s,6,t,True,24,4,13,0.5416666666666666,2017-08-29,2019-11-05
Frances Tiafoe,Hard,2020s,4,wide,True,524,34,285,0.5438931297709924,2021-10-11,2026-03-26
Frances Tiafoe,Hard,2020s,5,body,True,329,32,178,0.541033434650456,2021-10-11,2026-03-26
Frances Tiafoe,Hard,2020s,6,t,True,387,34,199,0.5142118863049095,2021-10-11,2026-03-26
Frances Tiafoe,Hard,2020s,0,unknown,False,1,1,1,1.0,2024-08-30,2024-08-30
Frances Tiafoe,Clay,2020s,4,wide,True,86,7,37,0.43023255813953487,2022-05-03,2025-06-03
Frances Tiafoe,Clay,2020s,5,body,True,69,7,38,0.5507246376811594,2022-05-03,2025-06-03
Frances Tiafoe,Clay,2020s,6,t,True,65,7,37,0.5692307692307692,2022-05-03,2025-06-03
Frances Tiafoe,Grass,2020s,4,wide,True,37,1,20,0.5405405405405406,2022-07-03,2022-07-03
Frances Tiafoe,Grass,2020s,5,body,True,37,1,18,0.4864864864864865,2022-07-03,2022-07-03
Frances Tiafoe,Grass,2020s,6,t,True,26,1,10,0.38461538461538464,2022-07-03,2022-07-03
Francesco Maestrelli,Clay,2020s,4,wide,True,9,1,4,0.4444444444444444,2022-07-16,2022-07-16
Francesco Maestrelli,Clay,2020s,5,body,True,20,1,15,0.75,2022-07-16,2022-07-16
Francesco Maestrelli,Clay,2020s,6,t,True,4,1,2,0.5,2022-07-16,2022-07-16
Francesco Passaro,Clay,2020s,4,wide,True,28,2,9,0.32142857142857145,2022-05-08,2024-11-19
Francesco Passaro,Clay,2020s,5,body,True,17,2,6,0.35294117647058826,2022-05-08,2024-11-19
Francesco Passaro,Clay,2020s,6,t,True,19,2,9,0.47368421052631576,2022-05-08,2024-11-19
Francisco Cerundolo,Hard,2020s,4,wide,True,132,16,64,0.48484848484848486,2022-03-23,2025-10-30
Francisco Cerundolo,Hard,2020s,5,body,True,152,17,60,0.39473684210526316,2022-03-23,2025-10-30
Francisco Cerundolo,Hard,2020s,6,t,True,148,17,66,0.44594594594594594,2022-03-23,2025-10-30
Francisco Cerundolo,Clay,2020s,4,wide,True,275,24,145,0.5272727272727272,2020-12-06,2025-05-15
Francisco Cerundolo,Clay,2020s,5,body,True,170,23,90,0.5294117647058824,2020-12-06,2025-05-15
Francisco Cerundolo,Clay,2020s,6,t,True,227,24,109,0.4801762114537445,2020-12-06,2025-05-15
Francisco Cerundolo,Clay,2020s,0,unknown,False,1,1,1,1.0,2023-06-05,2023-06-05
Francisco Cerundolo,Grass,2020s,4,wide,True,11,1,6,0.5454545454545454,2025-06-30,2025-06-30
Francisco Cerundolo,Grass,2020s,5,body,True,11,1,4,0.36363636363636365,2025-06-30,2025-06-30
Francisco Cerundolo,Grass,2020s,6,t,True,13,1,4,0.3076923076923077,2025-06-30,2025-06-30
Francisco Clavet,Clay,to_2009,4,wide,True,26,2,15,0.5769230769230769,1990-05-28,1998-08-02
Francisco Clavet,Clay,to_2009,5,body,True,33,2,21,0.6363636363636364,1990-05-28,1998-08-02
Francisco Clavet,Clay,to_2009,6,t,True,12,2,10,0.8333333333333334,1990-05-28,1998-08-02
Francisco Comesana,Hard,2020s,4,wide,True,36,6,15,0.4166666666666667,2025-03-19,2025-10-15
Francisco Comesana,Hard,2020s,5,body,True,66,6,30,0.45454545454545453,2025-03-19,2025-10-15
Francisco Comesana,Hard,2020s,6,t,True,38,6,11,0.2894736842105263,2025-03-19,2025-10-15
Francisco Comesana,Clay,2020s,4,wide,True,14,2,4,0.2857142857142857,2022-06-19,2025-07-18
Francisco Comesana,Clay,2020s,5,body,True,6,2,3,0.5,2022-06-19,2025-07-18
Francisco Comesana,Clay,2020s,6,t,True,5,1,2,0.4,2025-07-18,2025-07-18
Francisco Comesana,Grass,2020s,4,wide,True,14,1,6,0.42857142857142855,2024-07-02,2024-07-02
Francisco Comesana,Grass,2020s,5,body,True,14,1,7,0.5,2024-07-02,2024-07-02
Francisco Comesana,Grass,2020s,6,t,True,13,1,9,0.6923076923076923,2024-07-02,2024-07-02
Francisco Llanes,Clay,2020s,4,wide,True,5,1,1,0.2,2021-09-18,2021-09-18
Francisco Llanes,Clay,2020s,5,body,True,5,1,4,0.8,2021-09-18,2021-09-18
Francisco Llanes,Clay,2020s,6,t,True,8,1,3,0.375,2021-09-18,2021-09-18
Franco Skugor,Hard,2010s,4,wide,True,9,1,2,0.2222222222222222,2019-02-12,2019-02-12
Franco Skugor,Hard,2010s,5,body,True,2,1,1,0.5,2019-02-12,2019-02-12
Franco Skugor,Hard,2010s,6,t,True,10,1,5,0.5,2019-02-12,2019-02-12
Franco Squillari,Clay,to_2009,4,wide,True,29,2,16,0.5517241379310345,1997-03-30,2002-04-15
Franco Squillari,Clay,to_2009,5,body,True,14,2,9,0.6428571428571429,1997-03-30,2002-04-15
Franco Squillari,Clay,to_2009,6,t,True,27,2,6,0.2222222222222222,1997-03-30,2002-04-15
Frank Dancevic,Hard,to_2009,4,wide,True,6,1,3,0.5,2008-07-21,2008-07-21
Frank Dancevic,Hard,to_2009,5,body,True,12,1,5,0.4166666666666667,2008-07-21,2008-07-21
Frank Dancevic,Hard,to_2009,6,t,True,3,1,2,0.6666666666666666,2008-07-21,2008-07-21
Frank Dancevic,Clay,2010s,4,wide,True,8,1,4,0.5,2016-03-04,2016-03-04
Frank Dancevic,Clay,2010s,5,body,True,14,1,7,0.5,2016-03-04,2016-03-04
Frank Dancevic,Clay,2010s,6,t,True,7,1,0,0.0,2016-03-04,2016-03-04
Frank Dancevic,Clay,2010s,0,unknown,False,1,1,1,1.0,2016-03-04,2016-03-04
Gabriel Decamps,Hard,2020s,4,wide,True,8,1,2,0.25,2022-10-25,2022-10-25
Gabriel Decamps,Hard,2020s,5,body,True,10,1,6,0.6,2022-10-25,2022-10-25
Gabriel Decamps,Hard,2020s,6,t,True,7,1,4,0.5714285714285714,2022-10-25,2022-10-25
Gabriel Diallo,Hard,2020s,4,wide,True,84,9,37,0.44047619047619047,2024-07-23,2025-08-12
Gabriel Diallo,Hard,2020s,5,body,True,75,9,34,0.4533333333333333,2024-07-23,2025-08-12
Gabriel Diallo,Hard,2020s,6,t,True,72,9,36,0.5,2024-07-23,2025-08-12
Gabriel Diallo,Clay,2020s,4,wide,True,26,2,8,0.3076923076923077,2025-05-01,2025-05-29
Gabriel Diallo,Clay,2020s,5,body,True,23,2,10,0.43478260869565216,2025-05-01,2025-05-29
Gabriel Diallo,Clay,2020s,6,t,True,21,2,9,0.42857142857142855,2025-05-01,2025-05-29
Gabriel Diallo,Grass,2020s,4,wide,True,28,3,14,0.5,2025-06-15,2025-07-02
Gabriel Diallo,Grass,2020s,5,body,True,34,3,19,0.5588235294117647,2025-06-15,2025-07-02
Gabriel Diallo,Grass,2020s,6,t,True,26,3,12,0.46153846153846156,2025-06-15,2025-07-02
Gabriel Markus,Clay,to_2009,4,wide,True,6,1,4,0.6666666666666666,1992-05-28,1992-05-28
Gabriel Markus,Clay,to_2009,5,body,True,14,1,6,0.42857142857142855,1992-05-28,1992-05-28
Gabriel Markus,Clay,to_2009,6,t,True,6,1,1,0.16666666666666666,1992-05-28,1992-05-28
Gabriele Felline,Clay,2010s,4,wide,True,5,1,1,0.2,2013-10-01,2013-10-01
Gabriele Felline,Clay,2010s,5,body,True,12,1,3,0.25,2013-10-01,2013-10-01
Gabriele Felline,Clay,2010s,6,t,True,3,1,1,0.3333333333333333,2013-10-01,2013-10-01
Gael Monfils,Hard,to_2009,4,wide,True,98,5,38,0.3877551020408163,2005-08-30,2009-11-15
Gael Monfils,Hard,to_2009,5,body,True,99,5,47,0.47474747474747475,2005-08-30,2009-11-15
Gael Monfils,Hard,to_2009,6,t,True,40,5,23,0.575,2005-08-30,2009-11-15
Gael Monfils,Hard,2010s,4,wide,True,559,48,278,0.49731663685152055,2010-09-08,2019-11-01
Gael Monfils,Hard,2010s,5,body,True,479,48,224,0.46764091858037576,2010-09-08,2019-11-01
Gael Monfils,Hard,2010s,6,t,True,429,48,220,0.5128205128205128,2010-09-08,2019-11-01
Gael Monfils,Hard,2020s,4,wide,True,705,49,343,0.48652482269503544,2020-01-23,2025-03-23
Gael Monfils,Hard,2020s,5,body,True,537,49,261,0.4860335195530726,2020-01-23,2025-03-23
Gael Monfils,Hard,2020s,6,t,True,386,49,184,0.47668393782383417,2020-01-23,2025-03-23
Gael Monfils,Clay,to_2009,4,wide,True,55,4,21,0.38181818181818183,2006-05-13,2009-06-03
Gael Monfils,Clay,to_2009,5,body,True,58,4,30,0.5172413793103449,2006-05-13,2009-06-03
Gael Monfils,Clay,to_2009,6,t,True,43,4,18,0.4186046511627907,2006-05-13,2009-06-03
Gael Monfils,Clay,2010s,4,wide,True,180,14,85,0.4722222222222222,2011-06-01,2019-05-28
Gael Monfils,Clay,2010s,5,body,True,170,14,87,0.5117647058823529,2011-06-01,2019-05-28
Gael Monfils,Clay,2010s,6,t,True,100,14,46,0.46,2011-06-01,2019-05-28
Gael Monfils,Clay,2020s,4,wide,True,165,10,70,0.42424242424242425,2020-09-28,2026-04-05
Gael Monfils,Clay,2020s,5,body,True,108,10,40,0.37037037037037035,2020-09-28,2026-04-05
Gael Monfils,Clay,2020s,6,t,True,90,10,39,0.43333333333333335,2020-09-28,2026-04-05
Gael Monfils,Grass,2010s,4,wide,True,14,2,7,0.5,2013-06-12,2015-06-08
Gael Monfils,Grass,2010s,5,body,True,25,2,15,0.6,2013-06-12,2015-06-08
Gael Monfils,Grass,2010s,6,t,True,5,2,2,0.4,2013-06-12,2015-06-08
Gael Monfils,Grass,2020s,4,wide,True,37,2,24,0.6486486486486487,2024-07-01,2024-07-05
Gael Monfils,Grass,2020s,5,body,True,28,2,7,0.25,2024-07-01,2024-07-05
Gael Monfils,Grass,2020s,6,t,True,19,2,7,0.3684210526315789,2024-07-01,2024-07-05
Galo Blanco,Clay,to_2009,4,wide,True,21,2,11,0.5238095238095238,1997-06-04,2001-03-04
Galo Blanco,Clay,to_2009,5,body,True,11,2,5,0.45454545454545453,1997-06-04,2001-03-04
Galo Blanco,Clay,to_2009,6,t,True,20,2,10,0.5,1997-06-04,2001-03-04
Gary Muller,Grass,to_2009,4,wide,True,21,1,7,0.3333333333333333,1992-06-24,1992-06-24
Gary Muller,Grass,to_2009,5,body,True,7,1,3,0.42857142857142855,1992-06-24,1992-06-24
Gary Muller,Grass,to_2009,6,t,True,18,1,11,0.6111111111111112,1992-06-24,1992-06-24
Gastao Elias,Hard,2010s,4,wide,True,10,1,6,0.6,2014-01-03,2014-01-03
Gastao Elias,Hard,2010s,5,body,True,12,1,8,0.6666666666666666,2014-01-03,2014-01-03
Gastao Elias,Hard,2010s,6,t,True,6,1,4,0.6666666666666666,2014-01-03,2014-01-03
Gaston Etlis,Hard,to_2009,4,wide,True,27,1,14,0.5185185185185185,1996-01-15,1996-01-15
Gaston Etlis,Hard,to_2009,5,body,True,9,1,3,0.3333333333333333,1996-01-15,1996-01-15
Gaston Etlis,Hard,to_2009,6,t,True,29,1,17,0.5862068965517241,1996-01-15,1996-01-15
Gaston Gaudio,Hard,to_2009,4,wide,True,72,4,32,0.4444444444444444,2002-09-20,2005-11-19
Gaston Gaudio,Hard,to_2009,5,body,True,44,3,21,0.4772727272727273,2002-09-20,2005-11-19
Gaston Gaudio,Hard,to_2009,6,t,True,53,4,14,0.2641509433962264,2002-09-20,2005-11-19
Gaston Gaudio,Clay,to_2009,4,wide,True,82,5,36,0.43902439024390244,2003-05-15,2005-02-06
Gaston Gaudio,Clay,to_2009,5,body,True,26,5,12,0.46153846153846156,2003-05-15,2005-02-06
Gaston Gaudio,Clay,to_2009,6,t,True,57,5,27,0.47368421052631576,2003-05-15,2005-02-06
Gavin Van Peperzeel,Hard,2010s,4,wide,True,11,1,4,0.36363636363636365,2015-11-23,2015-11-23
Gavin Van Peperzeel,Hard,2010s,5,body,True,5,1,4,0.8,2015-11-23,2015-11-23
Gavin Van Peperzeel,Hard,2010s,6,t,True,6,1,2,0.3333333333333333,2015-11-23,2015-11-23
Genaro Alberto Olivieri,Clay,2020s,4,wide,True,6,1,3,0.5,2024-05-29,2024-05-29
Genaro Alberto Olivieri,Clay,2020s,5,body,True,2,1,1,0.5,2024-05-29,2024-05-29
Genaro Alberto Olivieri,Clay,2020s,6,t,True,8,1,1,0.125,2024-05-29,2024-05-29
George Bastl,Grass,to_2009,4,wide,True,7,1,2,0.2857142857142857,2005-06-21,2005-06-21
George Bastl,Grass,to_2009,5,body,True,6,1,1,0.16666666666666666,2005-06-21,2005-06-21
George Bastl,Grass,to_2009,6,t,True,14,1,5,0.35714285714285715,2005-06-21,2005-06-21
Gerald Melzer,Clay,2010s,4,wide,True,7,1,5,0.7142857142857143,2016-04-20,2016-04-20
Gerald Melzer,Clay,2010s,5,body,True,4,1,2,0.5,2016-04-20,2016-04-20
Gerald Melzer,Clay,2010s,6,t,True,6,1,4,0.6666666666666666,2016-04-20,2016-04-20
Gerald Melzer,Clay,2010s,0,unknown,False,1,1,1,1.0,2016-04-20,2016-04-20
Germain Gigounon,Clay,2010s,4,wide,True,6,1,2,0.3333333333333333,2015-05-26,2015-05-26
Germain Gigounon,Clay,2010s,5,body,True,22,1,9,0.4090909090909091,2015-05-26,2015-05-26
Germain Gigounon,Clay,2010s,6,t,True,9,1,2,0.2222222222222222,2015-05-26,2015-05-26
Gianluca Mager,Hard,2010s,4,wide,True,3,1,0,0.0,2019-10-24,2019-10-24
Gianluca Mager,Hard,2010s,5,body,True,8,1,6,0.75,2019-10-24,2019-10-24
Gianluca Mager,Hard,2010s,6,t,True,6,1,0,0.0,2019-10-24,2019-10-24
Gianluca Mager,Clay,2010s,4,wide,True,13,1,5,0.38461538461538464,2019-04-14,2019-04-14
Gianluca Mager,Clay,2010s,5,body,True,15,1,10,0.6666666666666666,2019-04-14,2019-04-14
Gianluca Mager,Clay,2010s,6,t,True,9,1,2,0.2222222222222222,2019-04-14,2019-04-14
Gianluca Mager,Clay,2020s,4,wide,True,21,1,13,0.6190476190476191,2021-06-02,2021-06-02
Gianluca Mager,Clay,2020s,5,body,True,16,1,7,0.4375,2021-06-02,2021-06-02
Gianluca Mager,Clay,2020s,6,t,True,10,1,5,0.5,2021-06-02,2021-06-02
Gianluca Pozzi,Hard,to_2009,4,wide,True,12,1,8,0.6666666666666666,2000-09-01,2000-09-01
Gianluca Pozzi,Hard,to_2009,5,body,True,22,1,11,0.5,2000-09-01,2000-09-01
Gianluca Pozzi,Hard,to_2009,6,t,True,12,1,6,0.5,2000-09-01,2000-09-01
Gianluigi Quinzi,Hard,2010s,4,wide,True,10,1,2,0.2,2019-02-22,2019-02-22
Gianluigi Quinzi,Hard,2010s,5,body,True,3,1,1,0.3333333333333333,2019-02-22,2019-02-22
Gianluigi Quinzi,Hard,2010s,6,t,True,12,1,6,0.5,2019-02-22,2019-02-22
Gianluigi Quinzi,Clay,2010s,4,wide,True,10,1,3,0.3,2018-07-15,2018-07-15
Gianluigi Quinzi,Clay,2010s,5,body,True,11,1,5,0.45454545454545453,2018-07-15,2018-07-15
Gianluigi Quinzi,Clay,2010s,6,t,True,6,1,2,0.3333333333333333,2018-07-15,2018-07-15
Gijs Brouwer,Hard,2010s,4,wide,True,1,1,1,1.0,2019-02-04,2019-02-04
Gijs Brouwer,Hard,2010s,5,body,True,17,1,11,0.6470588235294118,2019-02-04,2019-02-04
Gijs Brouwer,Hard,2010s,6,t,True,3,1,1,0.3333333333333333,2019-02-04,2019-02-04
Gijs Brouwer,Hard,2020s,4,wide,True,69,10,37,0.5362318840579711,2021-08-01,2024-09-22
Gijs Brouwer,Hard,2020s,5,body,True,77,10,38,0.4935064935064935,2021-08-01,2024-09-22
Gijs Brouwer,Hard,2020s,6,t,True,94,10,48,0.5106382978723404,2021-08-01,2024-09-22
Gijs Brouwer,Clay,2010s,4,wide,True,8,1,2,0.25,2019-07-16,2019-07-16
Gijs Brouwer,Clay,2010s,5,body,True,11,1,4,0.36363636363636365,2019-07-16,2019-07-16
Gijs Brouwer,Clay,2010s,6,t,True,2,1,1,0.5,2019-07-16,2019-07-16
Gijs Brouwer,Clay,2020s,4,wide,True,25,4,13,0.52,2022-04-06,2023-04-09
Gijs Brouwer,Clay,2020s,5,body,True,21,4,10,0.47619047619047616,2022-04-06,2023-04-09
Gijs Brouwer,Clay,2020s,6,t,True,25,4,11,0.44,2022-04-06,2023-04-09
Gilles Arnaud Bailly,Hard,2020s,4,wide,True,10,1,4,0.4,2022-10-18,2022-10-18
Gilles Arnaud Bailly,Hard,2020s,5,body,True,38,1,18,0.47368421052631576,2022-10-18,2022-10-18
Gilles Arnaud Bailly,Hard,2020s,6,t,True,4,1,2,0.5,2022-10-18,2022-10-18
Gilles Arnaud Bailly,Hard,2020s,0,unknown,False,1,1,0,0.0,2022-10-18,2022-10-18
Gilles Arnaud Bailly,Clay,2020s,4,wide,True,11,1,2,0.18181818181818182,2025-08-31,2025-08-31
Gilles Arnaud Bailly,Clay,2020s,5,body,True,11,1,3,0.2727272727272727,2025-08-31,2025-08-31
Gilles Arnaud Bailly,Clay,2020s,6,t,True,12,1,5,0.4166666666666667,2025-08-31,2025-08-31
Gilles Muller,Hard,to_2009,4,wide,True,44,3,18,0.4090909090909091,2005-03-13,2008-09-04
Gilles Muller,Hard,to_2009,5,body,True,19,3,10,0.5263157894736842,2005-03-13,2008-09-04
Gilles Muller,Hard,to_2009,6,t,True,48,3,23,0.4791666666666667,2005-03-13,2008-09-04
Gilles Muller,Hard,2010s,4,wide,True,51,6,19,0.37254901960784315,2012-07-22,2017-03-14
Gilles Muller,Hard,2010s,5,body,True,73,6,37,0.5068493150684932,2012-07-22,2017-03-14
Gilles Muller,Hard,2010s,6,t,True,64,6,33,0.515625,2012-07-22,2017-03-14
Gilles Muller,Grass,to_2009,4,wide,True,11,2,7,0.6363636363636364,2005-06-13,2005-06-23
Gilles Muller,Grass,to_2009,5,body,True,51,2,28,0.5490196078431373,2005-06-13,2005-06-23
Gilles Muller,Grass,to_2009,6,t,True,12,2,5,0.4166666666666667,2005-06-13,2005-06-23
Gilles Muller,Grass,2010s,4,wide,True,37,3,22,0.5945945945945946,2015-06-13,2017-07-10
Gilles Muller,Grass,2010s,5,body,True,39,3,17,0.4358974358974359,2015-06-13,2017-07-10
Gilles Muller,Grass,2010s,6,t,True,37,3,19,0.5135135135135135,2015-06-13,2017-07-10
Gilles Simon,Hard,to_2009,4,wide,True,158,7,80,0.5063291139240507,2008-07-26,2009-10-04
Gilles Simon,Hard,to_2009,5,body,True,103,7,53,0.5145631067961165,2008-07-26,2009-10-04
Gilles Simon,Hard,to_2009,6,t,True,64,7,33,0.515625,2008-07-26,2009-10-04
Gilles Simon,Hard,2010s,4,wide,True,199,23,98,0.49246231155778897,2011-01-15,2019-10-01
Gilles Simon,Hard,2010s,5,body,True,264,23,138,0.5227272727272727,2011-01-15,2019-10-01
Gilles Simon,Hard,2010s,6,t,True,220,23,106,0.4818181818181818,2011-01-15,2019-10-01
Gilles Simon,Hard,2020s,4,wide,True,71,9,34,0.4788732394366197,2020-02-13,2022-11-03
Gilles Simon,Hard,2020s,5,body,True,127,10,63,0.49606299212598426,2020-02-13,2022-11-03
Gilles Simon,Hard,2020s,6,t,True,74,10,35,0.47297297297297297,2020-02-13,2022-11-03
Gilles Simon,Clay,2010s,4,wide,True,143,8,72,0.5034965034965035,2011-07-24,2017-07-27
Gilles Simon,Clay,2010s,5,body,True,99,8,52,0.5252525252525253,2011-07-24,2017-07-27
Gilles Simon,Clay,2010s,6,t,True,76,8,35,0.4605263157894737,2011-07-24,2017-07-27
Gilles Simon,Clay,2020s,4,wide,True,40,4,18,0.45,2021-05-30,2022-05-28
Gilles Simon,Clay,2020s,5,body,True,80,4,38,0.475,2021-05-30,2022-05-28
Gilles Simon,Clay,2020s,6,t,True,30,4,13,0.43333333333333335,2021-05-30,2022-05-28
Gilles Simon,Grass,2010s,4,wide,True,61,4,30,0.4918032786885246,2013-06-23,2019-06-21
Gilles Simon,Grass,2010s,5,body,True,57,4,30,0.5263157894736842,2013-06-23,2019-06-21
Gilles Simon,Grass,2010s,6,t,True,39,4,23,0.5897435897435898,2013-06-23,2019-06-21
Gilles Simon,Grass,2020s,4,wide,True,6,1,4,0.6666666666666666,2022-06-09,2022-06-09
Gilles Simon,Grass,2020s,5,body,True,19,1,10,0.5263157894736842,2022-06-09,2022-06-09
Gilles Simon,Grass,2020s,6,t,True,1,1,1,1.0,2022-06-09,2022-06-09
Giorgio Galimberti,Clay,to_2009,4,wide,True,5,1,2,0.4,2002-05-07,2002-05-07
Giorgio Galimberti,Clay,to_2009,5,body,True,14,1,7,0.5,2002-05-07,2002-05-07
Giorgio Galimberti,Clay,to_2009,6,t,True,5,1,2,0.4,2002-05-07,2002-05-07
Giovanni Lapentti,Clay,2010s,4,wide,True,1,1,0,0.0,2015-03-31,2015-03-31
Giovanni Lapentti,Clay,2010s,5,body,True,12,1,6,0.5,2015-03-31,2015-03-31
Giovanni Lapentti,Clay,2010s,6,t,True,4,1,2,0.5,2015-03-31,2015-03-31
Giovanni Mpetshi Perricard,Hard,2020s,4,wide,True,195,20,109,0.558974358974359,2024-07-31,2026-01-06
Giovanni Mpetshi Perricard,Hard,2020s,5,body,True,72,16,41,0.5694444444444444,2024-07-31,2026-01-06
Giovanni Mpetshi Perricard,Hard,2020s,6,t,True,295,20,174,0.5898305084745763,2024-07-31,2026-01-06
Giovanni Mpetshi Perricard,Clay,2020s,4,wide,True,46,3,26,0.5652173913043478,2024-05-28,2025-05-25
Giovanni Mpetshi Perricard,Clay,2020s,5,body,True,45,3,19,0.4222222222222222,2024-05-28,2025-05-25
Giovanni Mpetshi Perricard,Clay,2020s,6,t,True,38,3,18,0.47368421052631576,2024-05-28,2025-05-25
Giovanni Mpetshi Perricard,Grass,2020s,4,wide,True,87,6,40,0.45977011494252873,2024-06-11,2025-06-30
Giovanni Mpetshi Perricard,Grass,2020s,5,body,True,21,5,14,0.6666666666666666,2024-06-11,2025-06-30
Giovanni Mpetshi Perricard,Grass,2020s,6,t,True,122,6,61,0.5,2024-06-11,2025-06-30
Giulio Zeppieri,Hard,2020s,4,wide,True,19,1,8,0.42105263157894735,2024-02-11,2024-02-11
Giulio Zeppieri,Hard,2020s,5,body,True,7,1,4,0.5714285714285714,2024-02-11,2024-02-11
Giulio Zeppieri,Hard,2020s,6,t,True,6,1,2,0.3333333333333333,2024-02-11,2024-02-11
Giulio Zeppieri,Clay,2020s,4,wide,True,37,2,18,0.4864864864864865,2022-05-24,2025-05-26
Giulio Zeppieri,Clay,2020s,5,body,True,17,2,7,0.4117647058823529,2022-05-24,2025-05-26
Giulio Zeppieri,Clay,2020s,6,t,True,26,2,12,0.46153846153846156,2022-05-24,2025-05-26
Goncalo Oliveira,Hard,2010s,4,wide,True,10,1,7,0.7,2019-02-04,2019-02-04
Goncalo Oliveira,Hard,2010s,5,body,True,12,1,8,0.6666666666666666,2019-02-04,2019-02-04
Goncalo Oliveira,Hard,2010s,6,t,True,3,1,0,0.0,2019-02-04,2019-02-04
Goncalo Oliveira,Hard,2020s,4,wide,True,6,1,2,0.3333333333333333,2024-11-19,2024-11-19
Goncalo Oliveira,Hard,2020s,5,body,True,3,1,1,0.3333333333333333,2024-11-19,2024-11-19
Goncalo Oliveira,Hard,2020s,6,t,True,10,1,4,0.4,2024-11-19,2024-11-19
Goncalo Oliveira,Clay,2010s,4,wide,True,10,1,5,0.5,2019-05-16,2019-05-16
Goncalo Oliveira,Clay,2010s,5,body,True,1,1,0,0.0,2019-05-16,2019-05-16
Goncalo Oliveira,Clay,2010s,6,t,True,3,1,3,1.0,2019-05-16,2019-05-16
Goncalo Oliveira,Clay,2020s,4,wide,True,4,1,2,0.5,2024-11-03,2024-11-03
Goncalo Oliveira,Clay,2020s,5,body,True,7,1,6,0.8571428571428571,2024-11-03,2024-11-03
Goncalo Oliveira,Clay,2020s,6,t,True,4,1,4,1.0,2024-11-03,2024-11-03
Gonzalo Escobar,Hard,2010s,4,wide,True,15,1,7,0.4666666666666667,2019-04-21,2019-04-21
Gonzalo Escobar,Hard,2010s,5,body,True,7,1,2,0.2857142857142857,2019-04-21,2019-04-21
Gonzalo Escobar,Hard,2010s,6,t,True,20,1,12,0.6,2019-04-21,2019-04-21
Gonzalo Lama,Clay,2010s,4,wide,True,4,1,1,0.25,2014-04-29,2014-04-29
Gonzalo Lama,Clay,2010s,5,body,True,4,1,3,0.75,2014-04-29,2014-04-29
Gonzalo Lama,Clay,2010s,6,t,True,12,1,8,0.6666666666666666,2014-04-29,2014-04-29
Goran Ivanisevic,Hard,to_2009,4,wide,True,590,36,310,0.5254237288135594,1990-08-26,2001-11-16
Goran Ivanisevic,Hard,to_2009,5,body,True,451,36,221,0.49002217294900224,1990-08-26,2001-11-16
Goran Ivanisevic,Hard,to_2009,6,t,True,571,36,293,0.5131348511383538,1990-08-26,2001-11-16
Goran Ivanisevic,Clay,to_2009,4,wide,True,91,6,43,0.4725274725274725,1990-05-29,2001-09-21
Goran Ivanisevic,Clay,to_2009,5,body,True,64,6,26,0.40625,1990-05-29,2001-09-21
Goran Ivanisevic,Clay,to_2009,6,t,True,84,6,38,0.4523809523809524,1990-05-29,2001-09-21
Goran Ivanisevic,Grass,to_2009,4,wide,True,280,13,149,0.5321428571428571,1990-07-06,2001-07-09
Goran Ivanisevic,Grass,to_2009,5,body,True,179,13,91,0.5083798882681564,1990-07-06,2001-07-09
Goran Ivanisevic,Grass,to_2009,6,t,True,271,13,144,0.5313653136531366,1990-07-06,2001-07-09
Goran Prpic,Clay,to_2009,4,wide,True,19,1,11,0.5789473684210527,1992-05-29,1992-05-29
Goran Prpic,Clay,to_2009,5,body,True,5,1,3,0.6,1992-05-29,1992-05-29
Goran Prpic,Clay,to_2009,6,t,True,21,1,9,0.42857142857142855,1992-05-29,1992-05-29
Govind Nanda,Hard,2020s,4,wide,True,3,1,1,0.3333333333333333,2024-11-15,2024-11-15
Govind Nanda,Hard,2020s,5,body,True,14,1,6,0.42857142857142855,2024-11-15,2024-11-15
Govind Nanda,Hard,2020s,6,t,True,7,1,5,0.7142857142857143,2024-11-15,2024-11-15
Greg Rusedski,Hard,to_2009,4,wide,True,306,17,154,0.5032679738562091,1995-01-21,2005-08-13
Greg Rusedski,Hard,to_2009,5,body,True,181,17,101,0.5580110497237569,1995-01-21,2005-08-13
Greg Rusedski,Hard,to_2009,6,t,True,237,17,122,0.5147679324894515,1995-01-21,2005-08-13
Greg Rusedski,Clay,to_2009,4,wide,True,34,2,16,0.47058823529411764,1996-05-30,2005-04-11
Greg Rusedski,Clay,to_2009,5,body,True,8,2,6,0.75,1996-05-30,2005-04-11
Greg Rusedski,Clay,to_2009,6,t,True,18,2,10,0.5555555555555556,1996-05-30,2005-04-11
Greg Rusedski,Grass,to_2009,4,wide,True,37,2,22,0.5945945945945946,1993-06-21,1995-07-03
Greg Rusedski,Grass,to_2009,5,body,True,48,2,24,0.5,1993-06-21,1995-07-03
Greg Rusedski,Grass,to_2009,6,t,True,30,2,14,0.4666666666666667,1993-06-21,1995-07-03
Grega Zemlja,Hard,2010s,4,wide,True,3,1,1,0.3333333333333333,2016-04-15,2016-04-15
Grega Zemlja,Hard,2010s,5,body,True,6,1,2,0.3333333333333333,2016-04-15,2016-04-15
Grega Zemlja,Hard,2010s,6,t,True,7,1,5,0.7142857142857143,2016-04-15,2016-04-15
Gregoire Barrere,Hard,2010s,4,wide,True,10,1,4,0.4,2016-08-04,2016-08-04
Gregoire Barrere,Hard,2010s,5,body,True,8,1,4,0.5,2016-08-04,2016-08-04
Gregoire Barrere,Hard,2010s,6,t,True,6,1,3,0.5,2016-08-04,2016-08-04
Gregoire Barrere,Hard,2020s,4,wide,True,63,6,34,0.5396825396825397,2021-03-28,2024-01-23
Gregoire Barrere,Hard,2020s,5,body,True,68,6,35,0.5147058823529411,2021-03-28,2024-01-23
Gregoire Barrere,Hard,2020s,6,t,True,67,6,31,0.4626865671641791,2021-03-28,2024-01-23
Gregoire Barrere,Clay,2020s,4,wide,True,35,3,14,0.4,2023-04-20,2024-05-28
Gregoire Barrere,Clay,2020s,5,body,True,20,2,7,0.35,2024-05-16,2024-05-28
Gregoire Barrere,Clay,2020s,6,t,True,28,3,11,0.39285714285714285,2023-04-20,2024-05-28
Gregoire Barrere,Grass,2020s,4,wide,True,12,2,4,0.3333333333333333,2021-06-30,2023-06-13
Gregoire Barrere,Grass,2020s,5,body,True,38,2,19,0.5,2021-06-30,2023-06-13
Gregoire Barrere,Grass,2020s,6,t,True,20,2,12,0.6,2021-06-30,2023-06-13
Grigor Dimitrov,Hard,to_2009,4,wide,True,20,1,9,0.45,2009-02-12,2009-02-12
Grigor Dimitrov,Hard,to_2009,5,body,True,7,1,4,0.5714285714285714,2009-02-12,2009-02-12
Grigor Dimitrov,Hard,to_2009,6,t,True,15,1,8,0.5333333333333333,2009-02-12,2009-02-12
Grigor Dimitrov,Hard,2010s,4,wide,True,534,50,260,0.4868913857677903,2011-10-11,2019-11-02
Grigor Dimitrov,Hard,2010s,5,body,True,631,49,314,0.4976228209191759,2011-10-11,2019-11-02
Grigor Dimitrov,Hard,2010s,6,t,True,450,50,221,0.4911111111111111,2011-10-11,2019-11-02
Grigor Dimitrov,Hard,2010s,0,unknown,False,1,1,0,0.0,2012-10-08,2012-10-08
Grigor Dimitrov,Hard,2020s,4,wide,True,700,72,360,0.5142857142857142,2020-02-10,2026-03-07
Grigor Dimitrov,Hard,2020s,5,body,True,756,74,392,0.5185185185185185,2020-02-10,2026-03-07
Grigor Dimitrov,Hard,2020s,6,t,True,601,74,300,0.49916805324459235,2020-02-10,2026-03-07
Grigor Dimitrov,Hard,2020s,0,unknown,False,1,1,0,0.0,2026-03-07,2026-03-07
Grigor Dimitrov,Clay,2010s,4,wide,True,188,17,92,0.48936170212765956,2013-05-09,2019-05-26
Grigor Dimitrov,Clay,2010s,5,body,True,124,16,51,0.4112903225806452,2013-05-09,2019-05-26
Grigor Dimitrov,Clay,2010s,6,t,True,139,17,53,0.381294964028777,2013-05-09,2019-05-26
Grigor Dimitrov,Clay,2020s,4,wide,True,149,13,77,0.5167785234899329,2021-05-11,2024-06-04
Grigor Dimitrov,Clay,2020s,5,body,True,118,13,65,0.5508474576271186,2021-05-11,2024-06-04
Grigor Dimitrov,Clay,2020s,6,t,True,153,13,71,0.46405228758169936,2021-05-11,2024-06-04
Grigor Dimitrov,Grass,2010s,4,wide,True,86,10,44,0.5116279069767442,2014-06-09,2018-06-21
Grigor Dimitrov,Grass,2010s,5,body,True,145,10,75,0.5172413793103449,2014-06-09,2018-06-21
Grigor Dimitrov,Grass,2010s,6,t,True,78,10,36,0.46153846153846156,2014-06-09,2018-06-21
Grigor Dimitrov,Grass,2020s,4,wide,True,65,8,34,0.5230769230769231,2023-06-20,2025-07-07
Grigor Dimitrov,Grass,2020s,5,body,True,92,8,49,0.532608695652174,2023-06-20,2025-07-07
Grigor Dimitrov,Grass,2020s,6,t,True,51,8,28,0.5490196078431373,2023-06-20,2025-07-07
Guido Andreozzi,Hard,2010s,4,wide,True,20,1,12,0.6,2019-03-07,2019-03-07
Guido Andreozzi,Hard,2010s,5,body,True,5,1,4,0.8,2019-03-07,2019-03-07
Guido Andreozzi,Hard,2010s,6,t,True,15,1,5,0.3333333333333333,2019-03-07,2019-03-07
Guido Andreozzi,Clay,2010s,4,wide,True,11,1,5,0.45454545454545453,2019-02-05,2019-02-05
Guido Andreozzi,Clay,2010s,5,body,True,4,1,1,0.25,2019-02-05,2019-02-05
Guido Andreozzi,Clay,2010s,6,t,True,11,1,4,0.36363636363636365,2019-02-05,2019-02-05
Guido Pella,Hard,2010s,4,wide,True,20,2,12,0.6,2017-03-12,2019-03-10
Guido Pella,Hard,2010s,5,body,True,13,2,4,0.3076923076923077,2017-03-12,2019-03-10
Guido Pella,Hard,2010s,6,t,True,8,2,6,0.75,2017-03-12,2019-03-10
Guido Pella,Hard,2020s,4,wide,True,11,2,5,0.45454545454545453,2020-01-24,2021-02-02
Guido Pella,Hard,2020s,5,body,True,15,1,6,0.4,2020-01-24,2020-01-24
Guido Pella,Hard,2020s,6,t,True,17,2,6,0.35294117647058826,2020-01-24,2021-02-02
Guido Pella,Clay,2010s,4,wide,True,122,12,60,0.4918032786885246,2014-11-17,2019-04-26
Guido Pella,Clay,2010s,5,body,True,87,11,44,0.5057471264367817,2014-11-17,2019-04-26
Guido Pella,Clay,2010s,6,t,True,86,11,38,0.4418604651162791,2014-11-17,2019-04-19
Guido Pella,Grass,2010s,4,wide,True,35,3,18,0.5142857142857142,2018-06-15,2019-07-10
Guido Pella,Grass,2010s,5,body,True,42,3,20,0.47619047619047616,2018-06-15,2019-07-10
Guido Pella,Grass,2010s,6,t,True,28,3,14,0.5,2018-06-15,2019-07-10
Guillermo Canas,Hard,to_2009,4,wide,True,72,6,35,0.4861111111111111,2001-10-14,2007-03-25
Guillermo Canas,Hard,to_2009,5,body,True,38,6,18,0.47368421052631576,2001-10-14,2007-03-25
Guillermo Canas,Hard,to_2009,6,t,True,48,5,25,0.5208333333333334,2001-10-14,2005-03-18
Guillermo Canas,Clay,to_2009,4,wide,True,33,2,12,0.36363636363636365,2001-07-29,2002-05-16
Guillermo Canas,Clay,to_2009,5,body,True,4,1,0,0.0,2001-07-29,2001-07-29
Guillermo Canas,Clay,to_2009,6,t,True,27,2,16,0.5925925925925926,2001-07-29,2002-05-16
Guillermo Coria,Hard,to_2009,4,wide,True,78,6,35,0.44871794871794873,2002-09-15,2005-11-17
Guillermo Coria,Hard,to_2009,5,body,True,47,5,26,0.5531914893617021,2002-09-15,2005-11-17
Guillermo Coria,Hard,to_2009,6,t,True,58,6,29,0.5,2002-09-15,2005-11-17
Guillermo Coria,Clay,to_2009,4,wide,True,163,12,79,0.48466257668711654,2003-05-18,2005-05-13
Guillermo Coria,Clay,to_2009,5,body,True,105,12,51,0.4857142857142857,2003-05-18,2005-05-13
Guillermo Coria,Clay,to_2009,6,t,True,105,11,51,0.4857142857142857,2003-06-03,2005-05-13
Guillermo Coria,Grass,to_2009,4,wide,True,28,1,10,0.35714285714285715,2005-07-15,2005-07-15
Guillermo Coria,Grass,to_2009,5,body,True,6,1,4,0.6666666666666666,2005-07-15,2005-07-15
Guillermo Coria,Grass,to_2009,6,t,True,13,1,5,0.38461538461538464,2005-07-15,2005-07-15
Guillermo Garcia Lopez,Hard,2010s,4,wide,True,30,4,12,0.4,2015-02-08,2019-02-15
Guillermo Garcia Lopez,Hard,2010s,5,body,True,70,4,40,0.5714285714285714,2015-02-08,2019-02-15
Guillermo Garcia Lopez,Hard,2010s,6,t,True,37,4,19,0.5135135135135135,2015-02-08,2019-02-15
Guillermo Garcia Lopez,Clay,2010s,4,wide,True,43,6,20,0.46511627906976744,2015-04-24,2019-06-09
Guillermo Garcia Lopez,Clay,2010s,5,body,True,131,6,64,0.48854961832061067,2015-04-24,2019-06-09
Guillermo Garcia Lopez,Clay,2010s,6,t,True,25,6,13,0.52,2015-04-24,2019-06-09
Guillermo Vilas,Clay,to_2009,4,wide,True,42,3,21,0.5,1977-09-11,1982-06-06
Guillermo Vilas,Clay,to_2009,5,body,True,19,3,9,0.47368421052631576,1977-09-11,1982-06-06
Guillermo Vilas,Clay,to_2009,6,t,True,23,2,15,0.6521739130434783,1977-09-11,1978-06-11
Guillermo Vilas,Grass,to_2009,4,wide,True,41,3,25,0.6097560975609756,1977-01-09,1986-06-24
Guillermo Vilas,Grass,to_2009,5,body,True,41,3,21,0.5121951219512195,1977-01-09,1986-06-24
Guillermo Vilas,Grass,to_2009,6,t,True,39,3,14,0.358974358974359,1977-01-09,1986-06-24
Gustavo Kuerten,Hard,to_2009,4,wide,True,520,26,283,0.5442307692307692,1997-08-03,2007-02-28
Gustavo Kuerten,Hard,to_2009,5,body,True,344,25,183,0.5319767441860465,1997-08-03,2007-02-28
Gustavo Kuerten,Hard,to_2009,6,t,True,335,26,171,0.5104477611940299,1997-08-03,2007-02-28
Gustavo Kuerten,Clay,to_2009,4,wide,True,697,28,378,0.5423242467718795,1997-05-29,2004-06-02
Gustavo Kuerten,Clay,to_2009,5,body,True,336,28,171,0.5089285714285714,1997-05-29,2004-06-02
Gustavo Kuerten,Clay,to_2009,6,t,True,309,27,155,0.5016181229773463,1997-05-29,2004-06-02
Gustavo Kuerten,Grass,to_2009,4,wide,True,25,2,10,0.4,1999-07-01,2000-07-14
Gustavo Kuerten,Grass,to_2009,5,body,True,21,2,7,0.3333333333333333,1999-07-01,2000-07-14
Gustavo Kuerten,Grass,to_2009,6,t,True,26,2,11,0.4230769230769231,1999-07-01,2000-07-14
Guy Den Ouden,Hard,2020s,4,wide,True,21,3,10,0.47619047619047616,2026-02-07,2026-02-11
Guy Den Ouden,Hard,2020s,5,body,True,41,3,24,0.5853658536585366,2026-02-07,2026-02-11
Guy Den Ouden,Hard,2020s,6,t,True,38,3,20,0.5263157894736842,2026-02-07,2026-02-11
Guy Den Ouden,Clay,2020s,4,wide,True,25,5,9,0.36,2024-09-14,2025-08-31
Guy Den Ouden,Clay,2020s,5,body,True,68,5,33,0.4852941176470588,2024-09-14,2025-08-31
Guy Den Ouden,Clay,2020s,6,t,True,26,5,10,0.38461538461538464,2024-09-14,2025-08-31
Guy Forget,Hard,to_2009,4,wide,True,207,13,102,0.4927536231884058,1991-01-22,1996-02-18
Guy Forget,Hard,to_2009,5,body,True,228,13,117,0.5131578947368421,1991-01-22,1996-02-18
Guy Forget,Hard,to_2009,6,t,True,141,13,80,0.5673758865248227,1991-01-22,1996-02-18
Guy Forget,Grass,to_2009,4,wide,True,44,5,25,0.5681818181818182,1992-07-01,1996-06-24
Guy Forget,Grass,to_2009,5,body,True,79,5,38,0.4810126582278481,1992-07-01,1996-06-24
Guy Forget,Grass,to_2009,6,t,True,70,5,35,0.5,1992-07-01,1996-06-24
Hady Habib,Hard,2020s,4,wide,True,12,1,6,0.5,2025-01-15,2025-01-15
Hady Habib,Hard,2020s,5,body,True,6,1,2,0.3333333333333333,2025-01-15,2025-01-15
Hady Habib,Hard,2020s,6,t,True,13,1,7,0.5384615384615384,2025-01-15,2025-01-15
Hamad Medjedovic,Hard,2020s,4,wide,True,89,8,45,0.5056179775280899,2025-02-01,2026-02-12
Hamad Medjedovic,Hard,2020s,5,body,True,67,7,25,0.373134328358209,2025-02-01,2026-02-12
Hamad Medjedovic,Hard,2020s,6,t,True,146,8,67,0.4589041095890411,2025-02-01,2026-02-12
Hamad Medjedovic,Clay,2020s,4,wide,True,20,1,11,0.55,2023-07-19,2023-07-19
Hamad Medjedovic,Clay,2020s,5,body,True,3,1,1,0.3333333333333333,2023-07-19,2023-07-19
Hamad Medjedovic,Clay,2020s,6,t,True,13,1,5,0.38461538461538464,2023-07-19,2023-07-19
Hamad Medjedovic,Grass,2020s,4,wide,True,7,1,2,0.2857142857142857,2024-06-12,2024-06-12
Hamad Medjedovic,Grass,2020s,5,body,True,1,1,0,0.0,2024-06-12,2024-06-12
Hamad Medjedovic,Grass,2020s,6,t,True,11,1,6,0.5454545454545454,2024-06-12,2024-06-12
Harel Levy,Hard,to_2009,4,wide,True,25,2,8,0.32,2000-08-05,2000-08-06
Harel Levy,Hard,to_2009,5,body,True,20,2,6,0.3,2000-08-05,2000-08-06
Harel Levy,Hard,to_2009,6,t,True,3,1,1,0.3333333333333333,2000-08-06,2000-08-06
Harold Mayot,Hard,2020s,4,wide,True,7,2,5,0.7142857142857143,2020-02-01,2026-01-09
Harold Mayot,Hard,2020s,5,body,True,27,2,14,0.5185185185185185,2020-02-01,2026-01-09
Harold Mayot,Hard,2020s,6,t,True,4,2,2,0.5,2020-02-01,2026-01-09
Harold Solomon,Clay,to_2009,4,wide,True,11,1,3,0.2727272727272727,1980-06-06,1980-06-06
Harold Solomon,Clay,to_2009,5,body,True,3,1,0,0.0,1980-06-06,1980-06-06
Harold Solomon,Clay,to_2009,6,t,True,17,1,5,0.29411764705882354,1980-06-06,1980-06-06
Harry Wendelken,Hard,2020s,4,wide,True,20,2,7,0.35,2025-10-14,2025-10-19
Harry Wendelken,Hard,2020s,5,body,True,55,2,33,0.6,2025-10-14,2025-10-19
Harry Wendelken,Hard,2020s,6,t,True,16,2,7,0.4375,2025-10-14,2025-10-19
Hendrik Dreekmann,Hard,to_2009,4,wide,True,39,2,18,0.46153846153846156,1995-01-19,1996-09-29
Hendrik Dreekmann,Hard,to_2009,5,body,True,27,2,8,0.2962962962962963,1995-01-19,1996-09-29
Hendrik Dreekmann,Hard,to_2009,6,t,True,13,2,6,0.46153846153846156,1995-01-19,1996-09-29
Hendrik Dreekmann,Grass,to_2009,4,wide,True,18,1,10,0.5555555555555556,1997-06-26,1997-06-26
Hendrik Dreekmann,Grass,to_2009,5,body,True,44,1,25,0.5681818181818182,1997-06-26,1997-06-26
Hendrik Dreekmann,Grass,to_2009,6,t,True,12,1,4,0.3333333333333333,1997-06-26,1997-06-26
Henri Laaksonen,Hard,2010s,4,wide,True,15,1,10,0.6666666666666666,2019-01-14,2019-01-14
Henri Laaksonen,Hard,2010s,5,body,True,17,1,10,0.5882352941176471,2019-01-14,2019-01-14
Henri Laaksonen,Hard,2010s,6,t,True,10,1,3,0.3,2019-01-14,2019-01-14
Henri Laaksonen,Hard,2020s,4,wide,True,8,1,5,0.625,2022-01-18,2022-01-18
Henri Laaksonen,Hard,2020s,5,body,True,16,1,6,0.375,2022-01-18,2022-01-18
Henri Laaksonen,Hard,2020s,6,t,True,9,1,3,0.3333333333333333,2022-01-18,2022-01-18
Henri Laaksonen,Clay,2010s,4,wide,True,2,1,1,0.5,2018-07-18,2018-07-18
Henri Laaksonen,Clay,2010s,5,body,True,6,1,6,1.0,2018-07-18,2018-07-18
Henri Laaksonen,Clay,2010s,6,t,True,3,1,2,0.6666666666666666,2018-07-18,2018-07-18
Henri Leconte,Hard,to_2009,4,wide,True,13,1,8,0.6153846153846154,1986-09-04,1986-09-04
Henri Leconte,Hard,to_2009,5,body,True,13,1,8,0.6153846153846154,1986-09-04,1986-09-04
Henri Leconte,Hard,to_2009,6,t,True,14,1,6,0.42857142857142855,1986-09-04,1986-09-04
Henri Leconte,Clay,to_2009,4,wide,True,251,11,127,0.5059760956175299,1984-07-13,1996-05-27
Henri Leconte,Clay,to_2009,5,body,True,148,11,77,0.5202702702702703,1984-07-13,1996-05-27
Henri Leconte,Clay,to_2009,6,t,True,119,11,56,0.47058823529411764,1984-07-13,1996-05-27
Henri Leconte,Clay,to_2009,0,unknown,False,1,1,0,0.0,1988-06-04,1988-06-04
Henri Leconte,Grass,to_2009,4,wide,True,68,3,40,0.5882352941176471,1985-07-03,1986-07-04
Henri Leconte,Grass,to_2009,5,body,True,38,3,24,0.631578947368421,1985-07-03,1986-07-04
Henri Leconte,Grass,to_2009,6,t,True,59,3,29,0.4915254237288136,1985-07-03,1986-07-04
Henri Squire,Clay,2020s,4,wide,True,11,1,6,0.5454545454545454,2024-05-27,2024-05-27
Henri Squire,Clay,2020s,5,body,True,30,1,18,0.6,2024-05-27,2024-05-27
Henri Squire,Clay,2020s,6,t,True,11,1,5,0.45454545454545453,2024-05-27,2024-05-27
Henrik Holm,Clay,to_2009,4,wide,True,33,1,19,0.5757575757575758,1994-05-24,1994-05-24
Henrik Holm,Clay,to_2009,5,body,True,32,1,17,0.53125,1994-05-24,1994-05-24
Henrik Holm,Clay,to_2009,6,t,True,22,1,12,0.5454545454545454,1994-05-24,1994-05-24
Henrik Sundstrom,Clay,to_2009,4,wide,True,4,1,2,0.5,1985-04-06,1985-04-06
Henrik Sundstrom,Clay,to_2009,5,body,True,23,1,10,0.43478260869565216,1985-04-06,1985-04-06
Henrik Sundstrom,Clay,to_2009,6,t,True,3,1,1,0.3333333333333333,1985-04-06,1985-04-06
Henrique Rocha,Clay,2020s,4,wide,True,10,2,5,0.5,2024-04-03,2024-10-21
Henrique Rocha,Clay,2020s,5,body,True,50,2,22,0.44,2024-04-03,2024-10-21
Henrique Rocha,Clay,2020s,6,t,True,5,2,2,0.4,2024-04-03,2024-10-21
Henry Searle,Grass,2020s,4,wide,True,24,1,13,0.5416666666666666,2025-06-30,2025-06-30
Henry Searle,Grass,2020s,5,body,True,19,1,10,0.5263157894736842,2025-06-30,2025-06-30
Henry Searle,Grass,2020s,6,t,True,8,1,3,0.375,2025-06-30,2025-06-30
Hernan Casanova,Clay,2020s,4,wide,True,12,1,7,0.5833333333333334,2022-07-25,2022-07-25
Hernan Casanova,Clay,2020s,5,body,True,9,1,3,0.3333333333333333,2022-07-25,2022-07-25
Hernan Casanova,Clay,2020s,6,t,True,6,1,2,0.3333333333333333,2022-07-25,2022-07-25
Hicham Arazi,Hard,to_2009,4,wide,True,13,1,4,0.3076923076923077,2000-01-25,2000-01-25
Hicham Arazi,Hard,to_2009,5,body,True,9,1,4,0.4444444444444444,2000-01-25,2000-01-25
Hicham Arazi,Hard,to_2009,6,t,True,21,1,8,0.38095238095238093,2000-01-25,2000-01-25
Hicham Arazi,Clay,to_2009,4,wide,True,10,1,7,0.7,1997-03-30,1997-03-30
Hicham Arazi,Clay,to_2009,5,body,True,7,1,0,0.0,1997-03-30,1997-03-30
Hicham Arazi,Clay,to_2009,6,t,True,11,1,7,0.6363636363636364,1997-03-30,1997-03-30
Hiroki Moriya,Hard,2010s,4,wide,True,4,1,1,0.25,2014-02-01,2014-02-01
Hiroki Moriya,Hard,2010s,5,body,True,19,1,9,0.47368421052631576,2014-02-01,2014-02-01
Hiroki Moriya,Hard,2010s,6,t,True,7,1,5,0.7142857142857143,2014-02-01,2014-02-01
Ho Gi Kang,Hard,2010s,4,wide,True,5,1,2,0.4,2016-05-09,2016-05-09
Ho Gi Kang,Hard,2010s,5,body,True,4,1,2,0.5,2016-05-09,2016-05-09
Ho Gi Kang,Hard,2010s,6,t,True,10,1,3,0.3,2016-05-09,2016-05-09
Holger Rune,Hard,2020s,4,wide,True,475,38,242,0.5094736842105263,2022-08-03,2025-07-31
Holger Rune,Hard,2020s,5,body,True,321,38,166,0.5171339563862928,2022-08-03,2025-07-31
Holger Rune,Hard,2020s,6,t,True,390,38,192,0.49230769230769234,2022-08-03,2025-07-31
Holger Rune,Clay,2010s,4,wide,True,5,1,3,0.6,2019-07-16,2019-07-16
Holger Rune,Clay,2010s,5,body,True,2,1,1,0.5,2019-07-16,2019-07-16
Holger Rune,Clay,2010s,6,t,True,6,1,4,0.6666666666666666,2019-07-16,2019-07-16
Holger Rune,Clay,2020s,4,wide,True,400,22,205,0.5125,2022-04-18,2025-06-01
Holger Rune,Clay,2020s,5,body,True,220,22,122,0.5545454545454546,2022-04-18,2025-06-01
Holger Rune,Clay,2020s,6,t,True,239,22,126,0.5271966527196653,2022-04-18,2025-06-01
Holger Rune,Clay,2020s,0,unknown,False,1,1,1,1.0,2023-06-05,2023-06-05
Holger Rune,Grass,2020s,4,wide,True,60,5,25,0.4166666666666667,2023-06-20,2025-06-30
Holger Rune,Grass,2020s,5,body,True,69,5,33,0.4782608695652174,2023-06-20,2025-06-30
Holger Rune,Grass,2020s,6,t,True,56,5,35,0.625,2023-06-20,2025-06-30
Horacio Zeballos,Hard,2010s,4,wide,True,5,1,2,0.4,2017-03-12,2017-03-12
Horacio Zeballos,Hard,2010s,5,body,True,6,1,4,0.6666666666666666,2017-03-12,2017-03-12
Horacio Zeballos,Hard,2010s,6,t,True,9,1,4,0.4444444444444444,2017-03-12,2017-03-12
Horacio Zeballos,Clay,2010s,4,wide,True,28,4,18,0.6428571428571429,2014-04-14,2018-04-10
Horacio Zeballos,Clay,2010s,5,body,True,33,4,21,0.6363636363636364,2014-04-14,2018-04-10
Horacio Zeballos,Clay,2010s,6,t,True,29,4,21,0.7241379310344828,2014-04-14,2018-04-10
Hubert Hurkacz,Hard,2010s,4,wide,True,243,31,120,0.49382716049382713,2018-07-30,2019-10-28
Hubert Hurkacz,Hard,2010s,5,body,True,362,31,196,0.5414364640883977,2018-07-30,2019-10-28
Hubert Hurkacz,Hard,2010s,6,t,True,213,30,102,0.4788732394366197,2018-07-30,2019-10-28
Hubert Hurkacz,Hard,2020s,4,wide,True,1842,192,1000,0.5428881650380022,2020-01-04,2026-03-19
Hubert Hurkacz,Hard,2020s,5,body,True,1911,189,1002,0.5243328100470958,2020-01-04,2026-03-19
Hubert Hurkacz,Hard,2020s,6,t,True,1922,192,971,0.5052029136316337,2020-01-04,2026-03-19
Hubert Hurkacz,Clay,2010s,4,wide,True,36,5,17,0.4722222222222222,2019-04-14,2019-05-27
Hubert Hurkacz,Clay,2010s,5,body,True,88,5,48,0.5454545454545454,2019-04-14,2019-05-27
Hubert Hurkacz,Clay,2010s,6,t,True,28,5,13,0.4642857142857143,2019-04-14,2019-05-27
Hubert Hurkacz,Clay,2020s,4,wide,True,758,60,411,0.5422163588390502,2020-09-17,2026-04-22
Hubert Hurkacz,Clay,2020s,5,body,True,549,60,292,0.5318761384335154,2020-09-17,2026-04-22
Hubert Hurkacz,Clay,2020s,6,t,True,701,60,360,0.5135520684736091,2020-09-17,2026-04-22
Hubert Hurkacz,Grass,2010s,4,wide,True,16,3,6,0.375,2019-06-17,2019-07-05
Hubert Hurkacz,Grass,2010s,5,body,True,62,3,29,0.46774193548387094,2019-06-17,2019-07-05
Hubert Hurkacz,Grass,2010s,6,t,True,21,3,10,0.47619047619047616,2019-06-17,2019-07-05
Hubert Hurkacz,Grass,2020s,4,wide,True,243,28,148,0.6090534979423868,2021-06-10,2025-06-11
Hubert Hurkacz,Grass,2020s,5,body,True,348,28,199,0.5718390804597702,2021-06-10,2025-06-11
Hubert Hurkacz,Grass,2020s,6,t,True,313,28,157,0.5015974440894568,2021-06-10,2025-06-11
Hugo Dellien,Hard,2010s,4,wide,True,7,1,3,0.42857142857142855,2019-08-29,2019-08-29
Hugo Dellien,Hard,2010s,5,body,True,17,1,5,0.29411764705882354,2019-08-29,2019-08-29
Hugo Dellien,Hard,2010s,6,t,True,10,1,7,0.7,2019-08-29,2019-08-29
Hugo Dellien,Hard,2020s,4,wide,True,4,1,1,0.25,2021-07-24,2021-07-24
Hugo Dellien,Hard,2020s,5,body,True,5,1,1,0.2,2021-07-24,2021-07-24
Hugo Dellien,Clay,2010s,4,wide,True,34,4,19,0.5588235294117647,2019-02-20,2019-07-17
Hugo Dellien,Clay,2010s,5,body,True,29,4,8,0.27586206896551724,2019-02-20,2019-07-17
Hugo Dellien,Clay,2010s,6,t,True,38,4,19,0.5,2019-02-20,2019-07-17
Hugo Dellien,Clay,2020s,4,wide,True,31,3,18,0.5806451612903226,2022-04-11,2023-05-30
Hugo Dellien,Clay,2020s,5,body,True,18,3,10,0.5555555555555556,2022-04-11,2023-05-30
Hugo Dellien,Clay,2020s,6,t,True,28,3,13,0.4642857142857143,2022-04-11,2023-05-30
Hugo Gaston,Hard,2020s,4,wide,True,97,8,48,0.4948453608247423,2021-11-04,2026-01-20
Hugo Gaston,Hard,2020s,5,body,True,91,8,52,0.5714285714285714,2021-11-04,2026-01-20
Hugo Gaston,Hard,2020s,6,t,True,58,8,27,0.46551724137931033,2021-11-04,2026-01-20
Hugo Gaston,Clay,2020s,4,wide,True,65,3,30,0.46153846153846156,2021-07-23,2025-05-26
Hugo Gaston,Clay,2020s,5,body,True,36,3,17,0.4722222222222222,2021-07-23,2025-05-26
Hugo Gaston,Clay,2020s,6,t,True,35,3,17,0.4857142857142857,2021-07-23,2025-05-26
Hugo Gaston,Grass,2020s,4,wide,True,12,1,8,0.6666666666666666,2022-06-10,2022-06-10
Hugo Gaston,Grass,2020s,5,body,True,17,1,9,0.5294117647058824,2022-06-10,2022-06-10
Hugo Gaston,Grass,2020s,6,t,True,4,1,2,0.5,2022-06-10,2022-06-10
Hugo Grenier,Hard,2020s,4,wide,True,20,3,9,0.45,2021-10-14,2024-07-25
Hugo Grenier,Hard,2020s,5,body,True,32,3,15,0.46875,2021-10-14,2024-07-25
Hugo Grenier,Hard,2020s,6,t,True,7,2,1,0.14285714285714285,2021-10-14,2024-07-25
Hunter Reese,Hard,2010s,4,wide,True,2,1,0,0.0,2015-11-09,2015-11-09
Hunter Reese,Hard,2010s,5,body,True,11,1,5,0.45454545454545453,2015-11-09,2015-11-09
Hunter Reese,Hard,2010s,6,t,True,3,1,1,0.3333333333333333,2015-11-09,2015-11-09
Hyeon Chung,Hard,2010s,4,wide,True,60,11,31,0.5166666666666667,2015-09-21,2019-02-11
Hyeon Chung,Hard,2010s,5,body,True,133,11,65,0.48872180451127817,2015-09-21,2019-02-11
Hyeon Chung,Hard,2010s,6,t,True,99,11,40,0.40404040404040403,2015-09-21,2019-02-11
Hyeon Chung,Clay,2010s,4,wide,True,8,1,4,0.5,2017-04-28,2017-04-28
Hyeon Chung,Clay,2010s,5,body,True,18,1,7,0.3888888888888889,2017-04-28,2017-04-28
Hyeon Chung,Clay,2010s,6,t,True,2,1,1,0.5,2017-04-28,2017-04-28
Hyung Taik Lee,Hard,to_2009,4,wide,True,13,1,5,0.38461538461538464,2006-08-10,2006-08-10
Hyung Taik Lee,Hard,to_2009,5,body,True,2,1,0,0.0,2006-08-10,2006-08-10
Hyung Taik Lee,Hard,to_2009,6,t,True,8,1,3,0.375,2006-08-10,2006-08-10
Ignacio Buse,Hard,2020s,4,wide,True,12,1,5,0.4166666666666667,2025-01-07,2025-01-07
Ignacio Buse,Hard,2020s,5,body,True,5,1,4,0.8,2025-01-07,2025-01-07
Ignacio Buse,Hard,2020s,6,t,True,11,1,3,0.2727272727272727,2025-01-07,2025-01-07
Ignacio Buse,Clay,2020s,4,wide,True,14,1,8,0.5714285714285714,2025-07-19,2025-07-19
Ignacio Buse,Clay,2020s,5,body,True,2,1,2,1.0,2025-07-19,2025-07-19
Ignacio Buse,Clay,2020s,6,t,True,12,1,5,0.4166666666666667,2025-07-19,2025-07-19
Igor Andreev,Hard,to_2009,4,wide,True,41,4,18,0.43902439024390244,2005-10-16,2008-09-03
Igor Andreev,Hard,to_2009,5,body,True,40,4,16,0.4,2005-10-16,2008-09-03
Igor Andreev,Hard,to_2009,6,t,True,54,4,26,0.48148148148148145,2005-10-16,2008-09-03
Igor Andreev,Hard,2010s,4,wide,True,16,1,5,0.3125,2010-01-18,2010-01-18
Igor Andreev,Hard,2010s,5,body,True,17,1,6,0.35294117647058826,2010-01-18,2010-01-18
Igor Andreev,Hard,2010s,6,t,True,18,1,7,0.3888888888888889,2010-01-18,2010-01-18
Igor Andreev,Clay,to_2009,4,wide,True,27,2,13,0.48148148148148145,2004-07-11,2005-10-02
Igor Andreev,Clay,to_2009,5,body,True,10,2,2,0.2,2004-07-11,2005-10-02
Igor Andreev,Clay,to_2009,6,t,True,19,2,7,0.3684210526315789,2004-07-11,2005-10-02
Igor Sijsling,Hard,2010s,4,wide,True,19,3,7,0.3684210526315789,2015-11-16,2016-03-04
Igor Sijsling,Hard,2010s,5,body,True,24,3,13,0.5416666666666666,2015-11-16,2016-03-04
Igor Sijsling,Hard,2010s,6,t,True,2,2,1,0.5,2016-01-18,2016-03-04
Ilie Nastase,Clay,to_2009,4,wide,True,18,2,7,0.3888888888888889,1973-06-03,1978-07-15
Ilie Nastase,Clay,to_2009,5,body,True,11,2,8,0.7272727272727273,1973-06-03,1978-07-15
Ilie Nastase,Clay,to_2009,6,t,True,15,2,9,0.6,1973-06-03,1978-07-15
Ilie Nastase,Grass,to_2009,4,wide,True,10,1,7,0.7,1972-09-10,1972-09-10
Ilie Nastase,Grass,to_2009,5,body,True,14,1,8,0.5714285714285714,1972-09-10,1972-09-10
Ilie Nastase,Grass,to_2009,6,t,True,19,1,15,0.7894736842105263,1972-09-10,1972-09-10
Illya Marchenko,Hard,2010s,4,wide,True,18,3,11,0.6111111111111112,2011-01-20,2016-03-12
Illya Marchenko,Hard,2010s,5,body,True,39,3,11,0.28205128205128205,2011-01-20,2016-03-12
Illya Marchenko,Hard,2010s,6,t,True,18,3,7,0.3888888888888889,2011-01-20,2016-03-12
Illya Marchenko,Clay,2020s,4,wide,True,5,1,1,0.2,2021-05-27,2021-05-27
Illya Marchenko,Clay,2020s,5,body,True,16,1,9,0.5625,2021-05-27,2021-05-27
Illya Marchenko,Clay,2020s,6,t,True,7,1,4,0.5714285714285714,2021-05-27,2021-05-27
Ilya Ivashka,Hard,2010s,4,wide,True,27,3,9,0.3333333333333333,2018-07-30,2019-03-07
Ilya Ivashka,Hard,2010s,5,body,True,59,3,25,0.423728813559322,2018-07-30,2019-03-07
Ilya Ivashka,Hard,2010s,6,t,True,17,3,11,0.6470588235294118,2018-07-30,2019-03-07
Ilya Ivashka,Hard,2020s,4,wide,True,53,6,21,0.39622641509433965,2022-08-30,2023-03-24
Ilya Ivashka,Hard,2020s,5,body,True,138,6,62,0.4492753623188406,2022-08-30,2023-03-24
Ilya Ivashka,Hard,2020s,6,t,True,56,6,30,0.5357142857142857,2022-08-30,2023-03-24
Inaki Montes De La Torre,Clay,2020s,4,wide,True,5,1,4,0.8,2024-11-22,2024-11-22
Inaki Montes De La Torre,Clay,2020s,5,body,True,19,1,8,0.42105263157894735,2024-11-22,2024-11-22
Inaki Montes De La Torre,Clay,2020s,6,t,True,7,1,3,0.42857142857142855,2024-11-22,2024-11-22
Inigo Cervantes Huegun,Hard,2010s,4,wide,True,4,1,2,0.5,2016-03-12,2016-03-12
Inigo Cervantes Huegun,Hard,2010s,5,body,True,3,1,0,0.0,2016-03-12,2016-03-12
Inigo Cervantes Huegun,Hard,2010s,6,t,True,14,1,2,0.14285714285714285,2016-03-12,2016-03-12
Inigo Cervantes Huegun,Clay,2010s,4,wide,True,24,2,11,0.4583333333333333,2015-09-14,2016-02-18
Inigo Cervantes Huegun,Clay,2010s,5,body,True,11,2,4,0.36363636363636365,2015-09-14,2016-02-18
Inigo Cervantes Huegun,Clay,2010s,6,t,True,31,2,15,0.4838709677419355,2015-09-14,2016-02-18
Irakli Labadze,Hard,to_2009,4,wide,True,7,1,1,0.14285714285714285,2004-10-26,2004-10-26
Irakli Labadze,Hard,to_2009,5,body,True,9,1,4,0.4444444444444444,2004-10-26,2004-10-26
Irakli Labadze,Hard,to_2009,6,t,True,11,1,5,0.45454545454545453,2004-10-26,2004-10-26
Irakli Labadze,Grass,to_2009,4,wide,True,5,1,2,0.4,1998-07-04,1998-07-04
Irakli Labadze,Grass,to_2009,5,body,True,15,1,7,0.4666666666666667,1998-07-04,1998-07-04
Irakli Labadze,Grass,to_2009,6,t,True,6,1,2,0.3333333333333333,1998-07-04,1998-07-04
Ivan Dodig,Hard,2010s,4,wide,True,18,2,7,0.3888888888888889,2012-08-29,2015-02-05
Ivan Dodig,Hard,2010s,5,body,True,36,2,20,0.5555555555555556,2012-08-29,2015-02-05
Ivan Dodig,Hard,2010s,6,t,True,18,2,9,0.5,2012-08-29,2015-02-05
Ivan Dodig,Clay,2010s,4,wide,True,15,1,6,0.4,2014-04-24,2014-04-24
Ivan Dodig,Clay,2010s,5,body,True,6,1,1,0.16666666666666666,2014-04-24,2014-04-24
Ivan Dodig,Clay,2010s,6,t,True,4,1,2,0.5,2014-04-24,2014-04-24
Ivan Dodig,Grass,2010s,4,wide,True,5,1,2,0.4,2015-06-15,2015-06-15
Ivan Dodig,Grass,2010s,5,body,True,6,1,2,0.3333333333333333,2015-06-15,2015-06-15
Ivan Dodig,Grass,2010s,6,t,True,9,1,4,0.4444444444444444,2015-06-15,2015-06-15
Ivan Gakhov,Clay,2010s,4,wide,True,6,1,2,0.3333333333333333,2019-07-16,2019-07-16
Ivan Gakhov,Clay,2010s,5,body,True,22,1,12,0.5454545454545454,2019-07-16,2019-07-16
Ivan Gakhov,Clay,2010s,6,t,True,1,1,1,1.0,2019-07-16,2019-07-16
Ivan Ivanov,Grass,2020s,4,wide,True,4,1,3,0.75,2025-07-13,2025-07-13
Ivan Ivanov,Grass,2020s,5,body,True,8,1,5,0.625,2025-07-13,2025-07-13
Ivan Ivanov,Grass,2020s,6,t,True,6,1,4,0.6666666666666666,2025-07-13,2025-07-13
Ivan Lendl,Hard,to_2009,4,wide,True,1675,86,894,0.5337313432835821,1981-01-18,1994-01-24
Ivan Lendl,Hard,to_2009,5,body,True,1124,85,588,0.5231316725978647,1981-01-18,1994-01-24
Ivan Lendl,Hard,to_2009,6,t,True,603,80,327,0.5422885572139303,1981-01-18,1994-01-24
Ivan Lendl,Clay,to_2009,4,wide,True,492,27,249,0.5060975609756098,1979-10-05,1993-05-03
Ivan Lendl,Clay,to_2009,5,body,True,377,27,198,0.5251989389920424,1979-10-05,1993-05-03
Ivan Lendl,Clay,to_2009,6,t,True,214,25,105,0.49065420560747663,1979-10-05,1988-05-24
Ivan Lendl,Grass,to_2009,4,wide,True,299,14,148,0.49498327759197325,1983-07-01,1990-07-07
Ivan Lendl,Grass,to_2009,5,body,True,174,14,82,0.47126436781609193,1983-07-01,1990-07-07
Ivan Lendl,Grass,to_2009,6,t,True,176,14,73,0.4147727272727273,1983-07-01,1990-07-07
Ivan Lendl,Grass,to_2009,0,unknown,False,2,1,0,0.0,1985-12-07,1985-12-07
Ivan Ljubicic,Hard,to_2009,4,wide,True,252,14,123,0.4880952380952381,2003-08-29,2006-11-16
Ivan Ljubicic,Hard,to_2009,5,body,True,138,14,76,0.5507246376811594,2003-08-29,2006-11-16
Ivan Ljubicic,Hard,to_2009,6,t,True,172,14,83,0.48255813953488375,2003-08-29,2006-11-16
Ivan Ljubicic,Hard,2010s,4,wide,True,19,1,10,0.5263157894736842,2011-09-25,2011-09-25
Ivan Ljubicic,Hard,2010s,5,body,True,16,1,6,0.375,2011-09-25,2011-09-25
Ivan Ljubicic,Hard,2010s,6,t,True,19,1,9,0.47368421052631576,2011-09-25,2011-09-25
Ivo Heuberger,Hard,to_2009,4,wide,True,8,1,3,0.375,2004-09-30,2004-09-30
Ivo Heuberger,Hard,to_2009,5,body,True,3,1,1,0.3333333333333333,2004-09-30,2004-09-30
Ivo Heuberger,Hard,to_2009,6,t,True,9,1,2,0.2222222222222222,2004-09-30,2004-09-30
Ivo Karlovic,Hard,to_2009,4,wide,True,25,2,8,0.32,2007-02-18,2008-08-02
Ivo Karlovic,Hard,to_2009,5,body,True,19,2,10,0.5263157894736842,2007-02-18,2008-08-02
Ivo Karlovic,Hard,to_2009,6,t,True,18,2,7,0.3888888888888889,2007-02-18,2008-08-02
Ivo Karlovic,Hard,2010s,4,wide,True,191,23,99,0.518324607329843,2010-02-28,2019-07-29
Ivo Karlovic,Hard,2010s,5,body,True,196,23,99,0.5051020408163265,2010-02-28,2019-07-29
Ivo Karlovic,Hard,2010s,6,t,True,266,23,136,0.5112781954887218,2010-02-28,2019-07-29
Ivo Karlovic,Hard,2020s,4,wide,True,29,4,16,0.5517241379310345,2020-01-21,2021-08-30
Ivo Karlovic,Hard,2020s,5,body,True,56,4,30,0.5357142857142857,2020-01-21,2021-08-30
Ivo Karlovic,Hard,2020s,6,t,True,39,4,17,0.4358974358974359,2020-01-21,2021-08-30
Ivo Karlovic,Hard,2020s,0,unknown,False,1,1,1,1.0,2021-08-27,2021-08-27
Ivo Karlovic,Clay,2010s,4,wide,True,32,4,17,0.53125,2012-04-06,2018-05-01
Ivo Karlovic,Clay,2010s,5,body,True,28,4,9,0.32142857142857145,2012-04-06,2018-05-01
Ivo Karlovic,Clay,2010s,6,t,True,37,4,20,0.5405405405405406,2012-04-06,2018-05-01
Ivo Karlovic,Grass,to_2009,4,wide,True,48,4,32,0.6666666666666666,2003-06-23,2009-07-01
Ivo Karlovic,Grass,to_2009,5,body,True,33,4,15,0.45454545454545453,2003-06-23,2009-07-01
Ivo Karlovic,Grass,to_2009,6,t,True,39,4,25,0.6410256410256411,2003-06-23,2009-07-01
Ivo Karlovic,Grass,2010s,4,wide,True,86,8,50,0.5813953488372093,2014-06-16,2019-07-03
Ivo Karlovic,Grass,2010s,5,body,True,86,8,44,0.5116279069767442,2014-06-16,2019-07-03
Ivo Karlovic,Grass,2010s,6,t,True,95,8,54,0.5684210526315789,2014-06-16,2019-07-03
Ivo Minar,Grass,to_2009,4,wide,True,6,1,4,0.6666666666666666,2005-06-22,2005-06-22
Ivo Minar,Grass,to_2009,5,body,True,27,1,8,0.2962962962962963,2005-06-22,2005-06-22
Ivo Minar,Grass,to_2009,6,t,True,9,1,5,0.5555555555555556,2005-06-22,2005-06-22
Izak Van Der Merwe,Hard,2010s,4,wide,True,6,1,2,0.3333333333333333,2014-03-17,2014-03-17
Izak Van Der Merwe,Hard,2010s,5,body,True,4,1,2,0.5,2014-03-17,2014-03-17
Izak Van Der Merwe,Hard,2010s,6,t,True,12,1,5,0.4166666666666667,2014-03-17,2014-03-17
J J Wolf,Hard,2020s,4,wide,True,49,5,19,0.3877551020408163,2022-01-11,2023-10-11
J J Wolf,Hard,2020s,5,body,True,52,5,28,0.5384615384615384,2022-01-11,2023-10-11
J J Wolf,Hard,2020s,6,t,True,40,5,20,0.5,2022-01-11,2023-10-11
J J Wolf,Clay,2020s,4,wide,True,29,3,10,0.3448275862068966,2022-04-06,2024-05-26
J J Wolf,Clay,2020s,5,body,True,17,3,8,0.47058823529411764,2022-04-06,2024-05-26
J J Wolf,Clay,2020s,6,t,True,23,3,6,0.2608695652173913,2022-04-06,2024-05-26
Jack Brasington,Hard,to_2009,4,wide,True,8,1,3,0.375,2001-08-29,2001-08-29
Jack Brasington,Hard,to_2009,5,body,True,21,1,7,0.3333333333333333,2001-08-29,2001-08-29
Jack Brasington,Hard,to_2009,6,t,True,18,1,3,0.16666666666666666,2001-08-29,2001-08-29
Jack Draper,Hard,2020s,4,wide,True,243,17,125,0.51440329218107,2022-02-20,2026-03-12
Jack Draper,Hard,2020s,5,body,True,119,16,61,0.5126050420168067,2022-02-20,2026-03-12
Jack Draper,Hard,2020s,6,t,True,162,17,89,0.5493827160493827,2022-02-20,2026-03-12
Jack Draper,Clay,2020s,4,wide,True,120,9,63,0.525,2023-04-11,2025-06-02
Jack Draper,Clay,2020s,5,body,True,88,9,36,0.4090909090909091,2023-04-11,2025-06-02
Jack Draper,Clay,2020s,6,t,True,113,9,60,0.5309734513274337,2023-04-11,2025-06-02
Jack Draper,Grass,2020s,4,wide,True,29,3,17,0.5862068965517241,2022-06-24,2024-06-18
Jack Draper,Grass,2020s,5,body,True,24,1,16,0.6666666666666666,2022-06-24,2022-06-24
Jack Draper,Grass,2020s,6,t,True,17,3,8,0.47058823529411764,2022-06-24,2024-06-18
Jack Sock,Hard,2010s,4,wide,True,146,14,74,0.5068493150684932,2014-01-09,2019-09-20
Jack Sock,Hard,2010s,5,body,True,142,15,72,0.5070422535211268,2014-01-09,2019-09-20
Jack Sock,Hard,2010s,6,t,True,111,15,57,0.5135135135135135,2014-01-09,2019-09-20
Jack Sock,Hard,2010s,0,unknown,False,1,1,1,1.0,2016-01-04,2016-01-04
Jack Sock,Hard,2020s,4,wide,True,6,1,5,0.8333333333333334,2022-03-25,2022-03-25
Jack Sock,Hard,2020s,5,body,True,3,1,2,0.6666666666666666,2022-03-25,2022-03-25
Jack Sock,Hard,2020s,6,t,True,10,1,2,0.2,2022-03-25,2022-03-25
Jack Sock,Clay,2010s,4,wide,True,24,2,13,0.5416666666666666,2015-05-11,2016-04-09
Jack Sock,Clay,2010s,5,body,True,31,2,19,0.6129032258064516,2015-05-11,2016-04-09
Jack Sock,Clay,2010s,6,t,True,25,2,15,0.6,2015-05-11,2016-04-09
Jack Sock,Clay,2020s,4,wide,True,10,1,7,0.7,2020-09-28,2020-09-28
Jack Sock,Clay,2020s,5,body,True,14,1,9,0.6428571428571429,2020-09-28,2020-09-28
Jack Sock,Clay,2020s,6,t,True,5,1,3,0.6,2020-09-28,2020-09-28
Jacob Fearnley,Hard,2020s,4,wide,True,6,1,5,0.8333333333333334,2025-10-13,2025-10-13
Jacob Fearnley,Hard,2020s,5,body,True,19,1,14,0.7368421052631579,2025-10-13,2025-10-13
Jacob Fearnley,Hard,2020s,6,t,True,18,1,7,0.3888888888888889,2025-10-13,2025-10-13
Jacob Fearnley,Clay,2020s,4,wide,True,13,1,5,0.38461538461538464,2025-04-26,2025-04-26
Jacob Fearnley,Clay,2020s,5,body,True,2,1,2,1.0,2025-04-26,2025-04-26
Jacob Fearnley,Clay,2020s,6,t,True,17,1,7,0.4117647058823529,2025-04-26,2025-04-26
Jacob Fearnley,Grass,2020s,4,wide,True,9,1,7,0.7777777777777778,2024-07-02,2024-07-02
Jacob Fearnley,Grass,2020s,5,body,True,17,1,9,0.5294117647058824,2024-07-02,2024-07-02
Jacob Fearnley,Grass,2020s,6,t,True,14,1,8,0.5714285714285714,2024-07-02,2024-07-02
Jaime Faria,Hard,2020s,4,wide,True,14,1,5,0.35714285714285715,2025-01-16,2025-01-16
Jaime Faria,Hard,2020s,5,body,True,5,1,3,0.6,2025-01-16,2025-01-16
Jaime Faria,Hard,2020s,6,t,True,20,1,6,0.3,2025-01-16,2025-01-16
Jaime Faria,Clay,2020s,4,wide,True,23,2,11,0.4782608695652174,2026-03-26,2026-04-22
Jaime Faria,Clay,2020s,5,body,True,35,2,16,0.45714285714285713,2026-03-26,2026-04-22
Jaime Faria,Clay,2020s,6,t,True,15,2,7,0.4666666666666667,2026-03-26,2026-04-22
Jaime Yzaga,Hard,to_2009,4,wide,True,71,3,40,0.5633802816901409,1991-01-23,1994-09-06
Jaime Yzaga,Hard,to_2009,5,body,True,42,3,22,0.5238095238095238,1991-01-23,1994-09-06
Jaime Yzaga,Hard,to_2009,6,t,True,48,3,23,0.4791666666666667,1991-01-23,1994-09-06
Jakob Hlasek,Hard,to_2009,4,wide,True,25,2,11,0.44,1988-10-10,1994-07-28
Jakob Hlasek,Hard,to_2009,5,body,True,17,2,7,0.4117647058823529,1988-10-10,1994-07-28
Jakob Hlasek,Hard,to_2009,6,t,True,16,2,9,0.5625,1988-10-10,1994-07-28
Jakob Hlasek,Clay,to_2009,4,wide,True,37,2,18,0.4864864864864865,1995-07-16,1996-05-14
Jakob Hlasek,Clay,to_2009,5,body,True,22,2,8,0.36363636363636365,1995-07-16,1996-05-14
Jakob Hlasek,Clay,to_2009,6,t,True,24,2,9,0.375,1995-07-16,1996-05-14
Jakub Mensik,Hard,2020s,4,wide,True,401,26,193,0.48129675810473815,2022-01-29,2026-03-23
Jakub Mensik,Hard,2020s,5,body,True,310,26,153,0.4935483870967742,2022-01-29,2026-03-23
Jakub Mensik,Hard,2020s,6,t,True,232,26,109,0.4698275862068966,2022-01-29,2026-03-23
Jakub Mensik,Clay,2020s,4,wide,True,75,5,38,0.5066666666666667,2024-05-08,2025-05-13
Jakub Mensik,Clay,2020s,5,body,True,31,5,14,0.45161290322580644,2024-05-08,2025-05-13
Jakub Mensik,Clay,2020s,6,t,True,39,5,17,0.4358974358974359,2024-05-08,2025-05-13
James Blake,Hard,to_2009,4,wide,True,460,28,209,0.4543478260869565,2002-02-24,2008-11-01
James Blake,Hard,to_2009,5,body,True,425,28,213,0.5011764705882353,2002-02-24,2008-11-01
James Blake,Hard,to_2009,6,t,True,288,27,146,0.5069444444444444,2002-02-24,2008-11-01
James Blake,Hard,2010s,4,wide,True,24,2,11,0.4583333333333333,2010-09-04,2011-08-18
James Blake,Hard,2010s,5,body,True,14,2,8,0.5714285714285714,2010-09-04,2011-08-18
James Blake,Hard,2010s,6,t,True,6,2,1,0.16666666666666666,2010-09-04,2011-08-18
James Blake,Clay,to_2009,4,wide,True,24,1,12,0.5,2006-06-02,2006-06-02
James Blake,Clay,to_2009,5,body,True,17,1,11,0.6470588235294118,2006-06-02,2006-06-02
James Blake,Clay,to_2009,6,t,True,6,1,6,1.0,2006-06-02,2006-06-02
James Blake,Grass,to_2009,4,wide,True,72,3,38,0.5277777777777778,2002-07-14,2006-06-18
James Blake,Grass,to_2009,5,body,True,38,3,19,0.5,2002-07-14,2006-06-18
James Blake,Grass,to_2009,6,t,True,51,3,21,0.4117647058823529,2002-07-14,2006-06-18
James Duckworth,Hard,2010s,4,wide,True,23,2,13,0.5652173913043478,2014-01-14,2015-10-14
James Duckworth,Hard,2010s,5,body,True,9,2,4,0.4444444444444444,2014-01-14,2015-10-14
James Duckworth,Hard,2010s,6,t,True,25,2,11,0.44,2014-01-14,2015-10-14
James Duckworth,Hard,2020s,4,wide,True,109,7,52,0.47706422018348627,2020-02-08,2026-01-22
James Duckworth,Hard,2020s,5,body,True,58,7,29,0.5,2020-02-08,2026-01-22
James Duckworth,Hard,2020s,6,t,True,68,7,32,0.47058823529411764,2020-02-08,2026-01-22
James Duckworth,Grass,2020s,4,wide,True,16,1,6,0.375,2024-06-20,2024-06-20
James Duckworth,Grass,2020s,5,body,True,12,1,7,0.5833333333333334,2024-06-20,2024-06-20
James Duckworth,Grass,2020s,6,t,True,11,1,6,0.5454545454545454,2024-06-20,2024-06-20
James Mccabe,Hard,2020s,4,wide,True,13,1,3,0.23076923076923078,2024-01-15,2024-01-15
James Mccabe,Hard,2020s,5,body,True,22,1,11,0.5,2024-01-15,2024-01-15
James Mccabe,Hard,2020s,6,t,True,7,1,3,0.42857142857142855,2024-01-15,2024-01-15
James Mccabe,Hard,2020s,0,unknown,False,1,1,0,0.0,2024-01-15,2024-01-15
James Trotter,Hard,2020s,4,wide,True,3,1,2,0.6666666666666666,2024-07-23,2024-07-23
James Trotter,Hard,2020s,5,body,True,6,1,1,0.16666666666666666,2024-07-23,2024-07-23
James Trotter,Hard,2020s,6,t,True,10,1,6,0.6,2024-07-23,2024-07-23
James Ward,Hard,2010s,4,wide,True,9,1,5,0.5555555555555556,2013-07-24,2013-07-24
James Ward,Hard,2010s,5,body,True,5,1,4,0.8,2013-07-24,2013-07-24
James Ward,Hard,2010s,6,t,True,3,1,2,0.6666666666666666,2013-07-24,2013-07-24
James Ward,Grass,2010s,4,wide,True,17,2,5,0.29411764705882354,2014-06-09,2016-06-27
James Ward,Grass,2010s,5,body,True,18,2,6,0.3333333333333333,2014-06-09,2016-06-27
James Ward,Grass,2010s,6,t,True,17,2,10,0.5882352941176471,2014-06-09,2016-06-27
Jamie Morgan,Grass,to_2009,4,wide,True,19,1,10,0.5263157894736842,1993-06-24,1993-06-24
Jamie Morgan,Grass,to_2009,5,body,True,13,1,10,0.7692307692307693,1993-06-24,1993-06-24
Jamie Morgan,Grass,to_2009,6,t,True,15,1,9,0.6,1993-06-24,1993-06-24
Jan Choinski,Hard,2020s,4,wide,True,12,1,3,0.25,2025-11-03,2025-11-03
Jan Choinski,Hard,2020s,5,body,True,8,1,1,0.125,2025-11-03,2025-11-03
Jan Choinski,Hard,2020s,6,t,True,11,1,7,0.6363636363636364,2025-11-03,2025-11-03
Jan Choinski,Clay,2020s,4,wide,True,11,1,5,0.45454545454545453,2024-04-04,2024-04-04
Jan Choinski,Clay,2020s,5,body,True,3,1,1,0.3333333333333333,2024-04-04,2024-04-04
Jan Choinski,Clay,2020s,6,t,True,17,1,10,0.5882352941176471,2024-04-04,2024-04-04
Jan Choinski,Grass,2020s,4,wide,True,15,1,8,0.5333333333333333,2023-07-06,2023-07-06
Jan Choinski,Grass,2020s,5,body,True,6,1,6,1.0,2023-07-06,2023-07-06
Jan Choinski,Grass,2020s,6,t,True,14,1,6,0.42857142857142855,2023-07-06,2023-07-06
Jan Gunnarsson,Hard,to_2009,4,wide,True,8,1,2,0.25,1989-01-27,1989-01-27
Jan Gunnarsson,Hard,to_2009,5,body,True,39,1,20,0.5128205128205128,1989-01-27,1989-01-27
Jan Gunnarsson,Hard,to_2009,6,t,True,8,1,2,0.25,1989-01-27,1989-01-27
Jan Hernych,Grass,2010s,4,wide,True,4,1,4,1.0,2013-06-12,2013-06-12
Jan Hernych,Grass,2010s,5,body,True,17,1,7,0.4117647058823529,2013-06-12,2013-06-12
Jan Hernych,Grass,2010s,6,t,True,5,1,2,0.4,2013-06-12,2013-06-12
Jan Kodes,Grass,to_2009,4,wide,True,17,2,10,0.5882352941176471,1971-09-16,1973-09-09
Jan Kodes,Grass,to_2009,5,body,True,12,2,5,0.4166666666666667,1971-09-16,1973-09-09
Jan Kodes,Grass,to_2009,6,t,True,19,2,5,0.2631578947368421,1971-09-16,1973-09-09
Jan Kroslak,Hard,to_2009,4,wide,True,26,2,11,0.4230769230769231,1998-10-25,2000-01-19
Jan Kroslak,Hard,to_2009,5,body,True,22,2,12,0.5454545454545454,1998-10-25,2000-01-19
Jan Kroslak,Hard,to_2009,6,t,True,16,2,7,0.4375,1998-10-25,2000-01-19
Jan Kumstat,Hard,2020s,4,wide,True,3,1,1,0.3333333333333333,2024-01-27,2024-01-27
Jan Kumstat,Hard,2020s,5,body,True,44,1,16,0.36363636363636365,2024-01-27,2024-01-27
Jan Kumstat,Hard,2020s,6,t,True,8,1,5,0.625,2024-01-27,2024-01-27
Jan Lennard Struff,Hard,2010s,4,wide,True,36,5,24,0.6666666666666666,2017-10-19,2019-10-08
Jan Lennard Struff,Hard,2010s,5,body,True,83,5,36,0.43373493975903615,2017-10-19,2019-10-08
Jan Lennard Struff,Hard,2010s,6,t,True,38,5,19,0.5,2017-10-19,2019-10-08
Jan Lennard Struff,Hard,2020s,4,wide,True,244,22,125,0.5122950819672131,2020-01-07,2025-08-31
Jan Lennard Struff,Hard,2020s,5,body,True,262,22,124,0.4732824427480916,2020-01-07,2025-08-31
Jan Lennard Struff,Hard,2020s,6,t,True,223,22,101,0.452914798206278,2020-01-07,2025-08-31
Jan Lennard Struff,Hard,2020s,0,unknown,False,1,1,1,1.0,2021-08-31,2021-08-31
Jan Lennard Struff,Clay,2010s,4,wide,True,14,2,8,0.5714285714285714,2019-05-05,2019-05-14
Jan Lennard Struff,Clay,2010s,5,body,True,44,3,22,0.5,2014-07-10,2019-05-14
Jan Lennard Struff,Clay,2010s,6,t,True,29,3,16,0.5517241379310345,2014-07-10,2019-05-14
Jan Lennard Struff,Clay,2020s,4,wide,True,94,8,48,0.5106382978723404,2023-04-10,2024-04-28
Jan Lennard Struff,Clay,2020s,5,body,True,85,8,39,0.4588235294117647,2023-04-10,2024-04-28
Jan Lennard Struff,Clay,2020s,6,t,True,84,8,42,0.5,2023-04-10,2024-04-28
Jan Lennard Struff,Grass,2010s,4,wide,True,18,2,8,0.4444444444444444,2015-06-09,2018-07-06
Jan Lennard Struff,Grass,2010s,5,body,True,35,2,17,0.4857142857142857,2015-06-09,2018-07-06
Jan Lennard Struff,Grass,2010s,6,t,True,17,2,8,0.47058823529411764,2015-06-09,2018-07-06
Jan Lennard Struff,Grass,2020s,4,wide,True,84,7,46,0.5476190476190477,2023-06-13,2024-06-20
Jan Lennard Struff,Grass,2020s,5,body,True,31,7,16,0.5161290322580645,2023-06-13,2024-06-20
Jan Lennard Struff,Grass,2020s,6,t,True,60,7,40,0.6666666666666666,2023-06-13,2024-06-20
Jan Michael Gambill,Hard,to_2009,4,wide,True,15,2,4,0.26666666666666666,1998-03-14,2001-04-02
Jan Michael Gambill,Hard,to_2009,5,body,True,34,2,16,0.47058823529411764,1998-03-14,2001-04-02
Jan Michael Gambill,Hard,to_2009,6,t,True,21,2,12,0.5714285714285714,1998-03-14,2001-04-02
Jan Siemerink,Hard,to_2009,4,wide,True,14,2,6,0.42857142857142855,1996-10-13,1996-10-26
Jan Siemerink,Hard,to_2009,5,body,True,41,2,16,0.3902439024390244,1996-10-13,1996-10-26
Jan Siemerink,Hard,to_2009,6,t,True,23,2,8,0.34782608695652173,1996-10-13,1996-10-26
Jan Siemerink,Clay,to_2009,4,wide,True,9,1,4,0.4444444444444444,1995-07-30,1995-07-30
Jan Siemerink,Clay,to_2009,5,body,True,31,1,16,0.5161290322580645,1995-07-30,1995-07-30
Jan Siemerink,Clay,to_2009,6,t,True,2,1,1,0.5,1995-07-30,1995-07-30
Jan Siemerink,Grass,to_2009,4,wide,True,19,1,13,0.6842105263157895,1998-07-01,1998-07-01
Jan Siemerink,Grass,to_2009,5,body,True,30,1,16,0.5333333333333333,1998-07-01,1998-07-01
Jan Siemerink,Grass,to_2009,6,t,True,14,1,9,0.6428571428571429,1998-07-01,1998-07-01
Janko Tipsarevic,Hard,to_2009,4,wide,True,58,2,29,0.5,2008-01-19,2009-10-25
Janko Tipsarevic,Hard,to_2009,5,body,True,29,2,15,0.5172413793103449,2008-01-19,2009-10-25
Janko Tipsarevic,Hard,to_2009,6,t,True,58,2,36,0.6206896551724138,2008-01-19,2009-10-25
Janko Tipsarevic,Hard,2010s,4,wide,True,189,19,95,0.5026455026455027,2011-02-27,2019-10-18
Janko Tipsarevic,Hard,2010s,5,body,True,358,19,190,0.5307262569832403,2011-02-27,2019-10-18
Janko Tipsarevic,Hard,2010s,6,t,True,126,19,66,0.5238095238095238,2011-02-27,2019-10-18
Janko Tipsarevic,Clay,2010s,4,wide,True,97,6,51,0.5257731958762887,2012-05-12,2019-05-26
Janko Tipsarevic,Clay,2010s,5,body,True,73,6,34,0.4657534246575342,2012-05-12,2019-05-26
Janko Tipsarevic,Clay,2010s,6,t,True,59,6,30,0.5084745762711864,2012-05-12,2019-05-26
Janko Tipsarevic,Clay,2010s,0,unknown,False,2,2,2,1.0,2017-04-30,2019-05-26
Janko Tipsarevic,Grass,to_2009,4,wide,True,19,1,10,0.5263157894736842,2007-06-29,2007-06-29
Janko Tipsarevic,Grass,to_2009,5,body,True,9,1,4,0.4444444444444444,2007-06-29,2007-06-29
Janko Tipsarevic,Grass,to_2009,6,t,True,24,1,11,0.4583333333333333,2007-06-29,2007-06-29
Janko Tipsarevic,Grass,to_2009,0,unknown,False,8,1,7,0.875,2007-06-29,2007-06-29
Janko Tipsarevic,Grass,2010s,4,wide,True,11,1,5,0.45454545454545453,2012-06-29,2012-06-29
Janko Tipsarevic,Grass,2010s,5,body,True,8,1,6,0.75,2012-06-29,2012-06-29
Janko Tipsarevic,Grass,2010s,6,t,True,17,1,8,0.47058823529411764,2012-06-29,2012-06-29
Jannik Sinner,Hard,2010s,4,wide,True,55,10,33,0.6,2019-02-22,2019-11-09
Jannik Sinner,Hard,2010s,5,body,True,171,10,92,0.5380116959064327,2019-02-22,2019-11-09
Jannik Sinner,Hard,2010s,6,t,True,56,10,27,0.48214285714285715,2019-02-22,2019-11-09
Jannik Sinner,Hard,2020s,4,wide,True,1520,182,881,0.5796052631578947,2020-01-13,2026-03-29
Jannik Sinner,Hard,2020s,5,body,True,2816,184,1530,0.5433238636363636,2020-01-13,2026-03-29
Jannik Sinner,Hard,2020s,6,t,True,1122,175,614,0.5472370766488414,2020-01-13,2026-03-29
Jannik Sinner,Clay,2010s,4,wide,True,76,8,26,0.34210526315789475,2013-10-01,2019-05-16
Jannik Sinner,Clay,2010s,5,body,True,86,8,35,0.4069767441860465,2013-10-01,2019-05-16
Jannik Sinner,Clay,2010s,6,t,True,64,8,31,0.484375,2013-10-01,2019-05-16
Jannik Sinner,Clay,2020s,4,wide,True,603,61,331,0.548922056384743,2020-09-16,2026-05-17
Jannik Sinner,Clay,2020s,5,body,True,934,61,520,0.556745182012848,2020-09-16,2026-05-17
Jannik Sinner,Clay,2020s,6,t,True,389,60,235,0.6041131105398457,2020-09-16,2026-05-17
Jannik Sinner,Grass,2020s,4,wide,True,304,33,185,0.6085526315789473,2021-06-29,2025-07-13
Jannik Sinner,Grass,2020s,5,body,True,650,33,366,0.563076923076923,2021-06-29,2025-07-13
Jannik Sinner,Grass,2020s,6,t,True,242,33,148,0.6115702479338843,2021-06-29,2025-07-13
Jared Donaldson,Hard,2010s,4,wide,True,27,7,12,0.4444444444444444,2014-09-29,2019-03-11
Jared Donaldson,Hard,2010s,5,body,True,98,7,63,0.6428571428571429,2014-09-29,2019-03-11
Jared Donaldson,Hard,2010s,6,t,True,91,7,50,0.5494505494505495,2014-09-29,2019-03-11
Jared Donaldson,Clay,2010s,4,wide,True,25,2,14,0.56,2017-05-09,2018-05-23
Jared Donaldson,Clay,2010s,5,body,True,9,2,5,0.5555555555555556,2017-05-09,2018-05-23
Jared Donaldson,Clay,2010s,6,t,True,18,2,9,0.5,2017-05-09,2018-05-23
Jared Palmer,Grass,to_2009,4,wide,True,28,2,17,0.6071428571428571,1994-06-20,1995-06-30
Jared Palmer,Grass,to_2009,5,body,True,42,2,22,0.5238095238095238,1994-06-20,1995-06-30
Jared Palmer,Grass,to_2009,6,t,True,22,2,12,0.5454545454545454,1994-06-20,1995-06-30
Jarkko Nieminen,Hard,to_2009,4,wide,True,42,5,19,0.4523809523809524,2003-10-10,2008-01-22
Jarkko Nieminen,Hard,to_2009,5,body,True,36,5,14,0.3888888888888889,2003-10-10,2008-01-22
Jarkko Nieminen,Hard,to_2009,6,t,True,38,5,26,0.6842105263157895,2003-10-10,2008-01-22
Jarkko Nieminen,Hard,2010s,4,wide,True,20,3,7,0.35,2011-01-05,2014-01-01
Jarkko Nieminen,Hard,2010s,5,body,True,27,3,14,0.5185185185185185,2011-01-05,2014-01-01
Jarkko Nieminen,Hard,2010s,6,t,True,20,3,8,0.4,2011-01-05,2014-01-01
Jarkko Nieminen,Clay,to_2009,4,wide,True,3,1,1,0.3333333333333333,2003-05-04,2003-05-04
Jarkko Nieminen,Clay,to_2009,5,body,True,5,1,1,0.2,2003-05-04,2003-05-04
Jarkko Nieminen,Clay,to_2009,6,t,True,2,1,2,1.0,2003-05-04,2003-05-04
Jarkko Nieminen,Clay,2010s,5,body,True,7,1,1,0.14285714285714285,2014-05-08,2014-05-08
Jarkko Nieminen,Clay,2010s,6,t,True,3,1,1,0.3333333333333333,2014-05-08,2014-05-08
Jarkko Nieminen,Grass,2010s,4,wide,True,3,1,2,0.6666666666666666,2012-07-31,2012-07-31
Jarkko Nieminen,Grass,2010s,5,body,True,17,1,8,0.47058823529411764,2012-07-31,2012-07-31
Jarkko Nieminen,Grass,2010s,6,t,True,3,1,1,0.3333333333333333,2012-07-31,2012-07-31
Jarmere Jenkins,Hard,2010s,4,wide,True,37,1,21,0.5675675675675675,2014-09-15,2014-09-15
Jarmere Jenkins,Hard,2010s,5,body,True,22,1,11,0.5,2014-09-15,2014-09-15
Jarmere Jenkins,Hard,2010s,6,t,True,4,1,1,0.25,2014-09-15,2014-09-15
Jason Jung,Clay,2020s,4,wide,True,11,1,7,0.6363636363636364,2020-09-24,2020-09-24
Jason Jung,Clay,2020s,5,body,True,5,1,0,0.0,2020-09-24,2020-09-24
Jason Jung,Clay,2020s,6,t,True,9,1,5,0.5555555555555556,2020-09-24,2020-09-24
Jason Kubler,Hard,2010s,4,wide,True,19,1,13,0.6842105263157895,2019-01-14,2019-01-14
Jason Kubler,Hard,2010s,5,body,True,5,1,1,0.2,2019-01-14,2019-01-14
Jason Kubler,Hard,2010s,6,t,True,23,1,9,0.391304347826087,2019-01-14,2019-01-14
Jason Kubler,Hard,2020s,4,wide,True,47,3,21,0.44680851063829785,2023-01-18,2024-01-14
Jason Kubler,Hard,2020s,5,body,True,21,3,9,0.42857142857142855,2023-01-18,2024-01-14
Jason Kubler,Hard,2020s,6,t,True,46,3,25,0.5434782608695652,2023-01-18,2024-01-14
Jason Kubler,Clay,2010s,4,wide,True,11,1,2,0.18181818181818182,2014-11-17,2014-11-17
Jason Kubler,Clay,2010s,5,body,True,4,1,1,0.25,2014-11-17,2014-11-17
Jason Kubler,Clay,2010s,6,t,True,14,1,7,0.5,2014-11-17,2014-11-17
Jason Kubler,Clay,2020s,4,wide,True,12,1,7,0.5833333333333334,2022-05-18,2022-05-18
Jason Kubler,Clay,2020s,5,body,True,18,1,9,0.5,2022-05-18,2022-05-18
Jason Kubler,Clay,2020s,6,t,True,17,1,6,0.35294117647058826,2022-05-18,2022-05-18
Jason Stoltenberg,Hard,to_2009,4,wide,True,44,3,23,0.5227272727272727,1994-07-24,1998-03-08
Jason Stoltenberg,Hard,to_2009,5,body,True,17,3,6,0.35294117647058826,1994-07-24,1998-03-08
Jason Stoltenberg,Hard,to_2009,6,t,True,23,3,7,0.30434782608695654,1994-07-24,1998-03-08
Jason Stoltenberg,Grass,to_2009,4,wide,True,14,1,3,0.21428571428571427,1996-07-06,1996-07-06
Jason Stoltenberg,Grass,to_2009,5,body,True,9,1,4,0.4444444444444444,1996-07-06,1996-07-06
Jason Stoltenberg,Grass,to_2009,6,t,True,22,1,10,0.45454545454545453,1996-07-06,1996-07-06
Jaume Munar,Hard,2010s,4,wide,True,28,2,13,0.4642857142857143,2018-11-07,2019-03-08
Jaume Munar,Hard,2010s,5,body,True,29,2,11,0.3793103448275862,2018-11-07,2019-03-08
Jaume Munar,Hard,2010s,6,t,True,13,2,6,0.46153846153846156,2018-11-07,2019-03-08
Jaume Munar,Hard,2020s,4,wide,True,150,16,75,0.5,2022-01-17,2026-02-13
Jaume Munar,Hard,2020s,5,body,True,222,17,108,0.4864864864864865,2022-01-17,2026-02-13
Jaume Munar,Hard,2020s,6,t,True,178,17,89,0.5,2022-01-17,2026-02-13
Jaume Munar,Clay,2010s,4,wide,True,100,8,45,0.45,2018-05-30,2019-09-26
Jaume Munar,Clay,2010s,5,body,True,90,8,43,0.4777777777777778,2018-05-30,2019-09-26
Jaume Munar,Clay,2010s,6,t,True,44,8,19,0.4318181818181818,2018-05-30,2019-09-26
Jaume Munar,Clay,2020s,4,wide,True,103,9,46,0.44660194174757284,2021-04-21,2025-05-29
Jaume Munar,Clay,2020s,5,body,True,84,9,41,0.4880952380952381,2021-04-21,2025-05-29
Jaume Munar,Clay,2020s,6,t,True,64,9,26,0.40625,2021-04-21,2025-05-29
Jaume Munar,Grass,2020s,4,wide,True,10,1,6,0.6,2025-06-19,2025-06-19
Jaume Munar,Grass,2020s,5,body,True,17,1,8,0.47058823529411764,2025-06-19,2025-06-19
Jaume Munar,Grass,2020s,6,t,True,24,1,8,0.3333333333333333,2025-06-19,2025-06-19
Javier Barranco Cosano,Clay,2020s,4,wide,True,10,1,4,0.4,2021-07-04,2021-07-04
Javier Barranco Cosano,Clay,2020s,5,body,True,7,1,4,0.5714285714285714,2021-07-04,2021-07-04
Javier Barranco Cosano,Clay,2020s,6,t,True,4,1,2,0.5,2021-07-04,2021-07-04
Javier Sanchez,Hard,to_2009,4,wide,True,15,1,6,0.4,1991-09-04,1991-09-04
Javier Sanchez,Hard,to_2009,5,body,True,1,1,1,1.0,1991-09-04,1991-09-04
Javier Sanchez,Hard,to_2009,6,t,True,17,1,6,0.35294117647058826,1991-09-04,1991-09-04
Jay Clarke,Grass,2010s,4,wide,True,11,1,7,0.6363636363636364,2019-07-04,2019-07-04
Jay Clarke,Grass,2010s,5,body,True,18,1,8,0.4444444444444444,2019-07-04,2019-07-04
Jay Clarke,Grass,2010s,6,t,True,6,1,3,0.5,2019-07-04,2019-07-04
Jean Rene Lisnard,Hard,to_2009,4,wide,True,15,1,4,0.26666666666666666,2003-08-29,2003-08-29
Jean Rene Lisnard,Hard,to_2009,5,body,True,22,1,11,0.5,2003-08-29,2003-08-29
Jean Rene Lisnard,Hard,to_2009,6,t,True,6,1,3,0.5,2003-08-29,2003-08-29
Jean Yves Aubone,Hard,2010s,4,wide,True,3,1,2,0.6666666666666666,2014-09-08,2014-09-08
Jean Yves Aubone,Hard,2010s,5,body,True,11,1,7,0.6363636363636364,2014-09-08,2014-09-08
Jean Yves Aubone,Hard,2010s,6,t,True,2,1,1,0.5,2014-09-08,2014-09-08
Jeff Tarango,Hard,to_2009,4,wide,True,20,2,10,0.5,1992-10-21,1998-09-01
Jeff Tarango,Hard,to_2009,5,body,True,28,2,15,0.5357142857142857,1992-10-21,1998-09-01
Jeff Tarango,Hard,to_2009,6,t,True,26,2,16,0.6153846153846154,1992-10-21,1998-09-01
Jelle Sels,Hard,2010s,4,wide,True,19,1,12,0.631578947368421,2019-10-23,2019-10-23
Jelle Sels,Hard,2010s,5,body,True,18,1,12,0.6666666666666666,2019-10-23,2019-10-23
Jelle Sels,Hard,2010s,6,t,True,9,1,5,0.5555555555555556,2019-10-23,2019-10-23
Jelle Sels,Hard,2020s,4,wide,True,14,2,9,0.6428571428571429,2022-10-09,2025-03-16
Jelle Sels,Hard,2020s,5,body,True,9,2,6,0.6666666666666666,2022-10-09,2025-03-16
Jelle Sels,Hard,2020s,6,t,True,10,2,6,0.6,2022-10-09,2025-03-16
Jelle Sels,Clay,2010s,4,wide,True,10,1,3,0.3,2018-09-23,2018-09-23
Jelle Sels,Clay,2010s,5,body,True,7,1,5,0.7142857142857143,2018-09-23,2018-09-23
Jelle Sels,Clay,2010s,6,t,True,5,1,0,0.0,2018-09-23,2018-09-23
Jelle Sels,Clay,2020s,4,wide,True,39,4,21,0.5384615384615384,2021-06-27,2024-09-14
Jelle Sels,Clay,2020s,5,body,True,32,4,14,0.4375,2021-06-27,2024-09-14
Jelle Sels,Clay,2020s,6,t,True,32,4,19,0.59375,2021-06-27,2024-09-14
Jenson Brooksby,Hard,2020s,4,wide,True,196,24,98,0.5,2021-08-07,2026-02-26
Jenson Brooksby,Hard,2020s,5,body,True,381,23,198,0.5196850393700787,2021-08-07,2026-02-26
Jenson Brooksby,Hard,2020s,6,t,True,153,24,71,0.46405228758169936,2021-08-07,2026-02-26
Jenson Brooksby,Hard,2020s,0,unknown,False,1,1,0,0.0,2022-02-13,2022-02-13
Jenson Brooksby,Clay,2020s,4,wide,True,18,2,9,0.5,2022-05-12,2025-04-05
Jenson Brooksby,Clay,2020s,5,body,True,38,3,25,0.6578947368421053,2022-05-12,2025-04-06
Jenson Brooksby,Clay,2020s,6,t,True,24,3,14,0.5833333333333334,2022-05-12,2025-04-06
Jenson Brooksby,Grass,2020s,4,wide,True,21,3,9,0.42857142857142855,2021-07-16,2025-07-02
Jenson Brooksby,Grass,2020s,5,body,True,53,3,28,0.5283018867924528,2021-07-16,2025-07-02
Jenson Brooksby,Grass,2020s,6,t,True,16,3,7,0.4375,2021-07-16,2025-07-02
Jeremy Chardy,Hard,2010s,4,wide,True,126,12,58,0.4603174603174603,2013-01-23,2019-10-09
Jeremy Chardy,Hard,2010s,5,body,True,126,12,60,0.47619047619047616,2013-01-23,2019-10-09
Jeremy Chardy,Hard,2010s,6,t,True,111,12,45,0.40540540540540543,2013-01-23,2019-10-09
Jeremy Chardy,Hard,2020s,4,wide,True,19,2,7,0.3684210526315789,2020-09-01,2021-07-29
Jeremy Chardy,Hard,2020s,5,body,True,28,2,9,0.32142857142857145,2020-09-01,2021-07-29
Jeremy Chardy,Hard,2020s,6,t,True,18,2,5,0.2777777777777778,2020-09-01,2021-07-29
Jeremy Chardy,Clay,2010s,4,wide,True,39,4,19,0.48717948717948717,2014-05-14,2018-11-23
Jeremy Chardy,Clay,2010s,5,body,True,43,4,22,0.5116279069767442,2014-05-14,2018-11-23
Jeremy Chardy,Clay,2010s,6,t,True,36,4,11,0.3055555555555556,2014-05-14,2018-11-23
Jeremy Chardy,Grass,2010s,4,wide,True,3,1,1,0.3333333333333333,2014-06-16,2014-06-16
Jeremy Chardy,Grass,2010s,5,body,True,9,1,8,0.8888888888888888,2014-06-16,2014-06-16
Jeremy Chardy,Grass,2010s,6,t,True,3,1,3,1.0,2014-06-16,2014-06-16
Jeremy Chardy,Grass,2020s,4,wide,True,9,1,0,0.0,2023-07-04,2023-07-04
Jeremy Chardy,Grass,2020s,5,body,True,20,1,8,0.4,2023-07-04,2023-07-04
Jeremy Chardy,Grass,2020s,6,t,True,4,1,2,0.5,2023-07-04,2023-07-04
Jeremy Jahn,Clay,2010s,4,wide,True,26,2,9,0.34615384615384615,2017-08-18,2019-09-13
Jeremy Jahn,Clay,2010s,5,body,True,28,2,21,0.75,2017-08-18,2019-09-13
Jeremy Jahn,Clay,2010s,6,t,True,20,2,10,0.5,2017-08-18,2019-09-13
Jerome Golmard,Clay,to_2009,4,wide,True,17,1,7,0.4117647058823529,2000-05-08,2000-05-08
Jerome Golmard,Clay,to_2009,5,body,True,8,1,3,0.375,2000-05-08,2000-05-08
Jerome Golmard,Clay,to_2009,6,t,True,9,1,5,0.5555555555555556,2000-05-08,2000-05-08
Jerome Kym,Hard,2020s,4,wide,True,2,1,2,1.0,2024-10-21,2024-10-21
Jerome Kym,Hard,2020s,5,body,True,28,1,14,0.5,2024-10-21,2024-10-21
Jerome Kym,Hard,2020s,6,t,True,5,1,5,1.0,2024-10-21,2024-10-21
Jerome Potier,Clay,to_2009,4,wide,True,14,1,8,0.5714285714285714,1989-04-23,1989-04-23
Jerome Potier,Clay,to_2009,5,body,True,3,1,1,0.3333333333333333,1989-04-23,1989-04-23
Jerome Potier,Clay,to_2009,6,t,True,12,1,6,0.5,1989-04-23,1989-04-23
Jerome Potier,Clay,to_2009,0,unknown,False,1,1,0,0.0,1989-04-23,1989-04-23
Jerzy Janowicz,Hard,2010s,4,wide,True,53,4,28,0.5283018867924528,2012-10-29,2016-08-29
Jerzy Janowicz,Hard,2010s,5,body,True,58,6,34,0.5862068965517241,2012-10-29,2016-08-29
Jerzy Janowicz,Hard,2010s,6,t,True,50,6,17,0.34,2012-10-29,2016-08-29
Jerzy Janowicz,Hard,2020s,4,wide,True,6,1,4,0.6666666666666666,2020-03-01,2020-03-01
Jerzy Janowicz,Hard,2020s,5,body,True,6,1,4,0.6666666666666666,2020-03-01,2020-03-01
Jerzy Janowicz,Hard,2020s,6,t,True,3,1,2,0.6666666666666666,2020-03-01,2020-03-01
Jerzy Janowicz,Grass,2010s,4,wide,True,28,2,13,0.4642857142857143,2013-07-05,2015-06-09
Jerzy Janowicz,Grass,2010s,5,body,True,28,2,12,0.42857142857142855,2013-07-05,2015-06-09
Jerzy Janowicz,Grass,2010s,6,t,True,26,2,11,0.4230769230769231,2013-07-05,2015-06-09
Jesper De Jong,Hard,2020s,4,wide,True,150,17,76,0.5066666666666667,2023-12-17,2026-02-08
Jesper De Jong,Hard,2020s,5,body,True,247,17,128,0.5182186234817814,2023-12-17,2026-02-08
Jesper De Jong,Hard,2020s,6,t,True,207,17,103,0.4975845410628019,2023-12-17,2026-02-08
Jesper De Jong,Clay,2020s,4,wide,True,99,16,51,0.5151515151515151,2021-06-19,2026-05-21
Jesper De Jong,Clay,2020s,5,body,True,201,16,96,0.47761194029850745,2021-06-19,2026-05-21
Jesper De Jong,Clay,2020s,6,t,True,212,16,106,0.5,2021-06-19,2026-05-21
Jesper De Jong,Grass,2020s,4,wide,True,8,1,2,0.25,2025-07-01,2025-07-01
Jesper De Jong,Grass,2020s,5,body,True,36,1,23,0.6388888888888888,2025-07-01,2025-07-01
Jesper De Jong,Grass,2020s,6,t,True,36,1,21,0.5833333333333334,2025-07-01,2025-07-01
Jesper De Jong,Grass,2020s,0,unknown,False,1,1,1,1.0,2025-07-01,2025-07-01
Jim Courier,Hard,to_2009,4,wide,True,501,30,264,0.5269461077844312,1989-10-08,1999-02-21
Jim Courier,Hard,to_2009,5,body,True,341,29,196,0.5747800586510264,1989-10-08,1999-02-21
Jim Courier,Hard,to_2009,6,t,True,304,30,174,0.5723684210526315,1989-10-08,1999-02-21
Jim Courier,Clay,to_2009,4,wide,True,222,11,128,0.5765765765765766,1990-06-03,1996-06-05
Jim Courier,Clay,to_2009,5,body,True,109,11,45,0.41284403669724773,1990-06-03,1996-06-05
Jim Courier,Clay,to_2009,6,t,True,105,11,51,0.4857142857142857,1990-06-03,1996-06-05
Jim Courier,Grass,to_2009,4,wide,True,59,3,33,0.559322033898305,1991-07-04,1999-06-29
Jim Courier,Grass,to_2009,5,body,True,49,3,23,0.46938775510204084,1991-07-04,1999-06-29
Jim Courier,Grass,to_2009,6,t,True,41,3,16,0.3902439024390244,1991-07-04,1999-06-29
Jimmy Arias,Hard,to_2009,4,wide,True,8,1,2,0.25,1983-09-09,1983-09-09
Jimmy Arias,Hard,to_2009,5,body,True,11,1,4,0.36363636363636365,1983-09-09,1983-09-09
Jimmy Arias,Hard,to_2009,6,t,True,21,1,13,0.6190476190476191,1983-09-09,1983-09-09
Jimmy Arias,Clay,to_2009,4,wide,True,20,1,13,0.65,1984-06-06,1984-06-06
Jimmy Arias,Clay,to_2009,5,body,True,7,1,3,0.42857142857142855,1984-06-06,1984-06-06
Jimmy Arias,Clay,to_2009,6,t,True,14,1,9,0.6428571428571429,1984-06-06,1984-06-06
Jimmy Connors,Hard,to_2009,4,wide,True,220,16,119,0.5409090909090909,1978-01-08,1991-09-05
Jimmy Connors,Hard,to_2009,5,body,True,166,15,99,0.5963855421686747,1980-01-12,1991-09-05
Jimmy Connors,Hard,to_2009,6,t,True,138,15,74,0.5362318840579711,1978-01-08,1991-09-05
Jimmy Connors,Clay,to_2009,4,wide,True,30,5,14,0.4666666666666667,1975-09-07,1987-06-03
Jimmy Connors,Clay,to_2009,5,body,True,52,4,27,0.5192307692307693,1975-09-07,1987-06-03
Jimmy Connors,Clay,to_2009,6,t,True,36,5,22,0.6111111111111112,1975-09-07,1987-06-03
Jimmy Connors,Grass,to_2009,4,wide,True,143,12,73,0.5104895104895105,1974-07-07,1987-07-04
Jimmy Connors,Grass,to_2009,5,body,True,129,11,69,0.5348837209302325,1974-07-07,1987-07-04
Jimmy Connors,Grass,to_2009,6,t,True,110,12,50,0.45454545454545453,1974-07-07,1987-07-04
Jimmy Wang,Hard,to_2009,4,wide,True,25,1,11,0.44,2006-08-30,2006-08-30
Jimmy Wang,Hard,to_2009,5,body,True,6,1,2,0.3333333333333333,2006-08-30,2006-08-30
Jimmy Wang,Hard,to_2009,6,t,True,16,1,6,0.375,2006-08-30,2006-08-30
Jimmy Wang,Hard,2010s,4,wide,True,4,1,4,1.0,2014-07-14,2014-07-14
Jimmy Wang,Hard,2010s,5,body,True,9,1,5,0.5555555555555556,2014-07-14,2014-07-14
Jimmy Wang,Hard,2010s,6,t,True,21,1,9,0.42857142857142855,2014-07-14,2014-07-14
Jiri Hrebec,Hard,to_2009,4,wide,True,1,1,0,0.0,1975-12-19,1975-12-19
Jiri Hrebec,Hard,to_2009,5,body,True,16,1,7,0.4375,1975-12-19,1975-12-19
Jiri Hrebec,Hard,to_2009,6,t,True,5,1,0,0.0,1975-12-19,1975-12-19
Jiri Lehecka,Hard,2010s,4,wide,True,14,1,7,0.5,2019-02-02,2019-02-02
Jiri Lehecka,Hard,2010s,5,body,True,30,1,18,0.6,2019-02-02,2019-02-02
Jiri Lehecka,Hard,2020s,4,wide,True,426,40,203,0.4765258215962441,2021-11-21,2026-03-29
Jiri Lehecka,Hard,2020s,5,body,True,412,40,206,0.5,2021-11-21,2026-03-29
Jiri Lehecka,Hard,2020s,6,t,True,250,40,122,0.488,2021-11-21,2026-03-29
Jiri Lehecka,Clay,2020s,4,wide,True,117,12,51,0.4358974358974359,2021-07-26,2026-04-29
Jiri Lehecka,Clay,2020s,5,body,True,84,11,34,0.40476190476190477,2021-07-26,2025-05-31
Jiri Lehecka,Clay,2020s,6,t,True,69,11,32,0.463768115942029,2021-07-26,2026-04-29
Jiri Lehecka,Grass,2020s,4,wide,True,54,7,25,0.46296296296296297,2022-07-06,2025-06-19
Jiri Lehecka,Grass,2020s,5,body,True,78,6,41,0.5256410256410257,2022-07-06,2025-06-19
Jiri Lehecka,Grass,2020s,6,t,True,34,6,11,0.3235294117647059,2022-07-06,2025-06-19
Jiri Novak,Hard,to_2009,4,wide,True,65,10,38,0.5846153846153846,1996-03-12,2004-10-30
Jiri Novak,Hard,to_2009,5,body,True,224,11,115,0.5133928571428571,1996-03-12,2004-10-30
Jiri Novak,Hard,to_2009,6,t,True,38,11,17,0.4473684210526316,1996-03-12,2004-10-30
Jiri Novak,Clay,to_2009,4,wide,True,16,1,11,0.6875,2003-07-13,2003-07-13
Jiri Novak,Clay,to_2009,5,body,True,28,1,16,0.5714285714285714,2003-07-13,2003-07-13
Jiri Novak,Clay,to_2009,6,t,True,9,1,2,0.2222222222222222,2003-07-13,2003-07-13
Jiri Novak,Grass,to_2009,4,wide,True,7,1,4,0.5714285714285714,2004-06-13,2004-06-13
Jiri Novak,Grass,to_2009,5,body,True,3,1,1,0.3333333333333333,2004-06-13,2004-06-13
Jiri Novak,Grass,to_2009,6,t,True,3,1,2,0.6666666666666666,2004-06-13,2004-06-13
Jiri Vanek,Hard,to_2009,4,wide,True,33,1,20,0.6060606060606061,2002-08-26,2002-08-26
Jiri Vanek,Hard,to_2009,5,body,True,19,1,9,0.47368421052631576,2002-08-26,2002-08-26
Jiri Vanek,Hard,to_2009,6,t,True,5,1,1,0.2,2002-08-26,2002-08-26
Jiri Vanek,Grass,to_2009,4,wide,True,26,1,11,0.4230769230769231,2000-06-26,2000-06-26
Jiri Vanek,Grass,to_2009,5,body,True,5,1,2,0.4,2000-06-26,2000-06-26
Jiri Vanek,Grass,to_2009,6,t,True,7,1,4,0.5714285714285714,2000-06-26,2000-06-26
Jiri Vesely,Hard,2010s,4,wide,True,18,2,7,0.3888888888888889,2015-09-21,2019-11-03
Jiri Vesely,Hard,2010s,5,body,True,13,2,10,0.7692307692307693,2015-09-21,2019-11-03
Jiri Vesely,Hard,2010s,6,t,True,10,1,7,0.7,2019-11-03,2019-11-03
Jiri Vesely,Hard,2020s,4,wide,True,8,1,1,0.125,2022-02-26,2022-02-26
Jiri Vesely,Hard,2020s,5,body,True,12,1,4,0.3333333333333333,2022-02-26,2022-02-26
Jiri Vesely,Hard,2020s,6,t,True,4,1,2,0.5,2022-02-26,2022-02-26
Jiri Vesely,Clay,2010s,4,wide,True,27,3,14,0.5185185185185185,2015-04-25,2016-04-13
Jiri Vesely,Clay,2010s,5,body,True,35,3,20,0.5714285714285714,2015-04-25,2016-04-13
Jiri Vesely,Clay,2010s,6,t,True,12,2,6,0.5,2015-04-25,2016-04-13
Jiri Vesely,Grass,2010s,4,wide,True,7,1,4,0.5714285714285714,2019-07-01,2019-07-01
Jiri Vesely,Grass,2010s,5,body,True,18,1,7,0.3888888888888889,2019-07-01,2019-07-01
Jiri Vesely,Grass,2010s,6,t,True,11,1,7,0.6363636363636364,2019-07-01,2019-07-01
Jiri Vesely,Grass,2020s,4,wide,True,30,2,17,0.5666666666666667,2022-06-29,2023-07-05
Jiri Vesely,Grass,2020s,5,body,True,37,2,19,0.5135135135135135,2022-06-29,2023-07-05
Jiri Vesely,Grass,2020s,6,t,True,51,2,22,0.43137254901960786,2022-06-29,2023-07-05
Jo Wilfried Tsonga,Hard,to_2009,4,wide,True,174,12,91,0.5229885057471264,2008-01-20,2009-10-11
Jo Wilfried Tsonga,Hard,to_2009,5,body,True,123,12,69,0.5609756097560976,2008-01-20,2009-10-11
Jo Wilfried Tsonga,Hard,to_2009,6,t,True,103,12,42,0.4077669902912621,2008-01-20,2009-10-11
Jo Wilfried Tsonga,Hard,2010s,4,wide,True,463,42,230,0.49676025917926564,2010-01-26,2019-11-01
Jo Wilfried Tsonga,Hard,2010s,5,body,True,549,43,272,0.49544626593806923,2010-01-26,2019-11-01
Jo Wilfried Tsonga,Hard,2010s,6,t,True,361,43,174,0.481994459833795,2010-01-26,2019-11-01
Jo Wilfried Tsonga,Hard,2020s,4,wide,True,3,1,3,1.0,2022-02-07,2022-02-07
Jo Wilfried Tsonga,Hard,2020s,5,body,True,16,1,8,0.5,2022-02-07,2022-02-07
Jo Wilfried Tsonga,Hard,2020s,6,t,True,4,1,1,0.25,2022-02-07,2022-02-07
Jo Wilfried Tsonga,Clay,to_2009,4,wide,True,17,1,11,0.6470588235294118,2009-06-01,2009-06-01
Jo Wilfried Tsonga,Clay,to_2009,5,body,True,13,1,6,0.46153846153846156,2009-06-01,2009-06-01
Jo Wilfried Tsonga,Clay,to_2009,6,t,True,18,1,10,0.5555555555555556,2009-06-01,2009-06-01
Jo Wilfried Tsonga,Clay,2010s,4,wide,True,153,14,68,0.4444444444444444,2011-05-11,2019-04-13
Jo Wilfried Tsonga,Clay,2010s,5,body,True,157,14,59,0.37579617834394907,2011-05-11,2019-04-13
Jo Wilfried Tsonga,Clay,2010s,6,t,True,110,14,56,0.509090909090909,2011-05-11,2019-04-13
Jo Wilfried Tsonga,Clay,2020s,4,wide,True,33,2,14,0.42424242424242425,2022-04-11,2022-05-24
Jo Wilfried Tsonga,Clay,2020s,5,body,True,23,2,7,0.30434782608695654,2022-04-11,2022-05-24
Jo Wilfried Tsonga,Clay,2020s,6,t,True,20,2,8,0.4,2022-04-11,2022-05-24
Jo Wilfried Tsonga,Grass,to_2009,4,wide,True,14,1,9,0.6428571428571429,2007-06-13,2007-06-13
Jo Wilfried Tsonga,Grass,to_2009,5,body,True,5,1,2,0.4,2007-06-13,2007-06-13
Jo Wilfried Tsonga,Grass,to_2009,6,t,True,14,1,9,0.6428571428571429,2007-06-13,2007-06-13
Jo Wilfried Tsonga,Grass,2010s,4,wide,True,85,8,47,0.5529411764705883,2011-06-10,2019-07-06
Jo Wilfried Tsonga,Grass,2010s,5,body,True,141,8,68,0.48226950354609927,2011-06-10,2019-07-06
Jo Wilfried Tsonga,Grass,2010s,6,t,True,68,8,29,0.4264705882352941,2011-06-10,2019-07-06
Joachim Johansson,Hard,to_2009,4,wide,True,28,2,10,0.35714285714285715,2004-09-09,2004-09-11
Joachim Johansson,Hard,to_2009,5,body,True,34,2,16,0.47058823529411764,2004-09-09,2004-09-11
Joachim Johansson,Hard,to_2009,6,t,True,39,2,16,0.41025641025641024,2004-09-09,2004-09-11
Joakim Nystrom,Grass,to_2009,4,wide,True,42,1,23,0.5476190476190477,1985-06-29,1985-06-29
Joakim Nystrom,Grass,to_2009,5,body,True,44,1,20,0.45454545454545453,1985-06-29,1985-06-29
Joakim Nystrom,Grass,to_2009,6,t,True,4,1,1,0.25,1985-06-29,1985-06-29
Joao Fonseca,Hard,2020s,4,wide,True,248,27,139,0.5604838709677419,2024-07-24,2026-03-20
Joao Fonseca,Hard,2020s,5,body,True,248,26,123,0.4959677419354839,2024-07-24,2026-03-20
Joao Fonseca,Hard,2020s,6,t,True,196,27,112,0.5714285714285714,2024-07-24,2026-03-20
Joao Fonseca,Clay,2020s,4,wide,True,265,23,142,0.5358490566037736,2024-01-13,2026-04-26
Joao Fonseca,Clay,2020s,5,body,True,156,22,81,0.5192307692307693,2024-01-13,2026-04-26
Joao Fonseca,Clay,2020s,6,t,True,156,23,82,0.5256410256410257,2024-01-13,2026-04-26
Joao Fonseca,Grass,2020s,4,wide,True,36,3,19,0.5277777777777778,2025-06-23,2025-07-02
Joao Fonseca,Grass,2020s,5,body,True,17,3,5,0.29411764705882354,2025-06-23,2025-07-02
Joao Fonseca,Grass,2020s,6,t,True,33,3,24,0.7272727272727273,2025-06-23,2025-07-02
Joao Menezes,Hard,2020s,4,wide,True,11,1,4,0.36363636363636365,2021-07-24,2021-07-24
Joao Menezes,Hard,2020s,5,body,True,26,1,12,0.46153846153846156,2021-07-24,2021-07-24
Joao Menezes,Hard,2020s,6,t,True,16,1,9,0.5625,2021-07-24,2021-07-24
Joao Sousa,Hard,2010s,4,wide,True,57,7,22,0.38596491228070173,2015-02-06,2019-08-20
Joao Sousa,Hard,2010s,5,body,True,152,7,70,0.4605263157894737,2015-02-06,2019-08-20
Joao Sousa,Hard,2010s,6,t,True,42,7,21,0.5,2015-02-06,2019-08-20
Joao Sousa,Hard,2020s,4,wide,True,6,1,1,0.16666666666666666,2022-10-10,2022-10-10
Joao Sousa,Hard,2020s,5,body,True,4,1,0,0.0,2022-10-10,2022-10-10
Joao Sousa,Hard,2020s,6,t,True,1,1,1,1.0,2022-10-10,2022-10-10
Joao Sousa,Clay,2010s,4,wide,True,42,7,16,0.38095238095238093,2014-02-21,2019-04-15
Joao Sousa,Clay,2010s,5,body,True,80,7,29,0.3625,2014-02-21,2019-04-15
Joao Sousa,Clay,2010s,6,t,True,36,7,16,0.4444444444444444,2014-02-21,2019-04-15
Joao Sousa,Clay,2020s,4,wide,True,11,1,5,0.45454545454545453,2024-04-03,2024-04-03
Joao Sousa,Clay,2020s,5,body,True,19,1,9,0.47368421052631576,2024-04-03,2024-04-03
Joao Sousa,Clay,2020s,6,t,True,4,1,3,0.75,2024-04-03,2024-04-03
Joao Sousa,Grass,2010s,4,wide,True,11,2,1,0.09090909090909091,2019-06-17,2019-07-08
Joao Sousa,Grass,2010s,5,body,True,26,2,14,0.5384615384615384,2019-06-17,2019-07-08
Joao Sousa,Grass,2010s,6,t,True,16,2,10,0.625,2019-06-17,2019-07-08
Joao Souza,Hard,2010s,4,wide,True,1,1,1,1.0,2014-01-05,2014-01-05
Joao Souza,Hard,2010s,5,body,True,5,1,4,0.8,2014-01-05,2014-01-05
Joao Souza,Hard,2010s,6,t,True,6,1,3,0.5,2014-01-05,2014-01-05
Johan Kriek,Hard,to_2009,4,wide,True,35,1,13,0.37142857142857144,1980-09-06,1980-09-06
Johan Kriek,Hard,to_2009,5,body,True,1,1,0,0.0,1980-09-06,1980-09-06
Johan Kriek,Hard,to_2009,6,t,True,15,1,2,0.13333333333333333,1980-09-06,1980-09-06
Johan Kriek,Clay,to_2009,4,wide,True,20,1,9,0.45,1986-06-07,1986-06-07
Johan Kriek,Clay,to_2009,5,body,True,12,1,5,0.4166666666666667,1986-06-07,1986-06-07
Johan Kriek,Clay,to_2009,6,t,True,3,1,1,0.3333333333333333,1986-06-07,1986-06-07
Johan Kriek,Grass,to_2009,4,wide,True,32,1,20,0.625,1982-12-13,1982-12-13
Johan Kriek,Grass,to_2009,5,body,True,13,1,7,0.5384615384615384,1982-12-13,1982-12-13
Johan Kriek,Grass,to_2009,6,t,True,1,1,1,1.0,1982-12-13,1982-12-13
Johan Sebastien Tatlot,Clay,2010s,4,wide,True,9,1,2,0.2222222222222222,2019-08-12,2019-08-12
Johan Sebastien Tatlot,Clay,2010s,5,body,True,5,1,2,0.4,2019-08-12,2019-08-12
Johan Sebastien Tatlot,Clay,2010s,6,t,True,6,1,3,0.5,2019-08-12,2019-08-12
Johannes Haerteis,Hard,2010s,4,wide,True,9,1,3,0.3333333333333333,2019-10-16,2019-10-16
Johannes Haerteis,Hard,2010s,5,body,True,11,1,6,0.5454545454545454,2019-10-16,2019-10-16
Johannes Haerteis,Hard,2010s,6,t,True,7,1,3,0.42857142857142855,2019-10-16,2019-10-16
John Isner,Hard,to_2009,4,wide,True,12,1,9,0.75,2009-09-05,2009-09-05
John Isner,Hard,to_2009,5,body,True,41,1,22,0.5365853658536586,2009-09-05,2009-09-05
John Isner,Hard,to_2009,6,t,True,4,1,3,0.75,2009-09-05,2009-09-05
John Isner,Hard,2010s,4,wide,True,451,44,250,0.5543237250554324,2010-01-26,2019-10-08
John Isner,Hard,2010s,5,body,True,468,44,243,0.5192307692307693,2010-01-26,2019-10-08
John Isner,Hard,2010s,6,t,True,243,42,129,0.5308641975308642,2010-01-26,2019-10-08
John Isner,Hard,2020s,4,wide,True,183,18,102,0.5573770491803278,2021-03-18,2023-08-31
John Isner,Hard,2020s,5,body,True,154,17,81,0.525974025974026,2021-03-18,2023-08-31
John Isner,Hard,2020s,6,t,True,95,17,49,0.5157894736842106,2021-03-18,2023-08-31
John Isner,Clay,2010s,4,wide,True,116,8,55,0.47413793103448276,2010-05-12,2018-06-04
John Isner,Clay,2010s,5,body,True,62,8,35,0.5645161290322581,2010-05-12,2018-06-04
John Isner,Clay,2010s,6,t,True,39,8,19,0.48717948717948717,2010-05-12,2018-06-04
John Isner,Clay,2020s,4,wide,True,69,7,43,0.6231884057971014,2020-09-27,2023-04-08
John Isner,Clay,2020s,5,body,True,60,7,32,0.5333333333333333,2020-09-27,2023-04-08
John Isner,Clay,2020s,6,t,True,37,7,24,0.6486486486486487,2020-09-27,2023-04-08
John Isner,Clay,2020s,0,unknown,False,1,1,1,1.0,2020-09-27,2020-09-27
John Isner,Grass,2010s,4,wide,True,98,5,53,0.5408163265306123,2010-06-22,2019-07-21
John Isner,Grass,2010s,5,body,True,131,5,76,0.5801526717557252,2010-06-22,2019-07-21
John Isner,Grass,2010s,6,t,True,47,5,32,0.6808510638297872,2010-06-22,2019-07-21
John Isner,Grass,2020s,4,wide,True,49,3,25,0.5102040816326531,2022-06-30,2022-07-16
John Isner,Grass,2020s,5,body,True,34,3,13,0.38235294117647056,2022-06-30,2022-07-16
John Isner,Grass,2020s,6,t,True,12,3,7,0.5833333333333334,2022-06-30,2022-07-16
John Marks,Grass,to_2009,4,wide,True,24,1,13,0.5416666666666666,1979-01-07,1979-01-07
John Marks,Grass,to_2009,5,body,True,17,1,10,0.5882352941176471,1979-01-07,1979-01-07
John Marks,Grass,to_2009,6,t,True,14,1,6,0.42857142857142855,1979-01-07,1979-01-07
John Mcenroe,Hard,to_2009,4,wide,True,630,37,322,0.5111111111111111,1979-01-14,1992-01-22
John Mcenroe,Hard,to_2009,5,body,True,745,37,364,0.4885906040268456,1979-01-14,1992-01-22
John Mcenroe,Hard,to_2009,6,t,True,340,36,179,0.5264705882352941,1979-01-14,1992-01-22
John Mcenroe,Clay,to_2009,4,wide,True,221,10,115,0.5203619909502263,1978-07-15,1991-05-27
John Mcenroe,Clay,to_2009,5,body,True,112,10,60,0.5357142857142857,1978-07-15,1991-05-27
John Mcenroe,Clay,to_2009,6,t,True,77,10,46,0.5974025974025974,1978-07-15,1991-05-27
John Mcenroe,Grass,to_2009,4,wide,True,284,19,156,0.5492957746478874,1980-07-05,1992-07-04
John Mcenroe,Grass,to_2009,5,body,True,303,19,148,0.4884488448844885,1980-07-05,1992-07-04
John Mcenroe,Grass,to_2009,6,t,True,177,19,87,0.4915254237288136,1980-07-05,1992-07-04
John Millman,Hard,2010s,4,wide,True,54,5,28,0.5185185185185185,2014-09-02,2019-01-10
John Millman,Hard,2010s,5,body,True,71,5,45,0.6338028169014085,2014-09-02,2019-01-10
John Millman,Hard,2010s,6,t,True,26,5,16,0.6153846153846154,2014-09-02,2019-01-10
John Millman,Hard,2020s,4,wide,True,148,11,80,0.5405405405405406,2020-01-24,2024-01-11
John Millman,Hard,2020s,5,body,True,229,11,122,0.5327510917030568,2020-01-24,2024-01-11
John Millman,Hard,2020s,6,t,True,51,9,29,0.5686274509803921,2020-01-24,2024-01-11
John Millman,Clay,2010s,4,wide,True,4,1,1,0.25,2018-04-28,2018-04-28
John Millman,Clay,2010s,5,body,True,33,1,16,0.48484848484848486,2018-04-28,2018-04-28
John Millman,Clay,2010s,6,t,True,1,1,0,0.0,2018-04-28,2018-04-28
John Millman,Clay,2020s,4,wide,True,30,2,17,0.5666666666666667,2021-05-04,2021-05-12
John Millman,Clay,2020s,5,body,True,17,2,9,0.5294117647058824,2021-05-04,2021-05-12
John Millman,Clay,2020s,6,t,True,7,2,2,0.2857142857142857,2021-05-04,2021-05-12
John Newcombe,Grass,to_2009,4,wide,True,100,5,50,0.5,1969-07-06,1975-01-01
John Newcombe,Grass,to_2009,5,body,True,55,5,30,0.5454545454545454,1969-07-06,1975-01-01
John Newcombe,Grass,to_2009,6,t,True,114,5,57,0.5,1969-07-06,1975-01-01
Jonas Bjorkman,Hard,to_2009,4,wide,True,103,9,54,0.5242718446601942,1997-09-06,2003-02-16
Jonas Bjorkman,Hard,to_2009,5,body,True,133,9,71,0.5338345864661654,1997-09-06,2003-02-16
Jonas Bjorkman,Hard,to_2009,6,t,True,59,9,31,0.5254237288135594,1997-09-06,2003-02-16
Jonas Bjorkman,Clay,to_2009,4,wide,True,7,1,6,0.8571428571428571,2004-05-03,2004-05-03
Jonas Bjorkman,Clay,to_2009,5,body,True,10,1,5,0.5,2004-05-03,2004-05-03
Jonas Bjorkman,Clay,to_2009,6,t,True,15,1,12,0.8,2004-05-03,2004-05-03
Jonas Bjorkman,Grass,to_2009,4,wide,True,32,3,14,0.4375,2000-07-03,2006-07-07
Jonas Bjorkman,Grass,to_2009,5,body,True,73,3,40,0.547945205479452,2000-07-03,2006-07-07
Jonas Bjorkman,Grass,to_2009,6,t,True,17,3,10,0.5882352941176471,2000-07-03,2006-07-07
Jonas Svensson,Hard,to_2009,4,wide,True,70,6,38,0.5428571428571428,1987-11-08,1991-11-02
Jonas Svensson,Hard,to_2009,5,body,True,130,6,71,0.5461538461538461,1987-11-08,1991-11-02
Jonas Svensson,Hard,to_2009,6,t,True,15,6,4,0.26666666666666666,1987-11-08,1991-11-02
Jonas Svensson,Clay,to_2009,4,wide,True,47,4,23,0.48936170212765956,1987-05-13,1990-06-09
Jonas Svensson,Clay,to_2009,5,body,True,48,4,19,0.3958333333333333,1987-05-13,1990-06-09
Jonas Svensson,Clay,to_2009,6,t,True,30,3,13,0.43333333333333335,1988-06-04,1990-06-09
Jordan Thompson,Hard,2010s,4,wide,True,48,8,26,0.5416666666666666,2016-02-23,2019-08-12
Jordan Thompson,Hard,2010s,5,body,True,85,8,36,0.4235294117647059,2016-02-23,2019-08-12
Jordan Thompson,Hard,2010s,6,t,True,45,8,22,0.4888888888888889,2016-02-23,2019-08-12
Jordan Thompson,Hard,2020s,4,wide,True,120,13,57,0.475,2021-03-27,2024-09-26
Jordan Thompson,Hard,2020s,5,body,True,163,13,74,0.4539877300613497,2021-03-27,2024-09-26
Jordan Thompson,Hard,2020s,6,t,True,159,13,81,0.5094339622641509,2021-03-27,2024-09-26
Jordan Thompson,Clay,2010s,4,wide,True,6,1,2,0.3333333333333333,2019-06-01,2019-06-01
Jordan Thompson,Clay,2010s,5,body,True,22,1,9,0.4090909090909091,2019-06-01,2019-06-01
Jordan Thompson,Clay,2010s,6,t,True,4,1,1,0.25,2019-06-01,2019-06-01
Jordan Thompson,Clay,2020s,4,wide,True,20,2,9,0.45,2024-04-18,2025-04-08
Jordan Thompson,Clay,2020s,5,body,True,10,2,6,0.6,2024-04-18,2025-04-08
Jordan Thompson,Clay,2020s,6,t,True,23,2,10,0.43478260869565216,2024-04-18,2025-04-08
Jordan Thompson,Grass,2020s,4,wide,True,49,5,32,0.6530612244897959,2021-07-17,2025-07-06
Jordan Thompson,Grass,2020s,5,body,True,58,5,31,0.5344827586206896,2021-07-17,2025-07-06
Jordan Thompson,Grass,2020s,6,t,True,60,5,33,0.55,2021-07-17,2025-07-06
Jordi Arrese,Clay,to_2009,4,wide,True,30,2,16,0.5333333333333333,1991-04-22,1992-08-08
Jordi Arrese,Clay,to_2009,5,body,True,32,2,18,0.5625,1991-04-22,1992-08-08
Jordi Arrese,Clay,to_2009,6,t,True,13,2,7,0.5384615384615384,1991-04-22,1992-08-08
Joris De Loore,Hard,2020s,4,wide,True,4,1,3,0.75,2023-01-14,2023-01-14
Joris De Loore,Hard,2020s,5,body,True,5,1,0,0.0,2023-01-14,2023-01-14
Joris De Loore,Hard,2020s,6,t,True,7,1,5,0.7142857142857143,2023-01-14,2023-01-14
Jose Acasuso,Hard,to_2009,4,wide,True,24,1,16,0.6666666666666666,2006-12-03,2006-12-03
Jose Acasuso,Hard,to_2009,5,body,True,22,1,11,0.5,2006-12-03,2006-12-03
Jose Acasuso,Hard,to_2009,6,t,True,10,1,6,0.6,2006-12-03,2006-12-03
Jose Hernandez,Hard,2010s,4,wide,True,8,1,6,0.75,2019-03-04,2019-03-04
Jose Hernandez,Hard,2010s,5,body,True,8,1,4,0.5,2019-03-04,2019-03-04
Jose Hernandez,Hard,2010s,6,t,True,6,1,4,0.6666666666666666,2019-03-04,2019-03-04
Jose Higueras,Clay,to_2009,4,wide,True,28,1,11,0.39285714285714285,1983-06-03,1983-06-03
Jose Higueras,Clay,to_2009,5,body,True,22,1,7,0.3181818181818182,1983-06-03,1983-06-03
Jose Higueras,Clay,to_2009,6,t,True,12,1,5,0.4166666666666667,1983-06-03,1983-06-03
Jose Luis Clerc,Clay,to_2009,4,wide,True,38,1,26,0.6842105263157895,1981-06-05,1981-06-05
Jose Luis Clerc,Clay,to_2009,5,body,True,19,1,11,0.5789473684210527,1981-06-05,1981-06-05
Jose Luis Clerc,Clay,to_2009,6,t,True,22,1,15,0.6818181818181818,1981-06-05,1981-06-05
Jose Rubin Statham,Hard,2010s,4,wide,True,1,1,0,0.0,2014-01-07,2014-01-07
Jose Rubin Statham,Hard,2010s,5,body,True,12,1,6,0.5,2014-01-07,2014-01-07
Jose Rubin Statham,Hard,2010s,6,t,True,7,1,1,0.14285714285714285,2014-01-07,2014-01-07
Joshua Sheehy,Hard,2020s,4,wide,True,7,1,6,0.8571428571428571,2024-10-28,2024-10-28
Joshua Sheehy,Hard,2020s,5,body,True,4,1,3,0.75,2024-10-28,2024-10-28
Joshua Sheehy,Hard,2020s,6,t,True,7,1,2,0.2857142857142857,2024-10-28,2024-10-28
Jozef Kovalik,Hard,2010s,4,wide,True,9,1,2,0.2222222222222222,2018-02-10,2018-02-10
Jozef Kovalik,Hard,2010s,5,body,True,6,1,3,0.5,2018-02-10,2018-02-10
Jozef Kovalik,Hard,2010s,6,t,True,9,1,6,0.6666666666666666,2018-02-10,2018-02-10
Jozef Kovalik,Hard,2020s,4,wide,True,6,1,2,0.3333333333333333,2023-02-05,2023-02-05
Jozef Kovalik,Hard,2020s,5,body,True,2,1,1,0.5,2023-02-05,2023-02-05
Jozef Kovalik,Hard,2020s,6,t,True,9,1,5,0.5555555555555556,2023-02-05,2023-02-05
Jozef Kovalik,Clay,2020s,4,wide,True,13,2,7,0.5384615384615384,2022-09-10,2024-03-12
Jozef Kovalik,Clay,2020s,5,body,True,6,2,4,0.6666666666666666,2022-09-10,2024-03-12
Jozef Kovalik,Clay,2020s,6,t,True,16,2,10,0.625,2022-09-10,2024-03-12
Jozef Kovalik,Clay,2020s,0,unknown,False,1,1,0,0.0,2022-09-10,2022-09-10
Jozef Kovalik,Grass,2010s,4,wide,True,6,1,0,0.0,2019-07-01,2019-07-01
Jozef Kovalik,Grass,2010s,5,body,True,15,1,7,0.4666666666666667,2019-07-01,2019-07-01
Jozef Kovalik,Grass,2010s,6,t,True,3,1,0,0.0,2019-07-01,2019-07-01
Juan Aguilera,Clay,to_2009,4,wide,True,15,1,10,0.6666666666666666,1990-05-13,1990-05-13
Juan Aguilera,Clay,to_2009,5,body,True,14,1,8,0.5714285714285714,1990-05-13,1990-05-13
Juan Aguilera,Clay,to_2009,6,t,True,1,1,0,0.0,1990-05-13,1990-05-13
Juan Antonio Marin,Clay,to_2009,4,wide,True,22,1,11,0.5,1999-05-25,1999-05-25
Juan Antonio Marin,Clay,to_2009,5,body,True,16,1,5,0.3125,1999-05-25,1999-05-25
Juan Antonio Marin,Clay,to_2009,6,t,True,13,1,7,0.5384615384615384,1999-05-25,1999-05-25
Juan Bautista Torres,Clay,2020s,4,wide,True,5,1,2,0.4,2025-11-07,2025-11-07
Juan Bautista Torres,Clay,2020s,5,body,True,28,1,9,0.32142857142857145,2025-11-07,2025-11-07
Juan Bautista Torres,Clay,2020s,6,t,True,3,1,1,0.3333333333333333,2025-11-07,2025-11-07
Juan Carlos Ferrero,Hard,to_2009,4,wide,True,297,20,165,0.5555555555555556,2000-03-06,2007-08-06
Juan Carlos Ferrero,Hard,to_2009,5,body,True,114,18,60,0.5263157894736842,2000-03-06,2007-08-06
Juan Carlos Ferrero,Hard,to_2009,6,t,True,267,20,126,0.47191011235955055,2000-03-06,2007-08-06
Juan Carlos Ferrero,Clay,to_2009,4,wide,True,117,9,65,0.5555555555555556,2000-06-09,2009-04-12
Juan Carlos Ferrero,Clay,to_2009,5,body,True,42,8,21,0.5,2000-06-09,2009-04-12
Juan Carlos Ferrero,Clay,to_2009,6,t,True,105,9,54,0.5142857142857142,2000-06-09,2009-04-12
Juan Carlos Ferrero,Grass,to_2009,4,wide,True,42,1,26,0.6190476190476191,2003-11-28,2003-11-28
Juan Carlos Ferrero,Grass,to_2009,5,body,True,6,1,4,0.6666666666666666,2003-11-28,2003-11-28
Juan Carlos Ferrero,Grass,to_2009,6,t,True,23,1,13,0.5652173913043478,2003-11-28,2003-11-28
Juan Carlos Prado Angelo,Hard,2020s,4,wide,True,18,2,11,0.6111111111111112,2024-11-27,2025-03-04
Juan Carlos Prado Angelo,Hard,2020s,5,body,True,4,2,1,0.25,2024-11-27,2025-03-04
Juan Carlos Prado Angelo,Hard,2020s,6,t,True,27,2,14,0.5185185185185185,2024-11-27,2025-03-04
Juan Carlos Prado Angelo,Clay,2020s,4,wide,True,86,5,36,0.4186046511627907,2024-03-20,2025-04-04
Juan Carlos Prado Angelo,Clay,2020s,5,body,True,22,5,10,0.45454545454545453,2024-03-20,2025-04-04
Juan Carlos Prado Angelo,Clay,2020s,6,t,True,90,5,48,0.5333333333333333,2024-03-20,2025-04-04
Juan Carlos Saez,Clay,2010s,4,wide,True,9,1,4,0.4444444444444444,2015-08-10,2015-08-10
Juan Carlos Saez,Clay,2010s,5,body,True,3,1,0,0.0,2015-08-10,2015-08-10
Juan Carlos Saez,Clay,2010s,6,t,True,4,1,0,0.0,2015-08-10,2015-08-10
Juan Ignacio Chela,Hard,to_2009,4,wide,True,15,2,8,0.5333333333333333,2002-01-13,2004-03-11
Juan Ignacio Chela,Hard,to_2009,5,body,True,9,2,2,0.2222222222222222,2002-01-13,2004-03-11
Juan Ignacio Chela,Hard,to_2009,6,t,True,12,2,5,0.4166666666666667,2002-01-13,2004-03-11
Juan Ignacio Chela,Clay,to_2009,4,wide,True,35,3,11,0.3142857142857143,2000-02-27,2007-03-04
Juan Ignacio Chela,Clay,to_2009,5,body,True,28,3,15,0.5357142857142857,2000-02-27,2007-03-04
Juan Ignacio Chela,Clay,to_2009,6,t,True,16,3,9,0.5625,2000-02-27,2007-03-04
Juan Ignacio Londero,Hard,2010s,4,wide,True,4,1,2,0.5,2019-10-07,2019-10-07
Juan Ignacio Londero,Hard,2010s,5,body,True,11,1,4,0.36363636363636365,2019-10-07,2019-10-07
Juan Ignacio Londero,Hard,2010s,6,t,True,5,1,2,0.4,2019-10-07,2019-10-07
Juan Ignacio Londero,Clay,2010s,4,wide,True,94,6,46,0.48936170212765956,2019-02-06,2019-07-17
Juan Ignacio Londero,Clay,2010s,5,body,True,31,6,17,0.5483870967741935,2019-02-06,2019-07-17
Juan Ignacio Londero,Clay,2010s,6,t,True,78,6,46,0.5897435897435898,2019-02-06,2019-07-17
Juan Ignacio Londero,Clay,2020s,4,wide,True,22,2,9,0.4090909090909091,2021-10-21,2022-02-23
Juan Ignacio Londero,Clay,2020s,5,body,True,30,2,7,0.23333333333333334,2021-10-21,2022-02-23
Juan Ignacio Londero,Clay,2020s,6,t,True,4,1,1,0.25,2022-02-23,2022-02-23
Juan Manuel Cerundolo,Hard,2020s,4,wide,True,6,1,3,0.5,2022-03-25,2022-03-25
Juan Manuel Cerundolo,Hard,2020s,5,body,True,13,1,7,0.5384615384615384,2022-03-25,2022-03-25
Juan Manuel Cerundolo,Hard,2020s,6,t,True,5,1,4,0.8,2022-03-25,2022-03-25
Juan Manuel Cerundolo,Clay,2020s,4,wide,True,40,5,18,0.45,2023-01-15,2026-02-20
Juan Manuel Cerundolo,Clay,2020s,5,body,True,54,5,27,0.5,2023-01-15,2026-02-20
Juan Manuel Cerundolo,Clay,2020s,6,t,True,32,5,17,0.53125,2023-01-15,2026-02-20
Juan Manuel Cerundolo,Grass,2020s,4,wide,True,7,1,4,0.5714285714285714,2023-07-03,2023-07-03
Juan Manuel Cerundolo,Grass,2020s,5,body,True,16,1,6,0.375,2023-07-03,2023-07-03
Juan Manuel Cerundolo,Grass,2020s,6,t,True,10,1,4,0.4,2023-07-03,2023-07-03
Juan Martin Del Potro,Hard,to_2009,4,wide,True,253,25,128,0.5059288537549407,2007-01-18,2009-11-29
Juan Martin Del Potro,Hard,to_2009,5,body,True,283,25,139,0.4911660777385159,2007-01-18,2009-11-29
Juan Martin Del Potro,Hard,to_2009,6,t,True,250,25,130,0.52,2007-01-18,2009-11-29
Juan Martin Del Potro,Hard,to_2009,0,unknown,False,1,1,1,1.0,2008-08-30,2008-08-30
Juan Martin Del Potro,Hard,2010s,4,wide,True,632,87,350,0.5537974683544303,2011-02-27,2019-02-22
Juan Martin Del Potro,Hard,2010s,5,body,True,1137,88,596,0.5241864555848724,2011-02-27,2019-02-22
Juan Martin Del Potro,Hard,2010s,6,t,True,770,89,398,0.5168831168831168,2011-02-27,2019-02-22
Juan Martin Del Potro,Hard,2010s,0,unknown,False,2,2,0,0.0,2012-09-05,2018-08-16
Juan Martin Del Potro,Clay,to_2009,4,wide,True,65,6,30,0.46153846153846156,2007-05-29,2009-06-05
Juan Martin Del Potro,Clay,to_2009,5,body,True,73,6,40,0.547945205479452,2007-05-29,2009-06-05
Juan Martin Del Potro,Clay,to_2009,6,t,True,55,6,29,0.5272727272727272,2007-05-29,2009-06-05
Juan Martin Del Potro,Clay,2010s,4,wide,True,213,22,117,0.5492957746478874,2011-05-03,2019-06-03
Juan Martin Del Potro,Clay,2010s,5,body,True,275,22,142,0.5163636363636364,2011-05-03,2019-06-03
Juan Martin Del Potro,Clay,2010s,6,t,True,209,22,95,0.45454545454545453,2011-05-03,2019-06-03
Juan Martin Del Potro,Clay,2020s,4,wide,True,5,1,1,0.2,2022-02-08,2022-02-08
Juan Martin Del Potro,Clay,2020s,5,body,True,9,1,3,0.3333333333333333,2022-02-08,2022-02-08
Juan Martin Del Potro,Clay,2020s,6,t,True,3,1,3,1.0,2022-02-08,2022-02-08
Juan Martin Del Potro,Grass,2010s,4,wide,True,54,7,29,0.5370370370370371,2011-06-27,2018-07-11
Juan Martin Del Potro,Grass,2010s,5,body,True,174,9,102,0.5862068965517241,2011-06-27,2019-06-19
Juan Martin Del Potro,Grass,2010s,6,t,True,105,9,49,0.4666666666666667,2011-06-27,2019-06-19
Juan Monaco,Hard,2010s,4,wide,True,19,3,5,0.2631578947368421,2010-10-16,2011-11-11
Juan Monaco,Hard,2010s,5,body,True,26,3,15,0.5769230769230769,2010-10-16,2011-11-11
Juan Monaco,Hard,2010s,6,t,True,20,3,11,0.55,2010-10-16,2011-11-11
Juan Monaco,Clay,2010s,4,wide,True,22,3,10,0.45454545454545453,2012-07-22,2015-05-21
Juan Monaco,Clay,2010s,5,body,True,14,3,5,0.35714285714285715,2012-07-22,2015-05-21
Juan Monaco,Clay,2010s,6,t,True,7,2,3,0.42857142857142855,2012-07-22,2015-05-21
Juan Pablo Ficovich,Clay,2020s,4,wide,True,5,1,1,0.2,2024-08-09,2024-08-09
Juan Pablo Ficovich,Clay,2020s,5,body,True,9,1,7,0.7777777777777778,2024-08-09,2024-08-09
Juan Pablo Varillas,Hard,2020s,4,wide,True,35,2,16,0.45714285714285713,2023-01-17,2023-09-28
Juan Pablo Varillas,Hard,2020s,5,body,True,30,2,18,0.6,2023-01-17,2023-09-28
Juan Pablo Varillas,Hard,2020s,6,t,True,33,2,13,0.3939393939393939,2023-01-17,2023-09-28
Juan Pablo Varillas,Clay,2020s,4,wide,True,74,7,38,0.5135135135135135,2021-10-23,2025-01-14
Juan Pablo Varillas,Clay,2020s,5,body,True,91,7,48,0.5274725274725275,2021-10-23,2025-01-14
Juan Pablo Varillas,Clay,2020s,6,t,True,73,7,36,0.4931506849315068,2021-10-23,2025-01-14
Julian Reister,Clay,2010s,4,wide,True,7,1,5,0.7142857142857143,2014-05-09,2014-05-09
Julian Reister,Clay,2010s,5,body,True,5,1,2,0.4,2014-05-09,2014-05-09
Julian Reister,Clay,2010s,6,t,True,2,1,1,0.5,2014-05-09,2014-05-09
Julien Benneteau,Hard,2010s,4,wide,True,14,3,3,0.21428571428571427,2012-02-10,2014-01-06
Julien Benneteau,Hard,2010s,5,body,True,32,3,13,0.40625,2012-02-10,2014-01-06
Julien Benneteau,Hard,2010s,6,t,True,26,3,13,0.5,2012-02-10,2014-01-06
Julien Benneteau,Grass,2010s,4,wide,True,26,2,14,0.5384615384615384,2012-06-29,2012-07-25
Julien Benneteau,Grass,2010s,5,body,True,9,2,1,0.1111111111111111,2012-06-29,2012-07-25
Julien Benneteau,Grass,2010s,6,t,True,39,2,18,0.46153846153846156,2012-06-29,2012-07-25
Julien Boutter,Hard,to_2009,4,wide,True,18,1,10,0.5555555555555556,2001-02-04,2001-02-04
Julien Boutter,Hard,to_2009,5,body,True,23,1,10,0.43478260869565216,2001-02-04,2001-02-04
Julien Boutter,Hard,to_2009,6,t,True,6,1,3,0.5,2001-02-04,2001-02-04
Juncheng Shang,Hard,2020s,4,wide,True,81,7,45,0.5555555555555556,2024-01-05,2026-02-24
Juncheng Shang,Hard,2020s,5,body,True,76,7,38,0.5,2024-01-05,2026-02-24
Juncheng Shang,Hard,2020s,6,t,True,60,7,32,0.5333333333333333,2024-01-05,2026-02-24
Juncheng Shang,Clay,2020s,4,wide,True,48,4,27,0.5625,2024-04-16,2024-05-17
Juncheng Shang,Clay,2020s,5,body,True,34,3,17,0.5,2024-04-16,2024-05-17
Juncheng Shang,Clay,2020s,6,t,True,39,4,19,0.48717948717948717,2024-04-16,2024-05-17
Jurgen Melzer,Hard,to_2009,4,wide,True,18,1,7,0.3888888888888889,2006-10-08,2006-10-08
Jurgen Melzer,Hard,to_2009,5,body,True,12,1,6,0.5,2006-10-08,2006-10-08
Jurgen Melzer,Hard,to_2009,6,t,True,14,1,6,0.42857142857142855,2006-10-08,2006-10-08
Jurgen Melzer,Hard,2010s,4,wide,True,43,3,24,0.5581395348837209,2011-01-24,2017-01-16
Jurgen Melzer,Hard,2010s,5,body,True,14,3,6,0.42857142857142855,2011-01-24,2017-01-16
Jurgen Melzer,Hard,2010s,6,t,True,23,3,9,0.391304347826087,2011-01-24,2017-01-16
Jurgen Melzer,Clay,to_2009,4,wide,True,6,1,3,0.5,2008-07-20,2008-07-20
Jurgen Melzer,Clay,to_2009,5,body,True,11,1,4,0.36363636363636365,2008-07-20,2008-07-20
Jurgen Melzer,Clay,to_2009,6,t,True,5,1,3,0.6,2008-07-20,2008-07-20
Jurgen Melzer,Clay,2010s,4,wide,True,12,2,5,0.4166666666666667,2010-07-25,2015-04-29
Jurgen Melzer,Clay,2010s,5,body,True,11,2,7,0.6363636363636364,2010-07-25,2015-04-29
Jurgen Melzer,Clay,2010s,6,t,True,8,2,3,0.375,2010-07-25,2015-04-29
Jurgen Melzer,Clay,2010s,0,unknown,False,1,1,0,0.0,2015-04-29,2015-04-29
Jurgen Zopp,Hard,2010s,4,wide,True,6,1,0,0.0,2016-02-23,2016-02-23
Jurgen Zopp,Hard,2010s,5,body,True,7,1,3,0.42857142857142855,2016-02-23,2016-02-23
Jurgen Zopp,Hard,2010s,6,t,True,4,1,2,0.5,2016-02-23,2016-02-23
Jurij Rodionov,Hard,2020s,4,wide,True,16,1,7,0.4375,2020-01-20,2020-01-20
Jurij Rodionov,Hard,2020s,5,body,True,6,1,2,0.3333333333333333,2020-01-20,2020-01-20
Jurij Rodionov,Hard,2020s,6,t,True,10,1,2,0.2,2020-01-20,2020-01-20
Jurij Rodionov,Clay,2020s,4,wide,True,8,1,3,0.375,2022-07-25,2022-07-25
Jurij Rodionov,Clay,2020s,5,body,True,4,1,2,0.5,2022-07-25,2022-07-25
Jurij Rodionov,Clay,2020s,6,t,True,7,1,3,0.42857142857142855,2022-07-25,2022-07-25
Justin Engel,Hard,2020s,4,wide,True,5,1,3,0.6,2025-12-19,2025-12-19
Justin Engel,Hard,2020s,5,body,True,9,1,2,0.2222222222222222,2025-12-19,2025-12-19
Justin Engel,Hard,2020s,6,t,True,3,1,1,0.3333333333333333,2025-12-19,2025-12-19
Kaichi Uchida,Hard,2020s,4,wide,True,15,1,11,0.7333333333333333,2026-04-06,2026-04-06
Kaichi Uchida,Hard,2020s,5,body,True,8,1,4,0.5,2026-04-06,2026-04-06
Kaichi Uchida,Hard,2020s,6,t,True,3,1,3,1.0,2026-04-06,2026-04-06
Kamil Majchrzak,Hard,2020s,4,wide,True,14,1,6,0.42857142857142855,2026-01-09,2026-01-09
Kamil Majchrzak,Hard,2020s,5,body,True,6,1,3,0.5,2026-01-09,2026-01-09
Kamil Majchrzak,Hard,2020s,6,t,True,15,1,9,0.6,2026-01-09,2026-01-09
Kamil Majchrzak,Clay,2010s,4,wide,True,9,1,5,0.5555555555555556,2019-05-05,2019-05-05
Kamil Majchrzak,Clay,2010s,5,body,True,8,1,2,0.25,2019-05-05,2019-05-05
Kamil Majchrzak,Clay,2010s,6,t,True,5,1,3,0.6,2019-05-05,2019-05-05
Kamil Majchrzak,Clay,2020s,4,wide,True,9,1,3,0.3333333333333333,2025-04-05,2025-04-05
Kamil Majchrzak,Clay,2020s,5,body,True,10,1,5,0.5,2025-04-05,2025-04-05
Kamil Majchrzak,Clay,2020s,6,t,True,10,1,6,0.6,2025-04-05,2025-04-05
Kamil Majchrzak,Grass,2020s,4,wide,True,55,3,39,0.7090909090909091,2025-06-30,2025-07-04
Kamil Majchrzak,Grass,2020s,5,body,True,35,3,22,0.6285714285714286,2025-06-30,2025-07-04
Kamil Majchrzak,Grass,2020s,6,t,True,37,3,22,0.5945945945945946,2025-06-30,2025-07-04
Karel Novacek,Hard,to_2009,4,wide,True,24,2,10,0.4166666666666667,1991-11-14,1994-09-10
Karel Novacek,Hard,to_2009,5,body,True,25,2,14,0.56,1991-11-14,1994-09-10
Karel Novacek,Hard,to_2009,6,t,True,20,2,9,0.45,1991-11-14,1994-09-10
Karel Novacek,Clay,to_2009,4,wide,True,41,1,21,0.5121951219512195,1991-05-12,1991-05-12
Karel Novacek,Clay,to_2009,5,body,True,11,1,4,0.36363636363636365,1991-05-12,1991-05-12
Karel Novacek,Clay,to_2009,6,t,True,9,1,5,0.5555555555555556,1991-05-12,1991-05-12
Karen Khachanov,Hard,2010s,4,wide,True,137,21,67,0.48905109489051096,2015-09-14,2019-10-21
Karen Khachanov,Hard,2010s,5,body,True,374,23,194,0.5187165775401069,2015-09-14,2019-10-21
Karen Khachanov,Hard,2010s,6,t,True,159,22,79,0.4968553459119497,2015-09-14,2019-10-21
Karen Khachanov,Hard,2020s,4,wide,True,324,41,182,0.5617283950617284,2020-01-06,2026-02-19
Karen Khachanov,Hard,2020s,5,body,True,490,40,249,0.5081632653061224,2020-01-06,2026-02-19
Karen Khachanov,Hard,2020s,6,t,True,309,41,151,0.4886731391585761,2020-01-06,2026-02-19
Karen Khachanov,Clay,2010s,4,wide,True,24,2,13,0.5416666666666666,2018-04-19,2019-06-03
Karen Khachanov,Clay,2010s,5,body,True,36,2,19,0.5277777777777778,2018-04-19,2019-06-03
Karen Khachanov,Clay,2010s,6,t,True,19,2,10,0.5263157894736842,2018-04-19,2019-06-03
Karen Khachanov,Clay,2020s,4,wide,True,104,9,52,0.5,2022-05-19,2025-05-30
Karen Khachanov,Clay,2020s,5,body,True,96,9,54,0.5625,2022-05-19,2025-05-30
Karen Khachanov,Clay,2020s,6,t,True,73,9,36,0.4931506849315068,2022-05-19,2025-05-30
Karen Khachanov,Grass,2010s,4,wide,True,14,2,4,0.2857142857142857,2017-06-24,2019-07-05
Karen Khachanov,Grass,2010s,5,body,True,39,3,20,0.5128205128205128,2017-06-24,2019-07-05
Karen Khachanov,Grass,2010s,6,t,True,20,3,12,0.6,2017-06-24,2019-07-05
Karen Khachanov,Grass,2020s,4,wide,True,11,1,9,0.8181818181818182,2025-07-08,2025-07-08
Karen Khachanov,Grass,2020s,5,body,True,28,1,10,0.35714285714285715,2025-07-08,2025-07-08
Karen Khachanov,Grass,2020s,6,t,True,11,1,7,0.6363636363636364,2025-07-08,2025-07-08
Karim Alami,Clay,to_2009,4,wide,True,1,1,0,0.0,1996-05-28,1996-05-28
Karim Alami,Clay,to_2009,5,body,True,16,1,9,0.5625,1996-05-28,1996-05-28
Karim Alami,Clay,to_2009,6,t,True,4,1,2,0.5,1996-05-28,1996-05-28
Karim Mohamed Maamoun,Hard,2010s,4,wide,True,139,18,70,0.5035971223021583,2017-05-08,2019-06-17
Karim Mohamed Maamoun,Hard,2010s,5,body,True,187,18,87,0.46524064171123,2017-05-08,2019-06-17
Karim Mohamed Maamoun,Hard,2010s,6,t,True,124,18,57,0.4596774193548387,2017-05-08,2019-06-17
Karim Mohamed Maamoun,Hard,2020s,4,wide,True,12,2,7,0.5833333333333334,2020-01-20,2020-03-06
Karim Mohamed Maamoun,Hard,2020s,5,body,True,11,2,5,0.45454545454545453,2020-01-20,2020-03-06
Karim Mohamed Maamoun,Hard,2020s,6,t,True,20,2,8,0.4,2020-01-20,2020-03-06
Karim Mohamed Maamoun,Clay,2010s,4,wide,True,255,26,116,0.4549019607843137,2017-04-18,2019-09-13
Karim Mohamed Maamoun,Clay,2010s,5,body,True,258,26,126,0.4883720930232558,2017-04-18,2019-09-13
Karim Mohamed Maamoun,Clay,2010s,6,t,True,211,26,94,0.44549763033175355,2017-04-18,2019-09-13
Karlis Ozolins,Hard,2020s,4,wide,True,6,1,4,0.6666666666666666,2024-07-07,2024-07-07
Karlis Ozolins,Hard,2020s,5,body,True,8,1,4,0.5,2024-07-07,2024-07-07
Karlis Ozolins,Hard,2020s,6,t,True,1,1,1,1.0,2024-07-07,2024-07-07
Karol Beck,Hard,to_2009,4,wide,True,7,1,5,0.7142857142857143,2004-10-25,2004-10-25
Karol Beck,Hard,to_2009,5,body,True,18,1,9,0.5,2004-10-25,2004-10-25
Karol Beck,Hard,to_2009,6,t,True,5,1,1,0.2,2004-10-25,2004-10-25
Karol Kucera,Hard,to_2009,4,wide,True,48,4,20,0.4166666666666667,1998-01-31,1998-11-23
Karol Kucera,Hard,to_2009,5,body,True,86,4,36,0.4186046511627907,1998-01-31,1998-11-23
Karol Kucera,Hard,to_2009,6,t,True,63,4,21,0.3333333333333333,1998-01-31,1998-11-23
Karol Kucera,Grass,to_2009,4,wide,True,18,1,6,0.3333333333333333,2000-06-28,2000-06-28
Karol Kucera,Grass,to_2009,5,body,True,28,1,19,0.6785714285714286,2000-06-28,2000-06-28
Karol Kucera,Grass,to_2009,6,t,True,13,1,7,0.5384615384615384,2000-06-28,2000-06-28
Karsten Braasch,Grass,to_2009,4,wide,True,20,1,11,0.55,1995-06-26,1995-06-26
Karsten Braasch,Grass,to_2009,5,body,True,16,1,9,0.5625,1995-06-26,1995-06-26
Karsten Braasch,Grass,to_2009,6,t,True,27,1,16,0.5925925925925926,1995-06-26,1995-06-26
Karue Sell,Hard,2020s,4,wide,True,15,3,9,0.6,2024-04-14,2025-01-06
Karue Sell,Hard,2020s,5,body,True,27,3,10,0.37037037037037035,2024-04-14,2025-01-06
Karue Sell,Hard,2020s,6,t,True,24,3,13,0.5416666666666666,2024-04-14,2025-01-06
Karue Sell,Hard,2020s,0,unknown,False,1,1,1,1.0,2024-10-04,2024-10-04
Karue Sell,Clay,2020s,4,wide,True,62,6,36,0.5806451612903226,2024-08-09,2024-10-24
Karue Sell,Clay,2020s,5,body,True,42,6,24,0.5714285714285714,2024-08-09,2024-10-24
Karue Sell,Clay,2020s,6,t,True,52,6,28,0.5384615384615384,2024-08-09,2024-10-24
Kasidit Samrej,Hard,2020s,4,wide,True,9,1,6,0.6666666666666666,2025-01-14,2025-01-14
Kasidit Samrej,Hard,2020s,5,body,True,47,1,19,0.40425531914893614,2025-01-14,2025-01-14
Kasidit Samrej,Hard,2020s,6,t,True,9,1,5,0.5555555555555556,2025-01-14,2025-01-14
Kaylan Bigun,Clay,2020s,4,wide,True,11,1,8,0.7272727272727273,2024-06-08,2024-06-08
Kaylan Bigun,Clay,2020s,5,body,True,11,1,2,0.18181818181818182,2024-06-08,2024-06-08
Kaylan Bigun,Clay,2020s,6,t,True,8,1,3,0.375,2024-06-08,2024-06-08
Keaton Hance,Hard,2020s,4,wide,True,9,1,2,0.2222222222222222,2026-02-01,2026-02-01
Keaton Hance,Hard,2020s,5,body,True,17,1,10,0.5882352941176471,2026-02-01,2026-02-01
Keaton Hance,Hard,2020s,6,t,True,13,1,7,0.5384615384615384,2026-02-01,2026-02-01
Kei Nishikori,Hard,2010s,4,wide,True,367,36,183,0.4986376021798365,2011-11-06,2019-02-16
Kei Nishikori,Hard,2010s,5,body,True,382,35,192,0.5026178010471204,2011-11-06,2019-02-16
Kei Nishikori,Hard,2010s,6,t,True,397,36,190,0.47858942065491183,2011-11-06,2019-02-16
Kei Nishikori,Hard,2020s,4,wide,True,116,10,57,0.49137931034482757,2021-03-01,2025-02-05
Kei Nishikori,Hard,2020s,5,body,True,108,9,46,0.42592592592592593,2021-03-01,2025-02-05
Kei Nishikori,Hard,2020s,6,t,True,78,10,35,0.44871794871794873,2021-03-01,2025-02-05
Kei Nishikori,Clay,2010s,4,wide,True,228,19,126,0.5526315789473685,2014-05-11,2019-04-27
Kei Nishikori,Clay,2010s,5,body,True,193,19,104,0.538860103626943,2014-05-11,2019-04-27
Kei Nishikori,Clay,2010s,6,t,True,172,19,98,0.5697674418604651,2014-05-11,2019-04-27
Kei Nishikori,Grass,2010s,4,wide,True,78,6,43,0.5512820512820513,2018-07-11,2019-07-10
Kei Nishikori,Grass,2010s,5,body,True,77,6,45,0.5844155844155844,2018-07-11,2019-07-10
Kei Nishikori,Grass,2010s,6,t,True,51,6,28,0.5490196078431373,2018-07-11,2019-07-10
Kei Nishikori,Grass,2020s,4,wide,True,7,1,3,0.42857142857142855,2021-06-15,2021-06-15
Kei Nishikori,Grass,2020s,5,body,True,12,1,7,0.5833333333333334,2021-06-15,2021-06-15
Kei Nishikori,Grass,2020s,6,t,True,5,1,3,0.6,2021-06-15,2021-06-15
Kelly Evernden,Hard,to_2009,4,wide,True,20,1,9,0.45,1987-09-06,1987-09-06
Kelly Evernden,Hard,to_2009,5,body,True,4,1,1,0.25,1987-09-06,1987-09-06
Kelly Evernden,Hard,to_2009,6,t,True,12,1,5,0.4166666666666667,1987-09-06,1987-09-06
Ken Rosewall,Grass,to_2009,4,wide,True,57,3,24,0.42105263157894735,1970-07-04,1974-09-08
Ken Rosewall,Grass,to_2009,5,body,True,23,3,10,0.43478260869565216,1970-07-04,1974-09-08
Ken Rosewall,Grass,to_2009,6,t,True,26,3,8,0.3076923076923077,1970-07-04,1974-09-08
Kenneth Carlsen,Grass,to_2009,4,wide,True,17,1,11,0.6470588235294118,1994-06-23,1994-06-23
Kenneth Carlsen,Grass,to_2009,5,body,True,27,1,14,0.5185185185185185,1994-06-23,1994-06-23
Kenneth Carlsen,Grass,to_2009,6,t,True,21,1,13,0.6190476190476191,1994-06-23,1994-06-23
Kevin Anderson,Hard,2010s,4,wide,True,174,16,88,0.5057471264367817,2013-01-12,2019-03-28
Kevin Anderson,Hard,2010s,5,body,True,169,16,81,0.47928994082840237,2013-01-12,2019-03-28
Kevin Anderson,Hard,2010s,6,t,True,156,15,65,0.4166666666666667,2013-01-12,2019-03-28
Kevin Anderson,Hard,2020s,4,wide,True,6,1,5,0.8333333333333334,2022-03-25,2022-03-25
Kevin Anderson,Hard,2020s,5,body,True,20,1,9,0.45,2022-03-25,2022-03-25
Kevin Anderson,Hard,2020s,6,t,True,9,1,4,0.4444444444444444,2022-03-25,2022-03-25
Kevin Anderson,Clay,2010s,4,wide,True,21,3,12,0.5714285714285714,2011-05-04,2017-04-27
Kevin Anderson,Clay,2010s,5,body,True,25,3,9,0.36,2011-05-04,2017-04-27
Kevin Anderson,Clay,2010s,6,t,True,22,3,6,0.2727272727272727,2011-05-04,2017-04-27
Kevin Anderson,Grass,2010s,4,wide,True,57,5,27,0.47368421052631576,2015-06-21,2019-07-05
Kevin Anderson,Grass,2010s,5,body,True,74,5,35,0.47297297297297297,2015-06-21,2019-07-05
Kevin Anderson,Grass,2010s,6,t,True,96,5,56,0.5833333333333334,2015-06-21,2019-07-05
Kevin Curren,Hard,to_2009,4,wide,True,42,2,26,0.6190476190476191,1988-08-14,1992-09-01
Kevin Curren,Hard,to_2009,5,body,True,21,2,9,0.42857142857142855,1988-08-14,1992-09-01
Kevin Curren,Hard,to_2009,6,t,True,20,2,9,0.45,1988-08-14,1992-09-01
Kevin Curren,Grass,to_2009,4,wide,True,150,5,70,0.4666666666666667,1983-07-01,1985-07-07
Kevin Curren,Grass,to_2009,5,body,True,72,5,40,0.5555555555555556,1983-07-01,1985-07-07
Kevin Curren,Grass,to_2009,6,t,True,58,5,28,0.4827586206896552,1983-07-01,1985-07-07
Kevin King,Hard,2010s,4,wide,True,51,7,18,0.35294117647058826,2019-04-02,2019-05-13
Kevin King,Hard,2010s,5,body,True,74,7,31,0.4189189189189189,2019-04-02,2019-05-13
Kevin King,Hard,2010s,6,t,True,66,7,27,0.4090909090909091,2019-04-02,2019-05-13
Kevin King,Clay,2010s,4,wide,True,31,2,11,0.3548387096774194,2019-04-15,2019-04-17
Kevin King,Clay,2010s,5,body,True,16,2,8,0.5,2019-04-15,2019-04-17
Kevin King,Clay,2010s,6,t,True,33,2,12,0.36363636363636365,2019-04-15,2019-04-17
Kevin Krawietz,Grass,2010s,4,wide,True,2,1,2,1.0,2019-06-25,2019-06-25
Kevin Krawietz,Grass,2010s,5,body,True,8,1,3,0.375,2019-06-25,2019-06-25
Kevin Krawietz,Grass,2010s,6,t,True,9,1,4,0.4444444444444444,2019-06-25,2019-06-25
Kilian Feldbausch,Hard,2020s,4,wide,True,5,1,3,0.6,2024-11-18,2024-11-18
Kilian Feldbausch,Hard,2020s,5,body,True,9,1,7,0.7777777777777778,2024-11-18,2024-11-18
Kilian Feldbausch,Hard,2020s,6,t,True,2,1,1,0.5,2024-11-18,2024-11-18
Kim Warwick,Grass,to_2009,4,wide,True,18,1,9,0.5,1981-01-04,1981-01-04
Kim Warwick,Grass,to_2009,5,body,True,9,1,5,0.5555555555555556,1981-01-04,1981-01-04
Kim Warwick,Grass,to_2009,6,t,True,3,1,2,0.6666666666666666,1981-01-04,1981-01-04
Kimmer Coppejans,Clay,2020s,4,wide,True,5,1,4,0.8,2021-12-10,2021-12-10
Kimmer Coppejans,Clay,2020s,5,body,True,12,1,4,0.3333333333333333,2021-12-10,2021-12-10
Kimmer Coppejans,Clay,2020s,6,t,True,2,1,1,0.5,2021-12-10,2021-12-10
Kiranpal Pannu,Hard,2020s,4,wide,True,3,1,1,0.3333333333333333,2024-01-08,2024-01-08
Kiranpal Pannu,Hard,2020s,5,body,True,10,1,5,0.5,2024-01-08,2024-01-08
Kiranpal Pannu,Hard,2020s,6,t,True,7,1,1,0.14285714285714285,2024-01-08,2024-01-08
Konstantin Kravchuk,Hard,2010s,4,wide,True,30,4,18,0.6,2015-11-23,2016-07-31
Konstantin Kravchuk,Hard,2010s,5,body,True,16,4,7,0.4375,2015-11-23,2016-07-31
Konstantin Kravchuk,Hard,2010s,6,t,True,28,4,17,0.6071428571428571,2015-11-23,2016-07-31
Kris Van Wyk,Hard,2020s,4,wide,True,15,1,6,0.4,2024-11-17,2024-11-17
Kris Van Wyk,Hard,2020s,5,body,True,5,1,1,0.2,2024-11-17,2024-11-17
Kris Van Wyk,Hard,2020s,6,t,True,2,1,0,0.0,2024-11-17,2024-11-17
Kristian Pless,Hard,to_2009,4,wide,True,11,1,5,0.45454545454545453,2006-08-30,2006-08-30
Kristian Pless,Hard,to_2009,5,body,True,13,1,6,0.46153846153846156,2006-08-30,2006-08-30
Kristian Pless,Hard,to_2009,6,t,True,5,1,3,0.6,2006-08-30,2006-08-30
Kristof Vliegen,Hard,to_2009,4,wide,True,4,1,1,0.25,2006-08-15,2006-08-15
Kristof Vliegen,Hard,to_2009,5,body,True,18,1,9,0.5,2006-08-15,2006-08-15
Kristof Vliegen,Hard,to_2009,6,t,True,5,1,2,0.4,2006-08-15,2006-08-15
Kryce Didier Momo Kassa,Clay,2020s,4,wide,True,5,1,1,0.2,2025-02-18,2025-02-18
Kryce Didier Momo Kassa,Clay,2020s,5,body,True,14,1,1,0.07142857142857142,2025-02-18,2025-02-18
Kryce Didier Momo Kassa,Clay,2020s,6,t,True,2,1,0,0.0,2025-02-18,2025-02-18
Kyle Edmund,Hard,2010s,4,wide,True,55,7,31,0.5636363636363636,2016-01-28,2019-08-13
Kyle Edmund,Hard,2010s,5,body,True,87,7,41,0.47126436781609193,2016-01-28,2019-08-13
Kyle Edmund,Hard,2010s,6,t,True,46,7,25,0.5434782608695652,2016-01-28,2019-08-13
Kyle Edmund,Hard,2020s,4,wide,True,8,1,5,0.625,2023-01-16,2023-01-16
Kyle Edmund,Hard,2020s,5,body,True,25,1,8,0.32,2023-01-16,2023-01-16
Kyle Edmund,Hard,2020s,6,t,True,3,1,0,0.0,2023-01-16,2023-01-16
Kyle Edmund,Clay,2010s,4,wide,True,32,3,15,0.46875,2017-04-19,2019-05-07
Kyle Edmund,Clay,2010s,5,body,True,40,3,22,0.55,2017-04-19,2019-05-07
Kyle Edmund,Clay,2010s,6,t,True,37,3,16,0.43243243243243246,2017-04-19,2019-05-07
Kyle Edmund,Grass,2010s,4,wide,True,20,1,12,0.6,2018-06-21,2018-06-21
Kyle Edmund,Grass,2010s,5,body,True,12,1,6,0.5,2018-06-21,2018-06-21
Kyle Edmund,Grass,2010s,6,t,True,10,1,5,0.5,2018-06-21,2018-06-21
Kyrian Jacquet,Hard,2020s,4,wide,True,13,1,9,0.6923076923076923,2024-08-26,2024-08-26
Kyrian Jacquet,Hard,2020s,5,body,True,10,1,3,0.3,2024-08-26,2024-08-26
Kyrian Jacquet,Hard,2020s,6,t,True,6,1,2,0.3333333333333333,2024-08-26,2024-08-26
Kyrian Jacquet,Clay,2020s,4,wide,True,38,1,15,0.39473684210526316,2025-05-25,2025-05-25
Kyrian Jacquet,Clay,2020s,5,body,True,43,1,18,0.4186046511627907,2025-05-25,2025-05-25
Kyrian Jacquet,Clay,2020s,6,t,True,6,1,4,0.6666666666666666,2025-05-25,2025-05-25
Laslo Djere,Hard,2010s,4,wide,True,36,3,14,0.3888888888888889,2018-10-15,2019-03-11
Laslo Djere,Hard,2010s,5,body,True,25,3,15,0.6,2018-10-15,2019-03-11
Laslo Djere,Hard,2010s,6,t,True,42,3,22,0.5238095238095238,2018-10-15,2019-03-11
Laslo Djere,Hard,2020s,4,wide,True,112,10,42,0.375,2022-08-25,2026-01-19
Laslo Djere,Hard,2020s,5,body,True,131,10,67,0.5114503816793893,2022-08-25,2026-01-19
Laslo Djere,Hard,2020s,6,t,True,94,10,37,0.39361702127659576,2022-08-25,2026-01-19
Laslo Djere,Clay,2010s,4,wide,True,73,6,33,0.4520547945205479,2019-04-14,2019-07-19
Laslo Djere,Clay,2010s,5,body,True,38,6,15,0.39473684210526316,2019-04-14,2019-07-19
Laslo Djere,Clay,2010s,6,t,True,69,6,42,0.6086956521739131,2019-04-14,2019-07-19
Laslo Djere,Clay,2020s,4,wide,True,160,10,79,0.49375,2022-04-12,2025-04-17
Laslo Djere,Clay,2020s,5,body,True,65,9,34,0.5230769230769231,2022-04-12,2025-02-15
Laslo Djere,Clay,2020s,6,t,True,117,10,55,0.4700854700854701,2022-04-12,2025-04-17
Laslo Djere,Grass,2020s,4,wide,True,26,2,10,0.38461538461538464,2022-06-27,2023-06-21
Laslo Djere,Grass,2020s,5,body,True,48,2,24,0.5,2022-06-27,2023-06-21
Laslo Djere,Grass,2020s,6,t,True,25,2,9,0.36,2022-06-27,2023-06-21
Laslo Djere,Grass,2020s,0,unknown,False,1,1,0,0.0,2022-06-27,2022-06-27
Laurent Lokoli,Hard,2020s,4,wide,True,3,1,0,0.0,2022-10-25,2022-10-25
Laurent Lokoli,Hard,2020s,5,body,True,17,1,8,0.47058823529411764,2022-10-25,2022-10-25
Laurent Lokoli,Hard,2020s,6,t,True,6,1,1,0.16666666666666666,2022-10-25,2022-10-25
Laurent Lokoli,Grass,2020s,4,wide,True,16,1,9,0.5625,2023-07-03,2023-07-03
Laurent Lokoli,Grass,2020s,5,body,True,10,1,5,0.5,2023-07-03,2023-07-03
Laurent Lokoli,Grass,2020s,6,t,True,16,1,4,0.25,2023-07-03,2023-07-03
Laurynas Grigelis,Hard,2010s,4,wide,True,15,2,3,0.2,2015-06-18,2015-09-21
Laurynas Grigelis,Hard,2010s,5,body,True,13,2,5,0.38461538461538464,2015-06-18,2015-09-21
Laurynas Grigelis,Hard,2010s,6,t,True,13,2,9,0.6923076923076923,2015-06-18,2015-09-21
Leander Paes,Hard,to_2009,4,wide,True,31,2,9,0.2903225806451613,1996-08-03,1996-08-28
Leander Paes,Hard,to_2009,5,body,True,25,2,11,0.44,1996-08-03,1996-08-28
Leander Paes,Hard,to_2009,6,t,True,13,2,6,0.46153846153846156,1996-08-03,1996-08-28
Leandro Riedi,Hard,2020s,4,wide,True,25,4,12,0.48,2022-04-03,2024-02-03
Leandro Riedi,Hard,2020s,5,body,True,43,4,24,0.5581395348837209,2022-04-03,2024-02-03
Leandro Riedi,Hard,2020s,6,t,True,30,4,19,0.6333333333333333,2022-04-03,2024-02-03
Leandro Riedi,Grass,2020s,4,wide,True,12,1,6,0.5,2025-06-30,2025-06-30
Leandro Riedi,Grass,2020s,5,body,True,7,1,4,0.5714285714285714,2025-06-30,2025-06-30
Leandro Riedi,Grass,2020s,6,t,True,14,1,6,0.42857142857142855,2025-06-30,2025-06-30
Learner Tien,Hard,2020s,4,wide,True,245,22,140,0.5714285714285714,2022-08-30,2026-03-12
Learner Tien,Hard,2020s,5,body,True,140,22,67,0.4785714285714286,2022-08-30,2026-03-12
Learner Tien,Hard,2020s,6,t,True,310,22,150,0.4838709677419355,2022-08-30,2026-03-12
Learner Tien,Clay,2020s,4,wide,True,4,1,0,0.0,2026-05-11,2026-05-11
Learner Tien,Clay,2020s,5,body,True,4,1,2,0.5,2026-05-11,2026-05-11
Learner Tien,Clay,2020s,6,t,True,9,1,5,0.5555555555555556,2026-05-11,2026-05-11
Leo Borg,Hard,2020s,4,wide,True,17,2,9,0.5294117647058824,2020-02-18,2021-11-07
Leo Borg,Hard,2020s,5,body,True,23,2,10,0.43478260869565216,2020-02-18,2021-11-07
Leo Borg,Hard,2020s,6,t,True,6,2,3,0.5,2020-02-18,2021-11-07
Leo Borg,Clay,2020s,4,wide,True,14,1,8,0.5714285714285714,2024-07-16,2024-07-16
Leo Borg,Clay,2020s,5,body,True,3,1,2,0.6666666666666666,2024-07-16,2024-07-16
Leo Borg,Clay,2020s,6,t,True,5,1,1,0.2,2024-07-16,2024-07-16
Leonardo Mayer,Hard,2010s,4,wide,True,114,8,50,0.43859649122807015,2014-01-14,2019-03-21
Leonardo Mayer,Hard,2010s,5,body,True,121,8,54,0.4462809917355372,2014-01-14,2019-03-21
Leonardo Mayer,Hard,2010s,6,t,True,55,7,30,0.5454545454545454,2014-01-14,2019-03-21
Leonardo Mayer,Clay,2010s,4,wide,True,106,6,67,0.6320754716981132,2014-05-31,2019-07-19
Leonardo Mayer,Clay,2010s,5,body,True,84,6,45,0.5357142857142857,2014-05-31,2019-07-19
Leonardo Mayer,Clay,2010s,6,t,True,34,6,18,0.5294117647058824,2014-05-31,2019-07-19
Leonardo Mayer,Grass,2010s,4,wide,True,4,1,3,0.75,2015-06-25,2015-06-25
Leonardo Mayer,Grass,2010s,5,body,True,20,1,11,0.55,2015-06-25,2015-06-25
Leonardo Mayer,Grass,2010s,6,t,True,6,1,2,0.3333333333333333,2015-06-25,2015-06-25
Li Tu,Hard,2020s,4,wide,True,71,4,44,0.6197183098591549,2021-02-09,2024-08-27
Li Tu,Hard,2020s,5,body,True,56,4,30,0.5357142857142857,2021-02-09,2024-08-27
Li Tu,Hard,2020s,6,t,True,42,4,20,0.47619047619047616,2021-02-09,2024-08-27
Liam Broady,Hard,2020s,4,wide,True,8,1,4,0.5,2023-02-22,2023-02-22
Liam Broady,Hard,2020s,5,body,True,8,1,3,0.375,2023-02-22,2023-02-22
Liam Broady,Hard,2020s,6,t,True,5,1,1,0.2,2023-02-22,2023-02-22
Liam Broady,Grass,2020s,4,wide,True,12,1,4,0.3333333333333333,2023-06-20,2023-06-20
Liam Broady,Grass,2020s,5,body,True,12,1,5,0.4166666666666667,2023-06-20,2023-06-20
Liam Broady,Grass,2020s,6,t,True,7,1,4,0.5714285714285714,2023-06-20,2023-06-20
Liam Draxl,Hard,2020s,4,wide,True,15,2,6,0.4,2024-08-04,2024-11-24
Liam Draxl,Hard,2020s,5,body,True,23,2,12,0.5217391304347826,2024-08-04,2024-11-24
Liam Draxl,Hard,2020s,6,t,True,5,2,2,0.4,2024-08-04,2024-11-24
Liang Chi Huang,Hard,2010s,4,wide,True,5,1,1,0.2,2015-09-21,2015-09-21
Liang Chi Huang,Hard,2010s,5,body,True,10,1,2,0.2,2015-09-21,2015-09-21
Liang Chi Huang,Hard,2010s,6,t,True,3,1,1,0.3333333333333333,2015-09-21,2015-09-21
Libor Pimek,Hard,to_2009,4,wide,True,6,1,2,0.3333333333333333,1985-10-04,1985-10-04
Libor Pimek,Hard,to_2009,5,body,True,22,1,14,0.6363636363636364,1985-10-04,1985-10-04
Libor Pimek,Hard,to_2009,6,t,True,3,1,0,0.0,1985-10-04,1985-10-04
Lleyton Hewitt,Hard,to_2009,4,wide,True,1903,82,998,0.5244351024697845,1998-08-17,2009-09-05
Lleyton Hewitt,Hard,to_2009,5,body,True,921,82,480,0.5211726384364821,1998-08-17,2009-09-05
Lleyton Hewitt,Hard,to_2009,6,t,True,613,81,333,0.5432300163132137,1998-08-17,2009-09-05
Lleyton Hewitt,Hard,2010s,4,wide,True,194,7,88,0.4536082474226804,2010-01-24,2015-09-03
Lleyton Hewitt,Hard,2010s,5,body,True,101,7,51,0.504950495049505,2010-01-24,2015-09-03
Lleyton Hewitt,Hard,2010s,6,t,True,67,7,36,0.5373134328358209,2010-01-24,2015-09-03
Lleyton Hewitt,Clay,to_2009,4,wide,True,313,12,146,0.46645367412140576,2000-05-13,2009-04-12
Lleyton Hewitt,Clay,to_2009,5,body,True,121,12,53,0.4380165289256198,2000-05-13,2009-04-12
Lleyton Hewitt,Clay,to_2009,6,t,True,107,10,54,0.5046728971962616,2000-12-08,2009-04-12
Lleyton Hewitt,Grass,to_2009,4,wide,True,685,27,363,0.5299270072992701,1999-06-13,2009-07-01
Lleyton Hewitt,Grass,to_2009,5,body,True,266,27,153,0.575187969924812,1999-06-13,2009-07-01
Lleyton Hewitt,Grass,to_2009,6,t,True,241,27,119,0.49377593360995853,1999-06-13,2009-07-01
Lleyton Hewitt,Grass,2010s,4,wide,True,79,3,42,0.5316455696202531,2010-06-13,2012-08-01
Lleyton Hewitt,Grass,2010s,5,body,True,42,3,19,0.4523809523809524,2010-06-13,2012-08-01
Lleyton Hewitt,Grass,2010s,6,t,True,17,3,8,0.47058823529411764,2010-06-13,2012-08-01
Lloyd Harris,Hard,2010s,4,wide,True,32,3,15,0.46875,2019-02-03,2019-03-22
Lloyd Harris,Hard,2010s,5,body,True,34,3,18,0.5294117647058824,2019-02-03,2019-03-22
Lloyd Harris,Hard,2010s,6,t,True,20,3,5,0.25,2019-02-03,2019-03-22
Lloyd Harris,Hard,2020s,4,wide,True,34,4,15,0.4411764705882353,2020-01-17,2023-08-31
Lloyd Harris,Hard,2020s,5,body,True,45,4,18,0.4,2020-01-17,2023-08-31
Lloyd Harris,Hard,2020s,6,t,True,36,4,13,0.3611111111111111,2020-01-17,2023-08-31
Lloyd Harris,Grass,2020s,4,wide,True,24,1,6,0.25,2024-07-01,2024-07-01
Lloyd Harris,Grass,2020s,5,body,True,10,1,8,0.8,2024-07-01,2024-07-01
Lloyd Harris,Grass,2020s,6,t,True,23,1,9,0.391304347826087,2024-07-01,2024-07-01
Lorenzo Giustino,Hard,2010s,4,wide,True,27,2,13,0.48148148148148145,2019-02-03,2019-03-24
Lorenzo Giustino,Hard,2010s,5,body,True,21,2,9,0.42857142857142855,2019-02-03,2019-03-24
Lorenzo Giustino,Hard,2010s,6,t,True,7,2,5,0.7142857142857143,2019-02-03,2019-03-24
Lorenzo Musetti,Hard,2020s,4,wide,True,538,57,292,0.5427509293680297,2020-01-18,2026-03-06
Lorenzo Musetti,Hard,2020s,5,body,True,483,56,236,0.4886128364389234,2020-01-18,2026-03-06
Lorenzo Musetti,Hard,2020s,6,t,True,694,57,359,0.5172910662824207,2020-01-18,2026-03-06
Lorenzo Musetti,Clay,2010s,4,wide,True,38,2,24,0.631578947368421,2019-04-01,2019-05-08
Lorenzo Musetti,Clay,2010s,5,body,True,33,2,15,0.45454545454545453,2019-04-01,2019-05-08
Lorenzo Musetti,Clay,2010s,6,t,True,12,2,7,0.5833333333333334,2019-04-01,2019-05-08
Lorenzo Musetti,Clay,2020s,4,wide,True,573,52,296,0.5165794066317626,2021-05-10,2026-04-17
Lorenzo Musetti,Clay,2020s,5,body,True,275,52,134,0.48727272727272725,2021-05-10,2026-04-17
Lorenzo Musetti,Clay,2020s,6,t,True,533,52,274,0.5140712945590994,2021-05-10,2026-04-17
Lorenzo Musetti,Grass,2020s,4,wide,True,110,12,60,0.5454545454545454,2023-07-07,2024-07-12
Lorenzo Musetti,Grass,2020s,5,body,True,78,11,34,0.4358974358974359,2023-06-23,2024-07-12
Lorenzo Musetti,Grass,2020s,6,t,True,201,13,107,0.5323383084577115,2023-06-23,2024-07-12
Lorenzo Sonego,Hard,2010s,4,wide,True,16,2,9,0.5625,2019-08-13,2019-10-21
Lorenzo Sonego,Hard,2010s,5,body,True,21,2,7,0.3333333333333333,2019-08-13,2019-10-21
Lorenzo Sonego,Hard,2010s,6,t,True,14,2,4,0.2857142857142857,2019-08-13,2019-10-21
Lorenzo Sonego,Hard,2020s,4,wide,True,278,27,135,0.4856115107913669,2020-01-13,2025-11-03
Lorenzo Sonego,Hard,2020s,5,body,True,322,27,172,0.5341614906832298,2020-01-13,2025-11-03
Lorenzo Sonego,Hard,2020s,6,t,True,175,25,91,0.52,2020-01-13,2025-11-03
Lorenzo Sonego,Clay,2010s,4,wide,True,48,4,29,0.6041666666666666,2019-02-06,2019-04-19
Lorenzo Sonego,Clay,2010s,5,body,True,29,4,12,0.41379310344827586,2019-02-06,2019-04-19
Lorenzo Sonego,Clay,2010s,6,t,True,26,4,13,0.5,2019-02-06,2019-04-19
Lorenzo Sonego,Clay,2020s,4,wide,True,72,6,43,0.5972222222222222,2021-05-15,2025-05-25
Lorenzo Sonego,Clay,2020s,5,body,True,59,6,27,0.4576271186440678,2021-05-15,2025-05-25
Lorenzo Sonego,Clay,2020s,6,t,True,37,6,17,0.4594594594594595,2021-05-15,2025-05-25
Lorenzo Sonego,Grass,2020s,4,wide,True,53,5,25,0.4716981132075472,2021-06-27,2025-07-05
Lorenzo Sonego,Grass,2020s,5,body,True,102,5,59,0.5784313725490197,2021-06-27,2025-07-05
Lorenzo Sonego,Grass,2020s,6,t,True,33,5,19,0.5757575757575758,2021-06-27,2025-07-05
Luca Nardi,Hard,2020s,4,wide,True,45,6,19,0.4222222222222222,2022-04-03,2025-08-14
Luca Nardi,Hard,2020s,5,body,True,80,6,39,0.4875,2022-04-03,2025-08-14
Luca Nardi,Hard,2020s,6,t,True,56,6,23,0.4107142857142857,2022-04-03,2025-08-14
Luca Nardi,Clay,2020s,4,wide,True,3,1,0,0.0,2023-04-12,2023-04-12
Luca Nardi,Clay,2020s,5,body,True,1,1,0,0.0,2023-04-12,2023-04-12
Luca Nardi,Clay,2020s,6,t,True,6,1,1,0.16666666666666666,2023-04-12,2023-04-12
Luca Nardi,Grass,2020s,4,wide,True,7,1,4,0.5714285714285714,2025-07-01,2025-07-01
Luca Nardi,Grass,2020s,5,body,True,11,1,4,0.36363636363636365,2025-07-01,2025-07-01
Luca Nardi,Grass,2020s,6,t,True,22,1,9,0.4090909090909091,2025-07-01,2025-07-01
Luca Van Assche,Hard,2020s,4,wide,True,41,5,22,0.5365853658536586,2024-01-17,2025-02-28
Luca Van Assche,Hard,2020s,5,body,True,95,5,56,0.5894736842105263,2024-01-17,2025-02-28
Luca Van Assche,Hard,2020s,6,t,True,25,5,13,0.52,2024-01-17,2025-02-28
Luca Van Assche,Clay,2020s,4,wide,True,10,2,5,0.5,2022-11-27,2022-12-04
Luca Van Assche,Clay,2020s,5,body,True,23,2,7,0.30434782608695654,2022-11-27,2022-12-04
Luca Van Assche,Clay,2020s,6,t,True,20,2,13,0.65,2022-11-27,2022-12-04
Luca Vanni,Hard,2010s,4,wide,True,3,1,1,0.3333333333333333,2014-09-29,2014-09-29
Luca Vanni,Hard,2010s,5,body,True,14,1,5,0.35714285714285715,2014-09-29,2014-09-29
Luca Vanni,Hard,2010s,6,t,True,22,1,12,0.5454545454545454,2014-09-29,2014-09-29
Lucas Catarina,Clay,2020s,4,wide,True,25,2,14,0.56,2021-04-13,2024-04-06
Lucas Catarina,Clay,2020s,5,body,True,25,2,13,0.52,2021-04-13,2024-04-06
Lucas Catarina,Clay,2020s,6,t,True,25,2,10,0.4,2021-04-13,2024-04-06
Lucas Pouille,Hard,2010s,4,wide,True,189,16,93,0.49206349206349204,2015-11-09,2019-09-30
Lucas Pouille,Hard,2010s,5,body,True,229,16,122,0.5327510917030568,2015-11-09,2019-09-30
Lucas Pouille,Hard,2010s,6,t,True,179,16,88,0.49162011173184356,2015-11-09,2019-09-30
Lucas Pouille,Hard,2020s,4,wide,True,26,3,12,0.46153846153846156,2021-09-23,2024-09-22
Lucas Pouille,Hard,2020s,5,body,True,39,3,14,0.358974358974359,2021-09-23,2024-09-22
Lucas Pouille,Hard,2020s,6,t,True,32,3,16,0.5,2021-09-23,2024-09-22
Lucas Pouille,Clay,2010s,4,wide,True,71,7,31,0.43661971830985913,2015-04-14,2019-05-08
Lucas Pouille,Clay,2010s,5,body,True,78,7,41,0.5256410256410257,2015-04-14,2019-05-08
Lucas Pouille,Clay,2010s,6,t,True,61,7,29,0.47540983606557374,2015-04-14,2019-05-08
Lucas Pouille,Clay,2020s,4,wide,True,35,2,15,0.42857142857142855,2021-07-20,2022-05-04
Lucas Pouille,Clay,2020s,5,body,True,7,2,2,0.2857142857142857,2021-07-20,2022-05-04
Lucas Pouille,Clay,2020s,6,t,True,21,2,10,0.47619047619047616,2021-07-20,2022-05-04
Lucas Pouille,Grass,2010s,4,wide,True,49,4,27,0.5510204081632653,2017-06-18,2019-07-06
Lucas Pouille,Grass,2010s,5,body,True,65,4,34,0.5230769230769231,2017-06-18,2019-07-06
Lucas Pouille,Grass,2010s,6,t,True,61,4,32,0.5245901639344263,2017-06-18,2019-07-06
Lucas Pouille,Grass,2010s,0,unknown,False,1,1,0,0.0,2019-07-02,2019-07-02
Luciano Darderi,Hard,2020s,4,wide,True,65,5,31,0.47692307692307695,2024-10-22,2026-01-26
Luciano Darderi,Hard,2020s,5,body,True,34,5,17,0.5,2024-10-22,2026-01-26
Luciano Darderi,Hard,2020s,6,t,True,66,5,25,0.3787878787878788,2024-10-22,2026-01-26
Luciano Darderi,Clay,2020s,4,wide,True,117,7,69,0.5897435897435898,2022-04-15,2026-04-07
Luciano Darderi,Clay,2020s,5,body,True,68,7,37,0.5441176470588235,2022-04-15,2026-04-07
Luciano Darderi,Clay,2020s,6,t,True,70,7,41,0.5857142857142857,2022-04-15,2026-04-07
Luis Ayala,Clay,to_2009,4,wide,True,9,1,5,0.5555555555555556,1960-05-29,1960-05-29
Luis Ayala,Clay,to_2009,5,body,True,12,1,9,0.75,1960-05-29,1960-05-29
Luis Ayala,Clay,to_2009,6,t,True,7,1,3,0.42857142857142855,1960-05-29,1960-05-29
Luis Herrera,Grass,to_2009,4,wide,True,17,1,11,0.6470588235294118,1990-06-25,1990-06-25
Luis Herrera,Grass,to_2009,5,body,True,6,1,3,0.5,1990-06-25,1990-06-25
Luis Herrera,Grass,to_2009,6,t,True,10,1,4,0.4,1990-06-25,1990-06-25
Luka Pavlovic,Hard,2020s,4,wide,True,9,1,5,0.5555555555555556,2026-02-09,2026-02-09
Luka Pavlovic,Hard,2020s,5,body,True,15,1,4,0.26666666666666666,2026-02-09,2026-02-09
Luka Pavlovic,Hard,2020s,6,t,True,15,1,4,0.26666666666666666,2026-02-09,2026-02-09
Lukas Klein,Hard,2020s,4,wide,True,27,2,16,0.5925925925925926,2023-02-04,2026-01-15
Lukas Klein,Hard,2020s,5,body,True,16,2,6,0.375,2023-02-04,2026-01-15
Lukas Klein,Hard,2020s,6,t,True,21,2,14,0.6666666666666666,2023-02-04,2026-01-15
Lukas Klein,Clay,2020s,4,wide,True,10,1,4,0.4,2024-04-22,2024-04-22
Lukas Klein,Clay,2020s,5,body,True,9,1,4,0.4444444444444444,2024-04-22,2024-04-22
Lukas Klein,Clay,2020s,6,t,True,1,1,1,1.0,2024-04-22,2024-04-22
Lukas Lacko,Hard,2010s,4,wide,True,34,5,15,0.4411764705882353,2011-01-17,2019-03-21
Lukas Lacko,Hard,2010s,5,body,True,47,5,20,0.425531914893617,2011-01-17,2019-03-21
Lukas Lacko,Hard,2010s,6,t,True,18,5,4,0.2222222222222222,2011-01-17,2019-03-21
Lukas Lacko,Hard,2020s,4,wide,True,4,1,2,0.5,2021-10-31,2021-10-31
Lukas Lacko,Hard,2020s,5,body,True,19,1,5,0.2631578947368421,2021-10-31,2021-10-31
Lukas Lacko,Hard,2020s,6,t,True,6,1,4,0.6666666666666666,2021-10-31,2021-10-31
Lukas Lacko,Grass,2010s,4,wide,True,12,1,4,0.3333333333333333,2018-07-04,2018-07-04
Lukas Lacko,Grass,2010s,5,body,True,20,1,9,0.45,2018-07-04,2018-07-04
Lukas Lacko,Grass,2010s,6,t,True,6,1,4,0.6666666666666666,2018-07-04,2018-07-04
Lukas Neumayer,Hard,2020s,4,wide,True,20,1,5,0.25,2025-01-06,2025-01-06
Lukas Neumayer,Hard,2020s,5,body,True,9,1,6,0.6666666666666666,2025-01-06,2025-01-06
Lukas Neumayer,Hard,2020s,6,t,True,19,1,10,0.5263157894736842,2025-01-06,2025-01-06
Lukas Neumayer,Clay,2020s,4,wide,True,13,1,6,0.46153846153846156,2024-06-06,2024-06-06
Lukas Neumayer,Clay,2020s,5,body,True,5,1,0,0.0,2024-06-06,2024-06-06
Lukas Neumayer,Clay,2020s,6,t,True,13,1,5,0.38461538461538464,2024-06-06,2024-06-06
Lukas Rosol,Hard,2010s,4,wide,True,34,5,14,0.4117647058823529,2013-03-22,2019-02-01
Lukas Rosol,Hard,2010s,5,body,True,97,5,48,0.4948453608247423,2013-03-22,2019-02-01
Lukas Rosol,Hard,2010s,6,t,True,28,5,14,0.5,2013-03-22,2019-02-01
Lukas Rosol,Clay,2010s,4,wide,True,39,3,21,0.5384615384615384,2014-04-27,2015-05-02
Lukas Rosol,Clay,2010s,5,body,True,31,3,10,0.3225806451612903,2014-04-27,2015-05-02
Lukas Rosol,Clay,2010s,6,t,True,21,3,8,0.38095238095238093,2014-04-27,2015-05-02
Lukas Rosol,Grass,2010s,4,wide,True,42,2,20,0.47619047619047616,2012-06-28,2014-06-26
Lukas Rosol,Grass,2010s,5,body,True,42,2,26,0.6190476190476191,2012-06-28,2014-06-26
Lukas Rosol,Grass,2010s,6,t,True,14,2,9,0.6428571428571429,2012-06-28,2014-06-26
Lukasz Kubot,Clay,to_2009,4,wide,True,8,1,2,0.25,2009-05-10,2009-05-10
Lukasz Kubot,Clay,to_2009,5,body,True,9,1,5,0.5555555555555556,2009-05-10,2009-05-10
Lukasz Kubot,Clay,to_2009,6,t,True,4,1,0,0.0,2009-05-10,2009-05-10
Mackenzie Mcdonald,Hard,2010s,4,wide,True,69,6,37,0.5362318840579711,2015-10-09,2019-03-21
Mackenzie Mcdonald,Hard,2010s,5,body,True,110,6,56,0.509090909090909,2015-10-09,2019-03-21
Mackenzie Mcdonald,Hard,2010s,6,t,True,59,6,26,0.4406779661016949,2015-10-09,2019-03-21
Mackenzie Mcdonald,Hard,2020s,4,wide,True,194,14,91,0.4690721649484536,2021-08-08,2025-07-22
Mackenzie Mcdonald,Hard,2020s,5,body,True,94,13,44,0.46808510638297873,2021-08-08,2025-07-22
Mackenzie Mcdonald,Hard,2020s,6,t,True,137,14,86,0.6277372262773723,2021-08-08,2025-07-22
Mackenzie Mcdonald,Clay,2020s,4,wide,True,33,2,14,0.42424242424242425,2022-05-28,2025-05-27
Mackenzie Mcdonald,Clay,2020s,5,body,True,10,2,6,0.6,2022-05-28,2025-05-27
Mackenzie Mcdonald,Clay,2020s,6,t,True,18,2,10,0.5555555555555556,2022-05-28,2025-05-27
Mackenzie Mcdonald,Grass,2020s,4,wide,True,57,3,27,0.47368421052631576,2023-07-03,2024-07-16
Mackenzie Mcdonald,Grass,2020s,5,body,True,31,3,19,0.6129032258064516,2023-07-03,2024-07-16
Mackenzie Mcdonald,Grass,2020s,6,t,True,46,3,21,0.45652173913043476,2023-07-03,2024-07-16
Magnus Gustafsson,Hard,to_2009,4,wide,True,27,4,13,0.48148148148148145,1989-11-12,1997-10-20
Magnus Gustafsson,Hard,to_2009,5,body,True,45,4,18,0.4,1989-11-12,1997-10-20
Magnus Gustafsson,Hard,to_2009,6,t,True,17,3,7,0.4117647058823529,1993-11-14,1997-10-20
Magnus Gustafsson,Clay,to_2009,4,wide,True,42,2,19,0.4523809523809524,1991-05-12,1993-07-25
Magnus Gustafsson,Clay,to_2009,5,body,True,30,2,11,0.36666666666666664,1991-05-12,1993-07-25
Magnus Gustafsson,Clay,to_2009,6,t,True,6,2,4,0.6666666666666666,1991-05-12,1993-07-25
Magnus Larsson,Hard,to_2009,4,wide,True,55,5,23,0.41818181818181815,1994-11-13,1998-08-15
Magnus Larsson,Hard,to_2009,5,body,True,58,5,27,0.46551724137931033,1994-11-13,1998-08-15
Magnus Larsson,Hard,to_2009,6,t,True,39,5,18,0.46153846153846156,1994-11-13,1998-08-15
Magnus Larsson,Clay,to_2009,4,wide,True,12,1,4,0.3333333333333333,1994-06-04,1994-06-04
Magnus Larsson,Clay,to_2009,5,body,True,1,1,1,1.0,1994-06-04,1994-06-04
Magnus Larsson,Clay,to_2009,6,t,True,9,1,4,0.4444444444444444,1994-06-04,1994-06-04
Magnus Larsson,Grass,to_2009,4,wide,True,10,1,4,0.4,1998-06-15,1998-06-15
Magnus Larsson,Grass,to_2009,5,body,True,10,1,3,0.3,1998-06-15,1998-06-15
Magnus Larsson,Grass,to_2009,6,t,True,5,1,3,0.6,1998-06-15,1998-06-15
Magnus Norman,Hard,to_2009,4,wide,True,16,3,7,0.4375,2000-01-28,2001-01-14
Magnus Norman,Hard,to_2009,5,body,True,24,3,8,0.3333333333333333,2000-01-28,2001-01-14
Magnus Norman,Hard,to_2009,6,t,True,26,3,10,0.38461538461538464,2000-01-28,2001-01-14
Magnus Norman,Clay,to_2009,4,wide,True,89,6,48,0.5393258426966292,2000-05-13,2001-05-07
Magnus Norman,Clay,to_2009,5,body,True,81,6,34,0.41975308641975306,2000-05-13,2001-05-07
Magnus Norman,Clay,to_2009,6,t,True,61,6,34,0.5573770491803278,2000-05-13,2001-05-07
Makoto Ochi,Hard,2010s,4,wide,True,13,1,5,0.38461538461538464,2015-11-23,2015-11-23
Makoto Ochi,Hard,2010s,5,body,True,8,1,1,0.125,2015-11-23,2015-11-23
Makoto Ochi,Hard,2010s,6,t,True,12,1,6,0.5,2015-11-23,2015-11-23
Maks Kasnikowski,Hard,2020s,4,wide,True,17,1,8,0.47058823529411764,2024-08-26,2024-08-26
Maks Kasnikowski,Hard,2020s,5,body,True,47,1,21,0.44680851063829785,2024-08-26,2024-08-26
Maks Kasnikowski,Hard,2020s,6,t,True,4,1,2,0.5,2024-08-26,2024-08-26
Malek Jaziri,Hard,2010s,4,wide,True,60,4,32,0.5333333333333333,2015-01-23,2018-02-27
Malek Jaziri,Hard,2010s,5,body,True,56,4,27,0.48214285714285715,2015-01-23,2018-02-27
Malek Jaziri,Hard,2010s,6,t,True,32,4,18,0.5625,2015-01-23,2018-02-27
Malek Jaziri,Hard,2020s,4,wide,True,6,1,1,0.16666666666666666,2023-02-27,2023-02-27
Malek Jaziri,Hard,2020s,5,body,True,13,1,5,0.38461538461538464,2023-02-27,2023-02-27
Malek Jaziri,Hard,2020s,6,t,True,2,1,0,0.0,2023-02-27,2023-02-27
Malek Jaziri,Clay,2010s,4,wide,True,9,1,5,0.5555555555555556,2019-04-09,2019-04-09
Malek Jaziri,Clay,2010s,5,body,True,1,1,1,1.0,2019-04-09,2019-04-09
Malek Jaziri,Clay,2010s,6,t,True,6,1,2,0.3333333333333333,2019-04-09,2019-04-09
Malek Jaziri,Clay,2020s,4,wide,True,26,1,19,0.7307692307692307,2022-06-21,2022-06-21
Malek Jaziri,Clay,2020s,5,body,True,8,1,5,0.625,2022-06-21,2022-06-21
Malek Jaziri,Clay,2020s,6,t,True,12,1,5,0.4166666666666667,2022-06-21,2022-06-21
Malek Jaziri,Grass,2010s,4,wide,True,21,1,12,0.5714285714285714,2018-06-14,2018-06-14
Malek Jaziri,Grass,2010s,5,body,True,13,1,6,0.46153846153846156,2018-06-14,2018-06-14
Malek Jaziri,Grass,2010s,6,t,True,4,1,0,0.0,2018-06-14,2018-06-14
Malivai Washington,Hard,to_2009,4,wide,True,110,7,51,0.4636363636363636,1992-07-25,1995-11-06
Malivai Washington,Hard,to_2009,5,body,True,34,7,14,0.4117647058823529,1992-07-25,1995-11-06
Malivai Washington,Hard,to_2009,6,t,True,67,7,37,0.5522388059701493,1992-07-25,1995-11-06
Malivai Washington,Grass,to_2009,4,wide,True,63,3,39,0.6190476190476191,1996-07-04,1996-07-07
Malivai Washington,Grass,to_2009,5,body,True,37,3,24,0.6486486486486487,1996-07-04,1996-07-07
Malivai Washington,Grass,to_2009,6,t,True,55,3,27,0.4909090909090909,1996-07-04,1996-07-07
Mansour Bahrami,Clay,to_2009,4,wide,True,8,1,2,0.25,1988-04-27,1988-04-27
Mansour Bahrami,Clay,to_2009,5,body,True,16,1,8,0.5,1988-04-27,1988-04-27
Mansour Bahrami,Clay,to_2009,6,t,True,9,1,3,0.3333333333333333,1988-04-27,1988-04-27
Manuel Orantes,Clay,to_2009,4,wide,True,34,1,17,0.5,1975-09-07,1975-09-07
Manuel Orantes,Clay,to_2009,5,body,True,14,1,5,0.35714285714285715,1975-09-07,1975-09-07
Manuel Orantes,Clay,to_2009,6,t,True,1,1,1,1.0,1975-09-07,1975-09-07
Marat Safin,Hard,to_2009,4,wide,True,781,51,424,0.5428937259923176,1999-11-07,2009-11-10
Marat Safin,Hard,to_2009,5,body,True,787,50,422,0.5362134688691232,1999-11-07,2009-11-10
Marat Safin,Hard,to_2009,6,t,True,691,50,374,0.5412445730824892,1999-11-07,2009-11-10
Marat Safin,Hard,to_2009,0,unknown,False,1,1,1,1.0,2006-04-07,2006-04-07
Marat Safin,Clay,to_2009,4,wide,True,441,23,209,0.47392290249433106,1998-05-26,2008-05-29
Marat Safin,Clay,to_2009,5,body,True,320,23,156,0.4875,1998-05-26,2008-05-29
Marat Safin,Clay,to_2009,6,t,True,357,23,181,0.5070028011204482,1998-05-26,2008-05-29
Marat Safin,Clay,to_2009,0,unknown,False,2,2,1,0.5,2000-04-24,2005-05-30
Marat Safin,Grass,to_2009,4,wide,True,111,8,59,0.5315315315315315,1999-09-24,2008-07-04
Marat Safin,Grass,to_2009,5,body,True,151,8,71,0.47019867549668876,1999-09-24,2008-07-04
Marat Safin,Grass,to_2009,6,t,True,112,8,57,0.5089285714285714,1999-09-24,2008-07-04
Marc Andrea Huesler,Hard,2020s,4,wide,True,115,6,58,0.5043478260869565,2020-10-25,2024-02-03
Marc Andrea Huesler,Hard,2020s,5,body,True,78,6,43,0.5512820512820513,2020-10-25,2024-02-03
Marc Andrea Huesler,Hard,2020s,6,t,True,60,6,27,0.45,2020-10-25,2024-02-03
Marc Andrea Huesler,Clay,2010s,4,wide,True,16,1,8,0.5,2019-07-23,2019-07-23
Marc Andrea Huesler,Clay,2010s,5,body,True,7,1,1,0.14285714285714285,2019-07-23,2019-07-23
Marc Andrea Huesler,Clay,2010s,6,t,True,6,1,6,1.0,2019-07-23,2019-07-23
Marc Gicquel,Grass,to_2009,4,wide,True,8,1,1,0.125,2008-06-28,2008-06-28
Marc Gicquel,Grass,to_2009,5,body,True,12,1,4,0.3333333333333333,2008-06-28,2008-06-28
Marc Gicquel,Grass,to_2009,6,t,True,8,1,2,0.25,2008-06-28,2008-06-28
Marc Lopez,Clay,to_2009,4,wide,True,11,1,6,0.5454545454545454,2003-07-08,2003-07-08
Marc Lopez,Clay,to_2009,5,body,True,5,1,3,0.6,2003-07-08,2003-07-08
Marc Lopez,Clay,to_2009,6,t,True,11,1,6,0.5454545454545454,2003-07-08,2003-07-08
Marc Polmans,Hard,2010s,4,wide,True,29,3,13,0.4482758620689655,2019-02-13,2019-03-24
Marc Polmans,Hard,2010s,5,body,True,48,3,22,0.4583333333333333,2019-02-13,2019-03-24
Marc Polmans,Hard,2010s,6,t,True,19,3,9,0.47368421052631576,2019-02-13,2019-03-24
Marc Polmans,Hard,2020s,4,wide,True,23,2,10,0.43478260869565216,2020-01-21,2024-07-11
Marc Polmans,Hard,2020s,5,body,True,45,2,20,0.4444444444444444,2020-01-21,2024-07-11
Marc Polmans,Hard,2020s,6,t,True,17,2,11,0.6470588235294118,2020-01-21,2024-07-11
Marc Rosset,Hard,to_2009,4,wide,True,84,5,42,0.5,1993-03-03,2000-02-13
Marc Rosset,Hard,to_2009,5,body,True,70,5,34,0.4857142857142857,1993-03-03,2000-02-13
Marc Rosset,Hard,to_2009,6,t,True,41,5,14,0.34146341463414637,1993-03-03,2000-02-13
Marc Rosset,Clay,to_2009,4,wide,True,84,4,40,0.47619047619047616,1992-05-25,1996-06-08
Marc Rosset,Clay,to_2009,5,body,True,105,4,44,0.41904761904761906,1992-05-25,1996-06-08
Marc Rosset,Clay,to_2009,6,t,True,40,4,17,0.425,1992-05-25,1996-06-08
Marc Rosset,Grass,to_2009,4,wide,True,25,2,11,0.44,1991-06-24,1996-06-28
Marc Rosset,Grass,to_2009,5,body,True,25,2,16,0.64,1991-06-24,1996-06-28
Marc Rosset,Grass,to_2009,6,t,True,25,2,13,0.52,1991-06-24,1996-06-28
Marc Sieber,Clay,2010s,4,wide,True,11,1,2,0.18181818181818182,2017-08-17,2017-08-17
Marc Sieber,Clay,2010s,5,body,True,6,1,1,0.16666666666666666,2017-08-17,2017-08-17
Marc Sieber,Clay,2010s,6,t,True,4,1,3,0.75,2017-08-17,2017-08-17
Marcel Freeman,Grass,to_2009,4,wide,True,15,1,4,0.26666666666666666,1987-06-23,1987-06-23
Marcel Freeman,Grass,to_2009,5,body,True,5,1,3,0.6,1987-06-23,1987-06-23
Marcel Freeman,Grass,to_2009,6,t,True,4,1,2,0.5,1987-06-23,1987-06-23
Marcel Granollers,Hard,2010s,4,wide,True,44,9,19,0.4318181818181818,2011-01-17,2018-09-16
Marcel Granollers,Hard,2010s,5,body,True,179,9,80,0.44692737430167595,2011-01-17,2018-09-16
Marcel Granollers,Hard,2010s,6,t,True,25,7,14,0.56,2013-10-07,2018-09-16
Marcel Granollers,Grass,2010s,4,wide,True,9,1,7,0.7777777777777778,2019-07-20,2019-07-20
Marcel Granollers,Grass,2010s,5,body,True,18,1,7,0.3888888888888889,2019-07-20,2019-07-20
Marcel Granollers,Grass,2010s,6,t,True,9,1,4,0.4444444444444444,2019-07-20,2019-07-20
Marcelo Arevalo,Clay,2010s,4,wide,True,20,3,8,0.4,2015-09-28,2019-10-07
Marcelo Arevalo,Clay,2010s,5,body,True,18,3,11,0.6111111111111112,2015-09-28,2019-10-07
Marcelo Arevalo,Clay,2010s,6,t,True,20,3,9,0.45,2015-09-28,2019-10-07
Marcelo Filippini,Clay,to_2009,4,wide,True,23,2,10,0.43478260869565216,1990-05-30,1992-07-25
Marcelo Filippini,Clay,to_2009,5,body,True,13,2,7,0.5384615384615384,1990-05-30,1992-07-25
Marcelo Filippini,Clay,to_2009,6,t,True,24,2,9,0.375,1990-05-30,1992-07-25
Marcelo Rios,Hard,to_2009,4,wide,True,232,11,131,0.5646551724137931,1996-08-24,2000-08-28
Marcelo Rios,Hard,to_2009,5,body,True,60,11,31,0.5166666666666667,1996-08-24,2000-08-28
Marcelo Rios,Hard,to_2009,6,t,True,117,11,66,0.5641025641025641,1996-08-24,2000-08-28
Marcelo Rios,Clay,to_2009,4,wide,True,249,11,131,0.5261044176706827,1995-05-17,2001-05-08
Marcelo Rios,Clay,to_2009,5,body,True,63,11,31,0.49206349206349204,1995-05-17,2001-05-08
Marcelo Rios,Clay,to_2009,6,t,True,92,11,52,0.5652173913043478,1995-05-17,2001-05-08
Marcelo Tomas Barrios Vera,Clay,2020s,4,wide,True,11,1,3,0.2727272727272727,2025-11-07,2025-11-07
Marcelo Tomas Barrios Vera,Clay,2020s,5,body,True,28,1,14,0.5,2025-11-07,2025-11-07
Marcelo Tomas Barrios Vera,Clay,2020s,6,t,True,18,1,11,0.6111111111111112,2025-11-07,2025-11-07
Marco Cecchinato,Hard,2010s,4,wide,True,80,7,47,0.5875,2018-10-11,2019-10-07
Marco Cecchinato,Hard,2010s,5,body,True,43,6,19,0.4418604651162791,2018-10-11,2019-10-07
Marco Cecchinato,Hard,2010s,6,t,True,32,7,12,0.375,2018-10-11,2019-10-07
Marco Cecchinato,Hard,2020s,4,wide,True,3,1,1,0.3333333333333333,2021-03-15,2021-03-15
Marco Cecchinato,Hard,2020s,5,body,True,6,1,3,0.5,2021-03-15,2021-03-15
Marco Cecchinato,Hard,2020s,6,t,True,13,1,3,0.23076923076923078,2021-03-15,2021-03-15
Marco Cecchinato,Clay,2010s,4,wide,True,69,5,33,0.4782608695652174,2018-06-05,2019-05-04
Marco Cecchinato,Clay,2010s,5,body,True,11,5,5,0.45454545454545453,2018-06-05,2019-05-04
Marco Cecchinato,Clay,2010s,6,t,True,43,5,24,0.5581395348837209,2018-06-05,2019-05-04
Marco Cecchinato,Clay,2020s,4,wide,True,75,5,33,0.44,2020-02-02,2022-05-26
Marco Cecchinato,Clay,2020s,5,body,True,46,5,24,0.5217391304347826,2020-02-02,2022-05-26
Marco Cecchinato,Clay,2020s,6,t,True,35,5,19,0.5428571428571428,2020-02-02,2022-05-26
Marco Trungelliti,Clay,2010s,4,wide,True,9,1,4,0.4444444444444444,2019-02-27,2019-02-27
Marco Trungelliti,Clay,2010s,5,body,True,16,1,13,0.8125,2019-02-27,2019-02-27
Marco Trungelliti,Clay,2010s,6,t,True,5,1,1,0.2,2019-02-27,2019-02-27
Marco Trungelliti,Clay,2020s,4,wide,True,37,1,18,0.4864864864864865,2024-07-24,2024-07-24
Marco Trungelliti,Clay,2020s,5,body,True,7,1,3,0.42857142857142855,2024-07-24,2024-07-24
Marco Trungelliti,Clay,2020s,6,t,True,5,1,3,0.6,2024-07-24,2024-07-24
Marcos Baghdatis,Hard,to_2009,4,wide,True,241,8,110,0.45643153526970953,2004-09-02,2008-01-19
Marcos Baghdatis,Hard,to_2009,5,body,True,93,8,55,0.5913978494623656,2004-09-02,2008-01-19
Marcos Baghdatis,Hard,to_2009,6,t,True,187,8,84,0.44919786096256686,2004-09-02,2008-01-19
Marcos Baghdatis,Hard,2010s,4,wide,True,145,10,72,0.496551724137931,2010-01-21,2019-02-27
Marcos Baghdatis,Hard,2010s,5,body,True,70,10,34,0.4857142857142857,2010-01-21,2019-02-27
Marcos Baghdatis,Hard,2010s,6,t,True,76,10,36,0.47368421052631576,2010-01-21,2019-02-27
Marcos Baghdatis,Clay,2010s,4,wide,True,13,1,8,0.6153846153846154,2017-05-08,2017-05-08
Marcos Baghdatis,Clay,2010s,5,body,True,1,1,1,1.0,2017-05-08,2017-05-08
Marcos Baghdatis,Clay,2010s,6,t,True,16,1,5,0.3125,2017-05-08,2017-05-08
Marcos Baghdatis,Grass,to_2009,4,wide,True,28,2,15,0.5357142857142857,2006-07-03,2006-07-07
Marcos Baghdatis,Grass,to_2009,5,body,True,27,2,16,0.5925925925925926,2006-07-03,2006-07-07
Marcos Baghdatis,Grass,to_2009,6,t,True,18,2,9,0.5,2006-07-03,2006-07-07
Marcos Baghdatis,Grass,2010s,4,wide,True,39,4,16,0.41025641025641024,2012-08-01,2019-07-04
Marcos Baghdatis,Grass,2010s,5,body,True,69,4,33,0.4782608695652174,2012-08-01,2019-07-04
Marcos Baghdatis,Grass,2010s,6,t,True,18,4,10,0.5555555555555556,2012-08-01,2019-07-04
Marcos Daniel,Hard,to_2009,4,wide,True,13,1,8,0.6153846153846154,2005-09-27,2005-09-27
Marcos Daniel,Hard,to_2009,5,body,True,7,1,3,0.42857142857142855,2005-09-27,2005-09-27
Marcos Daniel,Hard,to_2009,6,t,True,14,1,7,0.5,2005-09-27,2005-09-27
Marcos Giron,Hard,2010s,4,wide,True,23,2,14,0.6086956521739131,2018-08-01,2019-03-07
Marcos Giron,Hard,2010s,5,body,True,13,2,8,0.6153846153846154,2018-08-01,2019-03-07
Marcos Giron,Hard,2010s,6,t,True,24,2,10,0.4166666666666667,2018-08-01,2019-03-07
Marcos Giron,Hard,2020s,4,wide,True,290,20,141,0.4862068965517241,2021-10-07,2026-02-18
Marcos Giron,Hard,2020s,5,body,True,165,20,80,0.48484848484848486,2021-10-07,2026-02-18
Marcos Giron,Hard,2020s,6,t,True,221,20,95,0.4298642533936652,2021-10-07,2026-02-18
Marcos Giron,Hard,2020s,0,unknown,False,1,1,1,1.0,2021-10-07,2021-10-07
Marcos Giron,Clay,2020s,4,wide,True,51,4,27,0.5294117647058824,2021-05-04,2025-05-12
Marcos Giron,Clay,2020s,5,body,True,23,4,8,0.34782608695652173,2021-05-04,2025-05-12
Marcos Giron,Clay,2020s,6,t,True,45,4,23,0.5111111111111111,2021-05-04,2025-05-12
Marcos Giron,Grass,2020s,4,wide,True,44,4,19,0.4318181818181818,2023-06-12,2024-07-20
Marcos Giron,Grass,2020s,5,body,True,39,4,19,0.48717948717948717,2023-06-12,2024-07-20
Marcos Giron,Grass,2020s,6,t,True,38,4,16,0.42105263157894735,2023-06-12,2024-07-20
Marcus Willis,Grass,2010s,4,wide,True,3,1,0,0.0,2016-06-29,2016-06-29
Marcus Willis,Grass,2010s,5,body,True,14,1,6,0.42857142857142855,2016-06-29,2016-06-29
Marcus Willis,Grass,2010s,6,t,True,16,1,8,0.5,2016-06-29,2016-06-29
Mardy Fish,Hard,to_2009,4,wide,True,94,7,50,0.5319148936170213,2003-08-17,2008-08-30
Mardy Fish,Hard,to_2009,5,body,True,127,7,61,0.48031496062992124,2003-08-17,2008-08-30
Mardy Fish,Hard,to_2009,6,t,True,87,7,42,0.4827586206896552,2003-08-17,2008-08-30
Mardy Fish,Hard,2010s,4,wide,True,85,5,45,0.5294117647058824,2010-08-21,2012-08-18
Mardy Fish,Hard,2010s,5,body,True,81,5,44,0.5432098765432098,2010-08-21,2012-08-18
Mardy Fish,Hard,2010s,6,t,True,35,5,14,0.4,2010-08-21,2012-08-18
Mardy Fish,Grass,to_2009,4,wide,True,18,2,7,0.3888888888888889,2003-06-27,2004-06-13
Mardy Fish,Grass,to_2009,5,body,True,31,2,14,0.45161290322580644,2003-06-27,2004-06-13
Mardy Fish,Grass,to_2009,6,t,True,20,2,9,0.45,2003-06-27,2004-06-13
Mariano Navone,Hard,2020s,4,wide,True,10,1,6,0.6,2024-08-07,2024-08-07
Mariano Navone,Hard,2020s,5,body,True,4,1,2,0.5,2024-08-07,2024-08-07
Mariano Navone,Hard,2020s,6,t,True,19,1,9,0.47368421052631576,2024-08-07,2024-08-07
Mariano Navone,Clay,2020s,4,wide,True,56,9,28,0.5,2024-02-23,2026-04-04
Mariano Navone,Clay,2020s,5,body,True,142,10,58,0.4084507042253521,2022-06-19,2026-04-04
Mariano Navone,Clay,2020s,6,t,True,71,9,38,0.5352112676056338,2024-02-23,2026-04-04
Mariano Navone,Grass,2020s,4,wide,True,5,1,1,0.2,2024-06-18,2024-06-18
Mariano Navone,Grass,2020s,5,body,True,14,1,4,0.2857142857142857,2024-06-18,2024-06-18
Mariano Navone,Grass,2020s,6,t,True,4,1,2,0.5,2024-06-18,2024-06-18
Mariano Puerta,Hard,to_2009,4,wide,True,15,1,6,0.4,2005-08-12,2005-08-12
Mariano Puerta,Hard,to_2009,5,body,True,3,1,1,0.3333333333333333,2005-08-12,2005-08-12
Mariano Puerta,Hard,to_2009,6,t,True,5,1,4,0.8,2005-08-12,2005-08-12
Mariano Puerta,Clay,to_2009,4,wide,True,10,1,8,0.8,2000-02-27,2000-02-27
Mariano Puerta,Clay,to_2009,5,body,True,3,1,3,1.0,2000-02-27,2000-02-27
Mariano Puerta,Clay,to_2009,6,t,True,5,1,2,0.4,2000-02-27,2000-02-27
Mariano Zabaleta,Clay,to_2009,4,wide,True,68,2,27,0.39705882352941174,1999-05-09,2000-04-24
Mariano Zabaleta,Clay,to_2009,5,body,True,28,2,14,0.5,1999-05-09,2000-04-24
Mariano Zabaleta,Clay,to_2009,6,t,True,26,2,9,0.34615384615384615,1999-05-09,2000-04-24
Marin Cilic,Hard,to_2009,4,wide,True,30,2,9,0.3,2009-09-10,2009-10-11
Marin Cilic,Hard,to_2009,5,body,True,16,2,8,0.5,2009-09-10,2009-10-11
Marin Cilic,Hard,to_2009,6,t,True,20,2,8,0.4,2009-09-10,2009-10-11
Marin Cilic,Hard,2010s,4,wide,True,452,30,220,0.48672566371681414,2010-01-20,2019-10-28
Marin Cilic,Hard,2010s,5,body,True,374,30,177,0.4732620320855615,2010-01-20,2019-10-28
Marin Cilic,Hard,2010s,6,t,True,407,30,179,0.4398034398034398,2010-01-20,2019-10-28
Marin Cilic,Hard,2020s,4,wide,True,232,26,105,0.4525862068965517,2020-02-25,2026-01-04
Marin Cilic,Hard,2020s,5,body,True,383,26,194,0.5065274151436031,2020-02-25,2026-01-04
Marin Cilic,Hard,2020s,6,t,True,262,26,132,0.5038167938931297,2020-02-25,2026-01-04
Marin Cilic,Clay,2010s,4,wide,True,169,9,84,0.4970414201183432,2010-05-09,2018-11-25
Marin Cilic,Clay,2010s,5,body,True,69,9,28,0.4057971014492754,2010-05-09,2018-11-25
Marin Cilic,Clay,2010s,6,t,True,138,9,73,0.5289855072463768,2010-05-09,2018-11-25
Marin Cilic,Clay,2020s,4,wide,True,102,9,45,0.4411764705882353,2021-05-01,2025-03-30
Marin Cilic,Clay,2020s,5,body,True,99,9,58,0.5858585858585859,2021-05-01,2025-03-30
Marin Cilic,Clay,2020s,6,t,True,81,9,42,0.5185185185185185,2021-05-01,2025-03-30
Marin Cilic,Grass,2010s,4,wide,True,92,6,43,0.4673913043478261,2014-07-02,2018-06-24
Marin Cilic,Grass,2010s,5,body,True,151,6,77,0.5099337748344371,2014-07-02,2018-06-24
Marin Cilic,Grass,2010s,6,t,True,64,6,39,0.609375,2014-07-02,2018-06-24
Marin Cilic,Grass,2020s,4,wide,True,24,2,12,0.5,2022-06-18,2025-07-07
Marin Cilic,Grass,2020s,5,body,True,30,2,17,0.5666666666666667,2022-06-18,2025-07-07
Marin Cilic,Grass,2020s,6,t,True,23,2,11,0.4782608695652174,2022-06-18,2025-07-07
Marinko Matosevic,Hard,2010s,4,wide,True,53,6,28,0.5283018867924528,2013-01-08,2014-08-26
Marinko Matosevic,Hard,2010s,5,body,True,79,6,30,0.379746835443038,2013-01-08,2014-08-26
Marinko Matosevic,Hard,2010s,6,t,True,46,6,17,0.3695652173913043,2013-01-08,2014-08-26
Mario Ancic,Hard,to_2009,4,wide,True,32,4,13,0.40625,2005-03-29,2008-07-21
Mario Ancic,Hard,to_2009,5,body,True,32,4,12,0.375,2005-03-29,2008-07-21
Mario Ancic,Hard,to_2009,6,t,True,28,4,11,0.39285714285714285,2005-03-29,2008-07-21
Mario Ancic,Clay,to_2009,4,wide,True,41,3,14,0.34146341463414637,2006-05-12,2008-05-30
Mario Ancic,Clay,to_2009,5,body,True,18,3,6,0.3333333333333333,2006-05-12,2008-05-30
Mario Ancic,Clay,to_2009,6,t,True,24,3,8,0.3333333333333333,2006-05-12,2008-05-30
Mario Ancic,Grass,to_2009,4,wide,True,49,4,26,0.5306122448979592,2002-06-24,2008-07-02
Mario Ancic,Grass,to_2009,5,body,True,72,4,34,0.4722222222222222,2002-06-24,2008-07-02
Mario Ancic,Grass,to_2009,6,t,True,31,4,16,0.5161290322580645,2002-06-24,2008-07-02
Mario Vilella Martinez,Clay,2010s,4,wide,True,4,1,2,0.5,2019-04-09,2019-04-09
Mario Vilella Martinez,Clay,2010s,5,body,True,4,1,2,0.5,2019-04-09,2019-04-09
Mario Vilella Martinez,Clay,2010s,6,t,True,6,1,5,0.8333333333333334,2019-04-09,2019-04-09
Marius Copil,Hard,2010s,4,wide,True,61,6,36,0.5901639344262295,2015-09-21,2019-02-12
Marius Copil,Hard,2010s,5,body,True,41,6,20,0.4878048780487805,2015-09-21,2019-02-12
Marius Copil,Hard,2010s,6,t,True,55,6,33,0.6,2015-09-21,2019-02-12
Mark Edmondson,Grass,to_2009,4,wide,True,5,1,3,0.6,1982-07-03,1982-07-03
Mark Edmondson,Grass,to_2009,5,body,True,3,1,2,0.6666666666666666,1982-07-03,1982-07-03
Mark Edmondson,Grass,to_2009,6,t,True,3,1,1,0.3333333333333333,1982-07-03,1982-07-03
Mark Kevin Goellner,Clay,to_2009,4,wide,True,30,1,16,0.5333333333333333,1993-09-24,1993-09-24
Mark Kevin Goellner,Clay,to_2009,5,body,True,8,1,7,0.875,1993-09-24,1993-09-24
Mark Kevin Goellner,Clay,to_2009,6,t,True,30,1,14,0.4666666666666667,1993-09-24,1993-09-24
Mark Lajal,Hard,2020s,4,wide,True,10,1,4,0.4,2025-01-16,2025-01-16
Mark Lajal,Hard,2020s,5,body,True,4,1,2,0.5,2025-01-16,2025-01-16
Mark Lajal,Hard,2020s,6,t,True,13,1,7,0.5384615384615384,2025-01-16,2025-01-16
Mark Lajal,Grass,2020s,4,wide,True,8,1,4,0.5,2024-07-01,2024-07-01
Mark Lajal,Grass,2020s,5,body,True,15,1,9,0.6,2024-07-01,2024-07-01
Mark Lajal,Grass,2020s,6,t,True,10,1,6,0.6,2024-07-01,2024-07-01
Mark Petchey,Hard,to_2009,4,wide,True,6,1,4,0.6666666666666666,1994-03-09,1994-03-09
Mark Petchey,Hard,to_2009,5,body,True,12,1,7,0.5833333333333334,1994-03-09,1994-03-09
Mark Petchey,Hard,to_2009,6,t,True,11,1,6,0.5454545454545454,1994-03-09,1994-03-09
Mark Philippoussis,Hard,to_2009,4,wide,True,329,16,165,0.5015197568389058,1995-01-16,2003-09-19
Mark Philippoussis,Hard,to_2009,5,body,True,158,16,85,0.5379746835443038,1995-01-16,2003-09-19
Mark Philippoussis,Hard,to_2009,6,t,True,218,16,117,0.536697247706422,1995-01-16,2003-09-19
Mark Philippoussis,Hard,to_2009,0,unknown,False,1,1,0,0.0,2003-01-15,2003-01-15
Mark Philippoussis,Grass,to_2009,4,wide,True,99,5,49,0.494949494949495,1996-06-26,2003-07-06
Mark Philippoussis,Grass,to_2009,5,body,True,36,4,12,0.3333333333333333,1996-06-26,2003-07-01
Mark Philippoussis,Grass,to_2009,6,t,True,57,5,27,0.47368421052631576,1996-06-26,2003-07-06
Mark Woodforde,Hard,to_2009,4,wide,True,13,2,5,0.38461538461538464,1988-09-01,1996-01-26
Mark Woodforde,Hard,to_2009,5,body,True,62,2,30,0.4838709677419355,1988-09-01,1996-01-26
Mark Woodforde,Hard,to_2009,6,t,True,10,2,3,0.3,1988-09-01,1996-01-26
Markus Eriksson,Clay,2010s,4,wide,True,4,1,2,0.5,2012-08-20,2012-08-20
Markus Eriksson,Clay,2010s,5,body,True,13,1,6,0.46153846153846156,2012-08-20,2012-08-20
Markus Eriksson,Clay,2010s,6,t,True,3,1,1,0.3333333333333333,2012-08-20,2012-08-20
Markus Hipfl,Hard,to_2009,4,wide,True,5,1,2,0.4,2001-12-14,2001-12-14
Markus Hipfl,Hard,to_2009,5,body,True,16,1,10,0.625,2001-12-14,2001-12-14
Markus Hipfl,Hard,to_2009,6,t,True,4,1,3,0.75,2001-12-14,2001-12-14
Marsel Ilhan,Hard,2010s,4,wide,True,1,1,1,1.0,2015-02-26,2015-02-26
Marsel Ilhan,Hard,2010s,5,body,True,16,1,1,0.0625,2015-02-26,2015-02-26
Martin Borisiouk,Hard,2020s,4,wide,True,4,1,0,0.0,2024-11-12,2024-11-12
Martin Borisiouk,Hard,2020s,5,body,True,13,1,4,0.3076923076923077,2024-11-12,2024-11-12
Martin Borisiouk,Hard,2020s,6,t,True,7,1,2,0.2857142857142857,2024-11-12,2024-11-12
Martin Cuevas,Clay,2020s,4,wide,True,13,1,7,0.5384615384615384,2021-09-18,2021-09-18
Martin Cuevas,Clay,2020s,5,body,True,14,1,6,0.42857142857142855,2021-09-18,2021-09-18
Martin Cuevas,Clay,2020s,6,t,True,12,1,3,0.25,2021-09-18,2021-09-18
Martin Damm,Hard,2020s,4,wide,True,22,2,15,0.6818181818181818,2025-08-25,2026-02-03
Martin Damm,Hard,2020s,5,body,True,16,2,10,0.625,2025-08-25,2026-02-03
Martin Damm,Hard,2020s,6,t,True,19,2,12,0.631578947368421,2025-08-25,2026-02-03
Martin Damm Sr,Grass,to_2009,4,wide,True,5,1,1,0.2,1998-06-21,1998-06-21
Martin Damm Sr,Grass,to_2009,5,body,True,10,1,6,0.6,1998-06-21,1998-06-21
Martin Damm Sr,Grass,to_2009,6,t,True,4,1,2,0.5,1998-06-21,1998-06-21
Martin Jaite,Clay,to_2009,4,wide,True,43,3,24,0.5581395348837209,1985-05-27,1988-05-24
Martin Jaite,Clay,to_2009,5,body,True,57,3,30,0.5263157894736842,1985-05-27,1988-05-24
Martin Jaite,Clay,to_2009,6,t,True,28,3,10,0.35714285714285715,1985-05-27,1988-05-24
Martin Klizan,Hard,2010s,4,wide,True,60,6,39,0.65,2015-09-25,2019-03-07
Martin Klizan,Hard,2010s,5,body,True,53,6,26,0.49056603773584906,2015-09-25,2019-03-07
Martin Klizan,Hard,2010s,6,t,True,68,6,29,0.4264705882352941,2015-09-25,2019-03-07
Martin Klizan,Clay,2010s,4,wide,True,80,7,38,0.475,2015-04-10,2019-04-23
Martin Klizan,Clay,2010s,5,body,True,34,7,16,0.47058823529411764,2015-04-10,2019-04-23
Martin Klizan,Clay,2010s,6,t,True,51,7,28,0.5490196078431373,2015-04-10,2019-04-23
Martin Landaluce,Hard,2020s,4,wide,True,16,2,9,0.5625,2022-10-10,2026-03-24
Martin Landaluce,Hard,2020s,5,body,True,29,2,12,0.41379310344827586,2022-10-10,2026-03-24
Martin Landaluce,Hard,2020s,6,t,True,16,2,3,0.1875,2022-10-10,2026-03-24
Martin Landaluce,Clay,2020s,4,wide,True,19,1,9,0.47368421052631576,2024-04-15,2024-04-15
Martin Landaluce,Clay,2020s,5,body,True,10,1,5,0.5,2024-04-15,2024-04-15
Martin Landaluce,Clay,2020s,6,t,True,14,1,5,0.35714285714285715,2024-04-15,2024-04-15
Martin Redlicki,Hard,2010s,4,wide,True,8,1,3,0.375,2019-02-04,2019-02-04
Martin Redlicki,Hard,2010s,5,body,True,7,1,1,0.14285714285714285,2019-02-04,2019-02-04
Martin Redlicki,Hard,2010s,6,t,True,3,1,0,0.0,2019-02-04,2019-02-04
Martin Verkerk,Hard,to_2009,4,wide,True,13,1,6,0.46153846153846156,2003-10-30,2003-10-30
Martin Verkerk,Hard,to_2009,5,body,True,14,1,7,0.5,2003-10-30,2003-10-30
Martin Verkerk,Hard,to_2009,6,t,True,29,1,15,0.5172413793103449,2003-10-30,2003-10-30
Martin Verkerk,Clay,to_2009,4,wide,True,49,2,14,0.2857142857142857,2003-06-08,2004-05-30
Martin Verkerk,Clay,to_2009,5,body,True,22,2,7,0.3181818181818182,2003-06-08,2004-05-30
Martin Verkerk,Clay,to_2009,6,t,True,31,2,8,0.25806451612903225,2003-06-08,2004-05-30
Marton Fucsovics,Hard,2010s,4,wide,True,189,11,90,0.47619047619047616,2018-01-22,2019-10-21
Marton Fucsovics,Hard,2010s,5,body,True,126,10,68,0.5396825396825397,2018-01-22,2019-10-21
Marton Fucsovics,Hard,2010s,6,t,True,116,11,54,0.46551724137931033,2018-01-22,2019-10-21
Marton Fucsovics,Hard,2020s,4,wide,True,234,17,128,0.5470085470085471,2020-01-20,2026-03-06
Marton Fucsovics,Hard,2020s,5,body,True,198,17,101,0.51010101010101,2020-01-20,2026-03-06
Marton Fucsovics,Hard,2020s,6,t,True,110,17,47,0.42727272727272725,2020-01-20,2026-03-06
Marton Fucsovics,Clay,2010s,4,wide,True,47,3,28,0.5957446808510638,2018-05-31,2019-07-22
Marton Fucsovics,Clay,2010s,5,body,True,29,3,15,0.5172413793103449,2018-05-31,2019-07-22
Marton Fucsovics,Clay,2010s,6,t,True,29,3,16,0.5517241379310345,2018-05-31,2019-07-22
Marton Fucsovics,Clay,2020s,4,wide,True,140,7,63,0.45,2020-09-28,2024-07-28
Marton Fucsovics,Clay,2020s,5,body,True,66,5,31,0.4696969696969697,2020-09-28,2024-07-28
Marton Fucsovics,Clay,2020s,6,t,True,71,7,31,0.43661971830985913,2020-09-28,2024-07-28
Marton Fucsovics,Grass,2020s,4,wide,True,97,4,55,0.5670103092783505,2021-06-29,2024-07-01
Marton Fucsovics,Grass,2020s,5,body,True,77,4,31,0.4025974025974026,2021-06-29,2024-07-01
Marton Fucsovics,Grass,2020s,6,t,True,26,4,12,0.46153846153846156,2021-06-29,2024-07-01
Masamichi Imamura,Hard,2020s,4,wide,True,8,1,7,0.875,2024-07-07,2024-07-07
Masamichi Imamura,Hard,2020s,5,body,True,6,1,3,0.5,2024-07-07,2024-07-07
Mate Delic,Clay,2010s,4,wide,True,4,1,2,0.5,2014-05-09,2014-05-09
Mate Delic,Clay,2010s,5,body,True,15,1,5,0.3333333333333333,2014-05-09,2014-05-09
Mate Delic,Clay,2010s,6,t,True,4,1,1,0.25,2014-05-09,2014-05-09
Mate Valkusz,Clay,2010s,4,wide,True,10,1,6,0.6,2019-04-24,2019-04-24
Mate Valkusz,Clay,2010s,5,body,True,8,1,2,0.25,2019-04-24,2019-04-24
Mate Valkusz,Clay,2010s,6,t,True,11,1,8,0.7272727272727273,2019-04-24,2019-04-24
Mateus Alves,Clay,2020s,4,wide,True,14,2,4,0.2857142857142857,2023-02-22,2024-10-24
Mateus Alves,Clay,2020s,5,body,True,20,2,11,0.55,2023-02-22,2024-10-24
Mateus Alves,Clay,2020s,6,t,True,11,2,7,0.6363636363636364,2023-02-22,2024-10-24
Mathias Bourgue,Clay,2010s,4,wide,True,8,1,3,0.375,2014-04-29,2014-04-29
Mathias Bourgue,Clay,2010s,5,body,True,9,1,3,0.3333333333333333,2014-04-29,2014-04-29
Mathias Bourgue,Clay,2010s,6,t,True,8,1,4,0.5,2014-04-29,2014-04-29
Mats Wilander,Hard,to_2009,4,wide,True,106,13,43,0.4056603773584906,1985-09-07,1995-07-29
Mats Wilander,Hard,to_2009,5,body,True,248,15,108,0.43548387096774194,1985-08-25,1995-07-29
Mats Wilander,Hard,to_2009,6,t,True,103,15,62,0.6019417475728155,1985-08-25,1995-07-29
Mats Wilander,Clay,to_2009,4,wide,True,118,13,67,0.5677966101694916,1982-05-31,1988-06-05
Mats Wilander,Clay,to_2009,5,body,True,138,12,71,0.5144927536231884,1982-05-31,1988-06-04
Mats Wilander,Clay,to_2009,6,t,True,92,11,50,0.5434782608695652,1982-05-31,1988-06-04
Mats Wilander,Grass,to_2009,4,wide,True,91,6,40,0.43956043956043955,1983-12-09,1987-07-01
Mats Wilander,Grass,to_2009,5,body,True,46,6,28,0.6086956521739131,1983-12-09,1987-07-01
Mats Wilander,Grass,to_2009,6,t,True,29,6,13,0.4482758620689655,1983-12-09,1987-07-01
Matt Reid,Hard,2010s,4,wide,True,14,2,8,0.5714285714285714,2014-02-01,2016-04-15
Matt Reid,Hard,2010s,5,body,True,18,2,11,0.6111111111111112,2014-02-01,2016-04-15
Matt Reid,Hard,2010s,6,t,True,10,2,4,0.4,2014-02-01,2016-04-15
Matteo Arnaldi,Hard,2020s,4,wide,True,280,16,148,0.5285714285714286,2023-02-28,2025-03-22
Matteo Arnaldi,Hard,2020s,5,body,True,151,16,69,0.45695364238410596,2023-02-28,2025-03-22
Matteo Arnaldi,Hard,2020s,6,t,True,164,16,75,0.4573170731707317,2023-02-28,2025-03-22
Matteo Arnaldi,Clay,2020s,4,wide,True,74,5,34,0.4594594594594595,2022-05-08,2025-05-27
Matteo Arnaldi,Clay,2020s,5,body,True,39,5,17,0.4358974358974359,2022-05-08,2025-05-27
Matteo Arnaldi,Clay,2020s,6,t,True,62,5,38,0.6129032258064516,2022-05-08,2025-05-27
Matteo Berrettini,Hard,2010s,4,wide,True,81,10,46,0.5679012345679012,2016-11-26,2019-11-14
Matteo Berrettini,Hard,2010s,5,body,True,111,10,61,0.5495495495495496,2016-11-26,2019-11-14
Matteo Berrettini,Hard,2010s,6,t,True,58,10,28,0.4827586206896552,2016-11-26,2019-11-14
Matteo Berrettini,Hard,2020s,4,wide,True,343,45,157,0.4577259475218659,2020-01-22,2026-03-06
Matteo Berrettini,Hard,2020s,5,body,True,713,45,381,0.5343618513323983,2020-01-22,2026-03-06
Matteo Berrettini,Hard,2020s,6,t,True,240,45,115,0.4791666666666667,2020-01-22,2026-03-06
Matteo Berrettini,Clay,2010s,4,wide,True,21,3,14,0.6666666666666666,2018-07-18,2019-04-27
Matteo Berrettini,Clay,2010s,5,body,True,29,3,13,0.4482758620689655,2018-07-18,2019-04-27
Matteo Berrettini,Clay,2010s,6,t,True,15,3,10,0.6666666666666666,2018-07-18,2019-04-27
Matteo Berrettini,Clay,2020s,4,wide,True,136,16,72,0.5294117647058824,2021-05-06,2026-04-09
Matteo Berrettini,Clay,2020s,5,body,True,128,14,62,0.484375,2021-05-06,2026-04-09
Matteo Berrettini,Clay,2020s,6,t,True,103,16,49,0.47572815533980584,2021-05-06,2026-04-09
Matteo Berrettini,Grass,2010s,4,wide,True,17,4,9,0.5294117647058824,2019-02-01,2019-07-08
Matteo Berrettini,Grass,2010s,5,body,True,72,5,48,0.6666666666666666,2019-02-01,2019-07-08
Matteo Berrettini,Grass,2010s,6,t,True,19,5,9,0.47368421052631576,2019-02-01,2019-07-08
Matteo Berrettini,Grass,2020s,4,wide,True,90,15,45,0.5,2021-06-20,2025-06-30
Matteo Berrettini,Grass,2020s,5,body,True,297,15,153,0.5151515151515151,2021-06-20,2025-06-30
Matteo Berrettini,Grass,2020s,6,t,True,125,14,68,0.544,2021-06-20,2025-06-30
Matteo Gigante,Clay,2020s,4,wide,True,20,1,9,0.45,2025-05-28,2025-05-28
Matteo Gigante,Clay,2020s,5,body,True,12,1,6,0.5,2025-05-28,2025-05-28
Matteo Gigante,Clay,2020s,6,t,True,17,1,8,0.47058823529411764,2025-05-28,2025-05-28
Matteo Martineau,Clay,2020s,4,wide,True,17,1,6,0.35294117647058826,2024-03-15,2024-03-15
Matteo Martineau,Clay,2020s,5,body,True,7,1,3,0.42857142857142855,2024-03-15,2024-03-15
Matteo Martineau,Clay,2020s,6,t,True,13,1,4,0.3076923076923077,2024-03-15,2024-03-15
Matthew Ebden,Hard,2010s,4,wide,True,7,3,4,0.5714285714285714,2014-01-01,2018-10-12
Matthew Ebden,Hard,2010s,5,body,True,36,3,12,0.3333333333333333,2014-01-01,2018-10-12
Matthew Ebden,Hard,2010s,6,t,True,28,3,14,0.5,2014-01-01,2018-10-12
Matthew Ebden,Clay,2020s,4,wide,True,1,1,1,1.0,2024-07-27,2024-07-27
Matthew Ebden,Clay,2020s,5,body,True,12,1,3,0.25,2024-07-27,2024-07-27
Matthew Ebden,Clay,2020s,6,t,True,4,1,1,0.25,2024-07-27,2024-07-27
Matthew Ebden,Grass,2010s,4,wide,True,10,2,8,0.8,2015-06-15,2018-06-22
Matthew Ebden,Grass,2010s,5,body,True,27,2,11,0.4074074074074074,2015-06-15,2018-06-22
Matthew Ebden,Grass,2010s,6,t,True,13,2,6,0.46153846153846156,2015-06-15,2018-06-22
Matthias Bachinger,Hard,2010s,4,wide,True,28,2,9,0.32142857142857145,2018-09-23,2019-02-22
Matthias Bachinger,Hard,2010s,5,body,True,10,2,4,0.4,2018-09-23,2019-02-22
Matthias Bachinger,Hard,2010s,6,t,True,15,2,6,0.4,2018-09-23,2019-02-22
Mattia Bellucci,Hard,2020s,4,wide,True,108,9,62,0.5740740740740741,2022-10-16,2025-08-28
Mattia Bellucci,Hard,2020s,5,body,True,69,9,29,0.42028985507246375,2022-10-16,2025-08-28
Mattia Bellucci,Hard,2020s,6,t,True,90,8,45,0.5,2022-10-16,2025-08-28
Mattia Bellucci,Clay,2020s,4,wide,True,9,1,2,0.2222222222222222,2025-04-04,2025-04-04
Mattia Bellucci,Clay,2020s,5,body,True,6,1,3,0.5,2025-04-04,2025-04-04
Mattia Bellucci,Clay,2020s,6,t,True,9,1,4,0.4444444444444444,2025-04-04,2025-04-04
Matwe Middelkoop,Hard,2020s,4,wide,True,8,1,4,0.5,2023-02-05,2023-02-05
Matwe Middelkoop,Hard,2020s,5,body,True,5,1,4,0.8,2023-02-05,2023-02-05
Matwe Middelkoop,Hard,2020s,6,t,True,10,1,6,0.6,2023-02-05,2023-02-05
Mauricio Echazu,Clay,2010s,4,wide,True,11,1,5,0.45454545454545453,2014-04-15,2014-04-15
Mauricio Echazu,Clay,2010s,5,body,True,14,1,4,0.2857142857142857,2014-04-15,2014-04-15
Mauricio Echazu,Clay,2010s,6,t,True,2,1,0,0.0,2014-04-15,2014-04-15
Max Hans Rehberg,Hard,2020s,4,wide,True,10,1,7,0.7,2022-10-16,2022-10-16
Max Hans Rehberg,Hard,2020s,5,body,True,7,1,4,0.5714285714285714,2022-10-16,2022-10-16
Max Hans Rehberg,Hard,2020s,6,t,True,6,1,4,0.6666666666666666,2022-10-16,2022-10-16
Max Hans Rehberg,Clay,2020s,4,wide,True,6,1,3,0.5,2022-04-25,2022-04-25
Max Hans Rehberg,Clay,2020s,5,body,True,9,1,5,0.5555555555555556,2022-04-25,2022-04-25
Max Hans Rehberg,Clay,2020s,6,t,True,4,1,0,0.0,2022-04-25,2022-04-25
Max Houkes,Clay,2020s,4,wide,True,26,2,17,0.6538461538461539,2022-07-11,2025-02-18
Max Houkes,Clay,2020s,5,body,True,13,2,9,0.6923076923076923,2022-07-11,2025-02-18
Max Houkes,Clay,2020s,6,t,True,12,2,8,0.6666666666666666,2022-07-11,2025-02-18
Max Mirnyi,Hard,to_2009,4,wide,True,90,7,44,0.4888888888888889,2001-08-27,2006-01-21
Max Mirnyi,Hard,to_2009,5,body,True,68,7,37,0.5441176470588235,2001-08-27,2006-01-21
Max Mirnyi,Hard,to_2009,6,t,True,79,7,31,0.3924050632911392,2001-08-27,2006-01-21
Max Mirnyi,Clay,to_2009,4,wide,True,13,1,2,0.15384615384615385,2002-05-18,2002-05-18
Max Mirnyi,Clay,to_2009,5,body,True,4,1,1,0.25,2002-05-18,2002-05-18
Max Mirnyi,Clay,to_2009,6,t,True,12,1,9,0.75,2002-05-18,2002-05-18
Max Purcell,Hard,2020s,4,wide,True,32,3,18,0.5625,2024-01-08,2024-03-20
Max Purcell,Hard,2020s,5,body,True,21,2,12,0.5714285714285714,2024-01-08,2024-01-18
Max Purcell,Hard,2020s,6,t,True,35,3,19,0.5428571428571428,2024-01-08,2024-03-20
Max Purcell,Clay,2020s,4,wide,True,21,1,12,0.5714285714285714,2024-05-27,2024-05-27
Max Purcell,Clay,2020s,5,body,True,28,1,17,0.6071428571428571,2024-05-27,2024-05-27
Max Purcell,Clay,2020s,6,t,True,24,1,12,0.5,2024-05-27,2024-05-27
Max Purcell,Grass,2020s,4,wide,True,18,2,8,0.4444444444444444,2022-07-13,2023-07-03
Max Purcell,Grass,2020s,5,body,True,62,3,28,0.45161290322580644,2022-06-27,2023-07-03
Max Purcell,Grass,2020s,6,t,True,28,3,11,0.39285714285714285,2022-06-27,2023-07-03
Max Schoenhaus,Clay,2020s,4,wide,True,4,1,3,0.75,2025-06-07,2025-06-07
Max Schoenhaus,Clay,2020s,5,body,True,11,1,6,0.5454545454545454,2025-06-07,2025-06-07
Max Schoenhaus,Clay,2020s,6,t,True,15,1,4,0.26666666666666666,2025-06-07,2025-06-07
Maxim Mrva,Hard,2020s,4,wide,True,7,1,4,0.5714285714285714,2025-10-19,2025-10-19
Maxim Mrva,Hard,2020s,5,body,True,21,1,5,0.23809523809523808,2025-10-19,2025-10-19
Maxim Mrva,Hard,2020s,6,t,True,5,1,1,0.2,2025-10-19,2025-10-19
Maxime Cressy,Hard,2020s,4,wide,True,315,19,179,0.5682539682539682,2021-08-31,2023-02-15
Maxime Cressy,Hard,2020s,5,body,True,77,14,32,0.4155844155844156,2021-08-31,2023-02-15
Maxime Cressy,Hard,2020s,6,t,True,202,19,117,0.5792079207920792,2021-08-31,2023-02-15
Maxime Cressy,Clay,2020s,4,wide,True,65,4,28,0.4307692307692308,2022-04-12,2023-04-26
Maxime Cressy,Clay,2020s,5,body,True,24,4,11,0.4583333333333333,2022-04-12,2023-04-26
Maxime Cressy,Clay,2020s,6,t,True,45,4,21,0.4666666666666667,2022-04-12,2023-04-26
Maxime Cressy,Grass,2020s,4,wide,True,195,10,103,0.5282051282051282,2022-06-14,2024-07-15
Maxime Cressy,Grass,2020s,5,body,True,82,10,41,0.5,2022-06-14,2024-07-15
Maxime Cressy,Grass,2020s,6,t,True,126,10,68,0.5396825396825397,2022-06-14,2024-07-15
Maximilian Marterer,Hard,2010s,4,wide,True,7,1,3,0.42857142857142855,2019-03-09,2019-03-09
Maximilian Marterer,Hard,2010s,5,body,True,2,1,1,0.5,2019-03-09,2019-03-09
Maximilian Marterer,Hard,2010s,6,t,True,3,1,1,0.3333333333333333,2019-03-09,2019-03-09
Maximilian Marterer,Hard,2020s,4,wide,True,8,1,7,0.875,2023-11-05,2023-11-05
Maximilian Marterer,Hard,2020s,5,body,True,23,1,12,0.5217391304347826,2023-11-05,2023-11-05
Maximilian Marterer,Hard,2020s,6,t,True,5,1,3,0.6,2023-11-05,2023-11-05
Maximilian Marterer,Clay,2010s,4,wide,True,8,2,5,0.625,2018-05-05,2019-02-05
Maximilian Marterer,Clay,2010s,5,body,True,12,2,4,0.3333333333333333,2018-05-05,2019-02-05
Maximilian Marterer,Clay,2010s,6,t,True,10,2,6,0.6,2018-05-05,2019-02-05
Maximilian Marterer,Clay,2020s,4,wide,True,35,3,23,0.6571428571428571,2023-07-23,2025-05-23
Maximilian Marterer,Clay,2020s,5,body,True,31,3,17,0.5483870967741935,2023-07-23,2025-05-23
Maximilian Marterer,Clay,2020s,6,t,True,16,3,8,0.5,2023-07-23,2025-05-23
Maximilian Neuchrist,Clay,2020s,4,wide,True,7,1,3,0.42857142857142855,2022-12-04,2022-12-04
Maximilian Neuchrist,Clay,2020s,5,body,True,2,1,0,0.0,2022-12-04,2022-12-04
Maximilian Neuchrist,Clay,2020s,6,t,True,10,1,5,0.5,2022-12-04,2022-12-04
Maximo Gonzalez,Hard,to_2009,4,wide,True,13,1,4,0.3076923076923077,2008-08-27,2008-08-27
Maximo Gonzalez,Hard,to_2009,5,body,True,1,1,0,0.0,2008-08-27,2008-08-27
Maximo Gonzalez,Hard,to_2009,6,t,True,12,1,5,0.4166666666666667,2008-08-27,2008-08-27
Maximo Gonzalez,Clay,2010s,4,wide,True,8,1,3,0.375,2014-06-28,2014-06-28
Maximo Gonzalez,Clay,2010s,5,body,True,5,1,2,0.4,2014-06-28,2014-06-28
Maximo Gonzalez,Clay,2010s,6,t,True,6,1,3,0.5,2014-06-28,2014-06-28
Mees Rottgering,Hard,2020s,4,wide,True,14,2,10,0.7142857142857143,2025-02-03,2025-02-24
Mees Rottgering,Hard,2020s,5,body,True,53,2,27,0.5094339622641509,2025-02-03,2025-02-24
Mees Rottgering,Hard,2020s,6,t,True,12,1,5,0.4166666666666667,2025-02-24,2025-02-24
Michael Berrer,Hard,2010s,4,wide,True,23,3,12,0.5217391304347826,2011-01-02,2015-07-25
Michael Berrer,Hard,2010s,5,body,True,34,3,16,0.47058823529411764,2011-01-02,2015-07-25
Michael Berrer,Hard,2010s,6,t,True,25,3,18,0.72,2011-01-02,2015-07-25
Michael Berrer,Clay,2010s,4,wide,True,2,1,0,0.0,2010-04-15,2010-04-15
Michael Berrer,Clay,2010s,5,body,True,11,1,3,0.2727272727272727,2010-04-15,2010-04-15
Michael Berrer,Clay,2010s,6,t,True,2,1,0,0.0,2010-04-15,2010-04-15
Michael Berrer,Grass,2010s,4,wide,True,6,1,5,0.8333333333333334,2015-06-08,2015-06-08
Michael Berrer,Grass,2010s,5,body,True,3,1,2,0.6666666666666666,2015-06-08,2015-06-08
Michael Berrer,Grass,2010s,6,t,True,6,1,2,0.3333333333333333,2015-06-08,2015-06-08
Michael Chang,Hard,to_2009,4,wide,True,507,29,250,0.4930966469428008,1990-07-28,1998-02-22
Michael Chang,Hard,to_2009,5,body,True,431,29,207,0.4802784222737819,1990-07-28,1998-02-22
Michael Chang,Hard,to_2009,6,t,True,285,29,135,0.47368421052631576,1990-07-28,1998-02-22
Michael Chang,Clay,to_2009,4,wide,True,104,5,60,0.5769230769230769,1989-06-11,1996-06-01
Michael Chang,Clay,to_2009,5,body,True,40,5,17,0.425,1989-06-11,1996-06-01
Michael Chang,Clay,to_2009,6,t,True,41,3,23,0.5609756097560976,1990-06-05,1996-06-01
Michael Chang,Grass,to_2009,4,wide,True,54,3,25,0.46296296296296297,1990-07-02,1995-06-29
Michael Chang,Grass,to_2009,5,body,True,19,3,10,0.5263157894736842,1990-07-02,1995-06-29
Michael Chang,Grass,to_2009,6,t,True,26,3,14,0.5384615384615384,1990-07-02,1995-06-29
Michael Geerts,Hard,2020s,4,wide,True,17,2,10,0.5882352941176471,2022-10-19,2025-10-14
Michael Geerts,Hard,2020s,5,body,True,38,2,16,0.42105263157894735,2022-10-19,2025-10-14
Michael Geerts,Hard,2020s,6,t,True,9,1,5,0.5555555555555556,2025-10-14,2025-10-14
Michael Llodra,Hard,2010s,4,wide,True,43,4,25,0.5813953488372093,2010-11-11,2012-10-29
Michael Llodra,Hard,2010s,5,body,True,27,4,10,0.37037037037037035,2010-11-11,2012-10-29
Michael Llodra,Hard,2010s,6,t,True,53,4,17,0.32075471698113206,2010-11-11,2012-10-29
Michael Mmoh,Hard,2010s,4,wide,True,15,2,6,0.4,2016-01-28,2017-02-11
Michael Mmoh,Hard,2010s,5,body,True,18,2,3,0.16666666666666666,2016-01-28,2017-02-11
Michael Mmoh,Hard,2010s,6,t,True,3,2,1,0.3333333333333333,2016-01-28,2017-02-11
Michael Mmoh,Hard,2020s,4,wide,True,39,3,21,0.5384615384615384,2023-08-01,2025-02-06
Michael Mmoh,Hard,2020s,5,body,True,50,3,29,0.58,2023-08-01,2025-02-06
Michael Mmoh,Hard,2020s,6,t,True,16,3,10,0.625,2023-08-01,2025-02-06
Michael Redlicki,Hard,2010s,4,wide,True,4,1,2,0.5,2019-02-04,2019-02-04
Michael Redlicki,Hard,2010s,5,body,True,10,1,8,0.8,2019-02-04,2019-02-04
Michael Redlicki,Hard,2010s,6,t,True,9,1,4,0.4444444444444444,2019-02-04,2019-02-04
Michael Russell,Clay,to_2009,4,wide,True,25,1,15,0.6,2001-06-03,2001-06-03
Michael Russell,Clay,to_2009,5,body,True,3,1,2,0.6666666666666666,2001-06-03,2001-06-03
Michael Russell,Clay,to_2009,6,t,True,25,1,15,0.6,2001-06-03,2001-06-03
Michael Stich,Hard,to_2009,4,wide,True,427,24,233,0.5456674473067916,1990-08-29,1996-08-26
Michael Stich,Hard,to_2009,5,body,True,370,24,192,0.518918918918919,1990-08-29,1996-08-26
Michael Stich,Hard,to_2009,6,t,True,347,24,157,0.45244956772334294,1990-08-29,1996-08-26
Michael Stich,Hard,to_2009,0,unknown,False,1,1,0,0.0,1994-08-13,1994-08-13
Michael Stich,Clay,to_2009,4,wide,True,176,10,96,0.5454545454545454,1991-06-07,1996-06-09
Michael Stich,Clay,to_2009,5,body,True,111,10,62,0.5585585585585585,1991-06-07,1996-06-09
Michael Stich,Clay,to_2009,6,t,True,172,10,81,0.47093023255813954,1991-06-07,1996-06-09
Michael Stich,Grass,to_2009,4,wide,True,161,10,93,0.577639751552795,1991-07-02,1997-07-04
Michael Stich,Grass,to_2009,5,body,True,139,10,84,0.60431654676259,1991-07-02,1997-07-04
Michael Stich,Grass,to_2009,6,t,True,209,10,116,0.5550239234449761,1991-07-02,1997-07-04
Michael Westphal,Hard,to_2009,4,wide,True,1,1,1,1.0,1985-12-22,1985-12-22
Michael Westphal,Hard,to_2009,5,body,True,22,1,9,0.4090909090909091,1985-12-22,1985-12-22
Michael Westphal,Hard,to_2009,6,t,True,12,1,3,0.25,1985-12-22,1985-12-22
Michael Zheng,Hard,2020s,4,wide,True,26,2,18,0.6923076923076923,2025-11-21,2026-01-15
Michael Zheng,Hard,2020s,5,body,True,17,2,10,0.5882352941176471,2025-11-21,2026-01-15
Michael Zheng,Hard,2020s,6,t,True,15,2,5,0.3333333333333333,2025-11-21,2026-01-15
Michael Zheng,Clay,2020s,4,wide,True,10,1,5,0.5,2026-05-21,2026-05-21
Michael Zheng,Clay,2020s,5,body,True,2,1,1,0.5,2026-05-21,2026-05-21
Michael Zheng,Clay,2020s,6,t,True,15,1,10,0.6666666666666666,2026-05-21,2026-05-21
Michael Zheng,Grass,2020s,4,wide,True,11,1,4,0.36363636363636365,2022-07-10,2022-07-10
Michael Zheng,Grass,2020s,5,body,True,26,1,16,0.6153846153846154,2022-07-10,2022-07-10
Michael Zheng,Grass,2020s,6,t,True,7,1,3,0.42857142857142855,2022-07-10,2022-07-10
Michal Przysiezny,Hard,2010s,4,wide,True,11,1,7,0.6363636363636364,2014-01-07,2014-01-07
Michal Przysiezny,Hard,2010s,5,body,True,8,1,2,0.25,2014-01-07,2014-01-07
Michal Przysiezny,Hard,2010s,6,t,True,4,1,2,0.5,2014-01-07,2014-01-07
Michal Przysiezny,Grass,2010s,4,wide,True,8,1,4,0.5,2014-06-09,2014-06-09
Michal Przysiezny,Grass,2010s,5,body,True,10,1,5,0.5,2014-06-09,2014-06-09
Michal Przysiezny,Grass,2010s,6,t,True,4,1,0,0.0,2014-06-09,2014-06-09
Michel Kratochvil,Hard,to_2009,4,wide,True,9,1,3,0.3333333333333333,2001-10-07,2001-10-07
Michel Kratochvil,Hard,to_2009,5,body,True,10,1,5,0.5,2001-10-07,2001-10-07
Michel Kratochvil,Hard,to_2009,6,t,True,7,1,4,0.5714285714285714,2001-10-07,2001-10-07
Michiel Schapers,Hard,to_2009,4,wide,True,5,1,2,0.4,1991-08-29,1991-08-29
Michiel Schapers,Hard,to_2009,5,body,True,8,1,2,0.25,1991-08-29,1991-08-29
Michiel Schapers,Hard,to_2009,6,t,True,2,1,0,0.0,1991-08-29,1991-08-29
Mikael Pernfors,Hard,to_2009,4,wide,True,70,4,37,0.5285714285714286,1990-01-21,1993-09-03
Mikael Pernfors,Hard,to_2009,5,body,True,47,4,24,0.5106382978723404,1990-01-21,1993-09-03
Mikael Pernfors,Hard,to_2009,6,t,True,33,4,19,0.5757575757575758,1990-01-21,1993-09-03
Mikael Pernfors,Clay,to_2009,4,wide,True,50,2,18,0.36,1986-06-06,1986-06-08
Mikael Pernfors,Clay,to_2009,5,body,True,15,2,9,0.6,1986-06-06,1986-06-08
Mikael Pernfors,Clay,to_2009,6,t,True,20,2,13,0.65,1986-06-06,1986-06-08
Mikael Pernfors,Grass,to_2009,4,wide,True,25,1,12,0.48,1987-06-30,1987-06-30
Mikael Pernfors,Grass,to_2009,5,body,True,22,1,11,0.5,1987-06-30,1987-06-30
Mikael Pernfors,Grass,to_2009,6,t,True,12,1,7,0.5833333333333334,1987-06-30,1987-06-30
Mikael Tillstrom,Hard,to_2009,4,wide,True,13,2,6,0.46153846153846156,1999-10-17,2000-01-19
Mikael Tillstrom,Hard,to_2009,5,body,True,39,2,19,0.48717948717948717,1999-10-17,2000-01-19
Mikael Tillstrom,Hard,to_2009,6,t,True,15,2,7,0.4666666666666667,1999-10-17,2000-01-19
Mikael Tillstrom,Grass,to_2009,4,wide,True,12,1,5,0.4166666666666667,1997-06-24,1997-06-24
Mikael Tillstrom,Grass,to_2009,5,body,True,21,1,7,0.3333333333333333,1997-06-24,1997-06-24
Mikael Tillstrom,Grass,to_2009,6,t,True,10,1,6,0.6,1997-06-24,1997-06-24
Mikael Ymer,Hard,2010s,4,wide,True,7,2,5,0.7142857142857143,2016-10-18,2019-03-21
Mikael Ymer,Hard,2010s,5,body,True,17,2,8,0.47058823529411764,2016-10-18,2019-03-21
Mikael Ymer,Hard,2010s,6,t,True,6,2,2,0.3333333333333333,2016-10-18,2019-03-21
Mikael Ymer,Hard,2020s,4,wide,True,37,7,22,0.5945945945945946,2021-02-09,2023-03-01
Mikael Ymer,Hard,2020s,5,body,True,149,8,76,0.5100671140939598,2020-02-04,2023-03-01
Mikael Ymer,Hard,2020s,6,t,True,63,8,32,0.5079365079365079,2020-02-04,2023-03-01
Mikael Ymer,Clay,2020s,4,wide,True,8,2,5,0.625,2021-06-03,2021-07-22
Mikael Ymer,Clay,2020s,5,body,True,44,2,19,0.4318181818181818,2021-06-03,2021-07-22
Mikael Ymer,Clay,2020s,6,t,True,17,2,8,0.47058823529411764,2021-06-03,2021-07-22
Mikael Ymer,Grass,2010s,4,wide,True,6,1,4,0.6666666666666666,2019-06-26,2019-06-26
Mikael Ymer,Grass,2010s,5,body,True,13,1,10,0.7692307692307693,2019-06-26,2019-06-26
Mikael Ymer,Grass,2010s,6,t,True,4,1,1,0.25,2019-06-26,2019-06-26
Mikael Ymer,Grass,2020s,4,wide,True,6,1,4,0.6666666666666666,2022-06-29,2022-06-29
Mikael Ymer,Grass,2020s,5,body,True,32,1,17,0.53125,2022-06-29,2022-06-29
Mikael Ymer,Grass,2020s,6,t,True,11,1,6,0.5454545454545454,2022-06-29,2022-06-29
Mike Bryan,Hard,to_2009,4,wide,True,6,1,2,0.3333333333333333,2001-08-27,2001-08-27
Mike Bryan,Hard,to_2009,5,body,True,10,1,4,0.4,2001-08-27,2001-08-27
Mike Bryan,Hard,to_2009,6,t,True,7,1,2,0.2857142857142857,2001-08-27,2001-08-27
Mike Bryan,Hard,to_2009,0,unknown,False,8,1,1,0.125,2001-08-27,2001-08-27
Mikhail Kukushkin,Hard,2010s,4,wide,True,68,8,47,0.6911764705882353,2015-10-27,2019-11-19
Mikhail Kukushkin,Hard,2010s,5,body,True,71,8,47,0.6619718309859155,2015-10-27,2019-11-19
Mikhail Kukushkin,Hard,2010s,6,t,True,52,8,29,0.5576923076923077,2015-10-27,2019-11-19
Mikhail Kukushkin,Hard,2020s,4,wide,True,63,5,33,0.5238095238095238,2020-01-21,2022-03-24
Mikhail Kukushkin,Hard,2020s,5,body,True,75,5,42,0.56,2020-01-21,2022-03-24
Mikhail Kukushkin,Hard,2020s,6,t,True,52,5,28,0.5384615384615384,2020-01-21,2022-03-24
Mikhail Kukushkin,Clay,2010s,4,wide,True,20,2,5,0.25,2015-04-09,2015-04-13
Mikhail Kukushkin,Clay,2010s,5,body,True,19,2,9,0.47368421052631576,2015-04-09,2015-04-13
Mikhail Kukushkin,Clay,2010s,6,t,True,7,2,0,0.0,2015-04-09,2015-04-13
Mikhail Kukushkin,Grass,2010s,4,wide,True,24,2,13,0.5416666666666666,2014-06-28,2019-07-08
Mikhail Kukushkin,Grass,2010s,5,body,True,51,2,15,0.29411764705882354,2014-06-28,2019-07-08
Mikhail Kukushkin,Grass,2010s,6,t,True,17,2,8,0.47058823529411764,2014-06-28,2019-07-08
Mikhail Youzhny,Hard,to_2009,4,wide,True,130,12,67,0.5153846153846153,2004-10-25,2009-11-08
Mikhail Youzhny,Hard,to_2009,5,body,True,101,11,50,0.49504950495049505,2004-10-25,2009-11-08
Mikhail Youzhny,Hard,to_2009,6,t,True,124,12,55,0.4435483870967742,2004-10-25,2009-11-08
Mikhail Youzhny,Hard,2010s,4,wide,True,243,17,112,0.4609053497942387,2010-02-14,2018-09-19
Mikhail Youzhny,Hard,2010s,5,body,True,124,17,63,0.5080645161290323,2010-02-14,2018-09-19
Mikhail Youzhny,Hard,2010s,6,t,True,239,17,123,0.5146443514644351,2010-02-14,2018-09-19
Mikhail Youzhny,Hard,2010s,0,unknown,False,1,1,0,0.0,2010-10-03,2010-10-03
Mikhail Youzhny,Clay,to_2009,4,wide,True,16,1,9,0.5625,2002-12-01,2002-12-01
Mikhail Youzhny,Clay,to_2009,5,body,True,23,1,10,0.43478260869565216,2002-12-01,2002-12-01
Mikhail Youzhny,Clay,to_2009,6,t,True,9,1,5,0.5555555555555556,2002-12-01,2002-12-01
Mikhail Youzhny,Clay,2010s,4,wide,True,56,4,32,0.5714285714285714,2010-05-09,2014-05-15
Mikhail Youzhny,Clay,2010s,5,body,True,41,4,20,0.4878048780487805,2010-05-09,2014-05-15
Mikhail Youzhny,Clay,2010s,6,t,True,37,3,16,0.43243243243243246,2010-05-09,2012-05-09
Mikhail Youzhny,Grass,2010s,4,wide,True,66,4,30,0.45454545454545453,2011-06-27,2013-06-26
Mikhail Youzhny,Grass,2010s,5,body,True,49,4,31,0.6326530612244898,2011-06-27,2013-06-26
Mikhail Youzhny,Grass,2010s,6,t,True,59,4,35,0.5932203389830508,2011-06-27,2013-06-26
Mili Poljicak,Clay,2020s,4,wide,True,12,1,7,0.5833333333333334,2022-05-14,2022-05-14
Mili Poljicak,Clay,2020s,5,body,True,13,1,7,0.5384615384615384,2022-05-14,2022-05-14
Mili Poljicak,Clay,2020s,6,t,True,5,1,1,0.2,2022-05-14,2022-05-14
Mili Poljicak,Grass,2020s,4,wide,True,19,1,9,0.47368421052631576,2022-07-10,2022-07-10
Mili Poljicak,Grass,2020s,5,body,True,16,1,10,0.625,2022-07-10,2022-07-10
Mili Poljicak,Grass,2020s,6,t,True,6,1,3,0.5,2022-07-10,2022-07-10
Miljan Zekic,Clay,2020s,4,wide,True,2,1,1,0.5,2022-04-17,2022-04-17
Miljan Zekic,Clay,2020s,5,body,True,17,1,5,0.29411764705882354,2022-04-17,2022-04-17
Miljan Zekic,Clay,2020s,6,t,True,2,1,1,0.5,2022-04-17,2022-04-17
Milos Raonic,Hard,2010s,4,wide,True,802,57,414,0.516209476309227,2011-02-13,2019-10-30
Milos Raonic,Hard,2010s,5,body,True,450,55,229,0.5088888888888888,2011-02-13,2019-10-30
Milos Raonic,Hard,2010s,6,t,True,515,57,269,0.5223300970873787,2011-02-13,2019-10-30
Milos Raonic,Hard,2020s,4,wide,True,114,8,57,0.5,2020-01-28,2024-02-14
Milos Raonic,Hard,2020s,5,body,True,94,8,45,0.4787234042553192,2020-01-28,2024-02-14
Milos Raonic,Hard,2020s,6,t,True,42,8,24,0.5714285714285714,2020-01-28,2024-02-14
Milos Raonic,Clay,2010s,4,wide,True,54,5,27,0.5,2014-05-17,2018-05-08
Milos Raonic,Clay,2010s,5,body,True,37,5,14,0.3783783783783784,2014-05-17,2018-05-08
Milos Raonic,Clay,2010s,6,t,True,32,5,15,0.46875,2014-05-17,2018-05-08
Milos Raonic,Grass,2010s,4,wide,True,146,9,86,0.589041095890411,2012-06-15,2019-07-05
Milos Raonic,Grass,2010s,5,body,True,83,9,45,0.5421686746987951,2012-06-15,2019-07-05
Milos Raonic,Grass,2010s,6,t,True,78,9,42,0.5384615384615384,2012-06-15,2019-07-05
Milos Raonic,Grass,2020s,4,wide,True,42,3,20,0.47619047619047616,2023-06-12,2023-07-06
Milos Raonic,Grass,2020s,5,body,True,36,3,14,0.3888888888888889,2023-06-12,2023-07-06
Milos Raonic,Grass,2020s,6,t,True,32,3,17,0.53125,2023-06-12,2023-07-06
Milos Sekulic,Clay,2010s,4,wide,True,12,1,6,0.5,2012-08-12,2012-08-12
Milos Sekulic,Clay,2010s,5,body,True,4,1,1,0.25,2012-08-12,2012-08-12
Milos Sekulic,Clay,2010s,6,t,True,11,1,4,0.36363636363636365,2012-08-12,2012-08-12
Miloslav Mecir,Hard,to_2009,4,wide,True,72,5,32,0.4444444444444444,1986-09-06,1990-01-22
Miloslav Mecir,Hard,to_2009,5,body,True,68,5,30,0.4411764705882353,1986-09-06,1990-01-22
Miloslav Mecir,Hard,to_2009,6,t,True,57,5,25,0.43859649122807015,1986-09-06,1990-01-22
Miloslav Mecir,Clay,to_2009,4,wide,True,32,3,16,0.5,1985-05-19,1987-06-05
Miloslav Mecir,Clay,to_2009,5,body,True,59,3,29,0.4915254237288136,1985-05-19,1987-06-05
Miloslav Mecir,Clay,to_2009,6,t,True,14,3,5,0.35714285714285715,1985-05-19,1987-06-05
Miloslav Mecir,Grass,to_2009,4,wide,True,14,1,8,0.5714285714285714,1988-07-02,1988-07-02
Miloslav Mecir,Grass,to_2009,5,body,True,9,1,5,0.5555555555555556,1988-07-02,1988-07-02
Miloslav Mecir,Grass,to_2009,6,t,True,25,1,14,0.56,1988-07-02,1988-07-02
Miloslav Mecir Jr,Grass,2010s,4,wide,True,3,1,2,0.6666666666666666,2014-06-13,2014-06-13
Miloslav Mecir Jr,Grass,2010s,5,body,True,10,1,4,0.4,2014-06-13,2014-06-13
Miloslav Mecir Jr,Grass,2010s,6,t,True,7,1,5,0.7142857142857143,2014-06-13,2014-06-13
Minhtuan Pham,Hard,2020s,4,wide,True,11,1,1,0.09090909090909091,2023-02-04,2023-02-04
Minhtuan Pham,Hard,2020s,5,body,True,5,1,2,0.4,2023-02-04,2023-02-04
Minhtuan Pham,Hard,2020s,6,t,True,5,1,3,0.6,2023-02-04,2023-02-04
Miomir Kecmanovic,Hard,2010s,4,wide,True,53,6,30,0.5660377358490566,2019-03-09,2019-11-06
Miomir Kecmanovic,Hard,2010s,5,body,True,96,6,50,0.5208333333333334,2019-03-09,2019-11-06
Miomir Kecmanovic,Hard,2010s,6,t,True,49,6,26,0.5306122448979592,2019-03-09,2019-11-06
Miomir Kecmanovic,Hard,2020s,4,wide,True,252,25,149,0.5912698412698413,2020-01-10,2026-01-18
Miomir Kecmanovic,Hard,2020s,5,body,True,387,25,203,0.524547803617571,2020-01-10,2026-01-18
Miomir Kecmanovic,Hard,2020s,6,t,True,296,24,151,0.5101351351351351,2020-01-10,2026-01-18
Miomir Kecmanovic,Clay,2020s,4,wide,True,89,11,51,0.5730337078651685,2021-05-03,2025-05-07
Miomir Kecmanovic,Clay,2020s,5,body,True,69,11,41,0.5942028985507246,2021-05-03,2025-05-07
Miomir Kecmanovic,Clay,2020s,6,t,True,96,11,44,0.4583333333333333,2021-05-03,2025-05-07
Miomir Kecmanovic,Grass,2010s,4,wide,True,11,1,6,0.5454545454545454,2019-06-17,2019-06-17
Miomir Kecmanovic,Grass,2010s,5,body,True,5,1,3,0.6,2019-06-17,2019-06-17
Miomir Kecmanovic,Grass,2010s,6,t,True,14,1,8,0.5714285714285714,2019-06-17,2019-06-17
Miomir Kecmanovic,Grass,2020s,4,wide,True,25,4,13,0.52,2023-06-12,2025-07-05
Miomir Kecmanovic,Grass,2020s,5,body,True,43,4,13,0.3023255813953488,2023-06-12,2025-07-05
Miomir Kecmanovic,Grass,2020s,6,t,True,32,4,16,0.5,2023-06-12,2025-07-05
Mirza Basic,Hard,2010s,4,wide,True,26,3,13,0.5,2017-10-30,2019-01-14
Mirza Basic,Hard,2010s,5,body,True,72,3,38,0.5277777777777778,2017-10-30,2019-01-14
Mirza Basic,Hard,2010s,6,t,True,13,3,9,0.6923076923076923,2017-10-30,2019-01-14
Mirza Basic,Clay,2010s,4,wide,True,11,1,5,0.45454545454545453,2018-04-12,2018-04-12
Mirza Basic,Clay,2010s,5,body,True,22,1,10,0.45454545454545453,2018-04-12,2018-04-12
Mirza Basic,Clay,2010s,6,t,True,15,1,6,0.4,2018-04-12,2018-04-12
Mischa Zverev,Hard,2010s,4,wide,True,46,8,21,0.45652173913043476,2015-11-09,2019-03-07
Mischa Zverev,Hard,2010s,5,body,True,50,6,25,0.5,2015-11-09,2019-02-26
Mischa Zverev,Hard,2010s,6,t,True,70,8,32,0.45714285714285713,2015-11-09,2019-03-07
Mischa Zverev,Hard,2020s,4,wide,True,8,1,5,0.625,2020-10-14,2020-10-14
Mischa Zverev,Hard,2020s,5,body,True,13,1,9,0.6923076923076923,2020-10-14,2020-10-14
Mischa Zverev,Hard,2020s,6,t,True,7,1,1,0.14285714285714285,2020-10-14,2020-10-14
Mischa Zverev,Hard,2020s,0,unknown,False,1,1,0,0.0,2020-10-14,2020-10-14
Mischa Zverev,Clay,2010s,4,wide,True,5,1,2,0.4,2018-05-03,2018-05-03
Mischa Zverev,Clay,2010s,5,body,True,9,1,3,0.3333333333333333,2018-05-03,2018-05-03
Mischa Zverev,Clay,2010s,6,t,True,11,1,4,0.36363636363636365,2018-05-03,2018-05-03
Mischa Zverev,Grass,2010s,4,wide,True,14,3,6,0.42857142857142855,2013-06-14,2018-06-28
Mischa Zverev,Grass,2010s,5,body,True,29,3,12,0.41379310344827586,2013-06-14,2018-06-28
Mischa Zverev,Grass,2010s,6,t,True,36,3,18,0.5,2013-06-14,2018-06-28
Mitchell Krueger,Hard,2010s,4,wide,True,13,2,4,0.3076923076923077,2013-07-24,2019-04-03
Mitchell Krueger,Hard,2010s,5,body,True,37,2,20,0.5405405405405406,2013-07-24,2019-04-03
Mitchell Krueger,Hard,2010s,6,t,True,7,2,2,0.2857142857142857,2013-07-24,2019-04-03
Moez Echargui,Hard,2020s,4,wide,True,12,1,9,0.75,2025-11-05,2025-11-05
Moez Echargui,Hard,2020s,5,body,True,8,1,2,0.25,2025-11-05,2025-11-05
Moez Echargui,Hard,2020s,6,t,True,7,1,4,0.5714285714285714,2025-11-05,2025-11-05
Moez Echargui,Clay,2020s,4,wide,True,9,1,3,0.3333333333333333,2024-07-28,2024-07-28
Moez Echargui,Clay,2020s,5,body,True,11,1,5,0.45454545454545453,2024-07-28,2024-07-28
Moez Echargui,Clay,2020s,6,t,True,18,1,7,0.3888888888888889,2024-07-28,2024-07-28
Mohamed Safwat,Hard,2020s,4,wide,True,19,2,8,0.42105263157894735,2020-01-07,2020-03-07
Mohamed Safwat,Hard,2020s,5,body,True,14,2,8,0.5714285714285714,2020-01-07,2020-03-07
Mohamed Safwat,Hard,2020s,6,t,True,9,2,6,0.6666666666666666,2020-01-07,2020-03-07
Mohamed Safwat,Clay,2010s,4,wide,True,44,5,19,0.4318181818181818,2014-04-09,2019-08-02
Mohamed Safwat,Clay,2010s,5,body,True,23,5,14,0.6086956521739131,2014-04-09,2019-08-02
Mohamed Safwat,Clay,2010s,6,t,True,47,5,22,0.46808510638297873,2014-04-09,2019-08-02
Moise Kouame,Hard,2020s,4,wide,True,1,1,0,0.0,2026-02-04,2026-02-04
Moise Kouame,Hard,2020s,5,body,True,14,1,7,0.5,2026-02-04,2026-02-04
Moise Kouame,Hard,2020s,6,t,True,16,1,9,0.5625,2026-02-04,2026-02-04
Moise Kouame,Clay,2020s,4,wide,True,9,1,2,0.2222222222222222,2026-04-05,2026-04-05
Moise Kouame,Clay,2020s,5,body,True,11,1,8,0.7272727272727273,2026-04-05,2026-04-05
Moise Kouame,Clay,2020s,6,t,True,1,1,0,0.0,2026-04-05,2026-04-05
Mubarak Shannan Zayid,Hard,2020s,4,wide,True,5,1,3,0.6,2026-02-16,2026-02-16
Mubarak Shannan Zayid,Hard,2020s,5,body,True,3,1,1,0.3333333333333333,2026-02-16,2026-02-16
Mubarak Shannan Zayid,Hard,2020s,6,t,True,11,1,2,0.18181818181818182,2026-02-16,2026-02-16
Murphy Cassone,Hard,2020s,4,wide,True,6,1,2,0.3333333333333333,2025-02-28,2025-02-28
Murphy Cassone,Hard,2020s,5,body,True,11,1,6,0.5454545454545454,2025-02-28,2025-02-28
Murphy Cassone,Hard,2020s,6,t,True,10,1,3,0.3,2025-02-28,2025-02-28
N Sriram Balaji,Hard,2010s,4,wide,True,10,1,8,0.8,2017-11-13,2017-11-13
N Sriram Balaji,Hard,2010s,5,body,True,8,1,6,0.75,2017-11-13,2017-11-13
N Sriram Balaji,Hard,2010s,6,t,True,1,1,0,0.0,2017-11-13,2017-11-13
Naoki Nakagawa,Hard,2020s,4,wide,True,12,1,5,0.4166666666666667,2024-10-29,2024-10-29
Naoki Nakagawa,Hard,2020s,5,body,True,10,1,1,0.1,2024-10-29,2024-10-29
Naoki Nakagawa,Hard,2020s,6,t,True,2,1,1,0.5,2024-10-29,2024-10-29
Nattan Benjasupawan,Hard,2010s,4,wide,True,4,1,0,0.0,2016-01-04,2016-01-04
Nattan Benjasupawan,Hard,2010s,5,body,True,7,1,2,0.2857142857142857,2016-01-04,2016-01-04
Nattan Benjasupawan,Hard,2010s,6,t,True,6,1,0,0.0,2016-01-04,2016-01-04
Neale Fraser,Grass,to_2009,4,wide,True,15,1,7,0.4666666666666667,1960-07-04,1960-07-04
Neale Fraser,Grass,to_2009,5,body,True,8,1,3,0.375,1960-07-04,1960-07-04
Neale Fraser,Grass,to_2009,6,t,True,9,1,7,0.7777777777777778,1960-07-04,1960-07-04
Neil Borwick,Grass,to_2009,4,wide,True,18,1,9,0.5,1993-06-22,1993-06-22
Neil Borwick,Grass,to_2009,5,body,True,26,1,15,0.5769230769230769,1993-06-22,1993-06-22
Neil Borwick,Grass,to_2009,6,t,True,8,1,3,0.375,1993-06-22,1993-06-22
Nicholas Alan Van Aken,Clay,2020s,4,wide,True,3,1,1,0.3333333333333333,2025-02-17,2025-02-17
Nicholas Alan Van Aken,Clay,2020s,5,body,True,10,1,3,0.3,2025-02-17,2025-02-17
Nicholas Alan Van Aken,Clay,2020s,6,t,True,2,1,0,0.0,2025-02-17,2025-02-17
Nick Hardt,Hard,2020s,4,wide,True,10,1,8,0.8,2022-02-24,2022-02-24
Nick Hardt,Hard,2020s,5,body,True,6,1,3,0.5,2022-02-24,2022-02-24
Nick Hardt,Clay,2020s,4,wide,True,24,2,13,0.5416666666666666,2024-04-07,2024-04-15
Nick Hardt,Clay,2020s,5,body,True,13,2,8,0.6153846153846154,2024-04-07,2024-04-15
Nick Hardt,Clay,2020s,6,t,True,23,2,12,0.5217391304347826,2024-04-07,2024-04-15
Nick Kyrgios,Hard,2010s,4,wide,True,632,53,363,0.5743670886075949,2013-01-26,2019-09-21
Nick Kyrgios,Hard,2010s,5,body,True,341,52,184,0.5395894428152492,2013-01-26,2019-09-21
Nick Kyrgios,Hard,2010s,6,t,True,600,53,298,0.49666666666666665,2013-01-26,2019-09-21
Nick Kyrgios,Hard,2010s,0,unknown,False,1,1,0,0.0,2014-01-16,2014-01-16
Nick Kyrgios,Hard,2020s,4,wide,True,306,27,159,0.5196078431372549,2020-01-07,2025-03-06
Nick Kyrgios,Hard,2020s,5,body,True,108,25,53,0.49074074074074076,2020-01-07,2025-03-06
Nick Kyrgios,Hard,2020s,6,t,True,263,27,133,0.5057034220532319,2020-01-07,2025-03-06
Nick Kyrgios,Clay,2010s,4,wide,True,157,13,81,0.5159235668789809,2015-05-03,2019-05-14
Nick Kyrgios,Clay,2010s,5,body,True,88,11,43,0.48863636363636365,2015-05-03,2019-05-14
Nick Kyrgios,Clay,2010s,6,t,True,100,13,54,0.54,2015-05-03,2019-05-14
Nick Kyrgios,Clay,2020s,4,wide,True,11,2,6,0.5454545454545454,2022-04-06,2022-04-09
Nick Kyrgios,Clay,2020s,5,body,True,10,2,3,0.3,2022-04-06,2022-04-09
Nick Kyrgios,Clay,2020s,6,t,True,14,2,7,0.5,2022-04-06,2022-04-09
Nick Kyrgios,Grass,2010s,4,wide,True,87,8,55,0.632183908045977,2014-06-13,2019-07-04
Nick Kyrgios,Grass,2010s,5,body,True,49,8,21,0.42857142857142855,2014-06-13,2019-07-04
Nick Kyrgios,Grass,2010s,6,t,True,97,8,52,0.5360824742268041,2014-06-13,2019-07-04
Nick Kyrgios,Grass,2020s,4,wide,True,173,14,92,0.5317919075144508,2022-06-09,2023-06-13
Nick Kyrgios,Grass,2020s,5,body,True,37,12,15,0.40540540540540543,2022-06-09,2022-07-10
Nick Kyrgios,Grass,2020s,6,t,True,200,14,126,0.63,2022-06-09,2023-06-13
Nicola Kuhn,Hard,2020s,4,wide,True,10,1,9,0.9,2020-02-22,2020-02-22
Nicola Kuhn,Hard,2020s,5,body,True,14,1,6,0.42857142857142855,2020-02-22,2020-02-22
Nicola Kuhn,Hard,2020s,6,t,True,5,1,3,0.6,2020-02-22,2020-02-22
Nicola Kuhn,Clay,2020s,4,wide,True,9,1,5,0.5555555555555556,2022-07-19,2022-07-19
Nicola Kuhn,Clay,2020s,5,body,True,9,1,3,0.3333333333333333,2022-07-19,2022-07-19
Nicola Kuhn,Clay,2020s,6,t,True,13,1,9,0.6923076923076923,2022-07-19,2022-07-19
Nicola Pietrangeli,Clay,to_2009,4,wide,True,5,1,4,0.8,1960-05-29,1960-05-29
Nicola Pietrangeli,Clay,to_2009,5,body,True,20,1,10,0.5,1960-05-29,1960-05-29
Nicola Pietrangeli,Clay,to_2009,6,t,True,2,1,1,0.5,1960-05-29,1960-05-29
Nicolai Budkov Kjaer,Hard,2020s,4,wide,True,4,1,2,0.5,2026-02-09,2026-02-09
Nicolai Budkov Kjaer,Hard,2020s,5,body,True,5,1,3,0.6,2026-02-09,2026-02-09
Nicolai Budkov Kjaer,Hard,2020s,6,t,True,4,1,1,0.25,2026-02-09,2026-02-09
Nicolai Budkov Kjaer,Clay,2020s,4,wide,True,15,2,7,0.4666666666666667,2024-11-19,2024-11-22
Nicolai Budkov Kjaer,Clay,2020s,5,body,True,26,2,14,0.5384615384615384,2024-11-19,2024-11-22
Nicolai Budkov Kjaer,Clay,2020s,6,t,True,16,2,10,0.625,2024-11-19,2024-11-22
Nicolas Almagro,Hard,2010s,4,wide,True,74,5,36,0.4864864864864865,2012-01-22,2013-10-11
Nicolas Almagro,Hard,2010s,5,body,True,72,5,34,0.4722222222222222,2012-01-22,2013-10-11
Nicolas Almagro,Hard,2010s,6,t,True,83,5,40,0.4819277108433735,2012-01-22,2013-10-11
Nicolas Almagro,Clay,to_2009,4,wide,True,20,1,11,0.55,2006-06-02,2006-06-02
Nicolas Almagro,Clay,to_2009,5,body,True,13,1,6,0.46153846153846156,2006-06-02,2006-06-02
Nicolas Almagro,Clay,to_2009,6,t,True,28,1,10,0.35714285714285715,2006-06-02,2006-06-02
Nicolas Almagro,Clay,2010s,4,wide,True,155,11,77,0.4967741935483871,2010-05-15,2019-04-09
Nicolas Almagro,Clay,2010s,5,body,True,124,11,53,0.4274193548387097,2010-05-15,2019-04-09
Nicolas Almagro,Clay,2010s,6,t,True,124,11,54,0.43548387096774194,2010-05-15,2019-04-09
Nicolas Almagro,Grass,2010s,4,wide,True,1,1,1,1.0,2012-08-02,2012-08-02
Nicolas Almagro,Grass,2010s,5,body,True,15,1,6,0.4,2012-08-02,2012-08-02
Nicolas Almagro,Grass,2010s,6,t,True,4,1,1,0.25,2012-08-02,2012-08-02
Nicolas Alvarez Varona,Clay,2020s,4,wide,True,9,1,2,0.2222222222222222,2021-06-27,2021-06-27
Nicolas Alvarez Varona,Clay,2020s,5,body,True,5,1,3,0.6,2021-06-27,2021-06-27
Nicolas Alvarez Varona,Clay,2020s,6,t,True,4,1,2,0.5,2021-06-27,2021-06-27
Nicolas Arseneault,Hard,2020s,4,wide,True,3,1,0,0.0,2025-07-27,2025-07-27
Nicolas Arseneault,Hard,2020s,5,body,True,17,1,6,0.35294117647058826,2025-07-27,2025-07-27
Nicolas Arseneault,Hard,2020s,6,t,True,9,1,2,0.2222222222222222,2025-07-27,2025-07-27
Nicolas Devilder,Clay,to_2009,4,wide,True,8,1,3,0.375,2008-05-29,2008-05-29
Nicolas Devilder,Clay,to_2009,5,body,True,7,1,1,0.14285714285714285,2008-05-29,2008-05-29
Nicolas Devilder,Clay,to_2009,6,t,True,1,1,0,0.0,2008-05-29,2008-05-29
Nicolas Escude,Hard,to_2009,4,wide,True,49,3,24,0.4897959183673469,1998-01-31,2004-04-09
Nicolas Escude,Hard,to_2009,5,body,True,37,3,14,0.3783783783783784,1998-01-31,2004-04-09
Nicolas Escude,Hard,to_2009,6,t,True,35,3,11,0.3142857142857143,1998-01-31,2004-04-09
Nicolas Escude,Clay,to_2009,4,wide,True,10,1,3,0.3,1993-05-24,1993-05-24
Nicolas Escude,Clay,to_2009,5,body,True,6,1,2,0.3333333333333333,1993-05-24,1993-05-24
Nicolas Escude,Clay,to_2009,6,t,True,11,1,4,0.36363636363636365,1993-05-24,1993-05-24
Nicolas Jarry,Hard,2010s,4,wide,True,10,1,5,0.5,2019-01-02,2019-01-02
Nicolas Jarry,Hard,2010s,5,body,True,10,1,6,0.6,2019-01-02,2019-01-02
Nicolas Jarry,Hard,2010s,6,t,True,3,1,0,0.0,2019-01-02,2019-01-02
Nicolas Jarry,Hard,2020s,4,wide,True,169,17,90,0.5325443786982249,2020-01-04,2025-01-13
Nicolas Jarry,Hard,2020s,5,body,True,129,17,55,0.4263565891472868,2020-01-04,2025-01-13
Nicolas Jarry,Hard,2020s,6,t,True,139,17,67,0.48201438848920863,2020-01-04,2025-01-13
Nicolas Jarry,Clay,2010s,4,wide,True,56,4,31,0.5535714285714286,2019-04-23,2019-07-20
Nicolas Jarry,Clay,2010s,5,body,True,35,4,19,0.5428571428571428,2019-04-23,2019-07-20
Nicolas Jarry,Clay,2010s,6,t,True,32,4,15,0.46875,2019-04-23,2019-07-20
Nicolas Jarry,Clay,2020s,4,wide,True,284,22,154,0.5422535211267606,2023-02-04,2025-05-26
Nicolas Jarry,Clay,2020s,5,body,True,127,20,68,0.5354330708661418,2023-02-04,2025-05-26
Nicolas Jarry,Clay,2020s,6,t,True,210,22,103,0.49047619047619045,2023-02-04,2025-05-26
Nicolas Jarry,Grass,2020s,4,wide,True,47,4,23,0.48936170212765956,2023-06-19,2025-06-30
Nicolas Jarry,Grass,2020s,5,body,True,53,4,37,0.6981132075471698,2023-06-19,2025-06-30
Nicolas Jarry,Grass,2020s,6,t,True,30,4,14,0.4666666666666667,2023-06-19,2025-06-30
Nicolas Kiefer,Hard,to_2009,4,wide,True,178,9,77,0.43258426966292135,1999-08-07,2008-07-27
Nicolas Kiefer,Hard,to_2009,5,body,True,84,8,32,0.38095238095238093,1999-08-07,2008-07-27
Nicolas Kiefer,Hard,to_2009,6,t,True,75,9,34,0.4533333333333333,1999-08-07,2008-07-27
Nicolas Kiefer,Grass,to_2009,4,wide,True,14,1,9,0.6428571428571429,2003-06-15,2003-06-15
Nicolas Kiefer,Grass,to_2009,5,body,True,8,1,1,0.125,2003-06-15,2003-06-15
Nicolas Kiefer,Grass,to_2009,6,t,True,1,1,0,0.0,2003-06-15,2003-06-15
Nicolas Lapentti,Hard,to_2009,4,wide,True,27,4,10,0.37037037037037035,1999-01-29,2001-03-12
Nicolas Lapentti,Hard,to_2009,5,body,True,63,4,24,0.38095238095238093,1999-01-29,2001-03-12
Nicolas Lapentti,Hard,to_2009,6,t,True,32,4,12,0.375,1999-01-29,2001-03-12
Nicolas Lapentti,Clay,to_2009,4,wide,True,17,1,10,0.5882352941176471,2000-06-04,2000-06-04
Nicolas Lapentti,Clay,to_2009,5,body,True,24,1,12,0.5,2000-06-04,2000-06-04
Nicolas Lapentti,Clay,to_2009,6,t,True,8,1,6,0.75,2000-06-04,2000-06-04
Nicolas Mahut,Hard,2010s,4,wide,True,15,2,9,0.6,2017-03-28,2018-09-16
Nicolas Mahut,Hard,2010s,5,body,True,20,2,11,0.55,2017-03-28,2018-09-16
Nicolas Mahut,Hard,2010s,6,t,True,16,2,6,0.375,2017-03-28,2018-09-16
Nicolas Mahut,Hard,2020s,4,wide,True,5,1,1,0.2,2021-02-05,2021-02-05
Nicolas Mahut,Hard,2020s,5,body,True,10,1,6,0.6,2021-02-05,2021-02-05
Nicolas Mahut,Hard,2020s,6,t,True,6,1,4,0.6666666666666666,2021-02-05,2021-02-05
Nicolas Mahut,Grass,to_2009,4,wide,True,26,2,12,0.46153846153846156,2007-06-15,2007-06-17
Nicolas Mahut,Grass,to_2009,5,body,True,19,2,13,0.6842105263157895,2007-06-15,2007-06-17
Nicolas Mahut,Grass,to_2009,6,t,True,21,2,9,0.42857142857142855,2007-06-15,2007-06-17
Nicolas Mahut,Grass,2010s,4,wide,True,96,3,57,0.59375,2010-06-22,2019-06-21
Nicolas Mahut,Grass,2010s,5,body,True,92,3,48,0.5217391304347826,2010-06-22,2019-06-21
Nicolas Mahut,Grass,2010s,6,t,True,78,3,51,0.6538461538461539,2010-06-22,2019-06-21
Nicolas Massu,Hard,to_2009,4,wide,True,129,6,61,0.4728682170542636,2000-08-28,2009-09-01
Nicolas Massu,Hard,to_2009,5,body,True,68,6,34,0.5,2000-08-28,2009-09-01
Nicolas Massu,Hard,to_2009,6,t,True,60,6,28,0.4666666666666667,2000-08-28,2009-09-01
Nicolas Massu,Clay,to_2009,4,wide,True,111,7,51,0.4594594594594595,2000-05-08,2007-05-17
Nicolas Massu,Clay,to_2009,5,body,True,34,6,17,0.5,2003-07-27,2007-05-17
Nicolas Massu,Clay,to_2009,6,t,True,75,7,25,0.3333333333333333,2000-05-08,2007-05-17
Nicolas Massu,Clay,to_2009,0,unknown,False,1,1,1,1.0,2006-07-23,2006-07-23
Nicolas Mejia,Hard,2020s,4,wide,True,30,2,12,0.4,2021-11-28,2025-03-12
Nicolas Mejia,Hard,2020s,5,body,True,18,1,11,0.6111111111111112,2021-11-28,2021-11-28
Nicolas Mejia,Hard,2020s,6,t,True,20,2,13,0.65,2021-11-28,2025-03-12
Nicolas Mejia,Clay,2020s,4,wide,True,18,2,14,0.7777777777777778,2023-05-23,2024-03-29
Nicolas Mejia,Clay,2020s,5,body,True,21,2,9,0.42857142857142855,2023-05-23,2024-03-29
Nicolas Mejia,Clay,2020s,6,t,True,26,2,13,0.5,2023-05-23,2024-03-29
Nicolas Moreno De Alboran,Clay,2020s,4,wide,True,6,1,3,0.5,2024-05-09,2024-05-09
Nicolas Moreno De Alboran,Clay,2020s,5,body,True,36,1,21,0.5833333333333334,2024-05-09,2024-05-09
Nicolas Moreno De Alboran,Clay,2020s,6,t,True,8,1,6,0.75,2024-05-09,2024-05-09
Nicolas Thomann,Hard,to_2009,4,wide,True,15,1,7,0.4666666666666667,2004-09-29,2004-09-29
Nicolas Thomann,Hard,to_2009,5,body,True,11,1,5,0.45454545454545453,2004-09-29,2004-09-29
Nicolas Thomann,Hard,to_2009,6,t,True,15,1,9,0.6,2004-09-29,2004-09-29
Niels Mcdonald,Clay,2020s,4,wide,True,6,1,4,0.6666666666666666,2025-06-07,2025-06-07
Niels Mcdonald,Clay,2020s,5,body,True,11,1,6,0.5454545454545454,2025-06-07,2025-06-07
Niels Mcdonald,Clay,2020s,6,t,True,10,1,9,0.9,2025-06-07,2025-06-07
Niels Visker,Hard,2020s,4,wide,True,8,1,1,0.125,2024-11-18,2024-11-18
Niels Visker,Hard,2020s,5,body,True,9,1,4,0.4444444444444444,2024-11-18,2024-11-18
Niels Visker,Hard,2020s,6,t,True,8,1,4,0.5,2024-11-18,2024-11-18
Nikola Cacic,Clay,2010s,4,wide,True,10,1,3,0.3,2014-06-28,2014-06-28
Nikola Cacic,Clay,2010s,5,body,True,2,1,0,0.0,2014-06-28,2014-06-28
Nikola Cacic,Clay,2010s,6,t,True,11,1,6,0.5454545454545454,2014-06-28,2014-06-28
Nikola Milojevic,Hard,2010s,4,wide,True,5,1,4,0.8,2016-05-02,2016-05-02
Nikola Milojevic,Hard,2010s,5,body,True,7,1,6,0.8571428571428571,2016-05-02,2016-05-02
Nikola Milojevic,Hard,2010s,6,t,True,3,1,3,1.0,2016-05-02,2016-05-02
Nikola Milojevic,Clay,2010s,4,wide,True,40,3,20,0.5,2017-05-17,2019-04-14
Nikola Milojevic,Clay,2010s,5,body,True,43,3,19,0.4418604651162791,2017-05-17,2019-04-14
Nikola Milojevic,Clay,2010s,6,t,True,14,3,8,0.5714285714285714,2017-05-17,2019-04-14
Nikola Pilic,Clay,to_2009,4,wide,True,14,1,8,0.5714285714285714,1973-06-03,1973-06-03
Nikola Pilic,Clay,to_2009,5,body,True,5,1,1,0.2,1973-06-03,1973-06-03
Nikola Pilic,Clay,to_2009,6,t,True,9,1,2,0.2222222222222222,1973-06-03,1973-06-03
Nikolas Sanchez Izquierdo,Hard,2020s,4,wide,True,15,1,8,0.5333333333333333,2025-03-10,2025-03-10
Nikolas Sanchez Izquierdo,Hard,2020s,5,body,True,1,1,1,1.0,2025-03-10,2025-03-10
Nikolas Sanchez Izquierdo,Hard,2020s,6,t,True,9,1,5,0.5555555555555556,2025-03-10,2025-03-10
Nikolay Davydenko,Hard,to_2009,4,wide,True,401,34,196,0.48877805486284287,2002-01-30,2009-11-29
Nikolay Davydenko,Hard,to_2009,5,body,True,316,34,166,0.5253164556962026,2002-01-30,2009-11-29
Nikolay Davydenko,Hard,to_2009,6,t,True,267,32,131,0.49063670411985016,2002-01-30,2009-11-28
Nikolay Davydenko,Hard,to_2009,0,unknown,False,2,1,1,0.5,2002-01-30,2002-01-30
Nikolay Davydenko,Hard,2010s,4,wide,True,211,21,107,0.5071090047393365,2010-01-08,2014-01-15
Nikolay Davydenko,Hard,2010s,5,body,True,192,21,101,0.5260416666666666,2010-01-08,2014-01-15
Nikolay Davydenko,Hard,2010s,6,t,True,163,20,72,0.44171779141104295,2010-01-08,2014-01-15
Nikolay Davydenko,Clay,to_2009,4,wide,True,97,10,49,0.5051546391752577,2003-05-24,2009-07-26
Nikolay Davydenko,Clay,to_2009,5,body,True,74,10,37,0.5,2003-05-24,2009-07-26
Nikolay Davydenko,Clay,to_2009,6,t,True,94,10,46,0.48936170212765956,2003-05-24,2009-07-26
Nikolay Davydenko,Clay,2010s,4,wide,True,19,3,8,0.42105263157894735,2011-04-29,2011-05-01
Nikolay Davydenko,Clay,2010s,5,body,True,15,3,8,0.5333333333333333,2011-04-29,2011-05-01
Nikolay Davydenko,Clay,2010s,6,t,True,26,3,17,0.6538461538461539,2011-04-29,2011-05-01
Nikoloz Basilashvili,Hard,2010s,4,wide,True,231,14,124,0.5367965367965368,2017-10-03,2019-10-10
Nikoloz Basilashvili,Hard,2010s,5,body,True,194,14,100,0.5154639175257731,2017-10-03,2019-10-10
Nikoloz Basilashvili,Hard,2010s,6,t,True,136,14,56,0.4117647058823529,2017-10-03,2019-10-10
Nikoloz Basilashvili,Hard,2020s,4,wide,True,82,9,45,0.5487804878048781,2020-02-11,2025-01-31
Nikoloz Basilashvili,Hard,2020s,5,body,True,141,9,77,0.5460992907801419,2020-02-11,2025-01-31
Nikoloz Basilashvili,Hard,2020s,6,t,True,67,9,24,0.3582089552238806,2020-02-11,2025-01-31
Nikoloz Basilashvili,Clay,2010s,4,wide,True,44,3,19,0.4318181818181818,2019-04-15,2019-05-16
Nikoloz Basilashvili,Clay,2010s,5,body,True,19,3,10,0.5263157894736842,2019-04-15,2019-05-16
Nikoloz Basilashvili,Clay,2010s,6,t,True,25,3,9,0.36,2019-04-15,2019-05-16
Nikoloz Basilashvili,Clay,2020s,4,wide,True,23,3,10,0.43478260869565216,2020-09-22,2022-07-19
Nikoloz Basilashvili,Clay,2020s,5,body,True,29,3,11,0.3793103448275862,2020-09-22,2022-07-19
Nikoloz Basilashvili,Clay,2020s,6,t,True,24,3,11,0.4583333333333333,2020-09-22,2022-07-19
Nikoloz Basilashvili,Grass,2020s,4,wide,True,23,2,12,0.5217391304347826,2022-06-09,2022-06-13
Nikoloz Basilashvili,Grass,2020s,5,body,True,24,2,14,0.5833333333333334,2022-06-09,2022-06-13
Nikoloz Basilashvili,Grass,2020s,6,t,True,23,2,10,0.43478260869565216,2022-06-09,2022-06-13
Nino Serdarusic,Hard,2020s,4,wide,True,4,1,2,0.5,2021-11-28,2021-11-28
Nino Serdarusic,Hard,2020s,5,body,True,10,1,4,0.4,2021-11-28,2021-11-28
Nino Serdarusic,Hard,2020s,6,t,True,3,1,1,0.3333333333333333,2021-11-28,2021-11-28
Nishesh Basavareddy,Hard,2020s,4,wide,True,232,20,121,0.521551724137931,2024-07-25,2025-12-19
Nishesh Basavareddy,Hard,2020s,5,body,True,146,19,77,0.5273972602739726,2024-07-25,2025-12-19
Nishesh Basavareddy,Hard,2020s,6,t,True,124,20,67,0.5403225806451613,2024-07-25,2025-12-19
Noah Rubin,Hard,2010s,4,wide,True,13,1,6,0.46153846153846156,2016-11-01,2016-11-01
Noah Rubin,Hard,2010s,5,body,True,5,1,1,0.2,2016-11-01,2016-11-01
Noah Rubin,Hard,2010s,6,t,True,6,1,1,0.16666666666666666,2016-11-01,2016-11-01
Norbert Gombos,Hard,2010s,4,wide,True,6,1,1,0.16666666666666666,2019-07-31,2019-07-31
Norbert Gombos,Hard,2010s,5,body,True,18,1,9,0.5,2019-07-31,2019-07-31
Norbert Gombos,Hard,2010s,6,t,True,8,1,6,0.75,2019-07-31,2019-07-31
Norbert Gombos,Hard,2020s,4,wide,True,4,1,3,0.75,2020-02-26,2020-02-26
Norbert Gombos,Hard,2020s,5,body,True,13,1,8,0.6153846153846154,2020-02-26,2020-02-26
Norbert Gombos,Hard,2020s,6,t,True,2,1,1,0.5,2020-02-26,2020-02-26
Norbert Gombos,Clay,2010s,4,wide,True,8,1,3,0.375,2019-02-02,2019-02-02
Norbert Gombos,Clay,2010s,5,body,True,2,1,2,1.0,2019-02-02,2019-02-02
Norbert Gombos,Clay,2010s,6,t,True,8,1,7,0.875,2019-02-02,2019-02-02
Novak Djokovic,Hard,to_2009,4,wide,True,572,49,303,0.5297202797202797,2005-01-17,2009-11-27
Novak Djokovic,Hard,to_2009,5,body,True,522,49,292,0.5593869731800766,2005-01-17,2009-11-27
Novak Djokovic,Hard,to_2009,6,t,True,341,48,164,0.4809384164222874,2005-01-17,2009-11-27
Novak Djokovic,Hard,2010s,4,wide,True,1869,188,1075,0.5751738897806313,2010-01-26,2019-11-20
Novak Djokovic,Hard,2010s,5,body,True,1790,185,971,0.5424581005586592,2010-01-26,2019-11-20
Novak Djokovic,Hard,2010s,6,t,True,1474,187,882,0.5983717774762551,2010-01-26,2019-11-20
Novak Djokovic,Hard,2010s,0,unknown,False,1,1,0,0.0,2015-04-05,2015-04-05
Novak Djokovic,Hard,2020s,4,wide,True,1272,127,703,0.5526729559748428,2020-01-11,2026-03-11
Novak Djokovic,Hard,2020s,5,body,True,1179,126,658,0.5581000848176421,2020-01-11,2026-03-11
Novak Djokovic,Hard,2020s,6,t,True,1132,128,620,0.5477031802120141,2020-01-11,2026-03-11
Novak Djokovic,Clay,to_2009,4,wide,True,251,18,136,0.5418326693227091,2006-04-19,2009-05-15
Novak Djokovic,Clay,to_2009,5,body,True,142,18,77,0.5422535211267606,2006-04-19,2009-05-15
Novak Djokovic,Clay,to_2009,6,t,True,141,18,59,0.41843971631205673,2006-04-19,2009-05-15
Novak Djokovic,Clay,to_2009,0,unknown,False,1,1,0,0.0,2006-04-19,2006-04-19
Novak Djokovic,Clay,2010s,4,wide,True,759,60,389,0.5125164690382081,2010-04-14,2019-06-07
Novak Djokovic,Clay,2010s,5,body,True,475,60,263,0.5536842105263158,2010-04-14,2019-06-07
Novak Djokovic,Clay,2010s,6,t,True,488,60,272,0.5573770491803278,2010-04-14,2019-06-07
Novak Djokovic,Clay,2010s,0,unknown,False,1,1,1,1.0,2012-06-05,2012-06-05
Novak Djokovic,Clay,2020s,4,wide,True,561,50,312,0.5561497326203209,2020-09-20,2025-06-06
Novak Djokovic,Clay,2020s,5,body,True,394,50,204,0.5177664974619289,2020-10-09,2025-06-06
Novak Djokovic,Clay,2020s,6,t,True,521,51,280,0.5374280230326296,2020-09-20,2025-06-06
Novak Djokovic,Grass,to_2009,4,wide,True,49,5,21,0.42857142857142855,2007-07-05,2009-07-01
Novak Djokovic,Grass,to_2009,5,body,True,85,5,35,0.4117647058823529,2007-07-05,2009-07-01
Novak Djokovic,Grass,to_2009,6,t,True,33,5,17,0.5151515151515151,2007-07-05,2009-07-01
Novak Djokovic,Grass,2010s,4,wide,True,415,34,227,0.5469879518072289,2010-07-02,2019-07-14
Novak Djokovic,Grass,2010s,5,body,True,398,34,204,0.5125628140703518,2010-07-02,2019-07-14
Novak Djokovic,Grass,2010s,6,t,True,350,35,193,0.5514285714285714,2010-07-02,2019-07-14
Novak Djokovic,Grass,2010s,0,unknown,False,1,1,1,1.0,2012-07-06,2012-07-06
Novak Djokovic,Grass,2020s,4,wide,True,223,18,118,0.5291479820627802,2021-07-07,2025-07-11
Novak Djokovic,Grass,2020s,5,body,True,208,18,115,0.5528846153846154,2021-07-07,2025-07-11
Novak Djokovic,Grass,2020s,6,t,True,237,18,135,0.569620253164557,2021-07-07,2025-07-11
Novak Djokovic,Grass,2020s,0,unknown,False,1,1,0,0.0,2024-07-02,2024-07-02
Nuno Borges,Hard,2020s,4,wide,True,100,9,49,0.49,2022-08-29,2026-01-23
Nuno Borges,Hard,2020s,5,body,True,123,9,67,0.5447154471544715,2022-08-29,2026-01-23
Nuno Borges,Hard,2020s,6,t,True,85,9,33,0.38823529411764707,2022-08-29,2026-01-23
Nuno Borges,Clay,2020s,4,wide,True,52,8,31,0.5961538461538461,2021-12-10,2025-05-25
Nuno Borges,Clay,2020s,5,body,True,107,8,62,0.5794392523364486,2021-12-10,2025-05-25
Nuno Borges,Clay,2020s,6,t,True,47,8,23,0.48936170212765956,2021-12-10,2025-05-25
Nuno Borges,Grass,2020s,4,wide,True,15,1,10,0.6666666666666666,2025-06-30,2025-06-30
Nuno Borges,Grass,2020s,5,body,True,10,1,6,0.6,2025-06-30,2025-06-30
Nuno Borges,Grass,2020s,6,t,True,11,1,7,0.6363636363636364,2025-06-30,2025-06-30
Oleksandr Ovcharenko,Hard,2020s,4,wide,True,16,1,10,0.625,2025-02-05,2025-02-05
Oleksandr Ovcharenko,Hard,2020s,5,body,True,3,1,2,0.6666666666666666,2025-02-05,2025-02-05
Oleksandr Ovcharenko,Hard,2020s,6,t,True,14,1,6,0.42857142857142855,2025-02-05,2025-02-05
Oleksandr Ovcharenko,Clay,2020s,4,wide,True,2,1,1,0.5,2022-04-14,2022-04-14
Oleksandr Ovcharenko,Clay,2020s,5,body,True,22,1,7,0.3181818181818182,2022-04-14,2022-04-14
Oleksii Krutykh,Hard,2020s,4,wide,True,14,1,7,0.5,2023-01-17,2023-01-17
Oleksii Krutykh,Hard,2020s,5,body,True,46,1,19,0.41304347826086957,2023-01-17,2023-01-17
Oleksii Krutykh,Hard,2020s,6,t,True,10,1,10,1.0,2023-01-17,2023-01-17
Oleksii Krutykh,Clay,2020s,4,wide,True,3,1,1,0.3333333333333333,2022-11-27,2022-11-27
Oleksii Krutykh,Clay,2020s,5,body,True,14,1,10,0.7142857142857143,2022-11-27,2022-11-27
Oleksii Krutykh,Clay,2020s,6,t,True,3,1,1,0.3333333333333333,2022-11-27,2022-11-27
Oliver Tarvet,Grass,2020s,4,wide,True,3,1,1,0.3333333333333333,2025-06-30,2025-06-30
Oliver Tarvet,Grass,2020s,5,body,True,27,1,17,0.6296296296296297,2025-06-30,2025-06-30
Oliver Tarvet,Grass,2020s,6,t,True,1,1,1,1.0,2025-06-30,2025-06-30
Olivier Delaitre,Hard,to_2009,4,wide,True,6,2,2,0.3333333333333333,1991-10-20,1994-08-21
Olivier Delaitre,Hard,to_2009,5,body,True,33,2,15,0.45454545454545453,1991-10-20,1994-08-21
Olivier Delaitre,Hard,to_2009,6,t,True,20,2,4,0.2,1991-10-20,1994-08-21
Olivier Rochus,Hard,to_2009,4,wide,True,36,2,21,0.5833333333333334,2005-03-28,2005-09-05
Olivier Rochus,Hard,to_2009,5,body,True,7,2,5,0.7142857142857143,2005-03-28,2005-09-05
Olivier Rochus,Hard,to_2009,6,t,True,29,2,12,0.41379310344827586,2005-03-28,2005-09-05
Omar Camporese,Hard,to_2009,4,wide,True,97,3,49,0.5051546391752577,1991-01-18,1997-04-04
Omar Camporese,Hard,to_2009,5,body,True,57,3,26,0.45614035087719296,1991-01-18,1997-04-04
Omar Camporese,Hard,to_2009,6,t,True,81,3,46,0.5679012345679012,1991-01-18,1997-04-04
Omar Jasika,Hard,2020s,4,wide,True,15,1,8,0.5333333333333333,2024-01-15,2024-01-15
Omar Jasika,Hard,2020s,5,body,True,11,1,9,0.8181818181818182,2024-01-15,2024-01-15
Omar Jasika,Hard,2020s,6,t,True,7,1,4,0.5714285714285714,2024-01-15,2024-01-15
Oscar Otte,Hard,2020s,4,wide,True,46,3,22,0.4782608695652174,2021-10-31,2022-08-30
Oscar Otte,Hard,2020s,5,body,True,40,3,25,0.625,2021-10-31,2022-08-30
Oscar Otte,Hard,2020s,6,t,True,22,3,11,0.5,2021-10-31,2022-08-30
Oscar Otte,Clay,2010s,4,wide,True,7,1,2,0.2857142857142857,2017-04-23,2017-04-23
Oscar Otte,Clay,2010s,5,body,True,10,1,4,0.4,2017-04-23,2017-04-23
Oscar Otte,Clay,2010s,6,t,True,6,1,4,0.6666666666666666,2017-04-23,2017-04-23
Oscar Otte,Clay,2020s,4,wide,True,13,1,6,0.46153846153846156,2021-05-09,2021-05-09
Oscar Otte,Clay,2020s,5,body,True,16,1,9,0.5625,2021-05-09,2021-05-09
Oscar Otte,Clay,2020s,6,t,True,14,1,9,0.6428571428571429,2021-05-09,2021-05-09
Oscar Otte,Grass,2020s,4,wide,True,11,1,4,0.36363636363636365,2023-06-13,2023-06-13
Oscar Otte,Grass,2020s,5,body,True,15,1,8,0.5333333333333333,2023-06-13,2023-06-13
Oscar Otte,Grass,2020s,6,t,True,7,1,2,0.2857142857142857,2023-06-13,2023-06-13
Otto Virtanen,Hard,2020s,4,wide,True,91,8,36,0.3956043956043956,2022-11-06,2025-02-10
Otto Virtanen,Hard,2020s,5,body,True,175,8,84,0.48,2022-11-06,2025-02-10
Otto Virtanen,Hard,2020s,6,t,True,54,8,29,0.5370370370370371,2022-11-06,2025-02-10
Otto Virtanen,Clay,2020s,4,wide,True,29,2,12,0.41379310344827586,2024-05-27,2025-05-09
Otto Virtanen,Clay,2020s,5,body,True,24,2,9,0.375,2024-05-27,2025-05-09
Otto Virtanen,Clay,2020s,6,t,True,32,2,11,0.34375,2024-05-27,2025-05-09
Otto Virtanen,Grass,2020s,4,wide,True,36,1,24,0.6666666666666666,2024-07-03,2024-07-03
Otto Virtanen,Grass,2020s,5,body,True,23,1,13,0.5652173913043478,2024-07-03,2024-07-03
Otto Virtanen,Grass,2020s,6,t,True,7,1,3,0.42857142857142855,2024-07-03,2024-07-03
Ozan Baris,Hard,2020s,4,wide,True,31,2,11,0.3548387096774194,2024-07-01,2025-11-21
Ozan Baris,Hard,2020s,5,body,True,14,2,4,0.2857142857142857,2024-07-01,2025-11-21
Ozan Baris,Hard,2020s,6,t,True,13,2,7,0.5384615384615384,2024-07-01,2025-11-21
Pablo Andujar,Hard,2010s,4,wide,True,15,2,7,0.4666666666666667,2019-03-23,2019-10-01
Pablo Andujar,Hard,2010s,5,body,True,6,2,2,0.3333333333333333,2019-03-23,2019-10-01
Pablo Andujar,Hard,2010s,6,t,True,13,2,2,0.15384615384615385,2019-03-23,2019-10-01
Pablo Andujar,Hard,2020s,4,wide,True,16,2,4,0.25,2021-09-03,2022-09-29
Pablo Andujar,Hard,2020s,5,body,True,40,3,12,0.3,2021-09-03,2022-09-29
Pablo Andujar,Hard,2020s,6,t,True,14,2,3,0.21428571428571427,2021-09-03,2022-09-29
Pablo Andujar,Clay,2010s,4,wide,True,51,5,30,0.5882352941176471,2013-05-11,2019-07-26
Pablo Andujar,Clay,2010s,5,body,True,46,5,21,0.45652173913043476,2013-05-11,2019-07-26
Pablo Andujar,Clay,2010s,6,t,True,27,5,8,0.2962962962962963,2013-05-11,2019-07-26
Pablo Andujar,Clay,2020s,4,wide,True,19,2,7,0.3684210526315789,2022-05-24,2023-04-17
Pablo Andujar,Clay,2020s,5,body,True,51,2,17,0.3333333333333333,2022-05-24,2023-04-17
Pablo Andujar,Clay,2020s,6,t,True,10,2,5,0.5,2022-05-24,2023-04-17
Pablo Carreno Busta,Hard,2010s,4,wide,True,47,6,27,0.574468085106383,2016-01-05,2019-10-09
Pablo Carreno Busta,Hard,2010s,5,body,True,44,6,20,0.45454545454545453,2016-01-05,2019-10-09
Pablo Carreno Busta,Hard,2010s,6,t,True,48,6,25,0.5208333333333334,2016-01-05,2019-10-09
Pablo Carreno Busta,Hard,2020s,4,wide,True,200,22,111,0.555,2020-01-25,2026-02-05
Pablo Carreno Busta,Hard,2020s,5,body,True,279,22,141,0.5053763440860215,2020-01-25,2026-02-05
Pablo Carreno Busta,Hard,2020s,6,t,True,122,21,60,0.4918032786885246,2020-01-25,2026-02-05
Pablo Carreno Busta,Clay,2010s,4,wide,True,105,11,49,0.4666666666666667,2015-02-19,2018-04-28
Pablo Carreno Busta,Clay,2010s,5,body,True,114,11,49,0.4298245614035088,2015-02-19,2018-04-28
Pablo Carreno Busta,Clay,2010s,6,t,True,72,11,37,0.5138888888888888,2015-02-19,2018-04-28
Pablo Carreno Busta,Clay,2020s,4,wide,True,21,2,6,0.2857142857142857,2022-04-24,2022-05-24
Pablo Carreno Busta,Clay,2020s,5,body,True,35,2,18,0.5142857142857142,2022-04-24,2022-05-24
Pablo Carreno Busta,Clay,2020s,6,t,True,10,2,5,0.5,2022-04-24,2022-05-24
Pablo Carreno Busta,Grass,2020s,4,wide,True,8,1,4,0.5,2022-06-17,2022-06-17
Pablo Carreno Busta,Grass,2020s,5,body,True,9,1,6,0.6666666666666666,2022-06-17,2022-06-17
Pablo Carreno Busta,Grass,2020s,6,t,True,1,1,1,1.0,2022-06-17,2022-06-17
Pablo Cuevas,Hard,2010s,4,wide,True,36,3,21,0.5833333333333334,2015-03-16,2017-11-02
Pablo Cuevas,Hard,2010s,5,body,True,27,3,17,0.6296296296296297,2015-03-16,2017-11-02
Pablo Cuevas,Hard,2010s,6,t,True,30,3,19,0.6333333333333333,2015-03-16,2017-11-02
Pablo Cuevas,Clay,2010s,4,wide,True,62,6,37,0.5967741935483871,2015-05-02,2019-02-21
Pablo Cuevas,Clay,2010s,5,body,True,20,6,14,0.7,2015-05-02,2019-02-21
Pablo Cuevas,Clay,2010s,6,t,True,47,6,24,0.5106382978723404,2015-05-02,2019-02-21
Pablo Cuevas,Clay,2020s,4,wide,True,4,1,2,0.5,2021-06-13,2021-06-13
Pablo Cuevas,Clay,2020s,5,body,True,4,1,4,1.0,2021-06-13,2021-06-13
Pablo Cuevas,Clay,2020s,6,t,True,5,1,2,0.4,2021-06-13,2021-06-13
Pablo Cuevas,Grass,2010s,4,wide,True,9,1,7,0.7777777777777778,2015-06-24,2015-06-24
Pablo Cuevas,Grass,2010s,5,body,True,21,1,9,0.42857142857142855,2015-06-24,2015-06-24
Pablo Cuevas,Grass,2010s,6,t,True,4,1,1,0.25,2015-06-24,2015-06-24
Pablo Llamas Ruiz,Clay,2020s,4,wide,True,13,1,7,0.5384615384615384,2024-04-05,2024-04-05
Pablo Llamas Ruiz,Clay,2020s,5,body,True,6,1,3,0.5,2024-04-05,2024-04-05
Pablo Llamas Ruiz,Clay,2020s,6,t,True,5,1,4,0.8,2024-04-05,2024-04-05
Paolo Cane,Clay,to_2009,4,wide,True,9,1,6,0.6666666666666666,1987-05-13,1987-05-13
Paolo Cane,Clay,to_2009,5,body,True,20,1,10,0.5,1987-05-13,1987-05-13
Paolo Lorenzi,Hard,2010s,4,wide,True,57,3,27,0.47368421052631576,2017-03-01,2019-08-29
Paolo Lorenzi,Hard,2010s,5,body,True,72,3,37,0.5138888888888888,2017-03-01,2019-08-29
Paolo Lorenzi,Hard,2010s,6,t,True,28,3,11,0.39285714285714285,2017-03-01,2019-08-29
Paolo Lorenzi,Hard,2010s,0,unknown,False,1,1,1,1.0,2019-08-29,2019-08-29
Paolo Lorenzi,Clay,2010s,4,wide,True,37,3,25,0.6756756756756757,2014-04-15,2019-09-19
Paolo Lorenzi,Clay,2010s,5,body,True,44,3,21,0.4772727272727273,2014-04-15,2019-09-19
Paolo Lorenzi,Clay,2010s,6,t,True,20,3,10,0.5,2014-04-15,2019-09-19
Paolo Lorenzi,Grass,2010s,4,wide,True,39,3,15,0.38461538461538464,2014-06-23,2019-07-01
Paolo Lorenzi,Grass,2010s,5,body,True,41,3,19,0.4634146341463415,2014-06-23,2019-07-01
Paolo Lorenzi,Grass,2010s,6,t,True,29,3,11,0.3793103448275862,2014-06-23,2019-07-01
Paradorn Srichaphan,Hard,to_2009,4,wide,True,86,5,46,0.5348837209302325,2002-08-18,2006-10-28
Paradorn Srichaphan,Hard,to_2009,5,body,True,52,5,26,0.5,2002-08-18,2006-10-28
Paradorn Srichaphan,Hard,to_2009,6,t,True,50,5,29,0.58,2002-08-18,2006-10-28
Paradorn Srichaphan,Clay,to_2009,4,wide,True,8,1,5,0.625,2004-05-06,2004-05-06
Paradorn Srichaphan,Clay,to_2009,5,body,True,3,1,2,0.6666666666666666,2004-05-06,2004-05-06
Paradorn Srichaphan,Clay,to_2009,6,t,True,8,1,3,0.375,2004-05-06,2004-05-06
Paradorn Srichaphan,Grass,to_2009,4,wide,True,12,1,5,0.4166666666666667,2003-06-27,2003-06-27
Paradorn Srichaphan,Grass,to_2009,5,body,True,12,1,9,0.75,2003-06-27,2003-06-27
Paradorn Srichaphan,Grass,to_2009,6,t,True,3,1,2,0.6666666666666666,2003-06-27,2003-06-27
Pat Cash,Hard,to_2009,4,wide,True,96,4,42,0.4375,1984-09-08,1991-01-19
Pat Cash,Hard,to_2009,5,body,True,64,4,27,0.421875,1984-09-08,1991-01-19
Pat Cash,Hard,to_2009,6,t,True,77,4,43,0.5584415584415584,1984-09-08,1991-01-19
Pat Cash,Grass,to_2009,4,wide,True,172,12,97,0.563953488372093,1984-07-06,1992-06-25
Pat Cash,Grass,to_2009,5,body,True,136,12,65,0.47794117647058826,1984-07-06,1992-06-25
Pat Cash,Grass,to_2009,6,t,True,142,12,82,0.5774647887323944,1984-07-06,1992-06-25
Patrick Brady,Hard,2020s,4,wide,True,4,1,2,0.5,2024-02-01,2024-02-01
Patrick Brady,Hard,2020s,5,body,True,7,1,1,0.14285714285714285,2024-02-01,2024-02-01
Patrick Brady,Hard,2020s,6,t,True,3,1,2,0.6666666666666666,2024-02-01,2024-02-01
Patrick Kaukovalta,Hard,2020s,4,wide,True,6,1,4,0.6666666666666666,2023-11-21,2023-11-21
Patrick Kaukovalta,Hard,2020s,5,body,True,12,1,5,0.4166666666666667,2023-11-21,2023-11-21
Patrick Kaukovalta,Hard,2020s,6,t,True,6,1,3,0.5,2023-11-21,2023-11-21
Patrick Kypson,Hard,2020s,4,wide,True,11,1,4,0.36363636363636365,2024-03-18,2024-03-18
Patrick Kypson,Hard,2020s,5,body,True,25,2,14,0.56,2024-03-07,2024-03-18
Patrick Kypson,Hard,2020s,6,t,True,2,1,2,1.0,2024-03-07,2024-03-07
Patrick Mcenroe,Hard,to_2009,4,wide,True,36,2,18,0.5,1991-01-26,1991-08-27
Patrick Mcenroe,Hard,to_2009,5,body,True,60,2,29,0.48333333333333334,1991-01-26,1991-08-27
Patrick Mcenroe,Hard,to_2009,6,t,True,44,2,21,0.4772727272727273,1991-01-26,1991-08-27
Patrick Rafter,Hard,to_2009,4,wide,True,373,34,202,0.5415549597855228,1993-06-26,2001-11-16
Patrick Rafter,Hard,to_2009,5,body,True,376,34,177,0.47074468085106386,1993-06-26,2001-11-16
Patrick Rafter,Hard,to_2009,6,t,True,335,34,154,0.4597014925373134,1993-06-26,2001-11-16
Patrick Rafter,Clay,to_2009,4,wide,True,73,5,39,0.5342465753424658,1995-05-26,1999-05-16
Patrick Rafter,Clay,to_2009,5,body,True,52,5,22,0.4230769230769231,1995-05-26,1999-05-16
Patrick Rafter,Clay,to_2009,6,t,True,80,5,43,0.5375,1995-05-26,1999-05-16
Patrick Rafter,Grass,to_2009,4,wide,True,196,14,115,0.5867346938775511,1996-06-14,2001-07-09
Patrick Rafter,Grass,to_2009,5,body,True,175,14,91,0.52,1996-06-14,2001-07-09
Patrick Rafter,Grass,to_2009,6,t,True,188,14,101,0.5372340425531915,1996-06-14,2001-07-09
Patrik Kuhnen,Clay,to_2009,4,wide,True,17,1,7,0.4117647058823529,1990-06-02,1990-06-02
Patrik Kuhnen,Clay,to_2009,5,body,True,9,1,3,0.3333333333333333,1990-06-02,1990-06-02
Patrik Kuhnen,Clay,to_2009,6,t,True,11,1,6,0.5454545454545454,1990-06-02,1990-06-02
Paul Annacone,Hard,to_2009,4,wide,True,12,1,7,0.5833333333333334,1986-08-26,1986-08-26
Paul Annacone,Hard,to_2009,5,body,True,28,1,12,0.42857142857142855,1986-08-26,1986-08-26
Paul Annacone,Hard,to_2009,6,t,True,6,1,3,0.5,1986-08-26,1986-08-26
Paul Capdeville,Hard,to_2009,4,wide,True,9,1,4,0.4444444444444444,2007-08-30,2007-08-30
Paul Capdeville,Hard,to_2009,5,body,True,15,1,7,0.4666666666666667,2007-08-30,2007-08-30
Paul Capdeville,Hard,to_2009,6,t,True,9,1,2,0.2222222222222222,2007-08-30,2007-08-30
Paul Chamberlin,Grass,to_2009,4,wide,True,5,1,1,0.2,1989-07-05,1989-07-05
Paul Chamberlin,Grass,to_2009,5,body,True,8,1,5,0.625,1989-07-05,1989-07-05
Paul Chamberlin,Grass,to_2009,6,t,True,4,1,2,0.5,1989-07-05,1989-07-05
Paul Haarhuis,Hard,to_2009,4,wide,True,43,3,26,0.6046511627906976,1991-09-05,1996-08-31
Paul Haarhuis,Hard,to_2009,5,body,True,45,3,21,0.4666666666666667,1991-09-05,1996-08-31
Paul Haarhuis,Hard,to_2009,6,t,True,15,2,6,0.4,1991-09-05,1996-08-31
Paul Haarhuis,Grass,to_2009,4,wide,True,27,1,17,0.6296296296296297,1997-06-28,1997-06-28
Paul Haarhuis,Grass,to_2009,5,body,True,19,1,10,0.5263157894736842,1997-06-28,1997-06-28
Paul Haarhuis,Grass,to_2009,6,t,True,39,1,16,0.41025641025641024,1997-06-28,1997-06-28
Paul Henri Mathieu,Hard,to_2009,4,wide,True,20,1,11,0.55,2005-08-13,2005-08-13
Paul Henri Mathieu,Hard,to_2009,5,body,True,5,1,1,0.2,2005-08-13,2005-08-13
Paul Henri Mathieu,Hard,to_2009,6,t,True,8,1,6,0.75,2005-08-13,2005-08-13
Paul Henri Mathieu,Hard,2010s,4,wide,True,34,3,17,0.5,2013-01-13,2016-03-04
Paul Henri Mathieu,Hard,2010s,5,body,True,23,3,13,0.5652173913043478,2013-01-13,2016-03-04
Paul Henri Mathieu,Hard,2010s,6,t,True,13,3,3,0.23076923076923078,2013-01-13,2016-03-04
Paul Henri Mathieu,Clay,to_2009,4,wide,True,65,3,32,0.49230769230769234,2002-11-29,2009-07-26
Paul Henri Mathieu,Clay,to_2009,5,body,True,30,3,17,0.5666666666666667,2002-11-29,2009-07-26
Paul Henri Mathieu,Clay,to_2009,6,t,True,35,3,15,0.42857142857142855,2002-11-29,2009-07-26
Paul Henri Mathieu,Clay,2010s,4,wide,True,31,1,13,0.41935483870967744,2015-05-24,2015-05-24
Paul Henri Mathieu,Clay,2010s,5,body,True,15,1,4,0.26666666666666666,2015-05-24,2015-05-24
Paul Henri Mathieu,Clay,2010s,6,t,True,4,1,3,0.75,2015-05-24,2015-05-24
Paul Henri Mathieu,Grass,to_2009,4,wide,True,17,1,7,0.4117647058823529,2005-06-20,2005-06-20
Paul Henri Mathieu,Grass,to_2009,5,body,True,4,1,1,0.25,2005-06-20,2005-06-20
Paul Henri Mathieu,Grass,to_2009,6,t,True,9,1,3,0.3333333333333333,2005-06-20,2005-06-20
Paul Jubb,Hard,2020s,4,wide,True,15,1,4,0.26666666666666666,2022-08-26,2022-08-26
Paul Jubb,Hard,2020s,5,body,True,25,1,11,0.44,2022-08-26,2022-08-26
Paul Jubb,Hard,2020s,6,t,True,7,1,1,0.14285714285714285,2022-08-26,2022-08-26
Paul Jubb,Clay,2020s,4,wide,True,17,1,15,0.8823529411764706,2022-05-17,2022-05-17
Paul Jubb,Clay,2020s,5,body,True,11,1,5,0.45454545454545453,2022-05-17,2022-05-17
Paul Jubb,Clay,2020s,6,t,True,10,1,6,0.6,2022-05-17,2022-05-17
Paul Jubb,Grass,2020s,4,wide,True,28,2,14,0.5,2022-06-28,2024-07-02
Paul Jubb,Grass,2020s,5,body,True,68,2,40,0.5882352941176471,2022-06-28,2024-07-02
Paul Jubb,Grass,2020s,6,t,True,36,2,17,0.4722222222222222,2022-06-28,2024-07-02
Pavel Kotov,Hard,2020s,4,wide,True,34,4,20,0.5882352941176471,2021-11-08,2024-10-14
Pavel Kotov,Hard,2020s,5,body,True,18,4,8,0.4444444444444444,2021-11-08,2024-10-14
Pavel Kotov,Hard,2020s,6,t,True,26,4,9,0.34615384615384615,2021-11-08,2024-10-14
Pavel Kotov,Clay,2020s,4,wide,True,35,3,20,0.5714285714285714,2022-05-22,2024-05-31
Pavel Kotov,Clay,2020s,5,body,True,44,3,20,0.45454545454545453,2022-05-22,2024-05-31
Pavel Kotov,Clay,2020s,6,t,True,18,3,7,0.3888888888888889,2022-05-22,2024-05-31
Pavel Tsoy,Hard,2010s,4,wide,True,8,1,3,0.375,2016-05-02,2016-05-02
Pavel Tsoy,Hard,2010s,5,body,True,5,1,2,0.4,2016-05-02,2016-05-02
Pavel Tsoy,Hard,2010s,6,t,True,5,1,3,0.6,2016-05-02,2016-05-02
Pedja Krstin,Clay,2010s,4,wide,True,10,1,4,0.4,2016-03-26,2016-03-26
Pedja Krstin,Clay,2010s,5,body,True,5,1,4,0.8,2016-03-26,2016-03-26
Pedja Krstin,Clay,2010s,6,t,True,18,1,9,0.5,2016-03-26,2016-03-26
Pedro Araujo,Clay,2020s,4,wide,True,2,1,1,0.5,2024-11-27,2024-11-27
Pedro Araujo,Clay,2020s,5,body,True,6,1,3,0.5,2024-11-27,2024-11-27
Pedro Araujo,Clay,2020s,6,t,True,3,1,2,0.6666666666666666,2024-11-27,2024-11-27
Pedro Cachin,Hard,2020s,4,wide,True,17,2,9,0.5294117647058824,2022-08-31,2024-01-14
Pedro Cachin,Hard,2020s,5,body,True,58,2,28,0.4827586206896552,2022-08-31,2024-01-14
Pedro Cachin,Hard,2020s,6,t,True,24,2,14,0.5833333333333334,2022-08-31,2024-01-14
Pedro Cachin,Clay,2010s,4,wide,True,37,3,18,0.4864864864864865,2019-02-04,2019-04-29
Pedro Cachin,Clay,2010s,5,body,True,23,3,14,0.6086956521739131,2019-02-04,2019-04-29
Pedro Cachin,Clay,2010s,6,t,True,19,3,9,0.47368421052631576,2019-02-04,2019-04-29
Pedro Cachin,Clay,2020s,4,wide,True,11,1,4,0.36363636363636365,2022-07-16,2022-07-16
Pedro Cachin,Clay,2020s,5,body,True,6,1,2,0.3333333333333333,2022-07-16,2022-07-16
Pedro Cachin,Clay,2020s,6,t,True,12,1,7,0.5833333333333334,2022-07-16,2022-07-16
Pedro Martinez,Hard,2020s,4,wide,True,123,13,68,0.5528455284552846,2020-01-21,2026-02-02
Pedro Martinez,Hard,2020s,5,body,True,130,13,61,0.46923076923076923,2020-01-21,2026-02-02
Pedro Martinez,Hard,2020s,6,t,True,107,13,54,0.5046728971962616,2020-01-21,2026-02-02
Pedro Martinez,Clay,2010s,4,wide,True,51,3,30,0.5882352941176471,2019-04-10,2019-08-01
Pedro Martinez,Clay,2010s,5,body,True,24,3,12,0.5,2019-04-10,2019-08-01
Pedro Martinez,Clay,2010s,6,t,True,10,3,2,0.2,2019-04-10,2019-08-01
Pedro Martinez,Clay,2020s,4,wide,True,102,13,50,0.49019607843137253,2022-02-27,2025-05-10
Pedro Martinez,Clay,2020s,5,body,True,108,13,51,0.4722222222222222,2022-02-27,2025-05-10
Pedro Martinez,Clay,2020s,6,t,True,97,13,40,0.41237113402061853,2022-02-27,2025-05-10
Pedro Martinez,Grass,2020s,4,wide,True,6,1,1,0.16666666666666666,2025-07-05,2025-07-05
Pedro Martinez,Grass,2020s,5,body,True,7,1,2,0.2857142857142857,2025-07-05,2025-07-05
Pedro Martinez,Grass,2020s,6,t,True,6,1,4,0.6666666666666666,2025-07-05,2025-07-05
Pedro Sousa,Clay,2010s,4,wide,True,19,2,4,0.21052631578947367,2019-02-19,2019-08-14
Pedro Sousa,Clay,2010s,5,body,True,9,2,6,0.6666666666666666,2019-02-19,2019-08-14
Pedro Sousa,Clay,2010s,6,t,True,14,2,5,0.35714285714285715,2019-02-19,2019-08-14
Pete Sampras,Hard,to_2009,4,wide,True,2548,174,1362,0.5345368916797488,1990-02-10,2002-09-08
Pete Sampras,Hard,to_2009,5,body,True,1889,169,990,0.5240868184224458,1990-02-10,2002-09-05
Pete Sampras,Hard,to_2009,6,t,True,1934,174,1013,0.5237849017580145,1990-02-10,2002-09-08
Pete Sampras,Clay,to_2009,4,wide,True,315,15,165,0.5238095238095238,1991-05-28,2002-05-07
Pete Sampras,Clay,to_2009,5,body,True,180,15,85,0.4722222222222222,1991-05-28,2002-05-07
Pete Sampras,Clay,to_2009,6,t,True,221,14,114,0.5158371040723982,1991-05-28,2002-05-07
Pete Sampras,Grass,to_2009,4,wide,True,597,46,356,0.5963149078726968,1992-07-01,2001-07-02
Pete Sampras,Grass,to_2009,5,body,True,469,46,276,0.5884861407249466,1992-07-01,2001-07-02
Pete Sampras,Grass,to_2009,6,t,True,658,46,378,0.574468085106383,1992-07-01,2001-07-02
Peter Bertran,Hard,2020s,4,wide,True,10,1,2,0.2,2022-02-24,2022-02-24
Peter Bertran,Hard,2020s,5,body,True,5,1,0,0.0,2022-02-24,2022-02-24
Peter Bertran,Hard,2020s,6,t,True,1,1,0,0.0,2022-02-24,2022-02-24
Peter Doohan,Grass,to_2009,4,wide,True,4,1,1,0.25,1987-06-26,1987-06-26
Peter Doohan,Grass,to_2009,5,body,True,37,1,24,0.6486486486486487,1987-06-26,1987-06-26
Peter Doohan,Grass,to_2009,6,t,True,2,1,1,0.5,1987-06-26,1987-06-26
Peter Fajta,Clay,2020s,4,wide,True,7,1,4,0.5714285714285714,2024-03-12,2024-03-12
Peter Fajta,Clay,2020s,5,body,True,4,1,3,0.75,2024-03-12,2024-03-12
Peter Fajta,Clay,2020s,6,t,True,4,1,0,0.0,2024-03-12,2024-03-12
Peter Gojowczyk,Hard,2010s,4,wide,True,71,6,34,0.4788732394366197,2014-01-03,2019-08-03
Peter Gojowczyk,Hard,2010s,5,body,True,95,6,45,0.47368421052631576,2014-01-03,2019-08-03
Peter Gojowczyk,Hard,2010s,6,t,True,45,6,23,0.5111111111111111,2014-01-03,2019-08-03
Peter Gojowczyk,Hard,2020s,4,wide,True,45,4,19,0.4222222222222222,2021-09-05,2022-08-02
Peter Gojowczyk,Hard,2020s,5,body,True,79,4,34,0.43037974683544306,2021-09-05,2022-08-02
Peter Gojowczyk,Hard,2020s,6,t,True,44,4,21,0.4772727272727273,2021-09-05,2022-08-02
Peter Gojowczyk,Grass,2010s,4,wide,True,3,1,1,0.3333333333333333,2014-06-09,2014-06-09
Peter Gojowczyk,Grass,2010s,5,body,True,10,1,7,0.7,2014-06-09,2014-06-09
Peter Gojowczyk,Grass,2010s,6,t,True,9,1,5,0.5555555555555556,2014-06-09,2014-06-09
Peter Gojowczyk,Grass,2020s,4,wide,True,8,1,4,0.5,2021-07-16,2021-07-16
Peter Gojowczyk,Grass,2020s,5,body,True,18,1,5,0.2777777777777778,2021-07-16,2021-07-16
Peter Gojowczyk,Grass,2020s,6,t,True,2,1,0,0.0,2021-07-16,2021-07-16
Peter Lundgren,Hard,to_2009,4,wide,True,16,1,11,0.6875,1990-08-19,1990-08-19
Peter Lundgren,Hard,to_2009,5,body,True,4,1,3,0.75,1990-08-19,1990-08-19
Peter Lundgren,Hard,to_2009,6,t,True,14,1,4,0.2857142857142857,1990-08-19,1990-08-19
Peter Polansky,Hard,2010s,4,wide,True,38,3,17,0.4473684210526316,2013-08-05,2019-08-05
Peter Polansky,Hard,2010s,5,body,True,59,4,23,0.3898305084745763,2013-08-05,2019-08-05
Peter Polansky,Hard,2010s,6,t,True,34,4,16,0.47058823529411764,2013-08-05,2019-08-05
Petr Korda,Hard,to_2009,4,wide,True,362,21,199,0.5497237569060773,1991-07-21,1999-01-22
Petr Korda,Hard,to_2009,5,body,True,185,21,100,0.5405405405405406,1991-07-21,1999-01-22
Petr Korda,Hard,to_2009,6,t,True,288,21,138,0.4791666666666667,1991-07-21,1999-01-22
Petr Korda,Clay,to_2009,4,wide,True,22,2,8,0.36363636363636365,1992-06-06,1992-06-07
Petr Korda,Clay,to_2009,5,body,True,20,2,11,0.55,1992-06-06,1992-06-07
Petr Korda,Clay,to_2009,6,t,True,16,2,4,0.25,1992-06-06,1992-06-07
Petr Korda,Grass,to_2009,4,wide,True,56,2,32,0.5714285714285714,1995-06-29,1997-07-02
Petr Korda,Grass,to_2009,5,body,True,36,2,20,0.5555555555555556,1995-06-29,1997-07-02
Petr Korda,Grass,to_2009,6,t,True,38,2,22,0.5789473684210527,1995-06-29,1997-07-02
Petros Tsitsipas,Clay,2020s,4,wide,True,3,1,1,0.3333333333333333,2024-07-28,2024-07-28
Petros Tsitsipas,Clay,2020s,5,body,True,7,1,2,0.2857142857142857,2024-07-28,2024-07-28
Petros Tsitsipas,Clay,2020s,6,t,True,6,1,3,0.5,2024-07-28,2024-07-28
Philipp Kohlschreiber,Hard,2010s,4,wide,True,130,13,70,0.5384615384615384,2015-02-06,2019-10-22
Philipp Kohlschreiber,Hard,2010s,5,body,True,171,13,83,0.4853801169590643,2015-02-06,2019-10-22
Philipp Kohlschreiber,Hard,2010s,6,t,True,76,13,34,0.4473684210526316,2015-02-06,2019-10-22
Philipp Kohlschreiber,Clay,2010s,4,wide,True,225,22,123,0.5466666666666666,2012-07-28,2019-07-22
Philipp Kohlschreiber,Clay,2010s,5,body,True,312,22,167,0.5352564102564102,2012-07-28,2019-07-22
Philipp Kohlschreiber,Clay,2010s,6,t,True,172,22,99,0.5755813953488372,2012-07-28,2019-07-22
Philipp Kohlschreiber,Grass,to_2009,4,wide,True,19,1,11,0.5789473684210527,2008-06-15,2008-06-15
Philipp Kohlschreiber,Grass,to_2009,5,body,True,7,1,3,0.42857142857142855,2008-06-15,2008-06-15
Philipp Kohlschreiber,Grass,to_2009,6,t,True,1,1,0,0.0,2008-06-15,2008-06-15
Philipp Kohlschreiber,Grass,2010s,4,wide,True,40,3,27,0.675,2014-06-11,2019-07-01
Philipp Kohlschreiber,Grass,2010s,5,body,True,49,3,26,0.5306122448979592,2014-06-11,2019-07-01
Philipp Kohlschreiber,Grass,2010s,6,t,True,18,3,10,0.5555555555555556,2014-06-11,2019-07-01
Philipp Petzschner,Grass,2010s,4,wide,True,37,2,22,0.5945945945945946,2010-06-26,2010-07-12
Philipp Petzschner,Grass,2010s,5,body,True,35,2,16,0.45714285714285713,2010-06-26,2010-07-12
Philipp Petzschner,Grass,2010s,6,t,True,28,2,5,0.17857142857142858,2010-06-26,2010-07-12
Pierre Hugues Herbert,Hard,2010s,4,wide,True,36,3,18,0.5,2015-08-29,2019-02-08
Pierre Hugues Herbert,Hard,2010s,5,body,True,29,3,18,0.6206896551724138,2015-08-29,2019-02-08
Pierre Hugues Herbert,Hard,2010s,6,t,True,45,3,26,0.5777777777777777,2015-08-29,2019-02-08
Pierre Hugues Herbert,Hard,2020s,4,wide,True,50,5,22,0.44,2020-02-04,2025-03-16
Pierre Hugues Herbert,Hard,2020s,5,body,True,48,5,24,0.5,2020-02-04,2025-03-16
Pierre Hugues Herbert,Hard,2020s,6,t,True,61,5,24,0.39344262295081966,2020-02-04,2025-03-16
Pierre Hugues Herbert,Clay,2010s,4,wide,True,22,2,9,0.4090909090909091,2018-04-17,2019-05-07
Pierre Hugues Herbert,Clay,2010s,5,body,True,6,2,4,0.6666666666666666,2018-04-17,2019-05-07
Pierre Hugues Herbert,Clay,2010s,6,t,True,23,2,15,0.6521739130434783,2018-04-17,2019-05-07
Pierre Hugues Herbert,Clay,2020s,4,wide,True,32,2,17,0.53125,2021-05-31,2024-05-28
Pierre Hugues Herbert,Clay,2020s,5,body,True,37,2,18,0.4864864864864865,2021-05-31,2024-05-28
Pierre Hugues Herbert,Clay,2020s,6,t,True,40,2,19,0.475,2021-05-31,2024-05-28
Pierre Hugues Herbert,Grass,2010s,4,wide,True,35,3,20,0.5714285714285714,2014-06-11,2019-06-19
Pierre Hugues Herbert,Grass,2010s,5,body,True,30,3,19,0.6333333333333333,2014-06-11,2019-06-19
Pierre Hugues Herbert,Grass,2010s,6,t,True,30,3,19,0.6333333333333333,2014-06-11,2019-06-19
Pol Martin Tiffon,Clay,2020s,4,wide,True,11,1,5,0.45454545454545453,2024-04-22,2024-04-22
Pol Martin Tiffon,Clay,2020s,5,body,True,8,1,3,0.375,2024-04-22,2024-04-22
Pol Martin Tiffon,Clay,2020s,6,t,True,4,1,1,0.25,2024-04-22,2024-04-22
Potito Starace,Clay,to_2009,4,wide,True,11,1,5,0.45454545454545453,2004-07-10,2004-07-10
Potito Starace,Clay,to_2009,6,t,True,9,1,6,0.6666666666666666,2004-07-10,2004-07-10
Potito Starace,Clay,2010s,4,wide,True,7,1,3,0.42857142857142855,2012-02-21,2012-02-21
Potito Starace,Clay,2010s,5,body,True,1,1,0,0.0,2012-02-21,2012-02-21
Potito Starace,Clay,2010s,6,t,True,13,1,5,0.38461538461538464,2012-02-21,2012-02-21
Prajnesh Gunneswaran,Hard,2010s,4,wide,True,8,2,7,0.875,2019-03-11,2019-03-19
Prajnesh Gunneswaran,Hard,2010s,5,body,True,6,1,6,1.0,2019-03-11,2019-03-11
Prajnesh Gunneswaran,Hard,2010s,6,t,True,27,2,14,0.5185185185185185,2019-03-11,2019-03-19
Prajnesh Gunneswaran,Hard,2020s,4,wide,True,15,2,6,0.4,2020-10-24,2020-11-22
Prajnesh Gunneswaran,Hard,2020s,5,body,True,10,2,6,0.6,2020-10-24,2020-11-22
Prajnesh Gunneswaran,Hard,2020s,6,t,True,16,2,7,0.4375,2020-10-24,2020-11-22
Prajnesh Gunneswaran,Clay,2020s,4,wide,True,4,1,2,0.5,2020-09-23,2020-09-23
Prajnesh Gunneswaran,Clay,2020s,5,body,True,18,1,7,0.3888888888888889,2020-09-23,2020-09-23
Prajnesh Gunneswaran,Clay,2020s,6,t,True,1,1,1,1.0,2020-09-23,2020-09-23
Prajnesh Gunneswaran,Grass,2010s,4,wide,True,8,1,4,0.5,2019-02-01,2019-02-01
Prajnesh Gunneswaran,Grass,2010s,5,body,True,3,1,1,0.3333333333333333,2019-02-01,2019-02-01
Prajnesh Gunneswaran,Grass,2010s,6,t,True,5,1,2,0.4,2019-02-01,2019-02-01
Preston Stearns,Hard,2020s,4,wide,True,4,1,3,0.75,2025-06-10,2025-06-10
Preston Stearns,Hard,2020s,5,body,True,12,1,7,0.5833333333333334,2025-06-10,2025-06-10
Preston Stearns,Hard,2020s,6,t,True,6,1,4,0.6666666666666666,2025-06-10,2025-06-10
Quentin Halys,Hard,2020s,4,wide,True,100,8,47,0.47,2022-10-16,2026-01-08
Quentin Halys,Hard,2020s,5,body,True,55,8,27,0.4909090909090909,2022-10-16,2026-01-08
Quentin Halys,Hard,2020s,6,t,True,85,8,36,0.4235294117647059,2022-10-16,2026-01-08
Quentin Halys,Clay,2010s,4,wide,True,13,1,9,0.6923076923076923,2017-04-30,2017-04-30
Quentin Halys,Clay,2010s,5,body,True,11,1,5,0.45454545454545453,2017-04-30,2017-04-30
Quentin Halys,Clay,2010s,6,t,True,12,1,7,0.5833333333333334,2017-04-30,2017-04-30
Quentin Halys,Clay,2020s,4,wide,True,14,1,6,0.42857142857142855,2024-07-21,2024-07-21
Quentin Halys,Clay,2020s,6,t,True,9,1,2,0.2222222222222222,2024-07-21,2024-07-21
Quentin Halys,Grass,2020s,4,wide,True,39,3,17,0.4358974358974359,2023-07-07,2025-06-18
Quentin Halys,Grass,2020s,5,body,True,30,3,15,0.5,2023-07-07,2025-06-18
Quentin Halys,Grass,2020s,6,t,True,39,3,19,0.48717948717948717,2023-07-07,2025-06-18
Radek Stepanek,Hard,to_2009,4,wide,True,69,7,33,0.4782608695652174,2004-11-06,2009-11-14
Radek Stepanek,Hard,to_2009,5,body,True,93,7,42,0.45161290322580644,2004-11-06,2009-11-14
Radek Stepanek,Hard,to_2009,6,t,True,50,7,18,0.36,2004-11-06,2009-11-14
Radek Stepanek,Hard,2010s,4,wide,True,38,3,18,0.47368421052631576,2013-01-18,2014-03-08
Radek Stepanek,Hard,2010s,5,body,True,64,3,29,0.453125,2013-01-18,2014-03-08
Radek Stepanek,Hard,2010s,6,t,True,17,3,10,0.5882352941176471,2013-01-18,2014-03-08
Radek Stepanek,Clay,to_2009,4,wide,True,34,3,13,0.38235294117647056,2004-07-09,2008-05-10
Radek Stepanek,Clay,to_2009,5,body,True,20,3,8,0.4,2004-07-09,2008-05-10
Radek Stepanek,Clay,to_2009,6,t,True,23,3,12,0.5217391304347826,2004-07-09,2008-05-10
Radek Stepanek,Clay,2010s,4,wide,True,9,1,4,0.4444444444444444,2011-04-30,2011-04-30
Radek Stepanek,Clay,2010s,5,body,True,1,1,0,0.0,2011-04-30,2011-04-30
Radek Stepanek,Clay,2010s,6,t,True,13,1,4,0.3076923076923077,2011-04-30,2011-04-30
Radek Stepanek,Grass,to_2009,4,wide,True,12,1,8,0.6666666666666666,2006-07-05,2006-07-05
Radek Stepanek,Grass,to_2009,5,body,True,29,1,10,0.3448275862068966,2006-07-05,2006-07-05
Radek Stepanek,Grass,to_2009,6,t,True,25,1,11,0.44,2006-07-05,2006-07-05
Radek Stepanek,Grass,2010s,4,wide,True,23,1,12,0.5217391304347826,2014-06-25,2014-06-25
Radek Stepanek,Grass,2010s,5,body,True,23,1,12,0.5217391304347826,2014-06-25,2014-06-25
Radek Stepanek,Grass,2010s,6,t,True,4,1,1,0.25,2014-06-25,2014-06-25
Radu Albot,Hard,2010s,4,wide,True,87,8,51,0.5862068965517241,2016-06-19,2019-11-01
Radu Albot,Hard,2010s,5,body,True,42,8,16,0.38095238095238093,2016-06-19,2019-11-01
Radu Albot,Hard,2010s,6,t,True,57,8,34,0.5964912280701754,2016-06-19,2019-11-01
Radu Albot,Hard,2020s,4,wide,True,29,4,15,0.5172413793103449,2021-11-21,2024-08-27
Radu Albot,Hard,2020s,5,body,True,36,4,17,0.4722222222222222,2021-11-21,2024-08-27
Radu Albot,Hard,2020s,6,t,True,26,4,11,0.4230769230769231,2021-11-21,2024-08-27
Radu Albot,Clay,2020s,4,wide,True,38,4,18,0.47368421052631576,2022-05-18,2024-04-22
Radu Albot,Clay,2020s,5,body,True,46,4,26,0.5652173913043478,2022-05-18,2024-04-22
Radu Albot,Clay,2020s,6,t,True,20,3,6,0.3,2022-05-18,2024-04-18
Radu Albot,Grass,2020s,4,wide,True,28,2,11,0.39285714285714285,2024-07-02,2024-07-15
Radu Albot,Grass,2020s,5,body,True,52,2,32,0.6153846153846154,2024-07-02,2024-07-15
Radu Albot,Grass,2020s,6,t,True,14,2,5,0.35714285714285715,2024-07-02,2024-07-15
Rafael Arevalo,Hard,to_2009,4,wide,True,1,1,1,1.0,2008-08-12,2008-08-12
Rafael Arevalo,Hard,to_2009,5,body,True,10,1,5,0.5,2008-08-12,2008-08-12
Rafael Arevalo,Hard,to_2009,6,t,True,4,1,3,0.75,2008-08-12,2008-08-12
Rafael Jodar,Hard,2020s,4,wide,True,19,4,8,0.42105263157894735,2025-12-17,2026-02-23
Rafael Jodar,Hard,2020s,5,body,True,40,4,16,0.4,2025-12-17,2026-02-23
Rafael Jodar,Hard,2020s,6,t,True,35,4,15,0.42857142857142855,2025-12-17,2026-02-23
Rafael Jodar,Clay,2020s,4,wide,True,59,6,28,0.4745762711864407,2026-04-17,2026-05-11
Rafael Jodar,Clay,2020s,5,body,True,39,6,22,0.5641025641025641,2026-04-17,2026-05-11
Rafael Jodar,Clay,2020s,6,t,True,54,6,28,0.5185185185185185,2026-04-17,2026-05-11
Rafael Nadal,Hard,to_2009,4,wide,True,348,52,193,0.5545977011494253,2004-07-26,2009-11-27
Rafael Nadal,Hard,to_2009,5,body,True,645,56,345,0.5348837209302325,2004-03-28,2009-11-27
Rafael Nadal,Hard,to_2009,6,t,True,466,55,240,0.5150214592274678,2004-03-28,2009-11-27
Rafael Nadal,Hard,2010s,4,wide,True,953,128,541,0.5676810073452256,2010-01-10,2019-11-24
Rafael Nadal,Hard,2010s,5,body,True,1441,130,824,0.5718251214434421,2010-01-10,2019-11-24
Rafael Nadal,Hard,2010s,6,t,True,990,129,559,0.5646464646464646,2010-01-10,2019-11-24
Rafael Nadal,Hard,2020s,4,wide,True,212,31,116,0.5471698113207547,2020-01-25,2024-11-19
Rafael Nadal,Hard,2020s,5,body,True,389,31,211,0.5424164524421594,2020-01-25,2024-11-19
Rafael Nadal,Hard,2020s,6,t,True,373,31,191,0.5120643431635389,2020-01-25,2024-11-19
Rafael Nadal,Clay,to_2009,4,wide,True,307,38,168,0.5472312703583062,2003-05-15,2009-05-31
Rafael Nadal,Clay,to_2009,5,body,True,322,38,171,0.531055900621118,2003-05-15,2009-05-31
Rafael Nadal,Clay,to_2009,6,t,True,249,37,137,0.5502008032128514,2003-05-15,2009-05-31
Rafael Nadal,Clay,2010s,4,wide,True,747,108,431,0.5769745649263721,2010-04-15,2019-06-07
Rafael Nadal,Clay,2010s,5,body,True,897,107,509,0.5674470457079153,2010-04-15,2019-06-07
Rafael Nadal,Clay,2010s,6,t,True,646,106,364,0.5634674922600619,2010-04-15,2019-06-07
Rafael Nadal,Clay,2020s,4,wide,True,108,19,56,0.5185185185185185,2021-04-25,2024-07-29
Rafael Nadal,Clay,2020s,5,body,True,184,19,96,0.5217391304347826,2021-04-25,2024-07-29
Rafael Nadal,Clay,2020s,6,t,True,217,19,117,0.5391705069124424,2021-04-25,2024-07-29
Rafael Nadal,Grass,to_2009,4,wide,True,122,14,70,0.5737704918032787,2003-06-27,2008-07-06
Rafael Nadal,Grass,to_2009,5,body,True,181,16,108,0.5966850828729282,2003-06-27,2008-07-06
Rafael Nadal,Grass,to_2009,6,t,True,154,16,72,0.4675324675324675,2003-06-27,2008-07-06
Rafael Nadal,Grass,2010s,4,wide,True,186,21,114,0.6129032258064516,2010-06-26,2019-07-12
Rafael Nadal,Grass,2010s,5,body,True,394,22,230,0.583756345177665,2010-06-26,2019-07-12
Rafael Nadal,Grass,2010s,6,t,True,195,21,119,0.6102564102564103,2010-06-26,2019-07-12
Rafael Nadal,Grass,2010s,0,unknown,False,1,1,1,1.0,2015-07-02,2015-07-02
Rafael Nadal,Grass,2020s,4,wide,True,3,1,2,0.6666666666666666,2022-07-04,2022-07-04
Rafael Nadal,Grass,2020s,5,body,True,15,1,8,0.5333333333333333,2022-07-04,2022-07-04
Rafael Nadal,Grass,2020s,6,t,True,14,1,11,0.7857142857142857,2022-07-04,2022-07-04
Rainer Schuettler,Hard,to_2009,4,wide,True,78,5,44,0.5641025641025641,2003-01-25,2004-10-27
Rainer Schuettler,Hard,to_2009,5,body,True,45,5,24,0.5333333333333333,2003-01-25,2004-10-27
Rainer Schuettler,Hard,to_2009,6,t,True,65,5,29,0.4461538461538462,2003-01-25,2004-10-27
Rainer Schuettler,Grass,to_2009,4,wide,True,14,1,6,0.42857142857142855,2008-07-04,2008-07-04
Rainer Schuettler,Grass,to_2009,5,body,True,9,1,4,0.4444444444444444,2008-07-04,2008-07-04
Rainer Schuettler,Grass,to_2009,6,t,True,8,1,3,0.375,2008-07-04,2008-07-04
Ramkumar Ramanathan,Hard,2010s,4,wide,True,12,1,4,0.3333333333333333,2016-02-25,2016-02-25
Ramkumar Ramanathan,Hard,2010s,5,body,True,8,1,2,0.25,2016-02-25,2016-02-25
Ramkumar Ramanathan,Hard,2010s,6,t,True,7,1,7,1.0,2016-02-25,2016-02-25
Raphael Collignon,Hard,2020s,4,wide,True,65,4,26,0.4,2024-11-01,2025-10-15
Raphael Collignon,Hard,2020s,5,body,True,93,5,43,0.46236559139784944,2024-09-10,2025-10-15
Raphael Collignon,Hard,2020s,6,t,True,43,5,18,0.4186046511627907,2024-09-10,2025-10-15
Raphael Collignon,Clay,2020s,4,wide,True,16,1,8,0.5,2024-08-03,2024-08-03
Raphael Collignon,Clay,2020s,5,body,True,3,1,1,0.3333333333333333,2024-08-03,2024-08-03
Raphael Collignon,Clay,2020s,6,t,True,11,1,3,0.2727272727272727,2024-08-03,2024-08-03
Raul Brancaccio,Clay,2020s,4,wide,True,8,1,4,0.5,2022-07-31,2022-07-31
Raul Brancaccio,Clay,2020s,5,body,True,1,1,0,0.0,2022-07-31,2022-07-31
Raul Brancaccio,Clay,2020s,6,t,True,4,1,2,0.5,2022-07-31,2022-07-31
Raul Ramirez,Clay,to_2009,4,wide,True,16,1,8,0.5,1976-06-11,1976-06-11
Raul Ramirez,Clay,to_2009,5,body,True,45,1,21,0.4666666666666667,1976-06-11,1976-06-11
Raul Ramirez,Clay,to_2009,6,t,True,8,1,4,0.5,1976-06-11,1976-06-11
Rei Sakamoto,Hard,2020s,4,wide,True,12,2,5,0.4166666666666667,2024-01-27,2024-12-01
Rei Sakamoto,Hard,2020s,5,body,True,38,2,20,0.5263157894736842,2024-01-27,2024-12-01
Rei Sakamoto,Hard,2020s,6,t,True,9,2,7,0.7777777777777778,2024-01-27,2024-12-01
Reilly Opelka,Hard,2010s,4,wide,True,129,10,77,0.5968992248062015,2019-02-08,2019-11-19
Reilly Opelka,Hard,2010s,5,body,True,64,9,31,0.484375,2019-02-08,2019-11-19
Reilly Opelka,Hard,2010s,6,t,True,96,10,52,0.5416666666666666,2019-02-08,2019-11-19
Reilly Opelka,Hard,2010s,0,unknown,False,1,1,1,1.0,2019-02-08,2019-02-08
Reilly Opelka,Hard,2020s,4,wide,True,347,28,199,0.5734870317002881,2020-08-25,2025-08-26
Reilly Opelka,Hard,2020s,5,body,True,151,26,87,0.5761589403973509,2020-08-25,2025-08-26
Reilly Opelka,Hard,2020s,6,t,True,213,28,114,0.5352112676056338,2020-08-25,2025-08-26
Reilly Opelka,Hard,2020s,0,unknown,False,12,1,4,0.3333333333333333,2021-02-04,2021-02-04
Reilly Opelka,Clay,2020s,4,wide,True,137,12,78,0.5693430656934306,2020-09-28,2025-04-15
Reilly Opelka,Clay,2020s,5,body,True,71,12,36,0.5070422535211268,2020-09-28,2025-04-15
Reilly Opelka,Clay,2020s,6,t,True,101,12,59,0.5841584158415841,2020-09-28,2025-04-15
Reilly Opelka,Grass,2010s,4,wide,True,29,2,17,0.5862068965517241,2019-07-03,2019-07-05
Reilly Opelka,Grass,2010s,5,body,True,31,2,19,0.6129032258064516,2019-07-03,2019-07-05
Reilly Opelka,Grass,2010s,6,t,True,15,2,9,0.6,2019-07-03,2019-07-05
Reilly Opelka,Grass,2020s,4,wide,True,53,4,25,0.4716981132075472,2022-06-13,2025-06-14
Reilly Opelka,Grass,2020s,5,body,True,34,4,17,0.5,2022-06-13,2025-06-14
Reilly Opelka,Grass,2020s,6,t,True,23,4,15,0.6521739130434783,2022-06-13,2025-06-14
Renzo Furlan,Hard,to_2009,4,wide,True,11,1,5,0.45454545454545453,1997-04-04,1997-04-04
Renzo Furlan,Hard,to_2009,5,body,True,63,1,34,0.5396825396825397,1997-04-04,1997-04-04
Renzo Furlan,Hard,to_2009,6,t,True,4,1,1,0.25,1997-04-04,1997-04-04
Renzo Olivo,Clay,2010s,4,wide,True,21,2,11,0.5238095238095238,2014-06-09,2016-07-16
Renzo Olivo,Clay,2010s,5,body,True,11,2,4,0.36363636363636365,2014-06-09,2016-07-16
Renzo Olivo,Clay,2010s,6,t,True,23,2,11,0.4782608695652174,2014-06-09,2016-07-16
Renzo Olivo,Clay,2020s,4,wide,True,13,1,7,0.5384615384615384,2021-05-25,2021-05-25
Renzo Olivo,Clay,2020s,5,body,True,8,1,2,0.25,2021-05-25,2021-05-25
Renzo Olivo,Clay,2020s,6,t,True,13,1,4,0.3076923076923077,2021-05-25,2021-05-25
Ricardas Berankis,Hard,2010s,4,wide,True,66,6,32,0.48484848484848486,2013-08-28,2019-02-28
Ricardas Berankis,Hard,2010s,5,body,True,94,6,41,0.43617021276595747,2013-08-28,2019-02-28
Ricardas Berankis,Hard,2010s,6,t,True,50,6,25,0.5,2013-08-28,2019-02-28
Ricardas Berankis,Hard,2020s,4,wide,True,10,1,6,0.6,2022-01-05,2022-01-05
Ricardas Berankis,Hard,2020s,5,body,True,4,1,0,0.0,2022-01-05,2022-01-05
Ricardas Berankis,Hard,2020s,6,t,True,11,1,5,0.45454545454545453,2022-01-05,2022-01-05
Ricardas Berankis,Grass,2020s,4,wide,True,9,1,6,0.6666666666666666,2021-06-15,2021-06-15
Ricardas Berankis,Grass,2020s,5,body,True,9,1,5,0.5555555555555556,2021-06-15,2021-06-15
Ricardas Berankis,Grass,2020s,6,t,True,9,1,6,0.6666666666666666,2021-06-15,2021-06-15
Ricardo Hocevar,Clay,2010s,4,wide,True,6,1,3,0.5,2014-04-14,2014-04-14
Ricardo Hocevar,Clay,2010s,5,body,True,3,1,2,0.6666666666666666,2014-04-14,2014-04-14
Ricardo Hocevar,Clay,2010s,6,t,True,9,1,3,0.3333333333333333,2014-04-14,2014-04-14
Riccardo Bonadio,Clay,2010s,4,wide,True,26,2,15,0.5769230769230769,2019-07-23,2019-07-24
Riccardo Bonadio,Clay,2010s,5,body,True,35,2,15,0.42857142857142855,2019-07-23,2019-07-24
Riccardo Bonadio,Clay,2010s,6,t,True,10,2,7,0.7,2019-07-23,2019-07-24
Richard Gasquet,Hard,to_2009,4,wide,True,147,10,71,0.48299319727891155,2006-04-07,2009-01-24
Richard Gasquet,Hard,to_2009,5,body,True,115,10,51,0.4434782608695652,2006-04-07,2009-01-24
Richard Gasquet,Hard,to_2009,6,t,True,153,10,70,0.45751633986928103,2006-04-07,2009-01-24
Richard Gasquet,Hard,2010s,4,wide,True,227,28,110,0.4845814977973568,2011-03-10,2019-10-01
Richard Gasquet,Hard,2010s,5,body,True,211,27,98,0.46445497630331756,2011-03-10,2019-08-17
Richard Gasquet,Hard,2010s,6,t,True,258,29,117,0.45348837209302323,2011-03-10,2019-10-01
Richard Gasquet,Hard,2020s,4,wide,True,160,16,76,0.475,2021-03-15,2025-01-30
Richard Gasquet,Hard,2020s,5,body,True,106,14,51,0.4811320754716981,2021-03-16,2025-01-30
Richard Gasquet,Hard,2020s,6,t,True,159,16,85,0.5345911949685535,2021-03-15,2025-01-30
Richard Gasquet,Clay,to_2009,4,wide,True,63,5,30,0.47619047619047616,2002-04-15,2007-05-06
Richard Gasquet,Clay,to_2009,5,body,True,58,5,30,0.5172413793103449,2002-04-15,2007-05-06
Richard Gasquet,Clay,to_2009,6,t,True,53,5,26,0.49056603773584906,2002-04-15,2007-05-06
Richard Gasquet,Clay,2010s,4,wide,True,174,14,88,0.5057471264367817,2011-05-12,2019-05-06
Richard Gasquet,Clay,2010s,5,body,True,123,14,64,0.5203252032520326,2011-05-12,2019-05-06
Richard Gasquet,Clay,2010s,6,t,True,147,14,76,0.5170068027210885,2011-05-12,2019-05-06
Richard Gasquet,Clay,2020s,4,wide,True,128,8,69,0.5390625,2021-05-09,2025-05-29
Richard Gasquet,Clay,2020s,5,body,True,70,8,28,0.4,2021-05-09,2025-05-29
Richard Gasquet,Clay,2020s,6,t,True,116,8,57,0.49137931034482757,2021-05-09,2025-05-29
Richard Gasquet,Grass,to_2009,4,wide,True,70,4,43,0.6142857142857143,2006-06-27,2008-06-30
Richard Gasquet,Grass,to_2009,5,body,True,33,4,18,0.5454545454545454,2006-06-27,2008-06-30
Richard Gasquet,Grass,to_2009,6,t,True,74,4,38,0.5135135135135135,2006-06-27,2008-06-30
Richard Gasquet,Grass,2010s,4,wide,True,68,4,44,0.6470588235294118,2015-07-08,2019-07-02
Richard Gasquet,Grass,2010s,5,body,True,51,4,29,0.5686274509803921,2015-07-08,2019-07-02
Richard Gasquet,Grass,2010s,6,t,True,61,4,25,0.4098360655737705,2015-07-08,2019-07-02
Richard Gasquet,Grass,2020s,4,wide,True,56,4,28,0.5,2021-07-01,2024-06-13
Richard Gasquet,Grass,2020s,5,body,True,37,4,15,0.40540540540540543,2021-07-01,2024-06-13
Richard Gasquet,Grass,2020s,6,t,True,60,4,29,0.48333333333333334,2021-07-01,2024-06-13
Richard Krajicek,Hard,to_2009,4,wide,True,329,21,160,0.48632218844984804,1992-01-17,2000-09-06
Richard Krajicek,Hard,to_2009,5,body,True,393,21,189,0.48091603053435117,1992-01-17,2000-09-06
Richard Krajicek,Hard,to_2009,6,t,True,264,21,122,0.4621212121212121,1992-01-17,2000-09-06
Richard Krajicek,Clay,to_2009,4,wide,True,46,3,25,0.5434782608695652,1993-06-05,1996-06-06
Richard Krajicek,Clay,to_2009,5,body,True,23,3,7,0.30434782608695654,1993-06-05,1996-06-06
Richard Krajicek,Clay,to_2009,6,t,True,60,3,26,0.43333333333333335,1993-06-05,1996-06-06
Richard Krajicek,Grass,to_2009,4,wide,True,104,8,54,0.5192307692307693,1993-06-28,1998-07-04
Richard Krajicek,Grass,to_2009,5,body,True,131,8,68,0.5190839694656488,1993-06-28,1998-07-04
Richard Krajicek,Grass,to_2009,6,t,True,103,8,64,0.6213592233009708,1993-06-28,1998-07-04
Richey Reneberg,Hard,to_2009,4,wide,True,14,2,8,0.5714285714285714,1993-07-31,1996-04-21
Richey Reneberg,Hard,to_2009,5,body,True,29,2,16,0.5517241379310345,1993-07-31,1996-04-21
Richey Reneberg,Hard,to_2009,6,t,True,12,2,7,0.5833333333333334,1993-07-31,1996-04-21
Richey Reneberg,Grass,to_2009,4,wide,True,19,1,10,0.5263157894736842,1994-06-22,1994-06-22
Richey Reneberg,Grass,to_2009,5,body,True,13,1,3,0.23076923076923078,1994-06-22,1994-06-22
Richey Reneberg,Grass,to_2009,6,t,True,13,1,9,0.6923076923076923,1994-06-22,1994-06-22
Rinky Hijikata,Hard,2020s,4,wide,True,157,10,78,0.4968152866242038,2023-01-18,2026-01-19
Rinky Hijikata,Hard,2020s,5,body,True,131,10,60,0.4580152671755725,2023-01-18,2026-01-19
Rinky Hijikata,Hard,2020s,6,t,True,54,10,21,0.3888888888888889,2023-01-18,2026-01-19
Rinky Hijikata,Grass,2020s,4,wide,True,40,2,18,0.45,2024-06-21,2024-07-16
Rinky Hijikata,Grass,2020s,5,body,True,22,2,6,0.2727272727272727,2024-06-21,2024-07-16
Rinky Hijikata,Grass,2020s,6,t,True,22,2,11,0.5,2024-06-21,2024-07-16
Rio Noguchi,Hard,2020s,4,wide,True,2,1,1,0.5,2022-10-06,2022-10-06
Rio Noguchi,Hard,2020s,5,body,True,5,1,2,0.4,2022-10-06,2022-10-06
Rio Noguchi,Hard,2020s,6,t,True,8,1,3,0.375,2022-10-06,2022-10-06
Robby Ginepri,Hard,to_2009,4,wide,True,58,4,31,0.5344827586206896,2001-08-30,2005-10-22
Robby Ginepri,Hard,to_2009,5,body,True,38,3,16,0.42105263157894735,2001-08-30,2005-09-10
Robby Ginepri,Hard,to_2009,6,t,True,60,4,31,0.5166666666666667,2001-08-30,2005-10-22
Robby Ginepri,Clay,2010s,4,wide,True,8,1,2,0.25,2014-05-26,2014-05-26
Robby Ginepri,Clay,2010s,5,body,True,11,1,5,0.45454545454545453,2014-05-26,2014-05-26
Robby Ginepri,Clay,2010s,6,t,True,7,1,4,0.5714285714285714,2014-05-26,2014-05-26
Robert Kendrick,Hard,to_2009,4,wide,True,20,1,10,0.5,2007-01-16,2007-01-16
Robert Kendrick,Hard,to_2009,5,body,True,9,1,3,0.3333333333333333,2007-01-16,2007-01-16
Robert Kendrick,Hard,to_2009,6,t,True,8,1,4,0.5,2007-01-16,2007-01-16
Roberto Bautista Agut,Hard,2010s,4,wide,True,215,25,107,0.49767441860465117,2013-01-06,2019-11-24
Roberto Bautista Agut,Hard,2010s,5,body,True,205,23,112,0.5463414634146342,2013-01-06,2019-11-24
Roberto Bautista Agut,Hard,2010s,6,t,True,151,24,91,0.6026490066225165,2013-01-06,2019-11-24
Roberto Bautista Agut,Hard,2020s,4,wide,True,257,28,146,0.5680933852140078,2020-01-12,2026-02-09
Roberto Bautista Agut,Hard,2020s,5,body,True,205,28,110,0.5365853658536586,2020-01-12,2026-02-09
Roberto Bautista Agut,Hard,2020s,6,t,True,218,28,117,0.536697247706422,2020-01-12,2026-02-09
Roberto Bautista Agut,Clay,2010s,4,wide,True,56,5,28,0.5,2014-05-10,2019-05-12
Roberto Bautista Agut,Clay,2010s,5,body,True,40,5,16,0.4,2014-05-10,2019-05-12
Roberto Bautista Agut,Clay,2010s,6,t,True,33,5,14,0.42424242424242425,2014-05-10,2019-05-12
Roberto Bautista Agut,Clay,2020s,4,wide,True,112,10,57,0.5089285714285714,2020-09-22,2025-05-26
Roberto Bautista Agut,Clay,2020s,5,body,True,77,10,39,0.5064935064935064,2020-09-22,2025-05-26
Roberto Bautista Agut,Clay,2020s,6,t,True,92,10,45,0.4891304347826087,2020-09-22,2025-05-26
Roberto Bautista Agut,Grass,2010s,4,wide,True,42,5,25,0.5952380952380952,2018-06-23,2019-07-12
Roberto Bautista Agut,Grass,2010s,5,body,True,44,5,27,0.6136363636363636,2018-06-23,2019-07-12
Roberto Bautista Agut,Grass,2010s,6,t,True,52,5,30,0.5769230769230769,2018-06-23,2019-07-12
Roberto Bautista Agut,Grass,2020s,4,wide,True,45,5,28,0.6222222222222222,2022-06-17,2025-06-21
Roberto Bautista Agut,Grass,2020s,5,body,True,52,5,26,0.5,2022-06-17,2025-06-21
Roberto Bautista Agut,Grass,2020s,6,t,True,40,5,21,0.525,2022-06-17,2025-06-21
Roberto Carballes Baena,Hard,2020s,4,wide,True,77,8,32,0.4155844155844156,2021-02-11,2024-03-28
Roberto Carballes Baena,Hard,2020s,5,body,True,112,8,59,0.5267857142857143,2021-02-11,2024-03-28
Roberto Carballes Baena,Hard,2020s,6,t,True,34,7,15,0.4411764705882353,2021-02-11,2024-03-28
Roberto Carballes Baena,Clay,2010s,4,wide,True,78,5,44,0.5641025641025641,2017-02-23,2019-07-15
Roberto Carballes Baena,Clay,2010s,5,body,True,38,5,20,0.5263157894736842,2017-02-23,2019-07-15
Roberto Carballes Baena,Clay,2010s,6,t,True,34,4,15,0.4411764705882353,2017-02-23,2019-07-15
Roberto Carballes Baena,Clay,2020s,4,wide,True,110,11,49,0.44545454545454544,2020-12-06,2024-07-13
Roberto Carballes Baena,Clay,2020s,5,body,True,106,10,52,0.49056603773584906,2020-12-06,2024-07-13
Roberto Carballes Baena,Clay,2020s,6,t,True,72,11,36,0.5,2020-12-06,2024-07-13
Roberto Cid,Clay,2010s,4,wide,True,11,1,6,0.5454545454545454,2019-05-07,2019-05-07
Roberto Cid,Clay,2010s,5,body,True,10,1,5,0.5,2019-05-07,2019-05-07
Roberto Cid,Clay,2010s,6,t,True,7,1,3,0.42857142857142855,2019-05-07,2019-05-07
Roberto Marcora,Hard,2020s,4,wide,True,5,1,1,0.2,2021-10-13,2021-10-13
Roberto Marcora,Hard,2020s,5,body,True,6,1,3,0.5,2021-10-13,2021-10-13
Roberto Marcora,Hard,2020s,6,t,True,11,1,5,0.45454545454545453,2021-10-13,2021-10-13
Roberto Quiroz,Hard,2020s,4,wide,True,5,1,2,0.4,2021-01-11,2021-01-11
Roberto Quiroz,Hard,2020s,5,body,True,15,1,6,0.4,2021-01-11,2021-01-11
Roberto Quiroz,Hard,2020s,6,t,True,5,1,3,0.6,2021-01-11,2021-01-11
Robin Bertrand,Hard,2020s,4,wide,True,7,1,3,0.42857142857142855,2025-01-06,2025-01-06
Robin Bertrand,Hard,2020s,5,body,True,10,1,6,0.6,2025-01-06,2025-01-06
Robin Bertrand,Hard,2020s,6,t,True,2,1,0,0.0,2025-01-06,2025-01-06
Robin Haase,Hard,2010s,4,wide,True,230,20,120,0.5217391304347826,2013-12-30,2019-11-20
Robin Haase,Hard,2010s,5,body,True,289,20,140,0.4844290657439446,2013-12-30,2019-11-20
Robin Haase,Hard,2010s,6,t,True,178,20,84,0.47191011235955055,2013-12-30,2019-11-20
Robin Haase,Hard,2010s,0,unknown,False,1,1,1,1.0,2019-10-23,2019-10-23
Robin Haase,Hard,2020s,4,wide,True,60,7,34,0.5666666666666667,2020-01-26,2022-01-10
Robin Haase,Hard,2020s,5,body,True,160,7,79,0.49375,2020-01-26,2022-01-10
Robin Haase,Hard,2020s,6,t,True,54,7,26,0.48148148148148145,2020-01-26,2022-01-10
Robin Haase,Clay,2010s,4,wide,True,175,13,88,0.5028571428571429,2012-07-28,2019-09-26
Robin Haase,Clay,2010s,5,body,True,134,12,58,0.43283582089552236,2012-07-28,2019-09-26
Robin Haase,Clay,2010s,6,t,True,101,13,46,0.45544554455445546,2012-07-28,2019-09-26
Robin Haase,Clay,2020s,4,wide,True,42,4,17,0.40476190476190477,2021-05-25,2024-07-28
Robin Haase,Clay,2020s,5,body,True,31,4,15,0.4838709677419355,2021-05-25,2024-07-28
Robin Haase,Clay,2020s,6,t,True,46,4,21,0.45652173913043476,2021-05-25,2024-07-28
Robin Haase,Grass,2010s,4,wide,True,22,2,14,0.6363636363636364,2019-07-01,2019-07-03
Robin Haase,Grass,2010s,5,body,True,30,2,18,0.6,2019-07-01,2019-07-03
Robin Haase,Grass,2010s,6,t,True,14,2,9,0.6428571428571429,2019-07-01,2019-07-03
Robin Soderling,Hard,to_2009,4,wide,True,61,7,37,0.6065573770491803,2004-10-01,2009-11-27
Robin Soderling,Hard,to_2009,5,body,True,71,7,35,0.49295774647887325,2004-10-01,2009-11-27
Robin Soderling,Hard,to_2009,6,t,True,90,7,31,0.34444444444444444,2004-10-01,2009-11-27
Robin Soderling,Hard,2010s,4,wide,True,93,11,42,0.45161290322580644,2010-02-14,2011-02-20
Robin Soderling,Hard,2010s,5,body,True,143,11,75,0.5244755244755245,2010-02-14,2011-02-20
Robin Soderling,Hard,2010s,6,t,True,92,11,47,0.5108695652173914,2010-02-14,2011-02-20
Robin Soderling,Clay,to_2009,4,wide,True,30,2,22,0.7333333333333333,2009-05-31,2009-06-07
Robin Soderling,Clay,to_2009,5,body,True,15,2,6,0.4,2009-05-31,2009-06-07
Robin Soderling,Clay,to_2009,6,t,True,39,2,21,0.5384615384615384,2009-05-31,2009-06-07
Robin Soderling,Clay,2010s,4,wide,True,32,3,16,0.5,2010-06-03,2011-07-17
Robin Soderling,Clay,2010s,5,body,True,23,3,9,0.391304347826087,2010-06-03,2011-07-17
Robin Soderling,Clay,2010s,6,t,True,44,3,30,0.6818181818181818,2010-06-03,2011-07-17
Robin Soderling,Grass,to_2009,4,wide,True,9,1,6,0.6666666666666666,2009-06-29,2009-06-29
Robin Soderling,Grass,to_2009,5,body,True,18,1,12,0.6666666666666666,2009-06-29,2009-06-29
Robin Soderling,Grass,to_2009,6,t,True,13,1,7,0.5384615384615384,2009-06-29,2009-06-29
Robin Vik,Hard,to_2009,4,wide,True,1,1,0,0.0,2006-03-02,2006-03-02
Robin Vik,Hard,to_2009,5,body,True,11,1,6,0.5454545454545454,2006-03-02,2006-03-02
Robin Vik,Hard,to_2009,6,t,True,5,1,0,0.0,2006-03-02,2006-03-02
Rod Frawley,Grass,to_2009,4,wide,True,34,1,17,0.5,1981-07-03,1981-07-03
Rod Frawley,Grass,to_2009,5,body,True,17,1,8,0.47058823529411764,1981-07-03,1981-07-03
Rod Frawley,Grass,to_2009,6,t,True,10,1,6,0.6,1981-07-03,1981-07-03
Rod Laver,Clay,to_2009,4,wide,True,5,1,4,0.8,1976-10-11,1976-10-11
Rod Laver,Clay,to_2009,5,body,True,10,1,3,0.3,1976-10-11,1976-10-11
Rod Laver,Clay,to_2009,6,t,True,10,1,4,0.4,1976-10-11,1976-10-11
Rod Laver,Grass,to_2009,4,wide,True,69,4,38,0.5507246376811594,1960-07-04,1969-09-07
Rod Laver,Grass,to_2009,5,body,True,57,4,26,0.45614035087719296,1960-07-04,1969-09-07
Rod Laver,Grass,to_2009,6,t,True,60,4,29,0.48333333333333334,1960-07-04,1969-09-07
Rodrigo Pacheco Mendez,Hard,2020s,4,wide,True,8,1,4,0.5,2025-02-25,2025-02-25
Rodrigo Pacheco Mendez,Hard,2020s,5,body,True,18,1,11,0.6111111111111112,2025-02-25,2025-02-25
Rodrigo Pacheco Mendez,Hard,2020s,6,t,True,5,1,3,0.6,2025-02-25,2025-02-25
Roger Federer,Hard,to_2009,4,wide,True,2880,238,1613,0.5600694444444444,1998-10-05,2009-11-28
Roger Federer,Hard,to_2009,5,body,True,2021,235,1129,0.5586343394359228,1998-10-05,2009-11-28
Roger Federer,Hard,to_2009,6,t,True,2497,238,1413,0.565879054865839,1998-10-05,2009-11-28
Roger Federer,Hard,to_2009,0,unknown,False,2,2,1,0.5,2002-11-13,2006-08-16
Roger Federer,Hard,2010s,4,wide,True,2680,229,1523,0.5682835820895522,2010-01-08,2019-11-16
Roger Federer,Hard,2010s,5,body,True,1877,226,1026,0.5466169419286094,2010-01-08,2019-11-16
Roger Federer,Hard,2010s,6,t,True,2055,228,1181,0.5746958637469587,2010-01-08,2019-11-16
Roger Federer,Hard,2010s,0,unknown,False,1,1,1,1.0,2012-03-03,2012-03-03
Roger Federer,Hard,2020s,4,wide,True,97,6,54,0.5567010309278351,2020-01-20,2021-03-10
Roger Federer,Hard,2020s,5,body,True,64,6,30,0.46875,2020-01-20,2021-03-10
Roger Federer,Hard,2020s,6,t,True,83,6,44,0.5301204819277109,2020-01-20,2021-03-10
Roger Federer,Clay,to_2009,4,wide,True,1141,79,636,0.5574057843996494,1999-07-16,2009-06-07
Roger Federer,Clay,to_2009,5,body,True,661,75,351,0.5310136157337367,1999-07-16,2009-06-07
Roger Federer,Clay,to_2009,6,t,True,903,79,484,0.5359911406423035,1999-07-16,2009-06-07
Roger Federer,Clay,2010s,4,wide,True,632,48,348,0.5506329113924051,2010-05-09,2019-06-07
Roger Federer,Clay,2010s,5,body,True,471,46,258,0.5477707006369427,2010-05-09,2019-06-07
Roger Federer,Clay,2010s,6,t,True,466,48,235,0.5042918454935622,2010-05-09,2019-06-07
Roger Federer,Clay,2020s,4,wide,True,40,3,27,0.675,2021-05-31,2021-06-05
Roger Federer,Clay,2020s,5,body,True,23,3,14,0.6086956521739131,2021-05-31,2021-06-05
Roger Federer,Clay,2020s,6,t,True,50,3,28,0.56,2021-05-31,2021-06-05
Roger Federer,Grass,to_2009,4,wide,True,599,47,370,0.6176961602671118,1998-07-04,2009-07-05
Roger Federer,Grass,to_2009,5,body,True,428,46,268,0.6261682242990654,1998-07-04,2009-07-05
Roger Federer,Grass,to_2009,6,t,True,508,45,314,0.6181102362204725,2000-06-07,2009-07-05
Roger Federer,Grass,2010s,4,wide,True,888,67,520,0.5855855855855856,2010-06-13,2019-07-14
Roger Federer,Grass,2010s,5,body,True,573,66,321,0.5602094240837696,2010-06-13,2019-07-14
Roger Federer,Grass,2010s,6,t,True,670,67,400,0.5970149253731343,2010-06-13,2019-07-14
Roger Federer,Grass,2010s,0,unknown,False,2,2,1,0.5,2012-06-29,2017-07-12
Roger Federer,Grass,2020s,4,wide,True,69,5,44,0.6376811594202898,2021-06-29,2021-07-05
Roger Federer,Grass,2020s,5,body,True,42,5,16,0.38095238095238093,2021-06-29,2021-07-05
Roger Federer,Grass,2020s,6,t,True,66,5,40,0.6060606060606061,2021-06-29,2021-07-05
Rogerio Dutra Silva,Clay,2010s,4,wide,True,5,1,5,1.0,2015-08-10,2015-08-10
Rogerio Dutra Silva,Clay,2010s,5,body,True,2,1,2,1.0,2015-08-10,2015-08-10
Rogerio Dutra Silva,Clay,2010s,6,t,True,3,1,3,1.0,2015-08-10,2015-08-10
Rohan Bopanna,Grass,to_2009,4,wide,True,23,1,9,0.391304347826087,2006-06-12,2006-06-12
Rohan Bopanna,Grass,to_2009,5,body,True,9,1,4,0.4444444444444444,2006-06-12,2006-06-12
Rohan Bopanna,Grass,to_2009,6,t,True,13,1,7,0.5384615384615384,2006-06-12,2006-06-12
Roman Andres Burruchaga,Clay,2020s,4,wide,True,7,1,4,0.5714285714285714,2022-06-21,2022-06-21
Roman Andres Burruchaga,Clay,2020s,5,body,True,7,1,6,0.8571428571428571,2022-06-21,2022-06-21
Roman Andres Burruchaga,Clay,2020s,6,t,True,6,1,2,0.3333333333333333,2022-06-21,2022-06-21
Roman Safiullin,Hard,2010s,4,wide,True,3,1,2,0.6666666666666666,2017-10-16,2017-10-16
Roman Safiullin,Hard,2010s,5,body,True,4,1,1,0.25,2017-10-16,2017-10-16
Roman Safiullin,Hard,2010s,6,t,True,2,1,0,0.0,2017-10-16,2017-10-16
Roman Safiullin,Hard,2020s,4,wide,True,144,10,74,0.5138888888888888,2022-01-06,2025-07-29
Roman Safiullin,Hard,2020s,5,body,True,155,10,85,0.5483870967741935,2022-01-06,2025-07-29
Roman Safiullin,Hard,2020s,6,t,True,59,10,31,0.5254237288135594,2022-01-06,2025-07-29
Roman Safiullin,Clay,2010s,4,wide,True,17,1,4,0.23529411764705882,2019-05-14,2019-05-14
Roman Safiullin,Clay,2010s,5,body,True,12,1,6,0.5,2019-05-14,2019-05-14
Roman Safiullin,Clay,2010s,6,t,True,9,1,3,0.3333333333333333,2019-05-14,2019-05-14
Roman Safiullin,Clay,2020s,4,wide,True,17,1,6,0.35294117647058826,2024-04-09,2024-04-09
Roman Safiullin,Clay,2020s,5,body,True,13,1,4,0.3076923076923077,2024-04-09,2024-04-09
Roman Safiullin,Clay,2020s,6,t,True,5,1,1,0.2,2024-04-09,2024-04-09
Roman Safiullin,Grass,2020s,4,wide,True,49,2,28,0.5714285714285714,2023-07-03,2023-07-11
Roman Safiullin,Grass,2020s,5,body,True,31,2,16,0.5161290322580645,2023-07-03,2023-07-11
Roman Safiullin,Grass,2020s,6,t,True,20,2,12,0.6,2023-07-03,2023-07-11
Ronit Karki,Grass,2020s,4,wide,True,6,1,2,0.3333333333333333,2025-07-13,2025-07-13
Ronit Karki,Grass,2020s,5,body,True,4,1,0,0.0,2025-07-13,2025-07-13
Ronit Karki,Grass,2020s,6,t,True,7,1,4,0.5714285714285714,2025-07-13,2025-07-13
Roscoe Tanner,Grass,to_2009,4,wide,True,19,1,12,0.631578947368421,1977-01-09,1977-01-09
Roscoe Tanner,Grass,to_2009,5,body,True,10,1,5,0.5,1977-01-09,1977-01-09
Roscoe Tanner,Grass,to_2009,6,t,True,18,1,8,0.4444444444444444,1977-01-09,1977-01-09
Roy Smith,Hard,2010s,4,wide,True,16,1,13,0.8125,2018-11-16,2018-11-16
Roy Smith,Hard,2010s,5,body,True,33,1,14,0.42424242424242425,2018-11-16,2018-11-16
Roy Smith,Hard,2010s,6,t,True,11,1,3,0.2727272727272727,2018-11-16,2018-11-16
Ruben Bemelmans,Hard,2010s,4,wide,True,5,1,0,0.0,2017-10-25,2017-10-25
Ruben Bemelmans,Hard,2010s,5,body,True,22,1,8,0.36363636363636365,2017-10-25,2017-10-25
Ruben Bemelmans,Hard,2010s,6,t,True,12,1,8,0.6666666666666666,2017-10-25,2017-10-25
Ruben Bemelmans,Grass,2010s,4,wide,True,5,1,2,0.4,2019-07-01,2019-07-01
Ruben Bemelmans,Grass,2010s,5,body,True,21,1,8,0.38095238095238093,2019-07-01,2019-07-01
Ruben Bemelmans,Grass,2010s,6,t,True,6,1,5,0.8333333333333334,2019-07-01,2019-07-01
Ruben Gonzales,Hard,2010s,4,wide,True,2,1,1,0.5,2016-01-18,2016-01-18
Ruben Gonzales,Hard,2010s,5,body,True,4,1,0,0.0,2016-01-18,2016-01-18
Ruben Gonzales,Hard,2010s,6,t,True,6,1,5,0.8333333333333334,2016-01-18,2016-01-18
Ruben Ramirez Hidalgo,Hard,2010s,4,wide,True,3,1,1,0.3333333333333333,2015-10-19,2015-10-19
Ruben Ramirez Hidalgo,Hard,2010s,5,body,True,20,1,6,0.3,2015-10-19,2015-10-19
Ruben Ramirez Hidalgo,Hard,2010s,6,t,True,7,1,5,0.7142857142857143,2015-10-19,2015-10-19
Ruben Ramirez Hidalgo,Clay,to_2009,4,wide,True,12,1,5,0.4166666666666667,2008-04-23,2008-04-23
Ruben Ramirez Hidalgo,Clay,to_2009,5,body,True,9,1,4,0.4444444444444444,2008-04-23,2008-04-23
Ruben Ramirez Hidalgo,Clay,to_2009,6,t,True,25,1,11,0.44,2008-04-23,2008-04-23
Rudolf Molleker,Clay,2010s,4,wide,True,11,1,7,0.6363636363636364,2019-04-06,2019-04-06
Rudolf Molleker,Clay,2010s,5,body,True,10,1,8,0.8,2019-04-06,2019-04-06
Rudolf Molleker,Clay,2010s,6,t,True,9,1,4,0.4444444444444444,2019-04-06,2019-04-06
Rudolf Molleker,Grass,2010s,4,wide,True,15,1,5,0.3333333333333333,2019-06-18,2019-06-18
Rudolf Molleker,Grass,2010s,5,body,True,33,1,18,0.5454545454545454,2019-06-18,2019-06-18
Rudolf Molleker,Grass,2010s,6,t,True,12,1,4,0.3333333333333333,2019-06-18,2019-06-18
Rudy Coco,Hard,2010s,4,wide,True,9,1,5,0.5555555555555556,2014-02-24,2014-02-24
Rudy Coco,Hard,2010s,5,body,True,7,1,1,0.14285714285714285,2014-02-24,2014-02-24
Rudy Coco,Hard,2010s,6,t,True,3,1,1,0.3333333333333333,2014-02-24,2014-02-24
Ryan Harrison,Hard,2010s,4,wide,True,12,2,9,0.75,2018-01-07,2018-07-29
Ryan Harrison,Hard,2010s,5,body,True,29,2,14,0.4827586206896552,2018-01-07,2018-07-29
Ryan Harrison,Hard,2010s,6,t,True,18,2,9,0.5,2018-01-07,2018-07-29
Ryan Harrison,Clay,2010s,4,wide,True,7,1,6,0.8571428571428571,2017-05-10,2017-05-10
Ryan Harrison,Clay,2010s,5,body,True,5,1,0,0.0,2017-05-10,2017-05-10
Ryan Harrison,Clay,2010s,6,t,True,10,1,3,0.3,2017-05-10,2017-05-10
Ryan Seggerman,Hard,2020s,4,wide,True,5,1,3,0.6,2024-07-01,2024-07-01
Ryan Seggerman,Hard,2020s,5,body,True,17,1,11,0.6470588235294118,2024-07-01,2024-07-01
Ryan Seggerman,Hard,2020s,6,t,True,7,1,3,0.42857142857142855,2024-07-01,2024-07-01
Ryo Tabata,Hard,2020s,4,wide,True,5,1,2,0.4,2026-01-31,2026-01-31
Ryo Tabata,Hard,2020s,5,body,True,5,1,0,0.0,2026-01-31,2026-01-31
Ryo Tabata,Hard,2020s,6,t,True,13,1,6,0.46153846153846156,2026-01-31,2026-01-31
Saidalo Saidkarimov,Hard,2010s,4,wide,True,8,1,6,0.75,2019-06-17,2019-06-17
Saidalo Saidkarimov,Hard,2010s,5,body,True,2,1,1,0.5,2019-06-17,2019-06-17
Saidalo Saidkarimov,Hard,2010s,6,t,True,2,1,2,1.0,2019-06-17,2019-06-17
Salvatore Caruso,Hard,2010s,4,wide,True,7,1,4,0.5714285714285714,2019-10-26,2019-10-26
Salvatore Caruso,Hard,2010s,5,body,True,22,1,11,0.5,2019-10-26,2019-10-26
Salvatore Caruso,Hard,2010s,6,t,True,7,1,1,0.14285714285714285,2019-10-26,2019-10-26
Salvatore Caruso,Clay,2020s,4,wide,True,8,1,5,0.625,2021-04-13,2021-04-13
Salvatore Caruso,Clay,2020s,5,body,True,11,1,5,0.45454545454545453,2021-04-13,2021-04-13
Salvatore Caruso,Clay,2020s,6,t,True,16,1,10,0.625,2021-04-13,2021-04-13
Sam Querrey,Hard,2010s,4,wide,True,81,7,37,0.4567901234567901,2010-08-01,2019-10-04
Sam Querrey,Hard,2010s,5,body,True,87,7,40,0.45977011494252873,2010-08-01,2019-10-04
Sam Querrey,Hard,2010s,6,t,True,61,7,34,0.5573770491803278,2010-08-01,2019-10-04
Sam Querrey,Hard,2020s,4,wide,True,29,2,10,0.3448275862068966,2022-03-13,2022-08-30
Sam Querrey,Hard,2020s,5,body,True,28,2,8,0.2857142857142857,2022-03-13,2022-08-30
Sam Querrey,Hard,2020s,6,t,True,30,2,13,0.43333333333333335,2022-03-13,2022-08-30
Sam Querrey,Grass,2010s,4,wide,True,143,8,79,0.5524475524475524,2015-06-24,2019-07-02
Sam Querrey,Grass,2010s,5,body,True,122,8,67,0.5491803278688525,2015-06-24,2019-07-02
Sam Querrey,Grass,2010s,6,t,True,61,8,26,0.4262295081967213,2015-06-24,2019-07-02
Sam Querrey,Grass,2020s,4,wide,True,15,2,6,0.4,2022-06-14,2022-07-12
Sam Querrey,Grass,2020s,5,body,True,20,2,6,0.3,2022-06-14,2022-07-12
Sam Querrey,Grass,2020s,6,t,True,8,2,4,0.5,2022-06-14,2022-07-12
Samuel Groth,Grass,2010s,4,wide,True,29,2,21,0.7241379310344828,2015-06-10,2015-07-04
Samuel Groth,Grass,2010s,5,body,True,31,2,15,0.4838709677419355,2015-06-10,2015-07-04
Samuel Groth,Grass,2010s,6,t,True,30,2,11,0.36666666666666664,2015-06-10,2015-07-04
Sanam Singh,Hard,2010s,4,wide,True,7,1,4,0.5714285714285714,2015-10-14,2015-10-14
Sanam Singh,Hard,2010s,5,body,True,12,1,3,0.25,2015-10-14,2015-10-14
Sanam Singh,Hard,2010s,6,t,True,4,1,1,0.25,2015-10-14,2015-10-14
Sandro Ehrat,Clay,2010s,4,wide,True,10,1,4,0.4,2019-07-22,2019-07-22
Sandro Ehrat,Clay,2010s,5,body,True,6,1,4,0.6666666666666666,2019-07-22,2019-07-22
Sandro Ehrat,Clay,2010s,6,t,True,12,1,5,0.4166666666666667,2019-07-22,2019-07-22
Sanjar Fayziev,Clay,2010s,4,wide,True,9,1,5,0.5555555555555556,2017-05-16,2017-05-16
Sanjar Fayziev,Clay,2010s,5,body,True,13,1,6,0.46153846153846156,2017-05-16,2017-05-16
Sanjar Fayziev,Clay,2010s,6,t,True,6,1,1,0.16666666666666666,2017-05-16,2017-05-16
Santiago Giraldo,Clay,2010s,4,wide,True,9,2,1,0.1111111111111111,2015-02-13,2015-04-23
Santiago Giraldo,Clay,2010s,5,body,True,19,2,8,0.42105263157894735,2015-02-13,2015-04-23
Santiago Giraldo,Clay,2010s,6,t,True,10,2,5,0.5,2015-02-13,2015-04-23
Sargis Sargsian,Hard,to_2009,4,wide,True,8,1,2,0.25,2004-10-26,2004-10-26
Sargis Sargsian,Hard,to_2009,5,body,True,14,1,10,0.7142857142857143,2004-10-26,2004-10-26
Sargis Sargsian,Hard,to_2009,6,t,True,10,1,4,0.4,2004-10-26,2004-10-26
Sascha Gueymard Wayenburg,Clay,2020s,4,wide,True,4,1,1,0.25,2022-05-16,2022-05-16
Sascha Gueymard Wayenburg,Clay,2020s,5,body,True,20,1,10,0.5,2022-05-16,2022-05-16
Scott Draper,Hard,to_2009,4,wide,True,13,1,2,0.15384615384615385,1998-07-27,1998-07-27
Scott Draper,Hard,to_2009,5,body,True,1,1,0,0.0,1998-07-27,1998-07-27
Scott Draper,Hard,to_2009,6,t,True,10,1,3,0.3,1998-07-27,1998-07-27
Scott Draper,Grass,to_2009,4,wide,True,19,1,11,0.5789473684210527,1999-06-21,1999-06-21
Scott Draper,Grass,to_2009,5,body,True,11,1,6,0.5454545454545454,1999-06-21,1999-06-21
Scott Draper,Grass,to_2009,6,t,True,14,1,6,0.42857142857142855,1999-06-21,1999-06-21
Scott Griekspoor,Hard,2010s,4,wide,True,18,2,10,0.5555555555555556,2015-10-05,2019-04-25
Scott Griekspoor,Hard,2010s,5,body,True,21,2,10,0.47619047619047616,2015-10-05,2019-04-25
Scott Griekspoor,Hard,2010s,6,t,True,23,2,12,0.5217391304347826,2015-10-05,2019-04-25
Scott Griekspoor,Clay,2010s,4,wide,True,14,1,7,0.5,2018-06-24,2018-06-24
Scott Griekspoor,Clay,2010s,5,body,True,11,1,7,0.6363636363636364,2018-06-24,2018-06-24
Scott Griekspoor,Clay,2010s,6,t,True,6,1,3,0.5,2018-06-24,2018-06-24
Scoville Jenkins,Hard,to_2009,4,wide,True,19,1,10,0.5263157894736842,2005-08-31,2005-08-31
Scoville Jenkins,Hard,to_2009,5,body,True,16,1,9,0.5625,2005-08-31,2005-08-31
Scoville Jenkins,Hard,to_2009,6,t,True,14,1,5,0.35714285714285715,2005-08-31,2005-08-31
Sebastian Baez,Hard,2020s,4,wide,True,87,18,32,0.367816091954023,2022-02-09,2026-03-10
Sebastian Baez,Hard,2020s,5,body,True,109,17,53,0.48623853211009177,2022-02-09,2026-01-02
Sebastian Baez,Hard,2020s,6,t,True,112,18,44,0.39285714285714285,2022-02-09,2026-03-10
Sebastian Baez,Clay,2020s,4,wide,True,232,31,113,0.4870689655172414,2021-06-13,2025-04-06
Sebastian Baez,Clay,2020s,5,body,True,180,25,88,0.4888888888888889,2021-06-13,2025-04-06
Sebastian Baez,Clay,2020s,6,t,True,242,26,119,0.49173553719008267,2021-06-13,2025-04-06
Sebastian Baez,Grass,2020s,4,wide,True,3,1,1,0.3333333333333333,2024-06-26,2024-06-26
Sebastian Baez,Grass,2020s,5,body,True,5,1,3,0.6,2024-06-26,2024-06-26
Sebastian Baez,Grass,2020s,6,t,True,6,1,3,0.5,2024-06-26,2024-06-26
Sebastian Fanselow,Hard,2010s,4,wide,True,4,1,3,0.75,2015-11-02,2015-11-02
Sebastian Fanselow,Hard,2010s,5,body,True,6,1,4,0.6666666666666666,2015-11-02,2015-11-02
Sebastian Fanselow,Hard,2010s,6,t,True,5,1,2,0.4,2015-11-02,2015-11-02
Sebastian Korda,Hard,2020s,4,wide,True,432,33,209,0.4837962962962963,2021-08-05,2026-03-24
Sebastian Korda,Hard,2020s,5,body,True,338,32,187,0.5532544378698225,2021-08-05,2026-03-24
Sebastian Korda,Hard,2020s,6,t,True,341,33,165,0.4838709677419355,2021-08-05,2026-03-24
Sebastian Korda,Clay,2020s,4,wide,True,113,8,59,0.5221238938053098,2022-04-13,2025-05-30
Sebastian Korda,Clay,2020s,5,body,True,71,8,31,0.43661971830985913,2022-04-13,2025-05-30
Sebastian Korda,Clay,2020s,6,t,True,96,8,49,0.5104166666666666,2022-04-13,2025-05-30
Sebastian Korda,Grass,2020s,4,wide,True,95,8,50,0.5263157894736842,2023-07-05,2024-07-02
Sebastian Korda,Grass,2020s,5,body,True,77,8,47,0.6103896103896104,2023-07-05,2024-07-02
Sebastian Korda,Grass,2020s,6,t,True,86,8,41,0.47674418604651164,2023-07-05,2024-07-02
Sebastian Ofner,Hard,2020s,4,wide,True,16,2,8,0.5,2023-10-01,2023-10-07
Sebastian Ofner,Hard,2020s,5,body,True,19,2,11,0.5789473684210527,2023-10-01,2023-10-07
Sebastian Ofner,Hard,2020s,6,t,True,13,2,6,0.46153846153846156,2023-10-01,2023-10-07
Sebastian Ofner,Clay,2020s,4,wide,True,94,7,44,0.46808510638297873,2022-07-28,2025-05-23
Sebastian Ofner,Clay,2020s,5,body,True,76,7,36,0.47368421052631576,2022-07-28,2025-05-23
Sebastian Ofner,Clay,2020s,6,t,True,39,7,19,0.48717948717948717,2022-07-28,2025-05-23
Sebastien Grosjean,Hard,to_2009,4,wide,True,160,7,86,0.5375,1999-07-16,2002-10-19
Sebastien Grosjean,Hard,to_2009,5,body,True,77,7,40,0.5194805194805194,1999-07-16,2002-10-19
Sebastien Grosjean,Hard,to_2009,6,t,True,101,6,47,0.46534653465346537,1999-07-16,2002-10-19
Sebastien Grosjean,Clay,to_2009,4,wide,True,22,2,8,0.36363636363636365,2002-06-05,2002-12-01
Sebastien Grosjean,Clay,to_2009,5,body,True,47,2,22,0.46808510638297873,2002-06-05,2002-12-01
Sebastien Grosjean,Clay,to_2009,6,t,True,7,2,3,0.42857142857142855,2002-06-05,2002-12-01
Sebastien Grosjean,Grass,to_2009,4,wide,True,124,5,58,0.46774193548387094,2001-12-02,2005-06-29
Sebastien Grosjean,Grass,to_2009,5,body,True,64,5,33,0.515625,2001-12-02,2005-06-29
Sebastien Grosjean,Grass,to_2009,6,t,True,43,4,20,0.46511627906976744,2001-12-02,2005-06-29
Sebastien Lareau,Grass,to_2009,4,wide,True,6,1,3,0.5,1999-06-23,1999-06-23
Sebastien Lareau,Grass,to_2009,5,body,True,15,1,6,0.4,1999-06-23,1999-06-23
Sebastien Lareau,Grass,to_2009,6,t,True,2,1,2,1.0,1999-06-23,1999-06-23
Seong Chan Hong,Hard,2020s,4,wide,True,4,1,1,0.25,2024-03-07,2024-03-07
Seong Chan Hong,Hard,2020s,5,body,True,14,1,6,0.42857142857142855,2024-03-07,2024-03-07
Seong Chan Hong,Hard,2020s,6,t,True,11,1,7,0.6363636363636364,2024-03-07,2024-03-07
Sergey Fomin,Clay,2010s,4,wide,True,19,1,6,0.3157894736842105,2019-05-06,2019-05-06
Sergey Fomin,Clay,2010s,5,body,True,20,1,8,0.4,2019-05-06,2019-05-06
Sergey Fomin,Clay,2010s,6,t,True,4,1,1,0.25,2019-05-06,2019-05-06
Sergey Fomin,Clay,2020s,4,wide,True,9,1,7,0.7777777777777778,2022-05-21,2022-05-21
Sergey Fomin,Clay,2020s,5,body,True,15,1,5,0.3333333333333333,2022-05-21,2022-05-21
Sergey Fomin,Clay,2020s,6,t,True,6,1,5,0.8333333333333334,2022-05-21,2022-05-21
Sergi Bruguera,Hard,to_2009,4,wide,True,107,8,49,0.45794392523364486,1990-11-03,1997-03-23
Sergi Bruguera,Hard,to_2009,5,body,True,45,8,16,0.35555555555555557,1990-11-03,1997-03-23
Sergi Bruguera,Hard,to_2009,6,t,True,90,8,39,0.43333333333333335,1990-11-03,1997-03-23
Sergi Bruguera,Clay,to_2009,4,wide,True,189,14,104,0.5502645502645502,1991-04-28,1997-06-08
Sergi Bruguera,Clay,to_2009,5,body,True,156,14,74,0.47435897435897434,1991-04-28,1997-06-08
Sergi Bruguera,Clay,to_2009,6,t,True,166,14,91,0.5481927710843374,1991-04-28,1997-06-08
Sergi Bruguera,Clay,to_2009,0,unknown,False,1,1,1,1.0,1995-05-22,1995-05-22
Sergio Casal,Hard,to_2009,4,wide,True,9,1,5,0.5555555555555556,1986-11-02,1986-11-02
Sergio Casal,Hard,to_2009,5,body,True,29,1,12,0.41379310344827586,1986-11-02,1986-11-02
Sergio Casal,Hard,to_2009,6,t,True,2,1,0,0.0,1986-11-02,1986-11-02
Sergio Cortes,Hard,to_2009,4,wide,True,5,1,1,0.2,1993-09-05,1993-09-05
Sergio Cortes,Hard,to_2009,5,body,True,9,1,3,0.3333333333333333,1993-09-05,1993-09-05
Sergio Cortes,Hard,to_2009,6,t,True,11,1,4,0.36363636363636365,1993-09-05,1993-09-05
Sergiy Stakhovsky,Hard,2010s,4,wide,True,59,8,33,0.559322033898305,2015-02-21,2019-04-14
Sergiy Stakhovsky,Hard,2010s,5,body,True,106,8,57,0.5377358490566038,2014-01-09,2019-04-14
Sergiy Stakhovsky,Hard,2010s,6,t,True,36,8,22,0.6111111111111112,2015-02-21,2019-04-14
Sergiy Stakhovsky,Hard,2020s,4,wide,True,9,2,4,0.4444444444444444,2020-02-04,2022-01-11
Sergiy Stakhovsky,Hard,2020s,5,body,True,32,2,13,0.40625,2020-02-04,2022-01-11
Sergiy Stakhovsky,Hard,2020s,6,t,True,15,2,7,0.4666666666666667,2020-02-04,2022-01-11
Sergiy Stakhovsky,Clay,2010s,4,wide,True,17,2,7,0.4117647058823529,2013-09-13,2017-05-31
Sergiy Stakhovsky,Clay,2010s,5,body,True,47,2,21,0.44680851063829785,2013-09-13,2017-05-31
Sergiy Stakhovsky,Clay,2010s,6,t,True,30,2,9,0.3,2013-09-13,2017-05-31
Sergiy Stakhovsky,Grass,2010s,4,wide,True,34,3,21,0.6176470588235294,2013-06-26,2019-06-19
Sergiy Stakhovsky,Grass,2010s,5,body,True,69,3,41,0.5942028985507246,2013-06-26,2019-06-19
Sergiy Stakhovsky,Grass,2010s,6,t,True,22,3,12,0.5454545454545454,2013-06-26,2019-06-19
Shintaro Mochizuki,Hard,2020s,4,wide,True,9,1,3,0.3333333333333333,2026-01-02,2026-01-02
Shintaro Mochizuki,Hard,2020s,5,body,True,10,1,4,0.4,2026-01-02,2026-01-02
Shintaro Mochizuki,Hard,2020s,6,t,True,8,1,4,0.5,2026-01-02,2026-01-02
Shintaro Mochizuki,Clay,2020s,4,wide,True,24,1,11,0.4583333333333333,2024-05-26,2024-05-26
Shintaro Mochizuki,Clay,2020s,5,body,True,8,1,4,0.5,2024-05-26,2024-05-26
Shintaro Mochizuki,Clay,2020s,6,t,True,36,1,16,0.4444444444444444,2024-05-26,2024-05-26
Sho Katayama,Hard,2010s,4,wide,True,1,1,1,1.0,2015-11-23,2015-11-23
Sho Katayama,Hard,2010s,5,body,True,8,1,6,0.75,2015-11-23,2015-11-23
Sho Katayama,Hard,2010s,6,t,True,5,1,4,0.8,2015-11-23,2015-11-23
Sho Shimabukuro,Grass,2020s,4,wide,True,17,1,11,0.6470588235294118,2023-07-05,2023-07-05
Sho Shimabukuro,Grass,2020s,5,body,True,9,1,2,0.2222222222222222,2023-07-05,2023-07-05
Sho Shimabukuro,Grass,2020s,6,t,True,11,1,4,0.36363636363636365,2023-07-05,2023-07-05
Simone Bolelli,Hard,2010s,4,wide,True,19,3,10,0.5263157894736842,2015-01-21,2015-10-06
Simone Bolelli,Hard,2010s,5,body,True,42,3,20,0.47619047619047616,2015-01-21,2015-10-06
Simone Bolelli,Hard,2010s,6,t,True,23,3,9,0.391304347826087,2015-01-21,2015-10-06
Sjeng Schalken,Hard,to_2009,4,wide,True,35,3,12,0.34285714285714286,2002-09-05,2004-01-24
Sjeng Schalken,Hard,to_2009,5,body,True,18,3,10,0.5555555555555556,2002-09-05,2004-01-24
Sjeng Schalken,Hard,to_2009,6,t,True,42,3,26,0.6190476190476191,2002-09-05,2004-01-24
Sjeng Schalken,Grass,to_2009,4,wide,True,29,3,12,0.41379310344827586,2002-07-03,2004-07-01
Sjeng Schalken,Grass,to_2009,5,body,True,35,3,20,0.5714285714285714,2002-07-03,2004-07-01
Sjeng Schalken,Grass,to_2009,6,t,True,44,3,20,0.45454545454545453,2002-07-03,2004-07-01
Slobodan Zivojinovic,Hard,to_2009,4,wide,True,51,1,25,0.49019607843137253,1987-09-05,1987-09-05
Slobodan Zivojinovic,Hard,to_2009,5,body,True,33,1,18,0.5454545454545454,1987-09-05,1987-09-05
Slobodan Zivojinovic,Hard,to_2009,6,t,True,6,1,3,0.5,1987-09-05,1987-09-05
Slobodan Zivojinovic,Grass,to_2009,4,wide,True,32,2,13,0.40625,1985-12-06,1986-07-04
Slobodan Zivojinovic,Grass,to_2009,5,body,True,17,2,4,0.23529411764705882,1985-12-06,1986-07-04
Slobodan Zivojinovic,Grass,to_2009,6,t,True,22,2,11,0.5,1985-12-06,1986-07-04
Somdev Devvarman,Hard,2010s,4,wide,True,10,2,5,0.5,2013-03-24,2014-09-22
Somdev Devvarman,Hard,2010s,5,body,True,24,2,15,0.625,2013-03-24,2014-09-22
Somdev Devvarman,Hard,2010s,6,t,True,7,1,2,0.2857142857142857,2014-09-22,2014-09-22
Soon Woo Kwon,Hard,2010s,4,wide,True,7,1,1,0.14285714285714285,2018-09-23,2018-09-23
Soon Woo Kwon,Hard,2010s,5,body,True,29,1,16,0.5517241379310345,2018-09-23,2018-09-23
Soon Woo Kwon,Hard,2010s,6,t,True,7,1,3,0.42857142857142855,2018-09-23,2018-09-23
Soon Woo Kwon,Hard,2020s,4,wide,True,53,5,26,0.49056603773584906,2022-02-03,2023-02-21
Soon Woo Kwon,Hard,2020s,5,body,True,59,5,34,0.576271186440678,2022-02-03,2023-02-21
Soon Woo Kwon,Hard,2020s,6,t,True,41,5,23,0.5609756097560976,2022-02-03,2023-02-21
Stan Smith,Grass,to_2009,4,wide,True,29,2,17,0.5862068965517241,1971-07-04,1971-09-16
Stan Smith,Grass,to_2009,5,body,True,21,2,6,0.2857142857142857,1971-07-04,1971-09-16
Stan Smith,Grass,to_2009,6,t,True,19,2,15,0.7894736842105263,1971-07-04,1971-09-16
Stan Wawrinka,Hard,to_2009,4,wide,True,35,3,22,0.6285714285714286,2006-02-20,2008-01-05
Stan Wawrinka,Hard,to_2009,5,body,True,15,3,8,0.5333333333333333,2006-02-20,2008-01-05
Stan Wawrinka,Hard,to_2009,6,t,True,32,3,11,0.34375,2006-02-20,2008-01-05
Stan Wawrinka,Hard,2010s,4,wide,True,780,57,414,0.5307692307692308,2010-09-05,2019-10-19
Stan Wawrinka,Hard,2010s,5,body,True,696,56,389,0.5589080459770115,2010-09-05,2019-10-19
Stan Wawrinka,Hard,2010s,6,t,True,664,57,348,0.5240963855421686,2010-09-05,2019-10-19
Stan Wawrinka,Hard,2020s,4,wide,True,599,29,303,0.5058430717863105,2020-01-10,2026-02-25
Stan Wawrinka,Hard,2020s,5,body,True,245,27,119,0.4857142857142857,2020-01-10,2026-02-25
Stan Wawrinka,Hard,2020s,6,t,True,338,29,184,0.5443786982248521,2020-01-10,2026-02-25
Stan Wawrinka,Clay,to_2009,4,wide,True,28,2,17,0.6071428571428571,2008-05-11,2009-04-16
Stan Wawrinka,Clay,to_2009,5,body,True,14,2,10,0.7142857142857143,2008-05-11,2009-04-16
Stan Wawrinka,Clay,to_2009,6,t,True,20,2,9,0.45,2008-05-11,2009-04-16
Stan Wawrinka,Clay,2010s,4,wide,True,397,23,224,0.5642317380352645,2010-04-30,2019-06-05
Stan Wawrinka,Clay,2010s,5,body,True,135,21,77,0.5703703703703704,2010-06-01,2019-06-05
Stan Wawrinka,Clay,2010s,6,t,True,240,23,127,0.5291666666666667,2010-04-30,2019-06-05
Stan Wawrinka,Clay,2020s,4,wide,True,179,10,98,0.547486033519553,2020-09-28,2025-05-04
Stan Wawrinka,Clay,2020s,5,body,True,88,10,45,0.5113636363636364,2020-09-28,2025-05-04
Stan Wawrinka,Clay,2020s,6,t,True,112,10,62,0.5535714285714286,2020-09-28,2025-05-04
Stan Wawrinka,Grass,to_2009,4,wide,True,26,1,12,0.46153846153846156,2008-06-30,2008-06-30
Stan Wawrinka,Grass,to_2009,5,body,True,2,1,2,1.0,2008-06-30,2008-06-30
Stan Wawrinka,Grass,to_2009,6,t,True,24,1,8,0.3333333333333333,2008-06-30,2008-06-30
Stan Wawrinka,Grass,2010s,4,wide,True,118,8,62,0.5254237288135594,2012-07-29,2019-07-03
Stan Wawrinka,Grass,2010s,5,body,True,97,8,62,0.6391752577319587,2012-07-29,2019-07-03
Stan Wawrinka,Grass,2010s,6,t,True,111,8,59,0.5315315315315315,2012-07-29,2019-07-03
Stan Wawrinka,Grass,2020s,4,wide,True,69,4,37,0.5362318840579711,2022-06-16,2024-07-01
Stan Wawrinka,Grass,2020s,5,body,True,47,4,23,0.48936170212765956,2022-06-16,2024-07-01
Stan Wawrinka,Grass,2020s,6,t,True,51,4,26,0.5098039215686274,2022-06-16,2024-07-01
Stefan Edberg,Hard,to_2009,4,wide,True,1473,133,746,0.506449422946368,1985-01-06,1996-10-30
Stefan Edberg,Hard,to_2009,5,body,True,1755,133,973,0.5544159544159544,1985-01-06,1996-10-30
Stefan Edberg,Hard,to_2009,6,t,True,1176,133,583,0.4957482993197279,1985-01-06,1996-10-30
Stefan Edberg,Hard,to_2009,0,unknown,False,2,1,0,0.0,1988-01-23,1988-01-23
Stefan Edberg,Hard,2010s,4,wide,True,4,1,3,0.75,2012-01-06,2012-01-06
Stefan Edberg,Hard,2010s,5,body,True,7,1,2,0.2857142857142857,2012-01-06,2012-01-06
Stefan Edberg,Hard,2010s,6,t,True,5,1,4,0.8,2012-01-06,2012-01-06
Stefan Edberg,Clay,to_2009,4,wide,True,348,25,171,0.49137931034482757,1988-07-22,1996-07-18
Stefan Edberg,Clay,to_2009,5,body,True,355,25,176,0.49577464788732395,1988-07-22,1996-07-18
Stefan Edberg,Clay,to_2009,6,t,True,257,25,112,0.4357976653696498,1988-07-22,1996-07-18
Stefan Edberg,Grass,to_2009,4,wide,True,384,30,198,0.515625,1985-12-07,1996-06-24
Stefan Edberg,Grass,to_2009,5,body,True,496,30,292,0.5887096774193549,1985-12-07,1996-06-24
Stefan Edberg,Grass,to_2009,6,t,True,298,29,167,0.5604026845637584,1985-12-07,1996-06-24
Stefan Edberg,Grass,to_2009,0,unknown,False,4,2,1,0.25,1985-12-07,1990-06-16
Stefan Koubek,Clay,to_2009,4,wide,True,4,1,1,0.25,2003-05-03,2003-05-03
Stefan Koubek,Clay,to_2009,5,body,True,5,1,1,0.2,2003-05-03,2003-05-03
Stefan Koubek,Clay,to_2009,6,t,True,3,1,0,0.0,2003-05-03,2003-05-03
Stefan Kozlov,Hard,2020s,4,wide,True,25,2,15,0.6,2021-05-30,2022-02-21
Stefan Kozlov,Hard,2020s,5,body,True,11,2,6,0.5454545454545454,2021-05-30,2022-02-21
Stefan Kozlov,Hard,2020s,6,t,True,5,2,3,0.6,2021-05-30,2022-02-21
Stefano Napolitano,Hard,2010s,4,wide,True,4,1,3,0.75,2016-03-07,2016-03-07
Stefano Napolitano,Hard,2010s,5,body,True,18,1,16,0.8888888888888888,2016-03-07,2016-03-07
Stefano Napolitano,Hard,2010s,6,t,True,7,1,4,0.5714285714285714,2016-03-07,2016-03-07
Stefano Pescosolido,Hard,to_2009,4,wide,True,6,1,3,0.5,1996-08-05,1996-08-05
Stefano Pescosolido,Hard,to_2009,5,body,True,19,1,8,0.42105263157894735,1996-08-05,1996-08-05
Stefano Pescosolido,Hard,to_2009,6,t,True,7,1,2,0.2857142857142857,1996-08-05,1996-08-05
Stefano Travaglia,Clay,2010s,4,wide,True,17,1,12,0.7058823529411765,2019-08-02,2019-08-02
Stefano Travaglia,Clay,2010s,5,body,True,4,1,1,0.25,2019-08-02,2019-08-02
Stefano Travaglia,Clay,2010s,6,t,True,6,1,4,0.6666666666666666,2019-08-02,2019-08-02
Stefanos Sakellaridis,Hard,2020s,4,wide,True,25,3,12,0.48,2025-03-04,2025-11-02
Stefanos Sakellaridis,Hard,2020s,5,body,True,21,3,13,0.6190476190476191,2025-03-04,2025-11-02
Stefanos Sakellaridis,Hard,2020s,6,t,True,30,3,18,0.6,2025-03-04,2025-11-02
Stefanos Tsitsipas,Hard,2010s,4,wide,True,290,35,154,0.5310344827586206,2017-10-20,2019-11-16
Stefanos Tsitsipas,Hard,2010s,5,body,True,688,36,347,0.5043604651162791,2017-10-20,2019-11-16
Stefanos Tsitsipas,Hard,2010s,6,t,True,154,32,77,0.5,2017-10-20,2019-11-16
Stefanos Tsitsipas,Hard,2020s,4,wide,True,780,89,410,0.5256410256410257,2020-01-03,2026-03-23
Stefanos Tsitsipas,Hard,2020s,5,body,True,1192,89,651,0.5461409395973155,2020-01-03,2026-03-23
Stefanos Tsitsipas,Hard,2020s,6,t,True,790,90,418,0.529113924050633,2020-01-03,2026-03-23
Stefanos Tsitsipas,Hard,2020s,0,unknown,False,1,1,0,0.0,2023-01-20,2023-01-20
Stefanos Tsitsipas,Clay,2010s,4,wide,True,70,7,34,0.4857142857142857,2018-04-16,2019-05-18
Stefanos Tsitsipas,Clay,2010s,5,body,True,81,7,44,0.5432098765432098,2018-04-16,2019-05-18
Stefanos Tsitsipas,Clay,2010s,6,t,True,47,7,25,0.5319148936170213,2018-04-16,2019-05-18
Stefanos Tsitsipas,Clay,2020s,4,wide,True,603,55,307,0.5091210613598673,2020-09-16,2026-05-07
Stefanos Tsitsipas,Clay,2020s,5,body,True,534,53,282,0.5280898876404494,2020-09-16,2026-05-07
Stefanos Tsitsipas,Clay,2020s,6,t,True,514,55,286,0.556420233463035,2020-09-16,2026-05-07
Stefanos Tsitsipas,Clay,2020s,0,unknown,False,1,1,0,0.0,2022-05-26,2022-05-26
Stefanos Tsitsipas,Grass,2010s,4,wide,True,39,4,23,0.5897435897435898,2016-07-08,2019-07-01
Stefanos Tsitsipas,Grass,2010s,5,body,True,99,4,53,0.5353535353535354,2016-07-08,2019-07-01
Stefanos Tsitsipas,Grass,2010s,6,t,True,20,3,9,0.45,2016-07-08,2019-07-01
Stefanos Tsitsipas,Grass,2020s,4,wide,True,90,8,52,0.5777777777777777,2022-06-10,2024-06-20
Stefanos Tsitsipas,Grass,2020s,5,body,True,103,8,58,0.5631067961165048,2022-06-10,2024-06-20
Stefanos Tsitsipas,Grass,2020s,6,t,True,132,8,65,0.49242424242424243,2022-06-10,2024-06-20
Stephane Robert,Hard,2010s,4,wide,True,21,2,10,0.47619047619047616,2017-03-12,2019-04-10
Stephane Robert,Hard,2010s,5,body,True,27,2,9,0.3333333333333333,2017-03-12,2019-04-10
Stephane Robert,Hard,2010s,6,t,True,22,2,9,0.4090909090909091,2017-03-12,2019-04-10
Stephane Robert,Clay,2010s,4,wide,True,27,2,10,0.37037037037037035,2016-07-16,2019-07-16
Stephane Robert,Clay,2010s,5,body,True,15,2,6,0.4,2016-07-16,2019-07-16
Stephane Robert,Clay,2010s,6,t,True,25,2,10,0.4,2016-07-16,2019-07-16
Steve Darcis,Hard,2010s,4,wide,True,38,2,12,0.3157894736842105,2015-09-03,2019-11-03
Steve Darcis,Hard,2010s,5,body,True,23,2,11,0.4782608695652174,2015-09-03,2019-11-03
Steve Darcis,Hard,2010s,6,t,True,12,2,8,0.6666666666666666,2015-09-03,2019-11-03
Steve Darcis,Hard,2020s,4,wide,True,35,2,18,0.5142857142857142,2020-01-03,2020-01-15
Steve Darcis,Hard,2020s,5,body,True,33,2,12,0.36363636363636365,2020-01-03,2020-01-15
Steve Darcis,Hard,2020s,6,t,True,8,2,4,0.5,2020-01-03,2020-01-15
Steve Darcis,Grass,2010s,4,wide,True,31,1,18,0.5806451612903226,2013-06-24,2013-06-24
Steve Darcis,Grass,2010s,5,body,True,4,1,1,0.25,2013-06-24,2013-06-24
Steve Darcis,Grass,2010s,6,t,True,13,1,8,0.6153846153846154,2013-06-24,2013-06-24
Steve Denton,Grass,to_2009,4,wide,True,17,1,6,0.35294117647058826,1982-12-13,1982-12-13
Steve Denton,Grass,to_2009,5,body,True,18,1,4,0.2222222222222222,1982-12-13,1982-12-13
Steve Denton,Grass,to_2009,6,t,True,2,1,1,0.5,1982-12-13,1982-12-13
Steve Johnson,Hard,2010s,4,wide,True,101,8,60,0.594059405940594,2015-02-20,2019-03-08
Steve Johnson,Hard,2010s,5,body,True,85,8,54,0.6352941176470588,2015-02-20,2019-03-08
Steve Johnson,Hard,2010s,6,t,True,69,8,37,0.5362318840579711,2015-02-20,2019-03-08
Steve Johnson,Hard,2020s,4,wide,True,62,6,30,0.4838709677419355,2020-01-20,2022-10-05
Steve Johnson,Hard,2020s,5,body,True,48,6,19,0.3958333333333333,2020-01-20,2022-10-05
Steve Johnson,Hard,2020s,6,t,True,64,6,28,0.4375,2020-01-20,2022-10-05
Steve Johnson,Clay,2010s,4,wide,True,70,4,40,0.5714285714285714,2015-05-11,2019-05-12
Steve Johnson,Clay,2010s,5,body,True,30,4,14,0.4666666666666667,2015-05-11,2019-05-12
Steve Johnson,Clay,2010s,6,t,True,46,4,23,0.5,2015-05-11,2019-05-12
Steve Johnson,Clay,2020s,4,wide,True,18,1,5,0.2777777777777778,2022-05-26,2022-05-26
Steve Johnson,Clay,2020s,5,body,True,8,1,2,0.25,2022-05-26,2022-05-26
Steve Johnson,Clay,2020s,6,t,True,17,1,9,0.5294117647058824,2022-05-26,2022-05-26
Steve Johnson,Grass,2010s,4,wide,True,11,1,4,0.36363636363636365,2019-07-06,2019-07-06
Steve Johnson,Grass,2010s,5,body,True,16,1,3,0.1875,2019-07-06,2019-07-06
Steve Johnson,Grass,2010s,6,t,True,16,1,5,0.3125,2019-07-06,2019-07-06
Steve Johnson,Grass,2020s,4,wide,True,13,1,9,0.6923076923076923,2022-07-15,2022-07-15
Steve Johnson,Grass,2020s,5,body,True,18,1,11,0.6111111111111112,2022-07-15,2022-07-15
Steve Johnson,Grass,2020s,6,t,True,8,1,6,0.75,2022-07-15,2022-07-15
Steven Diez,Clay,2010s,4,wide,True,4,1,0,0.0,2014-06-09,2014-06-09
Steven Diez,Clay,2010s,5,body,True,9,1,4,0.4444444444444444,2014-06-09,2014-06-09
Steven Diez,Clay,2010s,6,t,True,3,1,0,0.0,2014-06-09,2014-06-09
Steven Diez,Clay,2020s,4,wide,True,11,2,2,0.18181818181818182,2022-03-04,2022-03-05
Steven Diez,Clay,2020s,5,body,True,14,2,7,0.5,2022-03-04,2022-03-05
Steven Diez,Clay,2020s,6,t,True,17,2,8,0.47058823529411764,2022-03-04,2022-03-05
Strong Kirchheimer,Hard,2020s,4,wide,True,4,1,2,0.5,2024-07-01,2024-07-01
Strong Kirchheimer,Hard,2020s,5,body,True,2,1,1,0.5,2024-07-01,2024-07-01
Strong Kirchheimer,Hard,2020s,6,t,True,13,1,4,0.3076923076923077,2024-07-01,2024-07-01
Sumit Nagal,Hard,2020s,4,wide,True,31,2,13,0.41935483870967744,2026-02-07,2026-02-08
Sumit Nagal,Hard,2020s,5,body,True,12,2,4,0.3333333333333333,2026-02-07,2026-02-08
Sumit Nagal,Hard,2020s,6,t,True,21,2,9,0.42857142857142855,2026-02-07,2026-02-08
Sumit Nagal,Clay,2010s,4,wide,True,12,1,8,0.6666666666666666,2019-09-15,2019-09-15
Sumit Nagal,Clay,2010s,5,body,True,11,1,4,0.36363636363636365,2019-09-15,2019-09-15
Sumit Nagal,Clay,2010s,6,t,True,10,1,2,0.2,2019-09-15,2019-09-15
Sumit Nagal,Clay,2020s,4,wide,True,8,1,5,0.625,2023-04-30,2023-04-30
Sumit Nagal,Clay,2020s,5,body,True,5,1,2,0.4,2023-04-30,2023-04-30
Sumit Nagal,Clay,2020s,6,t,True,6,1,4,0.6666666666666666,2023-04-30,2023-04-30
Takao Suzuki,Hard,to_2009,4,wide,True,30,2,16,0.5333333333333333,2005-01-19,2006-10-04
Takao Suzuki,Hard,to_2009,5,body,True,18,2,12,0.6666666666666666,2005-01-19,2006-10-04
Takao Suzuki,Hard,to_2009,6,t,True,28,2,16,0.5714285714285714,2005-01-19,2006-10-04
Tallon Griekspoor,Hard,2010s,4,wide,True,57,5,34,0.5964912280701754,2018-02-13,2019-11-20
Tallon Griekspoor,Hard,2010s,5,body,True,43,5,17,0.3953488372093023,2018-02-13,2019-11-20
Tallon Griekspoor,Hard,2010s,6,t,True,25,5,14,0.56,2018-02-13,2019-11-20
Tallon Griekspoor,Hard,2020s,4,wide,True,975,76,498,0.5107692307692308,2020-01-18,2026-02-27
Tallon Griekspoor,Hard,2020s,5,body,True,747,74,375,0.5020080321285141,2020-01-18,2026-02-27
Tallon Griekspoor,Hard,2020s,6,t,True,594,76,292,0.49158249158249157,2020-01-18,2026-02-27
Tallon Griekspoor,Clay,2010s,4,wide,True,20,2,11,0.55,2019-04-01,2019-09-15
Tallon Griekspoor,Clay,2010s,5,body,True,10,2,6,0.6,2019-04-01,2019-09-15
Tallon Griekspoor,Clay,2010s,6,t,True,13,2,5,0.38461538461538464,2019-04-01,2019-09-15
Tallon Griekspoor,Clay,2020s,4,wide,True,390,29,196,0.5025641025641026,2021-05-09,2026-04-05
Tallon Griekspoor,Clay,2020s,5,body,True,272,28,136,0.5,2021-05-09,2026-04-05
Tallon Griekspoor,Clay,2020s,6,t,True,324,29,163,0.5030864197530864,2021-05-09,2026-04-05
Tallon Griekspoor,Clay,2020s,0,unknown,False,1,1,1,1.0,2021-10-17,2021-10-17
Tallon Griekspoor,Grass,2020s,4,wide,True,57,4,33,0.5789473684210527,2023-06-18,2025-06-28
Tallon Griekspoor,Grass,2020s,5,body,True,26,4,14,0.5384615384615384,2023-06-18,2025-06-28
Tallon Griekspoor,Grass,2020s,6,t,True,34,4,20,0.5882352941176471,2023-06-18,2025-06-28
Taro Daniel,Hard,2010s,4,wide,True,23,3,14,0.6086956521739131,2014-02-24,2019-03-08
Taro Daniel,Hard,2010s,5,body,True,27,3,13,0.48148148148148145,2014-02-24,2019-03-08
Taro Daniel,Hard,2010s,6,t,True,19,3,4,0.21052631578947367,2014-02-24,2019-03-08
Taro Daniel,Hard,2020s,4,wide,True,69,6,28,0.4057971014492754,2022-09-28,2024-08-27
Taro Daniel,Hard,2020s,5,body,True,57,6,34,0.5964912280701754,2022-09-28,2024-08-27
Taro Daniel,Hard,2020s,6,t,True,70,6,35,0.5,2022-09-28,2024-08-27
Taro Daniel,Clay,2010s,4,wide,True,15,2,5,0.3333333333333333,2015-04-07,2019-05-28
Taro Daniel,Clay,2010s,5,body,True,16,2,8,0.5,2015-04-07,2019-05-28
Taro Daniel,Clay,2010s,6,t,True,11,2,4,0.36363636363636365,2015-04-07,2019-05-28
Taro Daniel,Clay,2020s,4,wide,True,8,1,4,0.5,2022-04-22,2022-04-22
Taro Daniel,Clay,2020s,5,body,True,3,1,1,0.3333333333333333,2022-04-22,2022-04-22
Taro Daniel,Clay,2020s,6,t,True,11,1,2,0.18181818181818182,2022-04-22,2022-04-22
Taylor Dent,Hard,to_2009,4,wide,True,15,1,11,0.7333333333333333,2004-08-21,2004-08-21
Taylor Dent,Hard,to_2009,5,body,True,16,1,5,0.3125,2004-08-21,2004-08-21
Taylor Dent,Hard,to_2009,6,t,True,11,1,4,0.36363636363636365,2004-08-21,2004-08-21
Taylor Dent,Grass,to_2009,4,wide,True,9,1,4,0.4444444444444444,2002-07-14,2002-07-14
Taylor Dent,Grass,to_2009,5,body,True,10,1,5,0.5,2002-07-14,2002-07-14
Taylor Dent,Grass,to_2009,6,t,True,13,1,4,0.3076923076923077,2002-07-14,2002-07-14
Taylor Fritz,Hard,2010s,4,wide,True,119,14,51,0.42857142857142855,2016-02-16,2019-10-23
Taylor Fritz,Hard,2010s,5,body,True,148,14,82,0.5540540540540541,2016-02-16,2019-10-23
Taylor Fritz,Hard,2010s,6,t,True,129,14,58,0.4496124031007752,2016-02-16,2019-10-23
Taylor Fritz,Hard,2020s,4,wide,True,659,77,344,0.5220030349013657,2020-01-06,2026-01-26
Taylor Fritz,Hard,2020s,5,body,True,962,77,511,0.5311850311850311,2020-01-06,2026-01-26
Taylor Fritz,Hard,2020s,6,t,True,738,78,399,0.540650406504065,2020-01-06,2026-01-26
Taylor Fritz,Clay,2020s,4,wide,True,219,20,120,0.547945205479452,2022-04-14,2025-05-26
Taylor Fritz,Clay,2020s,5,body,True,98,16,51,0.5204081632653061,2022-04-14,2025-05-26
Taylor Fritz,Clay,2020s,6,t,True,251,20,126,0.50199203187251,2022-04-14,2025-05-26
Taylor Fritz,Grass,2010s,4,wide,True,16,1,7,0.4375,2019-06-27,2019-06-27
Taylor Fritz,Grass,2010s,5,body,True,25,1,17,0.68,2019-06-27,2019-06-27
Taylor Fritz,Grass,2010s,6,t,True,7,1,2,0.2857142857142857,2019-06-27,2019-06-27
Taylor Fritz,Grass,2020s,4,wide,True,119,15,73,0.6134453781512605,2021-06-30,2025-07-11
Taylor Fritz,Grass,2020s,5,body,True,250,15,154,0.616,2021-06-30,2025-07-11
Taylor Fritz,Grass,2020s,6,t,True,164,15,98,0.5975609756097561,2021-06-30,2025-07-11
Tennys Sandgren,Hard,2010s,4,wide,True,59,6,27,0.4576271186440678,2014-09-15,2019-09-24
Tennys Sandgren,Hard,2010s,5,body,True,72,6,38,0.5277777777777778,2014-09-15,2019-09-24
Tennys Sandgren,Hard,2010s,6,t,True,53,6,25,0.4716981132075472,2014-09-15,2019-09-24
Tennys Sandgren,Hard,2020s,4,wide,True,50,4,25,0.5,2020-01-22,2021-03-28
Tennys Sandgren,Hard,2020s,5,body,True,52,4,23,0.4423076923076923,2020-01-22,2021-03-28
Tennys Sandgren,Hard,2020s,6,t,True,61,4,30,0.4918032786885246,2020-01-22,2021-03-28
Tennys Sandgren,Clay,2010s,4,wide,True,20,2,9,0.45,2016-04-20,2018-04-15
Tennys Sandgren,Clay,2010s,5,body,True,18,2,11,0.6111111111111112,2016-04-20,2018-04-15
Tennys Sandgren,Clay,2010s,6,t,True,22,2,8,0.36363636363636365,2016-04-20,2018-04-15
Terence Atmane,Clay,2020s,4,wide,True,14,1,8,0.5714285714285714,2025-05-26,2025-05-26
Terence Atmane,Clay,2020s,5,body,True,14,1,2,0.14285714285714285,2025-05-26,2025-05-26
Terence Atmane,Clay,2020s,6,t,True,25,1,9,0.36,2025-05-26,2025-05-26
Teymuraz Gabashvili,Hard,2010s,4,wide,True,20,3,10,0.5,2010-08-31,2017-10-16
Teymuraz Gabashvili,Hard,2010s,5,body,True,69,3,37,0.5362318840579711,2010-08-31,2017-10-16
Teymuraz Gabashvili,Hard,2010s,6,t,True,28,3,17,0.6071428571428571,2010-08-31,2017-10-16
Teymuraz Gabashvili,Clay,2010s,4,wide,True,33,3,16,0.48484848484848486,2014-04-16,2016-04-27
Teymuraz Gabashvili,Clay,2010s,5,body,True,24,3,11,0.4583333333333333,2014-04-16,2016-04-27
Teymuraz Gabashvili,Clay,2010s,6,t,True,20,3,7,0.35,2014-04-16,2016-04-27
Thai Son Kwiatkowski,Hard,2010s,4,wide,True,13,1,10,0.7692307692307693,2018-11-16,2018-11-16
Thai Son Kwiatkowski,Hard,2010s,5,body,True,7,1,5,0.7142857142857143,2018-11-16,2018-11-16
Thai Son Kwiatkowski,Hard,2010s,6,t,True,11,1,6,0.5454545454545454,2018-11-16,2018-11-16
Thanasi Kokkinakis,Hard,2010s,4,wide,True,75,5,40,0.5333333333333333,2013-01-26,2018-03-25
Thanasi Kokkinakis,Hard,2010s,5,body,True,58,5,31,0.5344827586206896,2013-01-26,2018-03-25
Thanasi Kokkinakis,Hard,2010s,6,t,True,35,5,16,0.45714285714285713,2013-01-26,2018-03-25
Thanasi Kokkinakis,Hard,2020s,4,wide,True,200,19,98,0.49,2021-02-11,2024-11-21
Thanasi Kokkinakis,Hard,2020s,5,body,True,294,19,138,0.46938775510204084,2021-02-11,2024-11-21
Thanasi Kokkinakis,Hard,2020s,6,t,True,157,19,89,0.5668789808917197,2021-02-11,2024-11-21
Thanasi Kokkinakis,Clay,2020s,4,wide,True,17,3,9,0.5294117647058824,2021-04-14,2024-05-28
Thanasi Kokkinakis,Clay,2020s,5,body,True,51,3,27,0.5294117647058824,2021-04-14,2024-05-28
Thanasi Kokkinakis,Clay,2020s,6,t,True,30,3,16,0.5333333333333333,2021-04-14,2024-05-28
Thanasi Kokkinakis,Grass,2010s,4,wide,True,18,1,5,0.2777777777777778,2015-06-17,2015-06-17
Thanasi Kokkinakis,Grass,2010s,5,body,True,9,1,3,0.3333333333333333,2015-06-17,2015-06-17
Thanasi Kokkinakis,Grass,2010s,6,t,True,2,1,0,0.0,2015-06-17,2015-06-17
Thiago Agustin Tirante,Clay,2020s,4,wide,True,37,3,21,0.5675675675675675,2020-11-29,2024-03-29
Thiago Agustin Tirante,Clay,2020s,5,body,True,20,2,16,0.8,2023-05-29,2024-03-29
Thiago Agustin Tirante,Clay,2020s,6,t,True,44,3,20,0.45454545454545453,2020-11-29,2024-03-29
Thiago Monteiro,Hard,2020s,4,wide,True,37,4,16,0.43243243243243246,2022-10-25,2025-01-12
Thiago Monteiro,Hard,2020s,5,body,True,42,4,26,0.6190476190476191,2022-10-25,2025-01-12
Thiago Monteiro,Hard,2020s,6,t,True,41,4,25,0.6097560975609756,2022-10-25,2025-01-12
Thiago Monteiro,Clay,2010s,4,wide,True,24,3,11,0.4583333333333333,2019-02-19,2019-10-09
Thiago Monteiro,Clay,2010s,5,body,True,18,3,7,0.3888888888888889,2019-02-19,2019-10-09
Thiago Monteiro,Clay,2010s,6,t,True,15,3,7,0.4666666666666667,2019-02-19,2019-10-09
Thiago Monteiro,Clay,2020s,4,wide,True,56,5,33,0.5892857142857143,2020-02-02,2026-02-17
Thiago Monteiro,Clay,2020s,5,body,True,46,5,26,0.5652173913043478,2020-02-02,2026-02-17
Thiago Monteiro,Clay,2020s,6,t,True,53,5,30,0.5660377358490566,2020-02-02,2026-02-17
Thiago Monteiro,Grass,2010s,4,wide,True,10,1,5,0.5,2019-07-02,2019-07-02
Thiago Monteiro,Grass,2010s,5,body,True,12,1,4,0.3333333333333333,2019-07-02,2019-07-02
Thiago Monteiro,Grass,2010s,6,t,True,9,1,7,0.7777777777777778,2019-07-02,2019-07-02
Thiago Seyboth Wild,Hard,2020s,4,wide,True,87,6,35,0.40229885057471265,2023-12-30,2025-03-12
Thiago Seyboth Wild,Hard,2020s,5,body,True,31,5,10,0.3225806451612903,2023-12-30,2025-03-07
Thiago Seyboth Wild,Hard,2020s,6,t,True,81,6,36,0.4444444444444444,2023-12-30,2025-03-12
Thiago Seyboth Wild,Clay,2010s,4,wide,True,14,1,7,0.5,2019-02-27,2019-02-27
Thiago Seyboth Wild,Clay,2010s,5,body,True,1,1,1,1.0,2019-02-27,2019-02-27
Thiago Seyboth Wild,Clay,2010s,6,t,True,11,1,5,0.45454545454545453,2019-02-27,2019-02-27
Thiago Seyboth Wild,Clay,2020s,4,wide,True,146,8,75,0.5136986301369864,2020-02-17,2026-01-24
Thiago Seyboth Wild,Clay,2020s,5,body,True,61,7,38,0.6229508196721312,2020-02-17,2026-01-24
Thiago Seyboth Wild,Clay,2020s,6,t,True,119,8,63,0.5294117647058824,2020-02-17,2026-01-24
Thiago Seyboth Wild,Grass,2020s,4,wide,True,24,1,9,0.375,2024-07-02,2024-07-02
Thiago Seyboth Wild,Grass,2020s,5,body,True,11,1,3,0.2727272727272727,2024-07-02,2024-07-02
Thiago Seyboth Wild,Grass,2020s,6,t,True,24,1,15,0.625,2024-07-02,2024-07-02
Thiemo De Bakker,Hard,2010s,4,wide,True,23,3,11,0.4782608695652174,2013-02-14,2019-02-12
Thiemo De Bakker,Hard,2010s,5,body,True,41,3,19,0.4634146341463415,2013-02-14,2019-02-12
Thiemo De Bakker,Hard,2010s,6,t,True,26,3,15,0.5769230769230769,2013-02-14,2019-02-12
Thiemo De Bakker,Clay,2010s,4,wide,True,14,1,6,0.42857142857142855,2019-04-09,2019-04-09
Thiemo De Bakker,Clay,2010s,5,body,True,10,1,4,0.4,2019-04-09,2019-04-09
Thiemo De Bakker,Clay,2010s,6,t,True,6,1,2,0.3333333333333333,2019-04-09,2019-04-09
Thierry Champion,Clay,to_2009,4,wide,True,9,1,4,0.4444444444444444,1990-06-06,1990-06-06
Thierry Champion,Clay,to_2009,5,body,True,6,2,3,0.5,1990-06-06,1991-05-30
Thierry Champion,Clay,to_2009,6,t,True,5,2,3,0.6,1990-06-06,1991-05-30
Thierry Champion,Grass,to_2009,4,wide,True,17,1,8,0.47058823529411764,1991-07-04,1991-07-04
Thierry Champion,Grass,to_2009,5,body,True,5,1,3,0.6,1991-07-04,1991-07-04
Thierry Champion,Grass,to_2009,6,t,True,6,1,4,0.6666666666666666,1991-07-04,1991-07-04
Thijs Boogaard,Hard,2020s,4,wide,True,24,2,10,0.4166666666666667,2024-02-10,2026-02-11
Thijs Boogaard,Hard,2020s,5,body,True,22,2,9,0.4090909090909091,2024-02-10,2026-02-11
Thijs Boogaard,Hard,2020s,6,t,True,8,2,3,0.375,2024-02-10,2026-02-11
Thomas Enqvist,Hard,to_2009,4,wide,True,191,14,99,0.518324607329843,1993-08-31,2000-10-29
Thomas Enqvist,Hard,to_2009,5,body,True,268,14,159,0.5932835820895522,1993-08-31,2000-10-29
Thomas Enqvist,Hard,to_2009,6,t,True,112,14,52,0.4642857142857143,1993-08-31,2000-10-29
Thomas Enqvist,Grass,to_2009,4,wide,True,10,1,1,0.1,2001-07-05,2001-07-05
Thomas Enqvist,Grass,to_2009,5,body,True,39,1,22,0.5641025641025641,2001-07-05,2001-07-05
Thomas Enqvist,Grass,to_2009,6,t,True,11,1,4,0.36363636363636365,2001-07-05,2001-07-05
Thomas Fabbiano,Hard,2010s,4,wide,True,44,3,28,0.6363636363636364,2019-01-14,2019-08-29
Thomas Fabbiano,Hard,2010s,5,body,True,55,3,35,0.6363636363636364,2019-01-14,2019-08-29
Thomas Fabbiano,Hard,2010s,6,t,True,27,3,17,0.6296296296296297,2019-01-14,2019-08-29
Thomas Fabbiano,Clay,2010s,4,wide,True,23,2,13,0.5652173913043478,2017-04-18,2019-07-22
Thomas Fabbiano,Clay,2010s,5,body,True,15,2,7,0.4666666666666667,2017-04-18,2019-07-22
Thomas Fabbiano,Clay,2010s,6,t,True,17,2,9,0.5294117647058824,2017-04-18,2019-07-22
Thomas Fabbiano,Grass,2010s,4,wide,True,24,2,17,0.7083333333333334,2019-07-01,2019-07-03
Thomas Fabbiano,Grass,2010s,5,body,True,42,2,24,0.5714285714285714,2019-07-01,2019-07-03
Thomas Fabbiano,Grass,2010s,6,t,True,24,2,12,0.5,2019-07-01,2019-07-03
Thomas Johansson,Hard,to_2009,4,wide,True,180,8,90,0.5,1998-09-10,2004-07-31
Thomas Johansson,Hard,to_2009,5,body,True,73,7,27,0.3698630136986301,1998-09-10,2004-07-31
Thomas Johansson,Hard,to_2009,6,t,True,130,8,60,0.46153846153846156,1998-09-10,2004-07-31
Thomas Johansson,Hard,to_2009,0,unknown,False,1,1,0,0.0,1998-09-10,1998-09-10
Thomas Johansson,Clay,to_2009,4,wide,True,5,1,3,0.6,1996-05-27,1996-05-27
Thomas Johansson,Clay,to_2009,5,body,True,17,1,13,0.7647058823529411,1996-05-27,1996-05-27
Thomas Johansson,Clay,to_2009,6,t,True,1,1,1,1.0,1996-05-27,1996-05-27
Thomas Johansson,Grass,to_2009,4,wide,True,58,2,27,0.46551724137931033,2004-06-27,2005-07-01
Thomas Johansson,Grass,to_2009,5,body,True,16,2,9,0.5625,2004-06-27,2005-07-01
Thomas Johansson,Grass,to_2009,6,t,True,34,2,17,0.5,2004-06-27,2005-07-01
Thomas Muster,Hard,to_2009,4,wide,True,153,12,76,0.49673202614379086,1989-01-27,1997-08-10
Thomas Muster,Hard,to_2009,5,body,True,119,12,59,0.4957983193277311,1989-01-27,1997-08-10
Thomas Muster,Hard,to_2009,6,t,True,133,12,62,0.46616541353383456,1989-01-27,1997-08-10
Thomas Muster,Hard,2010s,4,wide,True,7,1,2,0.2857142857142857,2011-10-25,2011-10-25
Thomas Muster,Hard,2010s,5,body,True,4,1,2,0.5,2011-10-25,2011-10-25
Thomas Muster,Hard,2010s,6,t,True,6,1,1,0.16666666666666666,2011-10-25,2011-10-25
Thomas Muster,Clay,to_2009,4,wide,True,239,16,133,0.5564853556485355,1988-05-28,1997-05-29
Thomas Muster,Clay,to_2009,5,body,True,181,17,109,0.6022099447513812,1988-05-28,1997-05-29
Thomas Muster,Clay,to_2009,6,t,True,155,17,85,0.5483870967741935,1988-05-28,1997-05-29
Thomaz Bellucci,Hard,2010s,4,wide,True,23,2,13,0.5652173913043478,2012-10-21,2015-11-05
Thomaz Bellucci,Hard,2010s,5,body,True,29,2,13,0.4482758620689655,2012-10-21,2015-11-05
Thomaz Bellucci,Hard,2010s,6,t,True,8,2,1,0.125,2012-10-21,2015-11-05
Thomaz Bellucci,Clay,2010s,4,wide,True,70,5,36,0.5142857142857142,2011-05-07,2017-04-16
Thomaz Bellucci,Clay,2010s,5,body,True,71,5,35,0.49295774647887325,2011-05-07,2017-04-16
Thomaz Bellucci,Clay,2010s,6,t,True,27,5,16,0.5925925925925926,2011-05-07,2017-04-16
Thomaz Bellucci,Clay,2010s,0,unknown,False,1,1,0,0.0,2012-07-22,2012-07-22
Thomaz Bellucci,Clay,2020s,4,wide,True,13,1,5,0.38461538461538464,2023-02-22,2023-02-22
Thomaz Bellucci,Clay,2020s,5,body,True,11,1,7,0.6363636363636364,2023-02-22,2023-02-22
Thomaz Bellucci,Clay,2020s,6,t,True,9,1,5,0.5555555555555556,2023-02-22,2023-02-22
Thomaz Bellucci,Grass,2010s,4,wide,True,8,1,5,0.625,2012-07-29,2012-07-29
Thomaz Bellucci,Grass,2010s,5,body,True,11,1,7,0.6363636363636364,2012-07-29,2012-07-29
Thomaz Bellucci,Grass,2010s,6,t,True,7,1,6,0.8571428571428571,2012-07-29,2012-07-29
Ti Chen,Hard,2010s,4,wide,True,8,1,3,0.375,2015-06-18,2015-06-18
Ti Chen,Hard,2010s,5,body,True,7,1,4,0.5714285714285714,2015-06-18,2015-06-18
Ti Chen,Hard,2010s,6,t,True,4,1,2,0.5,2015-06-18,2015-06-18
Tim Henman,Hard,to_2009,4,wide,True,249,18,129,0.5180722891566265,1996-09-03,2006-10-08
Tim Henman,Hard,to_2009,5,body,True,219,18,99,0.4520547945205479,1996-09-03,2006-10-08
Tim Henman,Hard,to_2009,6,t,True,144,18,68,0.4722222222222222,1996-09-03,2006-10-08
Tim Henman,Clay,to_2009,4,wide,True,9,1,4,0.4444444444444444,2002-04-20,2002-04-20
Tim Henman,Clay,to_2009,5,body,True,7,1,2,0.2857142857142857,2002-04-20,2002-04-20
Tim Henman,Clay,to_2009,6,t,True,13,1,7,0.5384615384615384,2002-04-20,2002-04-20
Tim Henman,Grass,to_2009,4,wide,True,285,17,153,0.5368421052631579,1995-06-28,2006-06-17
Tim Henman,Grass,to_2009,5,body,True,370,17,195,0.527027027027027,1995-06-28,2006-06-17
Tim Henman,Grass,to_2009,6,t,True,235,17,102,0.4340425531914894,1995-06-28,2006-06-17
Tim Henman,Grass,to_2009,0,unknown,False,1,1,0,0.0,1999-06-29,1999-06-29
Tim Mayotte,Hard,to_2009,4,wide,True,15,2,5,0.3333333333333333,1985-04-14,1989-09-07
Tim Mayotte,Hard,to_2009,5,body,True,26,2,13,0.5,1985-04-14,1989-09-07
Tim Mayotte,Hard,to_2009,6,t,True,13,2,4,0.3076923076923077,1985-04-14,1989-09-07
Tim Mayotte,Grass,to_2009,4,wide,True,24,2,9,0.375,1985-07-01,1989-07-06
Tim Mayotte,Grass,to_2009,5,body,True,36,2,19,0.5277777777777778,1985-07-01,1989-07-06
Tim Mayotte,Grass,to_2009,6,t,True,26,2,14,0.5384615384615384,1985-07-01,1989-07-06
Tim Smyczek,Hard,2010s,4,wide,True,71,5,41,0.5774647887323944,2014-02-10,2016-02-16
Tim Smyczek,Hard,2010s,5,body,True,40,5,20,0.5,2014-02-10,2016-02-16
Tim Smyczek,Hard,2010s,6,t,True,65,5,37,0.5692307692307692,2014-02-10,2016-02-16
Tim Van Rijthoven,Hard,2020s,4,wide,True,92,8,55,0.5978260869565217,2021-08-01,2023-02-15
Tim Van Rijthoven,Hard,2020s,5,body,True,92,8,50,0.5434782608695652,2021-08-01,2023-02-15
Tim Van Rijthoven,Hard,2020s,6,t,True,93,8,50,0.5376344086021505,2021-08-01,2023-02-15
Tim Van Rijthoven,Grass,2020s,4,wide,True,74,7,43,0.581081081081081,2022-06-09,2022-07-03
Tim Van Rijthoven,Grass,2020s,5,body,True,77,7,38,0.4935064935064935,2022-06-09,2022-07-03
Tim Van Rijthoven,Grass,2020s,6,t,True,58,7,35,0.603448275862069,2022-06-09,2022-07-03
Tim Wilkison,Hard,to_2009,4,wide,True,16,1,6,0.375,1987-09-01,1987-09-01
Tim Wilkison,Hard,to_2009,5,body,True,18,1,7,0.3888888888888889,1987-09-01,1987-09-01
Tim Wilkison,Hard,to_2009,6,t,True,1,1,0,0.0,1987-09-01,1987-09-01
Timofey Skatov,Hard,2020s,4,wide,True,14,2,5,0.35714285714285715,2024-08-27,2026-01-09
Timofey Skatov,Hard,2020s,5,body,True,36,2,16,0.4444444444444444,2024-08-27,2026-01-09
Timofey Skatov,Hard,2020s,6,t,True,16,2,7,0.4375,2024-08-27,2026-01-09
Timofey Skatov,Clay,2020s,4,wide,True,7,1,4,0.5714285714285714,2022-07-11,2022-07-11
Timofey Skatov,Clay,2020s,5,body,True,7,1,4,0.5714285714285714,2022-07-11,2022-07-11
Timofey Skatov,Clay,2020s,6,t,True,4,1,0,0.0,2022-07-11,2022-07-11
Titouan Droguet,Clay,2020s,4,wide,True,3,1,1,0.3333333333333333,2023-07-23,2023-07-23
Titouan Droguet,Clay,2020s,5,body,True,3,1,3,1.0,2023-07-23,2023-07-23
Titouan Droguet,Clay,2020s,6,t,True,5,1,3,0.6,2023-07-23,2023-07-23
Tobias Kamke,Hard,2010s,4,wide,True,18,1,5,0.2777777777777778,2014-01-01,2014-01-01
Tobias Kamke,Hard,2010s,5,body,True,16,1,11,0.6875,2014-01-01,2014-01-01
Tobias Kamke,Hard,2010s,6,t,True,13,1,7,0.5384615384615384,2014-01-01,2014-01-01
Tobias Kamke,Clay,2010s,4,wide,True,4,1,3,0.75,2019-07-31,2019-07-31
Tobias Kamke,Clay,2010s,5,body,True,10,1,8,0.8,2019-07-31,2019-07-31
Tobias Kamke,Clay,2010s,6,t,True,4,1,1,0.25,2019-07-31,2019-07-31
Todd Martin,Hard,to_2009,4,wide,True,380,20,186,0.48947368421052634,1992-09-05,2001-01-23
Todd Martin,Hard,to_2009,5,body,True,261,20,128,0.4904214559386973,1992-09-05,2001-01-23
Todd Martin,Hard,to_2009,6,t,True,161,20,84,0.5217391304347826,1992-09-05,2001-01-23
Todd Martin,Grass,to_2009,4,wide,True,72,5,40,0.5555555555555556,1994-06-12,1999-07-01
Todd Martin,Grass,to_2009,5,body,True,122,5,63,0.5163934426229508,1994-06-12,1999-07-01
Todd Martin,Grass,to_2009,6,t,True,45,5,23,0.5111111111111111,1994-06-12,1999-07-01
Todd Reid,Hard,to_2009,4,wide,True,9,1,3,0.3333333333333333,2004-01-24,2004-01-24
Todd Reid,Hard,to_2009,5,body,True,9,1,5,0.5555555555555556,2004-01-24,2004-01-24
Todd Reid,Hard,to_2009,6,t,True,12,1,2,0.16666666666666666,2004-01-24,2004-01-24
Todd Woodbridge,Hard,to_2009,4,wide,True,41,4,18,0.43902439024390244,1996-08-24,1998-11-02
Todd Woodbridge,Hard,to_2009,5,body,True,23,4,9,0.391304347826087,1996-08-24,1998-11-02
Todd Woodbridge,Hard,to_2009,6,t,True,40,4,19,0.475,1996-08-24,1998-11-02
Todd Woodbridge,Clay,to_2009,4,wide,True,21,1,13,0.6190476190476191,1990-05-30,1990-05-30
Todd Woodbridge,Clay,to_2009,5,body,True,6,1,2,0.3333333333333333,1990-05-30,1990-05-30
Todd Woodbridge,Clay,to_2009,6,t,True,10,1,3,0.3,1990-05-30,1990-05-30
Todd Woodbridge,Grass,to_2009,4,wide,True,29,2,14,0.4827586206896552,1989-06-29,1997-07-04
Todd Woodbridge,Grass,to_2009,5,body,True,34,2,19,0.5588235294117647,1989-06-29,1997-07-04
Todd Woodbridge,Grass,to_2009,6,t,True,22,2,10,0.45454545454545453,1989-06-29,1997-07-04
Tomas Barrios Vera,Hard,2020s,4,wide,True,6,1,2,0.3333333333333333,2021-08-25,2021-08-25
Tomas Barrios Vera,Hard,2020s,5,body,True,17,1,7,0.4117647058823529,2021-08-25,2021-08-25
Tomas Barrios Vera,Hard,2020s,6,t,True,6,1,3,0.5,2021-08-25,2021-08-25
Tomas Barrios Vera,Clay,2020s,4,wide,True,39,3,15,0.38461538461538464,2021-06-19,2024-10-18
Tomas Barrios Vera,Clay,2020s,5,body,True,17,3,4,0.23529411764705882,2021-06-19,2024-10-18
Tomas Barrios Vera,Clay,2020s,6,t,True,13,3,7,0.5384615384615384,2021-06-19,2024-10-18
Tomas Barrios Vera,Clay,2020s,0,unknown,False,1,1,0,0.0,2021-06-19,2021-06-19
Tomas Behrend,Clay,to_2009,4,wide,True,9,1,3,0.3333333333333333,2004-07-06,2004-07-06
Tomas Behrend,Clay,to_2009,5,body,True,7,1,2,0.2857142857142857,2004-07-06,2004-07-06
Tomas Behrend,Clay,to_2009,6,t,True,5,1,2,0.4,2004-07-06,2004-07-06
Tomas Berdych,Hard,to_2009,4,wide,True,62,6,29,0.46774193548387094,2005-11-05,2009-01-26
Tomas Berdych,Hard,to_2009,5,body,True,103,6,48,0.46601941747572817,2005-11-05,2009-01-26
Tomas Berdych,Hard,to_2009,6,t,True,48,6,27,0.5625,2005-11-05,2009-01-26
Tomas Berdych,Hard,2010s,4,wide,True,676,52,330,0.4881656804733728,2010-04-04,2019-03-08
Tomas Berdych,Hard,2010s,5,body,True,838,51,407,0.48568019093078757,2010-04-04,2019-03-08
Tomas Berdych,Hard,2010s,6,t,True,381,52,172,0.45144356955380577,2010-04-04,2019-03-08
Tomas Berdych,Clay,to_2009,4,wide,True,33,3,8,0.24242424242424243,2005-05-11,2007-04-21
Tomas Berdych,Clay,to_2009,5,body,True,15,3,5,0.3333333333333333,2005-05-11,2007-04-21
Tomas Berdych,Clay,to_2009,6,t,True,29,3,12,0.41379310344827586,2005-05-11,2007-04-21
Tomas Berdych,Clay,2010s,4,wide,True,208,16,97,0.46634615384615385,2012-04-21,2018-04-16
Tomas Berdych,Clay,2010s,5,body,True,158,15,74,0.46835443037974683,2012-04-21,2018-04-16
Tomas Berdych,Clay,2010s,6,t,True,147,16,90,0.6122448979591837,2012-04-21,2018-04-16
Tomas Berdych,Grass,to_2009,4,wide,True,18,1,9,0.5,2006-06-18,2006-06-18
Tomas Berdych,Grass,to_2009,5,body,True,13,1,5,0.38461538461538464,2006-06-18,2006-06-18
Tomas Berdych,Grass,to_2009,6,t,True,3,1,2,0.6666666666666666,2006-06-18,2006-06-18
Tomas Berdych,Grass,2010s,4,wide,True,58,8,32,0.5517241379310345,2010-06-30,2017-07-14
Tomas Berdych,Grass,2010s,5,body,True,180,7,104,0.5777777777777777,2010-06-30,2017-07-14
Tomas Berdych,Grass,2010s,6,t,True,60,8,33,0.55,2010-06-30,2017-07-14
Tomas Carbonell,Hard,to_2009,4,wide,True,11,1,4,0.36363636363636365,1990-09-01,1990-09-01
Tomas Carbonell,Hard,to_2009,5,body,True,13,1,7,0.5384615384615384,1990-09-01,1990-09-01
Tomas Carbonell,Hard,to_2009,6,t,True,4,1,1,0.25,1990-09-01,1990-09-01
Tomas Machac,Hard,2020s,4,wide,True,298,24,162,0.5436241610738255,2020-02-23,2026-01-22
Tomas Machac,Hard,2020s,5,body,True,206,24,104,0.5048543689320388,2020-02-23,2026-01-22
Tomas Machac,Hard,2020s,6,t,True,245,24,133,0.5428571428571428,2020-02-23,2026-01-22
Tomas Machac,Hard,2020s,0,unknown,False,2,1,1,0.5,2024-03-09,2024-03-09
Tomas Machac,Clay,2020s,4,wide,True,105,5,51,0.4857142857142857,2024-04-16,2026-05-07
Tomas Machac,Clay,2020s,5,body,True,9,3,5,0.5555555555555556,2024-04-16,2024-05-30
Tomas Machac,Clay,2020s,6,t,True,52,5,22,0.4230769230769231,2024-04-16,2026-05-07
Tomas Machac,Grass,2020s,4,wide,True,21,2,11,0.5238095238095238,2024-06-18,2024-07-02
Tomas Machac,Grass,2020s,5,body,True,36,2,17,0.4722222222222222,2024-06-18,2024-07-02
Tomas Machac,Grass,2020s,6,t,True,15,2,8,0.5333333333333333,2024-06-18,2024-07-02
Tomas Martin Etcheverry,Hard,2020s,4,wide,True,87,12,48,0.5517241379310345,2022-09-27,2026-01-18
Tomas Martin Etcheverry,Hard,2020s,5,body,True,202,13,83,0.41089108910891087,2022-09-27,2026-01-18
Tomas Martin Etcheverry,Hard,2020s,6,t,True,66,12,41,0.6212121212121212,2022-09-27,2026-01-18
Tomas Martin Etcheverry,Hard,2020s,0,unknown,False,1,1,0,0.0,2024-10-04,2024-10-04
Tomas Martin Etcheverry,Clay,2020s,4,wide,True,116,11,48,0.41379310344827586,2023-03-02,2026-04-28
Tomas Martin Etcheverry,Clay,2020s,5,body,True,137,11,67,0.48905109489051096,2023-03-02,2026-04-28
Tomas Martin Etcheverry,Clay,2020s,6,t,True,100,11,49,0.49,2023-03-02,2026-04-28
Tomas Martin Etcheverry,Clay,2020s,0,unknown,False,1,1,0,0.0,2023-03-02,2023-03-02
Tomas Smid,Hard,to_2009,4,wide,True,20,1,11,0.55,1980-12-05,1980-12-05
Tomas Smid,Hard,to_2009,5,body,True,7,1,3,0.42857142857142855,1980-12-05,1980-12-05
Tomas Smid,Hard,to_2009,6,t,True,20,1,8,0.4,1980-12-05,1980-12-05
Tomas Zib,Hard,to_2009,4,wide,True,4,1,2,0.5,2006-10-25,2006-10-25
Tomas Zib,Hard,to_2009,5,body,True,14,1,5,0.35714285714285715,2006-10-25,2006-10-25
Tomas Zib,Hard,to_2009,6,t,True,4,1,2,0.5,2006-10-25,2006-10-25
Tomasz Berkieta,Clay,2020s,4,wide,True,7,1,2,0.2857142857142857,2024-06-08,2024-06-08
Tomasz Berkieta,Clay,2020s,5,body,True,16,1,4,0.25,2024-06-08,2024-06-08
Tomasz Berkieta,Clay,2020s,6,t,True,13,1,9,0.6923076923076923,2024-06-08,2024-06-08
Tommy Haas,Hard,to_2009,4,wide,True,351,25,163,0.46438746438746437,1996-08-26,2009-01-24
Tommy Haas,Hard,to_2009,5,body,True,318,25,167,0.5251572327044025,1996-08-26,2009-01-24
Tommy Haas,Hard,to_2009,6,t,True,336,25,162,0.48214285714285715,1996-08-26,2009-01-24
Tommy Haas,Hard,2010s,4,wide,True,49,5,19,0.3877551020408163,2012-01-18,2014-02-09
Tommy Haas,Hard,2010s,5,body,True,45,5,24,0.5333333333333333,2012-01-18,2014-02-09
Tommy Haas,Hard,2010s,6,t,True,38,5,18,0.47368421052631576,2012-01-18,2014-02-09
Tommy Haas,Clay,to_2009,4,wide,True,37,2,21,0.5675675675675675,2002-05-12,2009-06-01
Tommy Haas,Clay,to_2009,5,body,True,33,2,9,0.2727272727272727,2002-05-12,2009-06-01
Tommy Haas,Clay,to_2009,6,t,True,30,2,18,0.6,2002-05-12,2009-06-01
Tommy Haas,Clay,2010s,4,wide,True,20,2,8,0.4,2012-07-22,2014-05-15
Tommy Haas,Clay,2010s,5,body,True,14,2,8,0.5714285714285714,2012-07-22,2014-05-15
Tommy Haas,Clay,2010s,6,t,True,19,2,9,0.47368421052631576,2012-07-22,2014-05-15
Tommy Haas,Grass,to_2009,4,wide,True,36,3,17,0.4722222222222222,2006-06-17,2009-07-03
Tommy Haas,Grass,to_2009,5,body,True,49,3,24,0.4897959183673469,2006-06-17,2009-07-03
Tommy Haas,Grass,to_2009,6,t,True,44,3,25,0.5681818181818182,2006-06-17,2009-07-03
Tommy Haas,Grass,2010s,4,wide,True,42,4,26,0.6190476190476191,2012-06-17,2017-06-14
Tommy Haas,Grass,2010s,5,body,True,31,4,16,0.5161290322580645,2012-06-17,2017-06-14
Tommy Haas,Grass,2010s,6,t,True,49,4,24,0.4897959183673469,2012-06-17,2017-06-14
Tommy Paul,Hard,2010s,4,wide,True,12,1,5,0.4166666666666667,2016-11-01,2016-11-01
Tommy Paul,Hard,2010s,5,body,True,20,2,11,0.55,2016-11-01,2019-07-31
Tommy Paul,Hard,2010s,6,t,True,16,2,9,0.5625,2016-11-01,2019-07-31
Tommy Paul,Hard,2020s,4,wide,True,570,50,281,0.49298245614035086,2020-01-17,2026-03-25
Tommy Paul,Hard,2020s,5,body,True,627,50,333,0.5311004784688995,2020-01-17,2026-03-25
Tommy Paul,Hard,2020s,6,t,True,311,50,159,0.5112540192926045,2020-01-17,2026-03-25
Tommy Paul,Hard,2020s,0,unknown,False,1,1,1,1.0,2023-08-03,2023-08-03
Tommy Paul,Clay,2020s,4,wide,True,199,14,104,0.5226130653266332,2022-04-06,2025-06-03
Tommy Paul,Clay,2020s,5,body,True,226,14,118,0.5221238938053098,2022-04-06,2025-06-03
Tommy Paul,Clay,2020s,6,t,True,80,14,39,0.4875,2022-04-06,2025-06-03
Tommy Paul,Grass,2020s,4,wide,True,130,11,64,0.49230769230769234,2022-06-16,2024-07-09
Tommy Paul,Grass,2020s,5,body,True,173,11,90,0.5202312138728323,2022-06-16,2024-07-09
Tommy Paul,Grass,2020s,6,t,True,63,11,33,0.5238095238095238,2022-06-16,2024-07-09
Tommy Robredo,Hard,to_2009,4,wide,True,44,7,17,0.38636363636363635,2003-08-04,2007-10-07
Tommy Robredo,Hard,to_2009,5,body,True,97,7,43,0.44329896907216493,2003-08-04,2007-10-07
Tommy Robredo,Hard,to_2009,6,t,True,53,7,25,0.4716981132075472,2003-08-04,2007-10-07
Tommy Robredo,Hard,2010s,4,wide,True,60,7,19,0.31666666666666665,2013-09-03,2015-09-25
Tommy Robredo,Hard,2010s,5,body,True,113,7,55,0.48672566371681414,2013-09-03,2015-09-25
Tommy Robredo,Hard,2010s,6,t,True,45,7,11,0.24444444444444444,2013-09-03,2015-09-25
Tommy Robredo,Clay,to_2009,4,wide,True,36,4,17,0.4722222222222222,2003-05-08,2007-06-06
Tommy Robredo,Clay,to_2009,5,body,True,44,3,24,0.5454545454545454,2005-05-30,2007-06-06
Tommy Robredo,Clay,to_2009,6,t,True,15,4,5,0.3333333333333333,2003-05-08,2007-06-06
Tommy Robredo,Clay,2010s,4,wide,True,10,2,7,0.7,2015-07-26,2019-04-01
Tommy Robredo,Clay,2010s,5,body,True,39,2,23,0.5897435897435898,2015-07-26,2019-04-01
Tommy Robredo,Clay,2010s,6,t,True,10,2,5,0.5,2015-07-26,2019-04-01
Tommy Robredo,Clay,2020s,4,wide,True,7,1,1,0.14285714285714285,2022-04-18,2022-04-18
Tommy Robredo,Clay,2020s,5,body,True,6,1,3,0.5,2022-04-18,2022-04-18
Tommy Robredo,Clay,2020s,6,t,True,3,1,2,0.6666666666666666,2022-04-18,2022-04-18
Tommy Robredo,Grass,to_2009,4,wide,True,7,1,5,0.7142857142857143,2005-06-13,2005-06-13
Tommy Robredo,Grass,to_2009,5,body,True,8,1,6,0.75,2005-06-13,2005-06-13
Tommy Robredo,Grass,to_2009,6,t,True,4,1,3,0.75,2005-06-13,2005-06-13
Tony Roche,Grass,to_2009,4,wide,True,30,2,13,0.43333333333333335,1969-09-07,1975-07-03
Tony Roche,Grass,to_2009,5,body,True,11,2,4,0.36363636363636365,1969-09-07,1975-07-03
Tony Roche,Grass,to_2009,6,t,True,32,2,14,0.4375,1969-09-07,1975-07-03
Tristan Schoolkate,Hard,2020s,4,wide,True,66,3,30,0.45454545454545453,2021-02-02,2025-01-16
Tristan Schoolkate,Hard,2020s,5,body,True,46,3,17,0.3695652173913043,2021-02-02,2025-01-16
Tristan Schoolkate,Hard,2020s,6,t,True,31,3,15,0.4838709677419355,2021-02-02,2025-01-16
Tsung Hua Yang,Hard,2010s,4,wide,True,16,2,8,0.5,2019-03-18,2019-05-06
Tsung Hua Yang,Hard,2010s,5,body,True,20,2,8,0.4,2019-03-18,2019-05-06
Tsung Hua Yang,Hard,2010s,6,t,True,11,2,5,0.45454545454545453,2019-03-18,2019-05-06
Tung Lin Wu,Hard,2020s,4,wide,True,9,1,6,0.6666666666666666,2022-01-04,2022-01-04
Tung Lin Wu,Hard,2020s,5,body,True,10,1,5,0.5,2022-01-04,2022-01-04
Tung Lin Wu,Hard,2020s,6,t,True,15,1,6,0.4,2022-01-04,2022-01-04
Ty Trombetta,Hard,2010s,4,wide,True,18,1,8,0.4444444444444444,2014-09-08,2014-09-08
Ty Trombetta,Hard,2010s,5,body,True,2,1,1,0.5,2014-09-08,2014-09-08
Ty Trombetta,Hard,2010s,6,t,True,6,1,2,0.3333333333333333,2014-09-08,2014-09-08
Ugo Blanchet,Hard,2020s,4,wide,True,28,2,14,0.5,2022-11-10,2026-02-05
Ugo Blanchet,Hard,2020s,5,body,True,37,2,19,0.5135135135135135,2022-11-10,2026-02-05
Ugo Blanchet,Hard,2020s,6,t,True,29,2,12,0.41379310344827586,2022-11-10,2026-02-05
Ugo Blanchet,Clay,2020s,4,wide,True,17,1,7,0.4117647058823529,2025-05-26,2025-05-26
Ugo Blanchet,Clay,2020s,5,body,True,33,1,16,0.48484848484848486,2025-05-26,2025-05-26
Ugo Blanchet,Clay,2020s,6,t,True,9,1,6,0.6666666666666666,2025-05-26,2025-05-26
Ugo Humbert,Hard,2010s,4,wide,True,53,5,26,0.49056603773584906,2019-01-15,2019-03-21
Ugo Humbert,Hard,2010s,5,body,True,89,6,45,0.5056179775280899,2019-01-15,2019-10-19
Ugo Humbert,Hard,2010s,6,t,True,73,6,37,0.5068493150684932,2019-01-15,2019-10-19
Ugo Humbert,Hard,2020s,4,wide,True,342,44,203,0.5935672514619883,2020-02-14,2026-02-24
Ugo Humbert,Hard,2020s,5,body,True,225,41,123,0.5466666666666666,2020-02-14,2026-02-24
Ugo Humbert,Hard,2020s,6,t,True,526,44,284,0.5399239543726235,2020-02-14,2026-02-24
Ugo Humbert,Clay,2020s,4,wide,True,56,5,32,0.5714285714285714,2024-04-12,2026-04-05
Ugo Humbert,Clay,2020s,5,body,True,16,3,10,0.625,2024-04-28,2026-04-05
Ugo Humbert,Clay,2020s,6,t,True,74,5,33,0.44594594594594594,2024-04-12,2026-04-05
Ugo Humbert,Grass,2020s,4,wide,True,18,3,12,0.6666666666666666,2022-06-15,2024-06-15
Ugo Humbert,Grass,2020s,5,body,True,23,3,12,0.5217391304347826,2022-06-15,2024-06-15
Ugo Humbert,Grass,2020s,6,t,True,34,3,17,0.5,2022-06-15,2024-06-15
Uladzimir Ignatik,Hard,2010s,4,wide,True,18,1,10,0.5555555555555556,2017-09-13,2017-09-13
Uladzimir Ignatik,Hard,2010s,5,body,True,10,1,2,0.2,2017-09-13,2017-09-13
Uladzimir Ignatik,Hard,2010s,6,t,True,8,1,2,0.25,2017-09-13,2017-09-13
Ulises Blanch,Clay,2010s,4,wide,True,9,1,5,0.5555555555555556,2018-07-15,2018-07-15
Ulises Blanch,Clay,2010s,5,body,True,5,1,4,0.8,2018-07-15,2018-07-15
Ulises Blanch,Clay,2010s,6,t,True,7,1,4,0.5714285714285714,2018-07-15,2018-07-15
Vaclav Safranek,Clay,2010s,4,wide,True,16,1,10,0.625,2019-04-08,2019-04-08
Vaclav Safranek,Clay,2010s,5,body,True,23,1,7,0.30434782608695654,2019-04-08,2019-04-08
Vaclav Safranek,Clay,2010s,6,t,True,5,1,0,0.0,2019-04-08,2019-04-08
Valentin Royer,Hard,2020s,4,wide,True,16,3,9,0.5625,2025-07-27,2026-02-09
Valentin Royer,Hard,2020s,5,body,True,63,3,27,0.42857142857142855,2025-07-27,2026-02-09
Valentin Royer,Hard,2020s,6,t,True,26,3,13,0.5,2025-07-27,2026-02-09
Valentin Royer,Clay,2020s,4,wide,True,29,2,17,0.5862068965517241,2025-03-09,2025-05-25
Valentin Royer,Clay,2020s,5,body,True,25,2,9,0.36,2025-03-09,2025-05-25
Valentin Royer,Clay,2020s,6,t,True,33,2,23,0.696969696969697,2025-03-09,2025-05-25
Valentin Vacherot,Hard,2020s,4,wide,True,25,5,12,0.48,2025-10-11,2026-03-09
Valentin Vacherot,Hard,2020s,5,body,True,88,5,47,0.5340909090909091,2025-10-11,2026-03-09
Valentin Vacherot,Hard,2020s,6,t,True,11,4,5,0.45454545454545453,2025-10-12,2026-03-09
Valentin Vacherot,Clay,2020s,4,wide,True,52,5,24,0.46153846153846156,2024-03-25,2026-04-11
Valentin Vacherot,Clay,2020s,5,body,True,71,5,40,0.5633802816901409,2024-03-25,2026-04-11
Valentin Vacherot,Clay,2020s,6,t,True,27,5,10,0.37037037037037035,2024-03-25,2026-04-11
Vasek Pospisil,Hard,2010s,4,wide,True,53,6,29,0.5471698113207547,2013-08-06,2019-11-19
Vasek Pospisil,Hard,2010s,5,body,True,94,6,50,0.5319148936170213,2013-08-06,2019-11-19
Vasek Pospisil,Hard,2010s,6,t,True,60,6,33,0.55,2013-08-06,2019-11-19
Vasek Pospisil,Hard,2020s,4,wide,True,113,9,52,0.46017699115044247,2020-01-21,2023-01-16
Vasek Pospisil,Hard,2020s,5,body,True,101,9,38,0.37623762376237624,2020-01-21,2023-01-16
Vasek Pospisil,Hard,2020s,6,t,True,99,9,55,0.5555555555555556,2020-01-21,2023-01-16
Vasek Pospisil,Grass,2010s,4,wide,True,26,1,12,0.46153846153846156,2013-06-26,2013-06-26
Vasek Pospisil,Grass,2010s,5,body,True,11,1,3,0.2727272727272727,2013-06-26,2013-06-26
Vasek Pospisil,Grass,2010s,6,t,True,18,1,8,0.4444444444444444,2013-06-26,2013-06-26
Victor Estrella,Hard,2010s,4,wide,True,11,2,4,0.36363636363636365,2014-07-19,2018-01-14
Victor Estrella,Hard,2010s,5,body,True,26,2,16,0.6153846153846154,2014-07-19,2018-01-14
Victor Estrella,Hard,2010s,6,t,True,22,2,7,0.3181818181818182,2014-07-19,2018-01-14
Victor Estrella,Clay,2010s,4,wide,True,26,3,17,0.6538461538461539,2016-02-02,2019-10-09
Victor Estrella,Clay,2010s,5,body,True,33,3,16,0.48484848484848486,2016-02-02,2019-10-09
Victor Estrella,Clay,2010s,6,t,True,28,3,14,0.5,2016-02-02,2019-10-09
Victor Hanescu,Hard,2010s,4,wide,True,6,1,6,1.0,2010-01-21,2010-01-21
Victor Hanescu,Hard,2010s,5,body,True,16,1,6,0.375,2010-01-21,2010-01-21
Victor Hanescu,Hard,2010s,6,t,True,4,1,0,0.0,2010-01-21,2010-01-21
Victor Hanescu,Clay,to_2009,4,wide,True,17,2,7,0.4117647058823529,2005-06-01,2009-05-31
Victor Hanescu,Clay,to_2009,5,body,True,26,2,16,0.6153846153846154,2005-06-01,2009-05-31
Victor Hanescu,Clay,to_2009,6,t,True,13,2,1,0.07692307692307693,2005-06-01,2009-05-31
Victor Pecci,Clay,to_2009,4,wide,True,29,1,17,0.5862068965517241,1981-06-05,1981-06-05
Victor Pecci,Clay,to_2009,5,body,True,16,1,4,0.25,1981-06-05,1981-06-05
Victor Pecci,Clay,to_2009,6,t,True,3,1,1,0.3333333333333333,1981-06-05,1981-06-05
Viktor Durasovic,Hard,2020s,4,wide,True,26,2,15,0.5769230769230769,2021-11-09,2022-10-22
Viktor Durasovic,Hard,2020s,5,body,True,13,2,9,0.6923076923076923,2021-11-09,2022-10-22
Viktor Durasovic,Hard,2020s,6,t,True,22,2,10,0.45454545454545453,2021-11-09,2022-10-22
Viktor Troicki,Hard,to_2009,4,wide,True,4,1,1,0.25,2009-10-04,2009-10-04
Viktor Troicki,Hard,to_2009,5,body,True,8,1,1,0.125,2009-10-04,2009-10-04
Viktor Troicki,Hard,to_2009,6,t,True,6,1,4,0.6666666666666666,2009-10-04,2009-10-04
Viktor Troicki,Hard,2010s,4,wide,True,82,7,28,0.34146341463414637,2011-01-15,2019-02-05
Viktor Troicki,Hard,2010s,5,body,True,79,7,31,0.3924050632911392,2011-01-15,2019-02-05
Viktor Troicki,Hard,2010s,6,t,True,28,6,11,0.39285714285714285,2011-01-15,2019-02-05
Viktor Troicki,Clay,2020s,4,wide,True,14,1,6,0.42857142857142855,2021-05-24,2021-05-24
Viktor Troicki,Clay,2020s,5,body,True,15,1,7,0.4666666666666667,2021-05-24,2021-05-24
Viktor Troicki,Clay,2020s,6,t,True,2,1,1,0.5,2021-05-24,2021-05-24
Viktor Troicki,Grass,2010s,4,wide,True,14,2,5,0.35714285714285715,2016-06-07,2019-06-09
Viktor Troicki,Grass,2010s,5,body,True,27,2,11,0.4074074074074074,2016-06-07,2019-06-09
Viktor Troicki,Grass,2010s,6,t,True,6,2,1,0.16666666666666666,2016-06-07,2019-06-09
Vilius Gaubas,Clay,2020s,4,wide,True,31,2,17,0.5483870967741935,2024-05-29,2025-05-09
Vilius Gaubas,Clay,2020s,5,body,True,5,1,3,0.6,2024-05-29,2024-05-29
Vilius Gaubas,Clay,2020s,6,t,True,21,2,11,0.5238095238095238,2024-05-29,2025-05-09
Vincent Millot,Hard,2010s,4,wide,True,3,1,0,0.0,2016-02-27,2016-02-27
Vincent Millot,Hard,2010s,5,body,True,9,1,3,0.3333333333333333,2016-02-27,2016-02-27
Vincent Millot,Hard,2010s,6,t,True,6,1,3,0.5,2016-02-27,2016-02-27
Vincent Spadea,Hard,to_2009,4,wide,True,21,2,8,0.38095238095238093,2003-03-16,2006-09-01
Vincent Spadea,Hard,to_2009,5,body,True,24,2,14,0.5833333333333334,2003-03-16,2006-09-01
Vincent Spadea,Hard,to_2009,6,t,True,21,2,10,0.47619047619047616,2003-03-16,2006-09-01
Vincenzo Santopadre,Clay,to_2009,4,wide,True,11,1,7,0.6363636363636364,2001-05-07,2001-05-07
Vincenzo Santopadre,Clay,to_2009,5,body,True,6,1,3,0.5,2001-05-07,2001-05-07
Vincenzo Santopadre,Clay,to_2009,6,t,True,2,1,1,0.5,2001-05-07,2001-05-07
Vit Kopriva,Hard,2020s,4,wide,True,4,1,1,0.25,2025-08-26,2025-08-26
Vit Kopriva,Hard,2020s,5,body,True,21,1,6,0.2857142857142857,2025-08-26,2025-08-26
Vit Kopriva,Hard,2020s,6,t,True,6,1,1,0.16666666666666666,2025-08-26,2025-08-26
Vit Kopriva,Clay,2020s,4,wide,True,7,1,2,0.2857142857142857,2026-02-20,2026-02-20
Vit Kopriva,Clay,2020s,5,body,True,6,1,5,0.8333333333333334,2026-02-20,2026-02-20
Vit Kopriva,Clay,2020s,6,t,True,5,1,2,0.4,2026-02-20,2026-02-20
Vit Kopriva,Grass,2020s,4,wide,True,7,1,3,0.42857142857142855,2024-07-02,2024-07-02
Vit Kopriva,Grass,2020s,5,body,True,29,1,11,0.3793103448275862,2024-07-02,2024-07-02
Vit Kopriva,Grass,2020s,6,t,True,7,1,3,0.42857142857142855,2024-07-02,2024-07-02
Vitas Gerulaitis,Hard,to_2009,4,wide,True,33,4,14,0.42424242424242425,1980-01-12,1982-01-13
Vitas Gerulaitis,Hard,to_2009,5,body,True,55,4,28,0.509090909090909,1980-01-12,1982-01-13
Vitas Gerulaitis,Hard,to_2009,6,t,True,78,4,34,0.4358974358974359,1980-01-12,1982-01-13
Vitas Gerulaitis,Clay,to_2009,4,wide,True,8,1,2,0.25,1980-06-08,1980-06-08
Vitas Gerulaitis,Clay,to_2009,5,body,True,13,1,4,0.3076923076923077,1980-06-08,1980-06-08
Vitas Gerulaitis,Clay,to_2009,6,t,True,13,1,5,0.38461538461538464,1980-06-08,1980-06-08
Vladimir Ivanov,Clay,2010s,4,wide,True,32,4,18,0.5625,2012-08-06,2015-09-14
Vladimir Ivanov,Clay,2010s,5,body,True,40,4,20,0.5,2012-08-06,2015-09-14
Vladimir Ivanov,Clay,2010s,6,t,True,10,3,5,0.5,2012-08-12,2015-09-14
Vladimir Voltchkov,Grass,to_2009,4,wide,True,7,1,3,0.42857142857142855,2000-07-08,2000-07-08
Vladimir Voltchkov,Grass,to_2009,5,body,True,16,1,7,0.4375,2000-07-08,2000-07-08
Vladimir Voltchkov,Grass,to_2009,6,t,True,15,1,9,0.6,2000-07-08,2000-07-08
Wally Masur,Hard,to_2009,4,wide,True,21,2,13,0.6190476190476191,1992-07-24,1993-09-04
Wally Masur,Hard,to_2009,5,body,True,14,2,8,0.5714285714285714,1992-07-24,1993-09-04
Wally Masur,Hard,to_2009,6,t,True,19,2,7,0.3684210526315789,1992-07-24,1993-09-04
Wally Masur,Grass,to_2009,4,wide,True,18,1,5,0.2777777777777778,1987-01-23,1987-01-23
Wally Masur,Grass,to_2009,5,body,True,13,1,8,0.6153846153846154,1987-01-23,1987-01-23
Wally Masur,Grass,to_2009,6,t,True,14,1,6,0.42857142857142855,1987-01-23,1987-01-23
Wayne Arthurs,Clay,to_2009,4,wide,True,17,1,4,0.23529411764705882,2001-06-04,2001-06-04
Wayne Arthurs,Clay,to_2009,5,body,True,20,1,8,0.4,2001-06-04,2001-06-04
Wayne Arthurs,Clay,to_2009,6,t,True,23,1,12,0.5217391304347826,2001-06-04,2001-06-04
Wayne Ferreira,Hard,to_2009,4,wide,True,225,14,108,0.48,1992-01-22,2003-01-25
Wayne Ferreira,Hard,to_2009,5,body,True,113,14,55,0.48672566371681414,1992-01-22,2003-01-25
Wayne Ferreira,Hard,to_2009,6,t,True,163,14,78,0.4785276073619632,1992-01-22,2003-01-25
Wayne Odesnik,Clay,to_2009,4,wide,True,21,1,10,0.47619047619047616,2009-04-12,2009-04-12
Wayne Odesnik,Clay,to_2009,5,body,True,3,1,1,0.3333333333333333,2009-04-12,2009-04-12
Wayne Odesnik,Clay,to_2009,6,t,True,12,1,4,0.3333333333333333,2009-04-12,2009-04-12
Werner Eschauer,Grass,to_2009,4,wide,True,8,1,2,0.25,2007-06-28,2007-06-28
Werner Eschauer,Grass,to_2009,5,body,True,5,1,2,0.4,2007-06-28,2007-06-28
Werner Eschauer,Grass,to_2009,6,t,True,3,1,0,0.0,2007-06-28,2007-06-28
Wesley Moodie,Hard,to_2009,4,wide,True,7,2,2,0.2857142857142857,2005-10-09,2006-10-03
Wesley Moodie,Hard,to_2009,5,body,True,15,2,8,0.5333333333333333,2005-10-09,2006-10-03
Wesley Moodie,Hard,to_2009,6,t,True,16,2,8,0.5,2005-10-09,2006-10-03
William Rejchtman Vinciguerra,Clay,2020s,4,wide,True,9,1,6,0.6666666666666666,2025-07-14,2025-07-14
William Rejchtman Vinciguerra,Clay,2020s,5,body,True,4,1,4,1.0,2025-07-14,2025-07-14
William Rejchtman Vinciguerra,Clay,2020s,6,t,True,16,1,6,0.375,2025-07-14,2025-07-14
Wojtek Fibak,Clay,to_2009,4,wide,True,17,1,7,0.4117647058823529,1982-05-31,1982-05-31
Wojtek Fibak,Clay,to_2009,5,body,True,21,1,9,0.42857142857142855,1982-05-31,1982-05-31
Wojtek Fibak,Clay,to_2009,6,t,True,13,1,3,0.23076923076923078,1982-05-31,1982-05-31
Xavier Malisse,Hard,to_2009,4,wide,True,24,1,12,0.5,2006-08-11,2006-08-11
Xavier Malisse,Hard,to_2009,5,body,True,6,1,4,0.6666666666666666,2006-08-11,2006-08-11
Xavier Malisse,Hard,to_2009,6,t,True,21,1,11,0.5238095238095238,2006-08-11,2006-08-11
Xavier Malisse,Hard,2010s,4,wide,True,17,1,8,0.47058823529411764,2011-01-22,2011-01-22
Xavier Malisse,Hard,2010s,5,body,True,2,1,0,0.0,2011-01-22,2011-01-22
Xavier Malisse,Hard,2010s,6,t,True,14,1,4,0.2857142857142857,2011-01-22,2011-01-22
Xavier Malisse,Clay,to_2009,4,wide,True,31,1,13,0.41935483870967744,1999-07-16,1999-07-16
Xavier Malisse,Clay,to_2009,5,body,True,8,1,8,1.0,1999-07-16,1999-07-16
Xavier Malisse,Clay,to_2009,6,t,True,29,1,15,0.5172413793103449,1999-07-16,1999-07-16
Xavier Malisse,Grass,to_2009,4,wide,True,15,1,8,0.5333333333333333,2002-07-05,2002-07-05
Xavier Malisse,Grass,to_2009,5,body,True,27,1,8,0.2962962962962963,2002-07-05,2002-07-05
Xavier Malisse,Grass,to_2009,6,t,True,27,1,14,0.5185185185185185,2002-07-05,2002-07-05
Yannick Hanfmann,Hard,2020s,4,wide,True,61,7,27,0.4426229508196721,2021-03-22,2025-11-07
Yannick Hanfmann,Hard,2020s,5,body,True,41,7,20,0.4878048780487805,2021-03-22,2025-11-07
Yannick Hanfmann,Hard,2020s,6,t,True,53,7,27,0.5094339622641509,2021-03-22,2025-11-07
Yannick Hanfmann,Clay,2020s,4,wide,True,73,7,45,0.6164383561643836,2023-05-11,2025-08-03
Yannick Hanfmann,Clay,2020s,5,body,True,33,6,16,0.48484848484848486,2023-05-11,2025-08-03
Yannick Hanfmann,Clay,2020s,6,t,True,50,7,32,0.64,2023-05-11,2025-08-03
Yannick Hanfmann,Grass,2020s,4,wide,True,13,1,6,0.46153846153846156,2024-07-01,2024-07-01
Yannick Hanfmann,Grass,2020s,5,body,True,12,1,5,0.4166666666666667,2024-07-01,2024-07-01
Yannick Hanfmann,Grass,2020s,6,t,True,11,1,6,0.5454545454545454,2024-07-01,2024-07-01
Yannick Maden,Hard,2010s,4,wide,True,28,1,18,0.6428571428571429,2019-02-07,2019-02-07
Yannick Maden,Hard,2010s,5,body,True,17,1,9,0.5294117647058824,2019-02-07,2019-02-07
Yannick Maden,Hard,2010s,6,t,True,10,1,6,0.6,2019-02-07,2019-02-07
Yannick Maden,Clay,2010s,4,wide,True,12,1,6,0.5,2017-09-04,2017-09-04
Yannick Maden,Clay,2010s,5,body,True,3,1,1,0.3333333333333333,2017-09-04,2017-09-04
Yannick Maden,Clay,2010s,6,t,True,3,1,1,0.3333333333333333,2017-09-04,2017-09-04
Yannick Mertens,Hard,2010s,4,wide,True,5,2,2,0.4,2015-09-14,2015-10-05
Yannick Mertens,Hard,2010s,5,body,True,10,2,5,0.5,2015-09-14,2015-10-05
Yannick Mertens,Hard,2010s,6,t,True,13,2,8,0.6153846153846154,2015-09-14,2015-10-05
Yannick Noah,Hard,to_2009,4,wide,True,28,3,19,0.6785714285714286,1990-02-03,1991-10-29
Yannick Noah,Hard,to_2009,5,body,True,50,3,22,0.44,1990-02-03,1991-10-29
Yannick Noah,Hard,to_2009,6,t,True,36,3,12,0.3333333333333333,1990-02-03,1991-10-29
Yannick Noah,Clay,to_2009,4,wide,True,158,6,80,0.5063291139240507,1982-05-31,1990-05-28
Yannick Noah,Clay,to_2009,5,body,True,102,6,56,0.5490196078431373,1982-05-31,1990-05-28
Yannick Noah,Clay,to_2009,6,t,True,50,6,25,0.5,1982-05-31,1990-05-28
Yasutaka Uchiyama,Hard,2010s,4,wide,True,18,1,8,0.4444444444444444,2019-01-03,2019-01-03
Yasutaka Uchiyama,Hard,2010s,5,body,True,2,1,2,1.0,2019-01-03,2019-01-03
Yasutaka Uchiyama,Hard,2010s,6,t,True,16,1,8,0.5,2019-01-03,2019-01-03
Yasutaka Uchiyama,Hard,2020s,4,wide,True,28,2,14,0.5,2022-01-04,2023-01-11
Yasutaka Uchiyama,Hard,2020s,5,body,True,14,2,7,0.5,2022-01-04,2023-01-11
Yasutaka Uchiyama,Hard,2020s,6,t,True,13,2,6,0.46153846153846156,2022-01-04,2023-01-11
Yen Hsun Lu,Hard,2010s,4,wide,True,7,1,3,0.42857142857142855,2015-01-19,2015-01-19
Yen Hsun Lu,Hard,2010s,5,body,True,21,1,11,0.5238095238095238,2015-01-19,2015-01-19
Yen Hsun Lu,Hard,2010s,6,t,True,13,1,8,0.6153846153846154,2015-01-19,2015-01-19
Yevgeny Kafelnikov,Hard,to_2009,4,wide,True,699,46,358,0.5121602288984263,1994-01-19,2002-09-20
Yevgeny Kafelnikov,Hard,to_2009,5,body,True,642,45,341,0.5311526479750779,1994-01-19,2002-09-20
Yevgeny Kafelnikov,Hard,to_2009,6,t,True,464,46,204,0.4396551724137931,1994-01-19,2002-09-20
Yevgeny Kafelnikov,Clay,to_2009,4,wide,True,312,12,148,0.47435897435897434,1994-05-08,2002-02-10
Yevgeny Kafelnikov,Clay,to_2009,5,body,True,107,11,59,0.5514018691588785,1994-05-08,2001-06-05
Yevgeny Kafelnikov,Clay,to_2009,6,t,True,191,12,89,0.46596858638743455,1994-05-08,2002-02-10
Yevgeny Kafelnikov,Grass,to_2009,4,wide,True,106,6,52,0.49056603773584906,1995-07-05,2000-06-07
Yevgeny Kafelnikov,Grass,to_2009,5,body,True,104,6,44,0.4230769230769231,1995-07-05,2000-06-07
Yevgeny Kafelnikov,Grass,to_2009,6,t,True,76,6,34,0.4473684210526316,1995-07-05,2000-06-07
Yi Zhou,Hard,2020s,4,wide,True,10,1,3,0.3,2025-10-02,2025-10-02
Yi Zhou,Hard,2020s,5,body,True,5,1,2,0.4,2025-10-02,2025-10-02
Yi Zhou,Hard,2020s,6,t,True,11,1,4,0.36363636363636365,2025-10-02,2025-10-02
Yibing Wu,Hard,2020s,4,wide,True,46,4,26,0.5652173913043478,2022-07-24,2025-09-22
Yibing Wu,Hard,2020s,5,body,True,47,4,24,0.5106382978723404,2022-07-24,2025-09-22
Yibing Wu,Hard,2020s,6,t,True,53,4,29,0.5471698113207547,2022-07-24,2025-09-22
Yibing Wu,Clay,2020s,4,wide,True,10,1,5,0.5,2023-04-18,2023-04-18
Yibing Wu,Clay,2020s,5,body,True,3,1,2,0.6666666666666666,2023-04-18,2023-04-18
Yibing Wu,Clay,2020s,6,t,True,10,1,6,0.6,2023-04-18,2023-04-18
Yibing Wu,Grass,2020s,4,wide,True,7,1,4,0.5714285714285714,2023-06-13,2023-06-13
Yibing Wu,Grass,2020s,5,body,True,10,1,7,0.7,2023-06-13,2023-06-13
Yibing Wu,Grass,2020s,6,t,True,8,1,5,0.625,2023-06-13,2023-06-13
Yoshihito Nishioka,Hard,2010s,4,wide,True,132,12,75,0.5681818181818182,2015-11-09,2019-11-20
Yoshihito Nishioka,Hard,2010s,5,body,True,121,12,68,0.5619834710743802,2015-11-09,2019-11-20
Yoshihito Nishioka,Hard,2010s,6,t,True,104,12,47,0.4519230769230769,2015-11-09,2019-11-20
Yoshihito Nishioka,Hard,2020s,4,wide,True,192,21,97,0.5052083333333334,2020-09-01,2025-07-21
Yoshihito Nishioka,Hard,2020s,5,body,True,192,22,101,0.5260416666666666,2020-09-01,2025-07-21
Yoshihito Nishioka,Hard,2020s,6,t,True,187,22,90,0.48128342245989303,2020-09-01,2025-07-21
Yoshihito Nishioka,Clay,2010s,4,wide,True,32,2,14,0.4375,2018-04-10,2019-05-30
Yoshihito Nishioka,Clay,2010s,5,body,True,26,2,13,0.5,2018-04-10,2019-05-30
Yoshihito Nishioka,Clay,2010s,6,t,True,11,1,4,0.36363636363636365,2019-05-30,2019-05-30
Yoshihito Nishioka,Clay,2020s,4,wide,True,23,2,12,0.5217391304347826,2023-06-03,2023-06-05
Yoshihito Nishioka,Clay,2020s,5,body,True,29,2,15,0.5172413793103449,2023-06-03,2023-06-05
Yoshihito Nishioka,Clay,2020s,6,t,True,23,2,13,0.5652173913043478,2023-06-03,2023-06-05
Yoshihito Nishioka,Grass,2020s,4,wide,True,15,2,4,0.26666666666666666,2023-07-03,2024-07-04
Yoshihito Nishioka,Grass,2020s,5,body,True,10,2,4,0.4,2023-07-03,2024-07-04
Yoshihito Nishioka,Grass,2020s,6,t,True,14,2,8,0.5714285714285714,2023-07-03,2024-07-04
Yosuke Watanuki,Hard,2020s,4,wide,True,27,2,13,0.48148148148148145,2023-01-18,2025-03-11
Yosuke Watanuki,Hard,2020s,5,body,True,32,2,13,0.40625,2023-01-18,2025-03-11
Yosuke Watanuki,Hard,2020s,6,t,True,21,2,7,0.3333333333333333,2023-01-18,2025-03-11
Yosuke Watanuki,Grass,2020s,4,wide,True,22,1,11,0.5,2023-06-14,2023-06-14
Yosuke Watanuki,Grass,2020s,5,body,True,19,1,13,0.6842105263157895,2023-06-14,2023-06-14
Yosuke Watanuki,Grass,2020s,6,t,True,15,1,9,0.6,2023-06-14,2023-06-14
Younes El Aynaoui,Hard,to_2009,4,wide,True,51,2,28,0.5490196078431373,2002-07-31,2003-01-22
Younes El Aynaoui,Hard,to_2009,5,body,True,27,2,14,0.5185185185185185,2002-07-31,2003-01-22
Younes El Aynaoui,Hard,to_2009,6,t,True,38,2,14,0.3684210526315789,2002-07-31,2003-01-22
Younes El Aynaoui,Grass,to_2009,4,wide,True,17,1,10,0.5882352941176471,2003-06-28,2003-06-28
Younes El Aynaoui,Grass,to_2009,5,body,True,6,1,3,0.5,2003-06-28,2003-06-28
Younes El Aynaoui,Grass,to_2009,6,t,True,6,1,3,0.5,2003-06-28,2003-06-28
Younes Lalami Laaroussi,Clay,2020s,4,wide,True,5,1,2,0.4,2023-04-03,2023-04-03
Younes Lalami Laaroussi,Clay,2020s,5,body,True,11,1,3,0.2727272727272727,2023-04-03,2023-04-03
Younes Lalami Laaroussi,Clay,2020s,6,t,True,8,1,4,0.5,2023-04-03,2023-04-03
Yu Hsiou Hsu,Hard,2020s,4,wide,True,16,2,6,0.375,2023-01-17,2023-10-08
Yu Hsiou Hsu,Hard,2020s,5,body,True,23,2,9,0.391304347826087,2023-01-17,2023-10-08
Yu Hsiou Hsu,Hard,2020s,6,t,True,9,2,5,0.5555555555555556,2023-01-17,2023-10-08
Yuichi Ito,Hard,2010s,4,wide,True,5,1,2,0.4,2015-11-09,2015-11-09
Yuichi Ito,Hard,2010s,5,body,True,7,1,2,0.2857142857142857,2015-11-09,2015-11-09
Yuichi Ito,Hard,2010s,6,t,True,1,1,0,0.0,2015-11-09,2015-11-09
Yuichi Sugita,Hard,2010s,4,wide,True,13,2,8,0.6153846153846154,2016-05-09,2019-10-18
Yuichi Sugita,Hard,2010s,5,body,True,34,2,22,0.6470588235294118,2016-05-09,2019-10-18
Yuichi Sugita,Hard,2010s,6,t,True,23,2,14,0.6086956521739131,2016-05-09,2019-10-18
Yuichi Sugita,Hard,2020s,4,wide,True,6,1,6,1.0,2021-08-27,2021-08-27
Yuichi Sugita,Hard,2020s,5,body,True,6,1,1,0.16666666666666666,2021-08-27,2021-08-27
Yuichi Sugita,Hard,2020s,6,t,True,4,1,3,0.75,2021-08-27,2021-08-27
Yuichi Sugita,Clay,2010s,4,wide,True,8,1,2,0.25,2017-04-28,2017-04-28
Yuichi Sugita,Clay,2010s,6,t,True,5,1,1,0.2,2017-04-28,2017-04-28
Yuichi Sugita,Grass,2010s,4,wide,True,11,1,6,0.5454545454545454,2019-07-01,2019-07-01
Yuichi Sugita,Grass,2010s,5,body,True,12,1,6,0.5,2019-07-01,2019-07-01
Yuichi Sugita,Grass,2010s,6,t,True,5,1,2,0.4,2019-07-01,2019-07-01
Yuki Bhambri,Hard,2010s,4,wide,True,3,1,3,1.0,2017-10-16,2017-10-16
Yuki Bhambri,Hard,2010s,5,body,True,4,1,4,1.0,2017-10-16,2017-10-16
Yuki Bhambri,Hard,2010s,6,t,True,7,1,6,0.8571428571428571,2017-10-16,2017-10-16
Yuki Bhambri,Grass,2010s,4,wide,True,2,1,2,1.0,2015-06-15,2015-06-15
Yuki Bhambri,Grass,2010s,5,body,True,4,1,3,0.75,2015-06-15,2015-06-15
Yuki Bhambri,Grass,2010s,6,t,True,2,1,1,0.5,2015-06-15,2015-06-15
Zachary Svajda,Hard,2020s,4,wide,True,15,3,7,0.4666666666666667,2024-10-29,2025-08-27
Zachary Svajda,Hard,2020s,5,body,True,50,3,22,0.44,2024-10-29,2025-08-27
Zachary Svajda,Hard,2020s,6,t,True,14,3,5,0.35714285714285715,2024-10-29,2025-08-27
Zdenek Kolar,Clay,2020s,4,wide,True,26,2,14,0.5384615384615384,2022-04-16,2022-05-26
Zdenek Kolar,Clay,2020s,5,body,True,35,2,16,0.45714285714285713,2022-04-16,2022-05-26
Zdenek Kolar,Clay,2020s,6,t,True,15,2,5,0.3333333333333333,2022-04-16,2022-05-26
Ze Zhang,Hard,2010s,4,wide,True,16,3,8,0.5,2014-09-02,2019-03-19
Ze Zhang,Hard,2010s,5,body,True,16,3,5,0.3125,2014-09-02,2019-03-19
Ze Zhang,Hard,2010s,6,t,True,11,3,4,0.36363636363636365,2014-09-02,2019-03-19
Zeljko Krajan,Hard,to_2009,4,wide,True,14,1,3,0.21428571428571427,2002-10-08,2002-10-08
Zeljko Krajan,Hard,to_2009,5,body,True,13,1,8,0.6153846153846154,2002-10-08,2002-10-08
Zeljko Krajan,Hard,to_2009,6,t,True,7,1,4,0.5714285714285714,2002-10-08,2002-10-08
Zhe Li,Hard,2010s,4,wide,True,11,2,5,0.45454545454545453,2017-01-14,2019-02-12
Zhe Li,Hard,2010s,5,body,True,32,2,12,0.375,2017-01-14,2019-02-12
Zhe Li,Hard,2010s,6,t,True,16,2,7,0.4375,2017-01-14,2019-02-12
Zhizhen Zhang,Hard,2010s,4,wide,True,18,1,9,0.5,2019-09-26,2019-09-26
Zhizhen Zhang,Hard,2010s,5,body,True,14,1,9,0.6428571428571429,2019-09-26,2019-09-26
Zhizhen Zhang,Hard,2010s,6,t,True,5,1,2,0.4,2019-09-26,2019-09-26
Zhizhen Zhang,Hard,2020s,4,wide,True,165,16,93,0.5636363636363636,2022-08-29,2026-03-19
Zhizhen Zhang,Hard,2020s,5,body,True,174,16,85,0.4885057471264368,2022-08-29,2026-03-19
Zhizhen Zhang,Hard,2020s,6,t,True,162,16,80,0.49382716049382713,2022-08-29,2026-03-19
Zhizhen Zhang,Clay,2020s,4,wide,True,34,4,19,0.5588235294117647,2023-07-29,2024-07-19
Zhizhen Zhang,Clay,2020s,5,body,True,24,4,13,0.5416666666666666,2023-07-29,2024-07-19
Zhizhen Zhang,Clay,2020s,6,t,True,29,4,7,0.2413793103448276,2023-07-29,2024-07-19
Zhizhen Zhang,Grass,2020s,4,wide,True,12,2,5,0.4166666666666667,2023-06-13,2024-06-22
Zhizhen Zhang,Grass,2020s,5,body,True,21,2,8,0.38095238095238093,2023-06-13,2024-06-22
Zhizhen Zhang,Grass,2020s,6,t,True,15,2,4,0.26666666666666666,2023-06-13,2024-06-22
Ziga Sesko,Hard,2020s,4,wide,True,16,2,7,0.4375,2026-01-31,2026-02-01
Ziga Sesko,Hard,2020s,5,body,True,7,2,5,0.7142857142857143,2026-01-31,2026-02-01
Ziga Sesko,Hard,2020s,6,t,True,24,2,15,0.625,2026-01-31,2026-02-01
Zizou Bergs,Hard,2020s,4,wide,True,152,14,78,0.5131578947368421,2021-03-28,2026-01-20
Zizou Bergs,Hard,2020s,5,body,True,128,14,68,0.53125,2021-03-28,2026-01-20
Zizou Bergs,Hard,2020s,6,t,True,122,14,56,0.45901639344262296,2021-03-28,2026-01-20
Zizou Bergs,Clay,2020s,4,wide,True,18,1,9,0.5,2025-05-25,2025-05-25
Zizou Bergs,Clay,2020s,5,body,True,22,1,15,0.6818181818181818,2025-05-25,2025-05-25
Zizou Bergs,Clay,2020s,6,t,True,20,1,10,0.5,2025-05-25,2025-05-25
Zizou Bergs,Grass,2020s,4,wide,True,29,3,15,0.5172413793103449,2025-06-14,2025-06-23
Zizou Bergs,Grass,2020s,5,body,True,32,3,22,0.6875,2025-06-14,2025-06-23
Zizou Bergs,Grass,2020s,6,t,True,32,3,15,0.46875,2025-06-14,2025-06-23
Zsombor Piros,Hard,2020s,4,wide,True,22,2,12,0.5454545454545454,2021-11-14,2025-02-05
Zsombor Piros,Hard,2020s,5,body,True,18,2,6,0.3333333333333333,2021-11-14,2025-02-05
Zsombor Piros,Hard,2020s,6,t,True,20,2,11,0.55,2021-11-14,2025-02-05
Zsombor Piros,Clay,2020s,4,wide,True,12,1,8,0.6666666666666666,2024-07-05,2024-07-05
Zsombor Piros,Clay,2020s,5,body,True,3,1,2,0.6666666666666666,2024-07-05,2024-07-05
Zsombor Piros,Clay,2020s,6,t,True,20,1,11,0.55,2024-07-05,2024-07-05
